// Validating benchmarks:
// ***** BenchmarkRunner: Start   *****
// ***** Found 3 benchmark(s) in total *****
// ***** Building 2 exe(s) in Parallel: Start   *****
// ***** Done, took 00:00:04 (4.6 sec)   *****
// Found 3 benchmarks:
//   PartitionedShutdownBenchmarks.DrainFullQueue: A_Published(OutlierMode=DontRemove, Affinity=00000000000000000100, EnvironmentVariables=DOTNET_TieredCompilation=0, Arguments=/p:ProductDirectory=C:/git/Dekaf-perf-improvements-20260907/pr-3109/published,/p:UseSharedCompilation=false, InvocationCount=1, IterationCount=300, LaunchCount=2, UnrollFactor=1, WarmupCount=30)
//   PartitionedShutdownBenchmarks.DrainFullQueue: B_Candidate(OutlierMode=DontRemove, Affinity=00000000000000000100, EnvironmentVariables=DOTNET_TieredCompilation=0, Arguments=/p:ProductDirectory=C:/git/Dekaf-perf-improvements-20260907/pr-3109/candidate,/p:UseSharedCompilation=false, InvocationCount=1, IterationCount=300, LaunchCount=2, UnrollFactor=1, WarmupCount=30)
//   PartitionedShutdownBenchmarks.DrainFullQueue: C_PublishedControl(OutlierMode=DontRemove, Affinity=00000000000000000100, EnvironmentVariables=DOTNET_TieredCompilation=0, Arguments=/p:ProductDirectory=C:/git/Dekaf-perf-improvements-20260907/pr-3109/published,/p:UseSharedCompilation=false, InvocationCount=1, IterationCount=300, LaunchCount=2, UnrollFactor=1, WarmupCount=30)

Setup power plan (GUID: 8c5e7fda-e8bf-4a96-9a85-a6e23a8c635c FriendlyName: High performance)
// **************************
// Benchmark: PartitionedShutdownBenchmarks.DrainFullQueue: A_Published(OutlierMode=DontRemove, Affinity=00000000000000000100, EnvironmentVariables=DOTNET_TieredCompilation=0, Arguments=/p:ProductDirectory=C:/git/Dekaf-perf-improvements-20260907/pr-3109/published,/p:UseSharedCompilation=false, InvocationCount=1, IterationCount=300, LaunchCount=2, UnrollFactor=1, WarmupCount=30)
// *** Execute ***
// Launch: 1 / 2
// Execute: dotnet Dekaf.Benchmarks-A_Published-1.dll --anonymousPipes 1456 1392 --benchmarkName Dekaf.Benchmarks.PartitionedShutdownBenchmarks.DrainFullQueue --job A_Published --benchmarkId 0 in C:\git\Dekaf-perf-improvements-20260907\pr-3109\comparison-long\bin\Release\net10.0\Dekaf.Benchmarks-A_Published-1\bin\Release\net10.0
// BeforeAnythingElse

// Benchmark Process Environment Information:
// BenchmarkDotNet v0.15.8
// Runtime=.NET 10.0.11 (10.0.11, 10.0.1126.37416), X64 RyuJIT x86-64-v3
// GC=Concurrent Workstation
// HardwareIntrinsics=AVX2+BMI1+BMI2+F16C+FMA+LZCNT+MOVBE,AVX,SSE3+SSSE3+SSE4.1+SSE4.2+POPCNT,X86Base+SSE+SSE2,AES+PCLMUL,AvxVnni,SERIALIZE VectorSize=256
// Job: A_Published(OutlierMode=DontRemove, Affinity=100, InvocationCount=1, IterationCount=300, LaunchCount=2, UnrollFactor=1, WarmupCount=30)

OverheadJitting  1: 1 op, 105100.00 ns, 105.1000 us/op
WorkloadJitting  1: 1 op, 44634300.00 ns, 44.6343 ms/op

OverheadWarmup   1: 1 op, 300.00 ns, 300.0000 ns/op
OverheadWarmup   2: 1 op, 100.00 ns, 100.0000 ns/op
OverheadWarmup   3: 1 op, 100.00 ns, 100.0000 ns/op
OverheadWarmup   4: 1 op, 100.00 ns, 100.0000 ns/op
OverheadWarmup   5: 1 op, 100.00 ns, 100.0000 ns/op
OverheadWarmup   6: 1 op, 100.00 ns, 100.0000 ns/op

OverheadActual   1: 1 op, 300.00 ns, 300.0000 ns/op
OverheadActual   2: 1 op, 500.00 ns, 500.0000 ns/op
OverheadActual   3: 1 op, 300.00 ns, 300.0000 ns/op
OverheadActual   4: 1 op, 100.00 ns, 100.0000 ns/op
OverheadActual   5: 1 op, 100.00 ns, 100.0000 ns/op
OverheadActual   6: 1 op, 100.00 ns, 100.0000 ns/op
OverheadActual   7: 1 op, 100.00 ns, 100.0000 ns/op
OverheadActual   8: 1 op, 200.00 ns, 200.0000 ns/op
OverheadActual   9: 1 op, 100.00 ns, 100.0000 ns/op
OverheadActual  10: 1 op, 100.00 ns, 100.0000 ns/op
OverheadActual  11: 1 op, 100.00 ns, 100.0000 ns/op
OverheadActual  12: 1 op, 200.00 ns, 200.0000 ns/op
OverheadActual  13: 1 op, 100.00 ns, 100.0000 ns/op
OverheadActual  14: 1 op, 100.00 ns, 100.0000 ns/op
OverheadActual  15: 1 op, 100.00 ns, 100.0000 ns/op
OverheadActual  16: 1 op, 100.00 ns, 100.0000 ns/op
OverheadActual  17: 1 op, 200.00 ns, 200.0000 ns/op
OverheadActual  18: 1 op, 200.00 ns, 200.0000 ns/op
OverheadActual  19: 1 op, 100.00 ns, 100.0000 ns/op
OverheadActual  20: 1 op, 200.00 ns, 200.0000 ns/op

WorkloadWarmup   1: 1 op, 156600.00 ns, 156.6000 us/op
WorkloadWarmup   2: 1 op, 108900.00 ns, 108.9000 us/op
WorkloadWarmup   3: 1 op, 101400.00 ns, 101.4000 us/op
WorkloadWarmup   4: 1 op, 97500.00 ns, 97.5000 us/op
WorkloadWarmup   5: 1 op, 98200.00 ns, 98.2000 us/op
WorkloadWarmup   6: 1 op, 96800.00 ns, 96.8000 us/op
WorkloadWarmup   7: 1 op, 274800.00 ns, 274.8000 us/op
WorkloadWarmup   8: 1 op, 99700.00 ns, 99.7000 us/op
WorkloadWarmup   9: 1 op, 98900.00 ns, 98.9000 us/op
WorkloadWarmup  10: 1 op, 98600.00 ns, 98.6000 us/op
WorkloadWarmup  11: 1 op, 92100.00 ns, 92.1000 us/op
WorkloadWarmup  12: 1 op, 96800.00 ns, 96.8000 us/op
WorkloadWarmup  13: 1 op, 98500.00 ns, 98.5000 us/op
WorkloadWarmup  14: 1 op, 113000.00 ns, 113.0000 us/op
WorkloadWarmup  15: 1 op, 98000.00 ns, 98.0000 us/op
WorkloadWarmup  16: 1 op, 96500.00 ns, 96.5000 us/op
WorkloadWarmup  17: 1 op, 102800.00 ns, 102.8000 us/op
WorkloadWarmup  18: 1 op, 95500.00 ns, 95.5000 us/op
WorkloadWarmup  19: 1 op, 96300.00 ns, 96.3000 us/op
WorkloadWarmup  20: 1 op, 94900.00 ns, 94.9000 us/op
WorkloadWarmup  21: 1 op, 97000.00 ns, 97.0000 us/op
WorkloadWarmup  22: 1 op, 95200.00 ns, 95.2000 us/op
WorkloadWarmup  23: 1 op, 103000.00 ns, 103.0000 us/op
WorkloadWarmup  24: 1 op, 97000.00 ns, 97.0000 us/op
WorkloadWarmup  25: 1 op, 100800.00 ns, 100.8000 us/op
WorkloadWarmup  26: 1 op, 98700.00 ns, 98.7000 us/op
WorkloadWarmup  27: 1 op, 100300.00 ns, 100.3000 us/op
WorkloadWarmup  28: 1 op, 97100.00 ns, 97.1000 us/op
WorkloadWarmup  29: 1 op, 99800.00 ns, 99.8000 us/op
WorkloadWarmup  30: 1 op, 96700.00 ns, 96.7000 us/op

// BeforeActualRun
WorkloadActual   1: 1 op, 100800.00 ns, 100.8000 us/op
WorkloadActual   2: 1 op, 101400.00 ns, 101.4000 us/op
WorkloadActual   3: 1 op, 100100.00 ns, 100.1000 us/op
WorkloadActual   4: 1 op, 97800.00 ns, 97.8000 us/op
WorkloadActual   5: 1 op, 99600.00 ns, 99.6000 us/op
WorkloadActual   6: 1 op, 102400.00 ns, 102.4000 us/op
WorkloadActual   7: 1 op, 97800.00 ns, 97.8000 us/op
WorkloadActual   8: 1 op, 97400.00 ns, 97.4000 us/op
WorkloadActual   9: 1 op, 107700.00 ns, 107.7000 us/op
WorkloadActual  10: 1 op, 97900.00 ns, 97.9000 us/op
WorkloadActual  11: 1 op, 97800.00 ns, 97.8000 us/op
WorkloadActual  12: 1 op, 97100.00 ns, 97.1000 us/op
WorkloadActual  13: 1 op, 98000.00 ns, 98.0000 us/op
WorkloadActual  14: 1 op, 97400.00 ns, 97.4000 us/op
WorkloadActual  15: 1 op, 98300.00 ns, 98.3000 us/op
WorkloadActual  16: 1 op, 96900.00 ns, 96.9000 us/op
WorkloadActual  17: 1 op, 98100.00 ns, 98.1000 us/op
WorkloadActual  18: 1 op, 98400.00 ns, 98.4000 us/op
WorkloadActual  19: 1 op, 99800.00 ns, 99.8000 us/op
WorkloadActual  20: 1 op, 147800.00 ns, 147.8000 us/op
WorkloadActual  21: 1 op, 100600.00 ns, 100.6000 us/op
WorkloadActual  22: 1 op, 97500.00 ns, 97.5000 us/op
WorkloadActual  23: 1 op, 98800.00 ns, 98.8000 us/op
WorkloadActual  24: 1 op, 97100.00 ns, 97.1000 us/op
WorkloadActual  25: 1 op, 99100.00 ns, 99.1000 us/op
WorkloadActual  26: 1 op, 101700.00 ns, 101.7000 us/op
WorkloadActual  27: 1 op, 107900.00 ns, 107.9000 us/op
WorkloadActual  28: 1 op, 97900.00 ns, 97.9000 us/op
WorkloadActual  29: 1 op, 97700.00 ns, 97.7000 us/op
WorkloadActual  30: 1 op, 96900.00 ns, 96.9000 us/op
WorkloadActual  31: 1 op, 105800.00 ns, 105.8000 us/op
WorkloadActual  32: 1 op, 97700.00 ns, 97.7000 us/op
WorkloadActual  33: 1 op, 100600.00 ns, 100.6000 us/op
WorkloadActual  34: 1 op, 98400.00 ns, 98.4000 us/op
WorkloadActual  35: 1 op, 100000.00 ns, 100.0000 us/op
WorkloadActual  36: 1 op, 99300.00 ns, 99.3000 us/op
WorkloadActual  37: 1 op, 100700.00 ns, 100.7000 us/op
WorkloadActual  38: 1 op, 97500.00 ns, 97.5000 us/op
WorkloadActual  39: 1 op, 100600.00 ns, 100.6000 us/op
WorkloadActual  40: 1 op, 97600.00 ns, 97.6000 us/op
WorkloadActual  41: 1 op, 99000.00 ns, 99.0000 us/op
WorkloadActual  42: 1 op, 97300.00 ns, 97.3000 us/op
WorkloadActual  43: 1 op, 99900.00 ns, 99.9000 us/op
WorkloadActual  44: 1 op, 96900.00 ns, 96.9000 us/op
WorkloadActual  45: 1 op, 107500.00 ns, 107.5000 us/op
WorkloadActual  46: 1 op, 97800.00 ns, 97.8000 us/op
WorkloadActual  47: 1 op, 100200.00 ns, 100.2000 us/op
WorkloadActual  48: 1 op, 97800.00 ns, 97.8000 us/op
WorkloadActual  49: 1 op, 100300.00 ns, 100.3000 us/op
WorkloadActual  50: 1 op, 100200.00 ns, 100.2000 us/op
WorkloadActual  51: 1 op, 103200.00 ns, 103.2000 us/op
WorkloadActual  52: 1 op, 99400.00 ns, 99.4000 us/op
WorkloadActual  53: 1 op, 101200.00 ns, 101.2000 us/op
WorkloadActual  54: 1 op, 99100.00 ns, 99.1000 us/op
WorkloadActual  55: 1 op, 119600.00 ns, 119.6000 us/op
WorkloadActual  56: 1 op, 112900.00 ns, 112.9000 us/op
WorkloadActual  57: 1 op, 100300.00 ns, 100.3000 us/op
WorkloadActual  58: 1 op, 97300.00 ns, 97.3000 us/op
WorkloadActual  59: 1 op, 101100.00 ns, 101.1000 us/op
WorkloadActual  60: 1 op, 103100.00 ns, 103.1000 us/op
WorkloadActual  61: 1 op, 99900.00 ns, 99.9000 us/op
WorkloadActual  62: 1 op, 99800.00 ns, 99.8000 us/op
WorkloadActual  63: 1 op, 99900.00 ns, 99.9000 us/op
WorkloadActual  64: 1 op, 98000.00 ns, 98.0000 us/op
WorkloadActual  65: 1 op, 100600.00 ns, 100.6000 us/op
WorkloadActual  66: 1 op, 97000.00 ns, 97.0000 us/op
WorkloadActual  67: 1 op, 110300.00 ns, 110.3000 us/op
WorkloadActual  68: 1 op, 99600.00 ns, 99.6000 us/op
WorkloadActual  69: 1 op, 101600.00 ns, 101.6000 us/op
WorkloadActual  70: 1 op, 99900.00 ns, 99.9000 us/op
WorkloadActual  71: 1 op, 100000.00 ns, 100.0000 us/op
WorkloadActual  72: 1 op, 98400.00 ns, 98.4000 us/op
WorkloadActual  73: 1 op, 101000.00 ns, 101.0000 us/op
WorkloadActual  74: 1 op, 97600.00 ns, 97.6000 us/op
WorkloadActual  75: 1 op, 100500.00 ns, 100.5000 us/op
WorkloadActual  76: 1 op, 96900.00 ns, 96.9000 us/op
WorkloadActual  77: 1 op, 99000.00 ns, 99.0000 us/op
WorkloadActual  78: 1 op, 97200.00 ns, 97.2000 us/op
WorkloadActual  79: 1 op, 102000.00 ns, 102.0000 us/op
WorkloadActual  80: 1 op, 102300.00 ns, 102.3000 us/op
WorkloadActual  81: 1 op, 100600.00 ns, 100.6000 us/op
WorkloadActual  82: 1 op, 98500.00 ns, 98.5000 us/op
WorkloadActual  83: 1 op, 107900.00 ns, 107.9000 us/op
WorkloadActual  84: 1 op, 96700.00 ns, 96.7000 us/op
WorkloadActual  85: 1 op, 101000.00 ns, 101.0000 us/op
WorkloadActual  86: 1 op, 95300.00 ns, 95.3000 us/op
WorkloadActual  87: 1 op, 99600.00 ns, 99.6000 us/op
WorkloadActual  88: 1 op, 100900.00 ns, 100.9000 us/op
WorkloadActual  89: 1 op, 109500.00 ns, 109.5000 us/op
WorkloadActual  90: 1 op, 98200.00 ns, 98.2000 us/op
WorkloadActual  91: 1 op, 101900.00 ns, 101.9000 us/op
WorkloadActual  92: 1 op, 102600.00 ns, 102.6000 us/op
WorkloadActual  93: 1 op, 101100.00 ns, 101.1000 us/op
WorkloadActual  94: 1 op, 97600.00 ns, 97.6000 us/op
WorkloadActual  95: 1 op, 100500.00 ns, 100.5000 us/op
WorkloadActual  96: 1 op, 97000.00 ns, 97.0000 us/op
WorkloadActual  97: 1 op, 101300.00 ns, 101.3000 us/op
WorkloadActual  98: 1 op, 100100.00 ns, 100.1000 us/op
WorkloadActual  99: 1 op, 101600.00 ns, 101.6000 us/op
WorkloadActual  100: 1 op, 98300.00 ns, 98.3000 us/op
WorkloadActual  101: 1 op, 100000.00 ns, 100.0000 us/op
WorkloadActual  102: 1 op, 98300.00 ns, 98.3000 us/op
WorkloadActual  103: 1 op, 156700.00 ns, 156.7000 us/op
WorkloadActual  104: 1 op, 151600.00 ns, 151.6000 us/op
WorkloadActual  105: 1 op, 101900.00 ns, 101.9000 us/op
WorkloadActual  106: 1 op, 130400.00 ns, 130.4000 us/op
WorkloadActual  107: 1 op, 100900.00 ns, 100.9000 us/op
WorkloadActual  108: 1 op, 98000.00 ns, 98.0000 us/op
WorkloadActual  109: 1 op, 100400.00 ns, 100.4000 us/op
WorkloadActual  110: 1 op, 98800.00 ns, 98.8000 us/op
WorkloadActual  111: 1 op, 100800.00 ns, 100.8000 us/op
WorkloadActual  112: 1 op, 97100.00 ns, 97.1000 us/op
WorkloadActual  113: 1 op, 117800.00 ns, 117.8000 us/op
WorkloadActual  114: 1 op, 98500.00 ns, 98.5000 us/op
WorkloadActual  115: 1 op, 101100.00 ns, 101.1000 us/op
WorkloadActual  116: 1 op, 98300.00 ns, 98.3000 us/op
WorkloadActual  117: 1 op, 100200.00 ns, 100.2000 us/op
WorkloadActual  118: 1 op, 96200.00 ns, 96.2000 us/op
WorkloadActual  119: 1 op, 100900.00 ns, 100.9000 us/op
WorkloadActual  120: 1 op, 98300.00 ns, 98.3000 us/op
WorkloadActual  121: 1 op, 100300.00 ns, 100.3000 us/op
WorkloadActual  122: 1 op, 108800.00 ns, 108.8000 us/op
WorkloadActual  123: 1 op, 106800.00 ns, 106.8000 us/op
WorkloadActual  124: 1 op, 99500.00 ns, 99.5000 us/op
WorkloadActual  125: 1 op, 100100.00 ns, 100.1000 us/op
WorkloadActual  126: 1 op, 103300.00 ns, 103.3000 us/op
WorkloadActual  127: 1 op, 104600.00 ns, 104.6000 us/op
WorkloadActual  128: 1 op, 99100.00 ns, 99.1000 us/op
WorkloadActual  129: 1 op, 100900.00 ns, 100.9000 us/op
WorkloadActual  130: 1 op, 97600.00 ns, 97.6000 us/op
WorkloadActual  131: 1 op, 99600.00 ns, 99.6000 us/op
WorkloadActual  132: 1 op, 97200.00 ns, 97.2000 us/op
WorkloadActual  133: 1 op, 100000.00 ns, 100.0000 us/op
WorkloadActual  134: 1 op, 97700.00 ns, 97.7000 us/op
WorkloadActual  135: 1 op, 180800.00 ns, 180.8000 us/op
WorkloadActual  136: 1 op, 98800.00 ns, 98.8000 us/op
WorkloadActual  137: 1 op, 101300.00 ns, 101.3000 us/op
WorkloadActual  138: 1 op, 95700.00 ns, 95.7000 us/op
WorkloadActual  139: 1 op, 99700.00 ns, 99.7000 us/op
WorkloadActual  140: 1 op, 96800.00 ns, 96.8000 us/op
WorkloadActual  141: 1 op, 99500.00 ns, 99.5000 us/op
WorkloadActual  142: 1 op, 96300.00 ns, 96.3000 us/op
WorkloadActual  143: 1 op, 100100.00 ns, 100.1000 us/op
WorkloadActual  144: 1 op, 99800.00 ns, 99.8000 us/op
WorkloadActual  145: 1 op, 101400.00 ns, 101.4000 us/op
WorkloadActual  146: 1 op, 97900.00 ns, 97.9000 us/op
WorkloadActual  147: 1 op, 101300.00 ns, 101.3000 us/op
WorkloadActual  148: 1 op, 97900.00 ns, 97.9000 us/op
WorkloadActual  149: 1 op, 101100.00 ns, 101.1000 us/op
WorkloadActual  150: 1 op, 97500.00 ns, 97.5000 us/op
WorkloadActual  151: 1 op, 95700.00 ns, 95.7000 us/op
WorkloadActual  152: 1 op, 155600.00 ns, 155.6000 us/op
WorkloadActual  153: 1 op, 103700.00 ns, 103.7000 us/op
WorkloadActual  154: 1 op, 108000.00 ns, 108.0000 us/op
WorkloadActual  155: 1 op, 105300.00 ns, 105.3000 us/op
WorkloadActual  156: 1 op, 121400.00 ns, 121.4000 us/op
WorkloadActual  157: 1 op, 102400.00 ns, 102.4000 us/op
WorkloadActual  158: 1 op, 147700.00 ns, 147.7000 us/op
WorkloadActual  159: 1 op, 106100.00 ns, 106.1000 us/op
WorkloadActual  160: 1 op, 106300.00 ns, 106.3000 us/op
WorkloadActual  161: 1 op, 106500.00 ns, 106.5000 us/op
WorkloadActual  162: 1 op, 98800.00 ns, 98.8000 us/op
WorkloadActual  163: 1 op, 102300.00 ns, 102.3000 us/op
WorkloadActual  164: 1 op, 98900.00 ns, 98.9000 us/op
WorkloadActual  165: 1 op, 101500.00 ns, 101.5000 us/op
WorkloadActual  166: 1 op, 97800.00 ns, 97.8000 us/op
WorkloadActual  167: 1 op, 101600.00 ns, 101.6000 us/op
WorkloadActual  168: 1 op, 97500.00 ns, 97.5000 us/op
WorkloadActual  169: 1 op, 103800.00 ns, 103.8000 us/op
WorkloadActual  170: 1 op, 99000.00 ns, 99.0000 us/op
WorkloadActual  171: 1 op, 101300.00 ns, 101.3000 us/op
WorkloadActual  172: 1 op, 98700.00 ns, 98.7000 us/op
WorkloadActual  173: 1 op, 147600.00 ns, 147.6000 us/op
WorkloadActual  174: 1 op, 173100.00 ns, 173.1000 us/op
WorkloadActual  175: 1 op, 101900.00 ns, 101.9000 us/op
WorkloadActual  176: 1 op, 98500.00 ns, 98.5000 us/op
WorkloadActual  177: 1 op, 103800.00 ns, 103.8000 us/op
WorkloadActual  178: 1 op, 98900.00 ns, 98.9000 us/op
WorkloadActual  179: 1 op, 101200.00 ns, 101.2000 us/op
WorkloadActual  180: 1 op, 99200.00 ns, 99.2000 us/op
WorkloadActual  181: 1 op, 108800.00 ns, 108.8000 us/op
WorkloadActual  182: 1 op, 98700.00 ns, 98.7000 us/op
WorkloadActual  183: 1 op, 101000.00 ns, 101.0000 us/op
WorkloadActual  184: 1 op, 98600.00 ns, 98.6000 us/op
WorkloadActual  185: 1 op, 100600.00 ns, 100.6000 us/op
WorkloadActual  186: 1 op, 100900.00 ns, 100.9000 us/op
WorkloadActual  187: 1 op, 101700.00 ns, 101.7000 us/op
WorkloadActual  188: 1 op, 98600.00 ns, 98.6000 us/op
WorkloadActual  189: 1 op, 110000.00 ns, 110.0000 us/op
WorkloadActual  190: 1 op, 101600.00 ns, 101.6000 us/op
WorkloadActual  191: 1 op, 155900.00 ns, 155.9000 us/op
WorkloadActual  192: 1 op, 102600.00 ns, 102.6000 us/op
WorkloadActual  193: 1 op, 101000.00 ns, 101.0000 us/op
WorkloadActual  194: 1 op, 100600.00 ns, 100.6000 us/op
WorkloadActual  195: 1 op, 102900.00 ns, 102.9000 us/op
WorkloadActual  196: 1 op, 100000.00 ns, 100.0000 us/op
WorkloadActual  197: 1 op, 99400.00 ns, 99.4000 us/op
WorkloadActual  198: 1 op, 100100.00 ns, 100.1000 us/op
WorkloadActual  199: 1 op, 105300.00 ns, 105.3000 us/op
WorkloadActual  200: 1 op, 100600.00 ns, 100.6000 us/op
WorkloadActual  201: 1 op, 100300.00 ns, 100.3000 us/op
WorkloadActual  202: 1 op, 100100.00 ns, 100.1000 us/op
WorkloadActual  203: 1 op, 98800.00 ns, 98.8000 us/op
WorkloadActual  204: 1 op, 98500.00 ns, 98.5000 us/op
WorkloadActual  205: 1 op, 98500.00 ns, 98.5000 us/op
WorkloadActual  206: 1 op, 98600.00 ns, 98.6000 us/op
WorkloadActual  207: 1 op, 173100.00 ns, 173.1000 us/op
WorkloadActual  208: 1 op, 101600.00 ns, 101.6000 us/op
WorkloadActual  209: 1 op, 103000.00 ns, 103.0000 us/op
WorkloadActual  210: 1 op, 99600.00 ns, 99.6000 us/op
WorkloadActual  211: 1 op, 104500.00 ns, 104.5000 us/op
WorkloadActual  212: 1 op, 101200.00 ns, 101.2000 us/op
WorkloadActual  213: 1 op, 103400.00 ns, 103.4000 us/op
WorkloadActual  214: 1 op, 100400.00 ns, 100.4000 us/op
WorkloadActual  215: 1 op, 103700.00 ns, 103.7000 us/op
WorkloadActual  216: 1 op, 104000.00 ns, 104.0000 us/op
WorkloadActual  217: 1 op, 102000.00 ns, 102.0000 us/op
WorkloadActual  218: 1 op, 99900.00 ns, 99.9000 us/op
WorkloadActual  219: 1 op, 103800.00 ns, 103.8000 us/op
WorkloadActual  220: 1 op, 103000.00 ns, 103.0000 us/op
WorkloadActual  221: 1 op, 102100.00 ns, 102.1000 us/op
WorkloadActual  222: 1 op, 100100.00 ns, 100.1000 us/op
WorkloadActual  223: 1 op, 102200.00 ns, 102.2000 us/op
WorkloadActual  224: 1 op, 107900.00 ns, 107.9000 us/op
WorkloadActual  225: 1 op, 102600.00 ns, 102.6000 us/op
WorkloadActual  226: 1 op, 101100.00 ns, 101.1000 us/op
WorkloadActual  227: 1 op, 102300.00 ns, 102.3000 us/op
WorkloadActual  228: 1 op, 100000.00 ns, 100.0000 us/op
WorkloadActual  229: 1 op, 102500.00 ns, 102.5000 us/op
WorkloadActual  230: 1 op, 101100.00 ns, 101.1000 us/op
WorkloadActual  231: 1 op, 103400.00 ns, 103.4000 us/op
WorkloadActual  232: 1 op, 99900.00 ns, 99.9000 us/op
WorkloadActual  233: 1 op, 105700.00 ns, 105.7000 us/op
WorkloadActual  234: 1 op, 100300.00 ns, 100.3000 us/op
WorkloadActual  235: 1 op, 103400.00 ns, 103.4000 us/op
WorkloadActual  236: 1 op, 101600.00 ns, 101.6000 us/op
WorkloadActual  237: 1 op, 203500.00 ns, 203.5000 us/op
WorkloadActual  238: 1 op, 101800.00 ns, 101.8000 us/op
WorkloadActual  239: 1 op, 104300.00 ns, 104.3000 us/op
WorkloadActual  240: 1 op, 104600.00 ns, 104.6000 us/op
WorkloadActual  241: 1 op, 106800.00 ns, 106.8000 us/op
WorkloadActual  242: 1 op, 101600.00 ns, 101.6000 us/op
WorkloadActual  243: 1 op, 102900.00 ns, 102.9000 us/op
WorkloadActual  244: 1 op, 100100.00 ns, 100.1000 us/op
WorkloadActual  245: 1 op, 111500.00 ns, 111.5000 us/op
WorkloadActual  246: 1 op, 101100.00 ns, 101.1000 us/op
WorkloadActual  247: 1 op, 102900.00 ns, 102.9000 us/op
WorkloadActual  248: 1 op, 101000.00 ns, 101.0000 us/op
WorkloadActual  249: 1 op, 104000.00 ns, 104.0000 us/op
WorkloadActual  250: 1 op, 100700.00 ns, 100.7000 us/op
WorkloadActual  251: 1 op, 103100.00 ns, 103.1000 us/op
WorkloadActual  252: 1 op, 110400.00 ns, 110.4000 us/op
WorkloadActual  253: 1 op, 104700.00 ns, 104.7000 us/op
WorkloadActual  254: 1 op, 100300.00 ns, 100.3000 us/op
WorkloadActual  255: 1 op, 107500.00 ns, 107.5000 us/op
WorkloadActual  256: 1 op, 109800.00 ns, 109.8000 us/op
WorkloadActual  257: 1 op, 111500.00 ns, 111.5000 us/op
WorkloadActual  258: 1 op, 100600.00 ns, 100.6000 us/op
WorkloadActual  259: 1 op, 103100.00 ns, 103.1000 us/op
WorkloadActual  260: 1 op, 99900.00 ns, 99.9000 us/op
WorkloadActual  261: 1 op, 112500.00 ns, 112.5000 us/op
WorkloadActual  262: 1 op, 101000.00 ns, 101.0000 us/op
WorkloadActual  263: 1 op, 104200.00 ns, 104.2000 us/op
WorkloadActual  264: 1 op, 101000.00 ns, 101.0000 us/op
WorkloadActual  265: 1 op, 102900.00 ns, 102.9000 us/op
WorkloadActual  266: 1 op, 99800.00 ns, 99.8000 us/op
WorkloadActual  267: 1 op, 103400.00 ns, 103.4000 us/op
WorkloadActual  268: 1 op, 100600.00 ns, 100.6000 us/op
WorkloadActual  269: 1 op, 102900.00 ns, 102.9000 us/op
WorkloadActual  270: 1 op, 107500.00 ns, 107.5000 us/op
WorkloadActual  271: 1 op, 103400.00 ns, 103.4000 us/op
WorkloadActual  272: 1 op, 100200.00 ns, 100.2000 us/op
WorkloadActual  273: 1 op, 101900.00 ns, 101.9000 us/op
WorkloadActual  274: 1 op, 99400.00 ns, 99.4000 us/op
WorkloadActual  275: 1 op, 182800.00 ns, 182.8000 us/op
WorkloadActual  276: 1 op, 101200.00 ns, 101.2000 us/op
WorkloadActual  277: 1 op, 98800.00 ns, 98.8000 us/op
WorkloadActual  278: 1 op, 101800.00 ns, 101.8000 us/op
WorkloadActual  279: 1 op, 98900.00 ns, 98.9000 us/op
WorkloadActual  280: 1 op, 99900.00 ns, 99.9000 us/op
WorkloadActual  281: 1 op, 100400.00 ns, 100.4000 us/op
WorkloadActual  282: 1 op, 101200.00 ns, 101.2000 us/op
WorkloadActual  283: 1 op, 99600.00 ns, 99.6000 us/op
WorkloadActual  284: 1 op, 158900.00 ns, 158.9000 us/op
WorkloadActual  285: 1 op, 104900.00 ns, 104.9000 us/op
WorkloadActual  286: 1 op, 101200.00 ns, 101.2000 us/op
WorkloadActual  287: 1 op, 106200.00 ns, 106.2000 us/op
WorkloadActual  288: 1 op, 101100.00 ns, 101.1000 us/op
WorkloadActual  289: 1 op, 103600.00 ns, 103.6000 us/op
WorkloadActual  290: 1 op, 99400.00 ns, 99.4000 us/op
WorkloadActual  291: 1 op, 102800.00 ns, 102.8000 us/op
WorkloadActual  292: 1 op, 98800.00 ns, 98.8000 us/op
WorkloadActual  293: 1 op, 102600.00 ns, 102.6000 us/op
WorkloadActual  294: 1 op, 100400.00 ns, 100.4000 us/op
WorkloadActual  295: 1 op, 103200.00 ns, 103.2000 us/op
WorkloadActual  296: 1 op, 100400.00 ns, 100.4000 us/op
WorkloadActual  297: 1 op, 102600.00 ns, 102.6000 us/op
WorkloadActual  298: 1 op, 102000.00 ns, 102.0000 us/op
WorkloadActual  299: 1 op, 106500.00 ns, 106.5000 us/op
WorkloadActual  300: 1 op, 100100.00 ns, 100.1000 us/op

// AfterActualRun
WorkloadResult   1: 1 op, 100700.00 ns, 100.7000 us/op
WorkloadResult   2: 1 op, 101300.00 ns, 101.3000 us/op
WorkloadResult   3: 1 op, 100000.00 ns, 100.0000 us/op
WorkloadResult   4: 1 op, 97700.00 ns, 97.7000 us/op
WorkloadResult   5: 1 op, 99500.00 ns, 99.5000 us/op
WorkloadResult   6: 1 op, 102300.00 ns, 102.3000 us/op
WorkloadResult   7: 1 op, 97700.00 ns, 97.7000 us/op
WorkloadResult   8: 1 op, 97300.00 ns, 97.3000 us/op
WorkloadResult   9: 1 op, 107600.00 ns, 107.6000 us/op
WorkloadResult  10: 1 op, 97800.00 ns, 97.8000 us/op
WorkloadResult  11: 1 op, 97700.00 ns, 97.7000 us/op
WorkloadResult  12: 1 op, 97000.00 ns, 97.0000 us/op
WorkloadResult  13: 1 op, 97900.00 ns, 97.9000 us/op
WorkloadResult  14: 1 op, 97300.00 ns, 97.3000 us/op
WorkloadResult  15: 1 op, 98200.00 ns, 98.2000 us/op
WorkloadResult  16: 1 op, 96800.00 ns, 96.8000 us/op
WorkloadResult  17: 1 op, 98000.00 ns, 98.0000 us/op
WorkloadResult  18: 1 op, 98300.00 ns, 98.3000 us/op
WorkloadResult  19: 1 op, 99700.00 ns, 99.7000 us/op
WorkloadResult  20: 1 op, 147700.00 ns, 147.7000 us/op
WorkloadResult  21: 1 op, 100500.00 ns, 100.5000 us/op
WorkloadResult  22: 1 op, 97400.00 ns, 97.4000 us/op
WorkloadResult  23: 1 op, 98700.00 ns, 98.7000 us/op
WorkloadResult  24: 1 op, 97000.00 ns, 97.0000 us/op
WorkloadResult  25: 1 op, 99000.00 ns, 99.0000 us/op
WorkloadResult  26: 1 op, 101600.00 ns, 101.6000 us/op
WorkloadResult  27: 1 op, 107800.00 ns, 107.8000 us/op
WorkloadResult  28: 1 op, 97800.00 ns, 97.8000 us/op
WorkloadResult  29: 1 op, 97600.00 ns, 97.6000 us/op
WorkloadResult  30: 1 op, 96800.00 ns, 96.8000 us/op
WorkloadResult  31: 1 op, 105700.00 ns, 105.7000 us/op
WorkloadResult  32: 1 op, 97600.00 ns, 97.6000 us/op
WorkloadResult  33: 1 op, 100500.00 ns, 100.5000 us/op
WorkloadResult  34: 1 op, 98300.00 ns, 98.3000 us/op
WorkloadResult  35: 1 op, 99900.00 ns, 99.9000 us/op
WorkloadResult  36: 1 op, 99200.00 ns, 99.2000 us/op
WorkloadResult  37: 1 op, 100600.00 ns, 100.6000 us/op
WorkloadResult  38: 1 op, 97400.00 ns, 97.4000 us/op
WorkloadResult  39: 1 op, 100500.00 ns, 100.5000 us/op
WorkloadResult  40: 1 op, 97500.00 ns, 97.5000 us/op
WorkloadResult  41: 1 op, 98900.00 ns, 98.9000 us/op
WorkloadResult  42: 1 op, 97200.00 ns, 97.2000 us/op
WorkloadResult  43: 1 op, 99800.00 ns, 99.8000 us/op
WorkloadResult  44: 1 op, 96800.00 ns, 96.8000 us/op
WorkloadResult  45: 1 op, 107400.00 ns, 107.4000 us/op
WorkloadResult  46: 1 op, 97700.00 ns, 97.7000 us/op
WorkloadResult  47: 1 op, 100100.00 ns, 100.1000 us/op
WorkloadResult  48: 1 op, 97700.00 ns, 97.7000 us/op
WorkloadResult  49: 1 op, 100200.00 ns, 100.2000 us/op
WorkloadResult  50: 1 op, 100100.00 ns, 100.1000 us/op
WorkloadResult  51: 1 op, 103100.00 ns, 103.1000 us/op
WorkloadResult  52: 1 op, 99300.00 ns, 99.3000 us/op
WorkloadResult  53: 1 op, 101100.00 ns, 101.1000 us/op
WorkloadResult  54: 1 op, 99000.00 ns, 99.0000 us/op
WorkloadResult  55: 1 op, 119500.00 ns, 119.5000 us/op
WorkloadResult  56: 1 op, 112800.00 ns, 112.8000 us/op
WorkloadResult  57: 1 op, 100200.00 ns, 100.2000 us/op
WorkloadResult  58: 1 op, 97200.00 ns, 97.2000 us/op
WorkloadResult  59: 1 op, 101000.00 ns, 101.0000 us/op
WorkloadResult  60: 1 op, 103000.00 ns, 103.0000 us/op
WorkloadResult  61: 1 op, 99800.00 ns, 99.8000 us/op
WorkloadResult  62: 1 op, 99700.00 ns, 99.7000 us/op
WorkloadResult  63: 1 op, 99800.00 ns, 99.8000 us/op
WorkloadResult  64: 1 op, 97900.00 ns, 97.9000 us/op
WorkloadResult  65: 1 op, 100500.00 ns, 100.5000 us/op
WorkloadResult  66: 1 op, 96900.00 ns, 96.9000 us/op
WorkloadResult  67: 1 op, 110200.00 ns, 110.2000 us/op
WorkloadResult  68: 1 op, 99500.00 ns, 99.5000 us/op
WorkloadResult  69: 1 op, 101500.00 ns, 101.5000 us/op
WorkloadResult  70: 1 op, 99800.00 ns, 99.8000 us/op
WorkloadResult  71: 1 op, 99900.00 ns, 99.9000 us/op
WorkloadResult  72: 1 op, 98300.00 ns, 98.3000 us/op
WorkloadResult  73: 1 op, 100900.00 ns, 100.9000 us/op
WorkloadResult  74: 1 op, 97500.00 ns, 97.5000 us/op
WorkloadResult  75: 1 op, 100400.00 ns, 100.4000 us/op
WorkloadResult  76: 1 op, 96800.00 ns, 96.8000 us/op
WorkloadResult  77: 1 op, 98900.00 ns, 98.9000 us/op
WorkloadResult  78: 1 op, 97100.00 ns, 97.1000 us/op
WorkloadResult  79: 1 op, 101900.00 ns, 101.9000 us/op
WorkloadResult  80: 1 op, 102200.00 ns, 102.2000 us/op
WorkloadResult  81: 1 op, 100500.00 ns, 100.5000 us/op
WorkloadResult  82: 1 op, 98400.00 ns, 98.4000 us/op
WorkloadResult  83: 1 op, 107800.00 ns, 107.8000 us/op
WorkloadResult  84: 1 op, 96600.00 ns, 96.6000 us/op
WorkloadResult  85: 1 op, 100900.00 ns, 100.9000 us/op
WorkloadResult  86: 1 op, 95200.00 ns, 95.2000 us/op
WorkloadResult  87: 1 op, 99500.00 ns, 99.5000 us/op
WorkloadResult  88: 1 op, 100800.00 ns, 100.8000 us/op
WorkloadResult  89: 1 op, 109400.00 ns, 109.4000 us/op
WorkloadResult  90: 1 op, 98100.00 ns, 98.1000 us/op
WorkloadResult  91: 1 op, 101800.00 ns, 101.8000 us/op
WorkloadResult  92: 1 op, 102500.00 ns, 102.5000 us/op
WorkloadResult  93: 1 op, 101000.00 ns, 101.0000 us/op
WorkloadResult  94: 1 op, 97500.00 ns, 97.5000 us/op
WorkloadResult  95: 1 op, 100400.00 ns, 100.4000 us/op
WorkloadResult  96: 1 op, 96900.00 ns, 96.9000 us/op
WorkloadResult  97: 1 op, 101200.00 ns, 101.2000 us/op
WorkloadResult  98: 1 op, 100000.00 ns, 100.0000 us/op
WorkloadResult  99: 1 op, 101500.00 ns, 101.5000 us/op
WorkloadResult  100: 1 op, 98200.00 ns, 98.2000 us/op
WorkloadResult  101: 1 op, 99900.00 ns, 99.9000 us/op
WorkloadResult  102: 1 op, 98200.00 ns, 98.2000 us/op
WorkloadResult  103: 1 op, 156600.00 ns, 156.6000 us/op
WorkloadResult  104: 1 op, 151500.00 ns, 151.5000 us/op
WorkloadResult  105: 1 op, 101800.00 ns, 101.8000 us/op
WorkloadResult  106: 1 op, 130300.00 ns, 130.3000 us/op
WorkloadResult  107: 1 op, 100800.00 ns, 100.8000 us/op
WorkloadResult  108: 1 op, 97900.00 ns, 97.9000 us/op
WorkloadResult  109: 1 op, 100300.00 ns, 100.3000 us/op
WorkloadResult  110: 1 op, 98700.00 ns, 98.7000 us/op
WorkloadResult  111: 1 op, 100700.00 ns, 100.7000 us/op
WorkloadResult  112: 1 op, 97000.00 ns, 97.0000 us/op
WorkloadResult  113: 1 op, 117700.00 ns, 117.7000 us/op
WorkloadResult  114: 1 op, 98400.00 ns, 98.4000 us/op
WorkloadResult  115: 1 op, 101000.00 ns, 101.0000 us/op
WorkloadResult  116: 1 op, 98200.00 ns, 98.2000 us/op
WorkloadResult  117: 1 op, 100100.00 ns, 100.1000 us/op
WorkloadResult  118: 1 op, 96100.00 ns, 96.1000 us/op
WorkloadResult  119: 1 op, 100800.00 ns, 100.8000 us/op
WorkloadResult  120: 1 op, 98200.00 ns, 98.2000 us/op
WorkloadResult  121: 1 op, 100200.00 ns, 100.2000 us/op
WorkloadResult  122: 1 op, 108700.00 ns, 108.7000 us/op
WorkloadResult  123: 1 op, 106700.00 ns, 106.7000 us/op
WorkloadResult  124: 1 op, 99400.00 ns, 99.4000 us/op
WorkloadResult  125: 1 op, 100000.00 ns, 100.0000 us/op
WorkloadResult  126: 1 op, 103200.00 ns, 103.2000 us/op
WorkloadResult  127: 1 op, 104500.00 ns, 104.5000 us/op
WorkloadResult  128: 1 op, 99000.00 ns, 99.0000 us/op
WorkloadResult  129: 1 op, 100800.00 ns, 100.8000 us/op
WorkloadResult  130: 1 op, 97500.00 ns, 97.5000 us/op
WorkloadResult  131: 1 op, 99500.00 ns, 99.5000 us/op
WorkloadResult  132: 1 op, 97100.00 ns, 97.1000 us/op
WorkloadResult  133: 1 op, 99900.00 ns, 99.9000 us/op
WorkloadResult  134: 1 op, 97600.00 ns, 97.6000 us/op
WorkloadResult  135: 1 op, 180700.00 ns, 180.7000 us/op
WorkloadResult  136: 1 op, 98700.00 ns, 98.7000 us/op
WorkloadResult  137: 1 op, 101200.00 ns, 101.2000 us/op
WorkloadResult  138: 1 op, 95600.00 ns, 95.6000 us/op
WorkloadResult  139: 1 op, 99600.00 ns, 99.6000 us/op
WorkloadResult  140: 1 op, 96700.00 ns, 96.7000 us/op
WorkloadResult  141: 1 op, 99400.00 ns, 99.4000 us/op
WorkloadResult  142: 1 op, 96200.00 ns, 96.2000 us/op
WorkloadResult  143: 1 op, 100000.00 ns, 100.0000 us/op
WorkloadResult  144: 1 op, 99700.00 ns, 99.7000 us/op
WorkloadResult  145: 1 op, 101300.00 ns, 101.3000 us/op
WorkloadResult  146: 1 op, 97800.00 ns, 97.8000 us/op
WorkloadResult  147: 1 op, 101200.00 ns, 101.2000 us/op
WorkloadResult  148: 1 op, 97800.00 ns, 97.8000 us/op
WorkloadResult  149: 1 op, 101000.00 ns, 101.0000 us/op
WorkloadResult  150: 1 op, 97400.00 ns, 97.4000 us/op
WorkloadResult  151: 1 op, 95600.00 ns, 95.6000 us/op
WorkloadResult  152: 1 op, 155500.00 ns, 155.5000 us/op
WorkloadResult  153: 1 op, 103600.00 ns, 103.6000 us/op
WorkloadResult  154: 1 op, 107900.00 ns, 107.9000 us/op
WorkloadResult  155: 1 op, 105200.00 ns, 105.2000 us/op
WorkloadResult  156: 1 op, 121300.00 ns, 121.3000 us/op
WorkloadResult  157: 1 op, 102300.00 ns, 102.3000 us/op
WorkloadResult  158: 1 op, 147600.00 ns, 147.6000 us/op
WorkloadResult  159: 1 op, 106000.00 ns, 106.0000 us/op
WorkloadResult  160: 1 op, 106200.00 ns, 106.2000 us/op
WorkloadResult  161: 1 op, 106400.00 ns, 106.4000 us/op
WorkloadResult  162: 1 op, 98700.00 ns, 98.7000 us/op
WorkloadResult  163: 1 op, 102200.00 ns, 102.2000 us/op
WorkloadResult  164: 1 op, 98800.00 ns, 98.8000 us/op
WorkloadResult  165: 1 op, 101400.00 ns, 101.4000 us/op
WorkloadResult  166: 1 op, 97700.00 ns, 97.7000 us/op
WorkloadResult  167: 1 op, 101500.00 ns, 101.5000 us/op
WorkloadResult  168: 1 op, 97400.00 ns, 97.4000 us/op
WorkloadResult  169: 1 op, 103700.00 ns, 103.7000 us/op
WorkloadResult  170: 1 op, 98900.00 ns, 98.9000 us/op
WorkloadResult  171: 1 op, 101200.00 ns, 101.2000 us/op
WorkloadResult  172: 1 op, 98600.00 ns, 98.6000 us/op
WorkloadResult  173: 1 op, 147500.00 ns, 147.5000 us/op
WorkloadResult  174: 1 op, 173000.00 ns, 173.0000 us/op
WorkloadResult  175: 1 op, 101800.00 ns, 101.8000 us/op
WorkloadResult  176: 1 op, 98400.00 ns, 98.4000 us/op
WorkloadResult  177: 1 op, 103700.00 ns, 103.7000 us/op
WorkloadResult  178: 1 op, 98800.00 ns, 98.8000 us/op
WorkloadResult  179: 1 op, 101100.00 ns, 101.1000 us/op
WorkloadResult  180: 1 op, 99100.00 ns, 99.1000 us/op
WorkloadResult  181: 1 op, 108700.00 ns, 108.7000 us/op
WorkloadResult  182: 1 op, 98600.00 ns, 98.6000 us/op
WorkloadResult  183: 1 op, 100900.00 ns, 100.9000 us/op
WorkloadResult  184: 1 op, 98500.00 ns, 98.5000 us/op
WorkloadResult  185: 1 op, 100500.00 ns, 100.5000 us/op
WorkloadResult  186: 1 op, 100800.00 ns, 100.8000 us/op
WorkloadResult  187: 1 op, 101600.00 ns, 101.6000 us/op
WorkloadResult  188: 1 op, 98500.00 ns, 98.5000 us/op
WorkloadResult  189: 1 op, 109900.00 ns, 109.9000 us/op
WorkloadResult  190: 1 op, 101500.00 ns, 101.5000 us/op
WorkloadResult  191: 1 op, 155800.00 ns, 155.8000 us/op
WorkloadResult  192: 1 op, 102500.00 ns, 102.5000 us/op
WorkloadResult  193: 1 op, 100900.00 ns, 100.9000 us/op
WorkloadResult  194: 1 op, 100500.00 ns, 100.5000 us/op
WorkloadResult  195: 1 op, 102800.00 ns, 102.8000 us/op
WorkloadResult  196: 1 op, 99900.00 ns, 99.9000 us/op
WorkloadResult  197: 1 op, 99300.00 ns, 99.3000 us/op
WorkloadResult  198: 1 op, 100000.00 ns, 100.0000 us/op
WorkloadResult  199: 1 op, 105200.00 ns, 105.2000 us/op
WorkloadResult  200: 1 op, 100500.00 ns, 100.5000 us/op
WorkloadResult  201: 1 op, 100200.00 ns, 100.2000 us/op
WorkloadResult  202: 1 op, 100000.00 ns, 100.0000 us/op
WorkloadResult  203: 1 op, 98700.00 ns, 98.7000 us/op
WorkloadResult  204: 1 op, 98400.00 ns, 98.4000 us/op
WorkloadResult  205: 1 op, 98400.00 ns, 98.4000 us/op
WorkloadResult  206: 1 op, 98500.00 ns, 98.5000 us/op
WorkloadResult  207: 1 op, 173000.00 ns, 173.0000 us/op
WorkloadResult  208: 1 op, 101500.00 ns, 101.5000 us/op
WorkloadResult  209: 1 op, 102900.00 ns, 102.9000 us/op
WorkloadResult  210: 1 op, 99500.00 ns, 99.5000 us/op
WorkloadResult  211: 1 op, 104400.00 ns, 104.4000 us/op
WorkloadResult  212: 1 op, 101100.00 ns, 101.1000 us/op
WorkloadResult  213: 1 op, 103300.00 ns, 103.3000 us/op
WorkloadResult  214: 1 op, 100300.00 ns, 100.3000 us/op
WorkloadResult  215: 1 op, 103600.00 ns, 103.6000 us/op
WorkloadResult  216: 1 op, 103900.00 ns, 103.9000 us/op
WorkloadResult  217: 1 op, 101900.00 ns, 101.9000 us/op
WorkloadResult  218: 1 op, 99800.00 ns, 99.8000 us/op
WorkloadResult  219: 1 op, 103700.00 ns, 103.7000 us/op
WorkloadResult  220: 1 op, 102900.00 ns, 102.9000 us/op
WorkloadResult  221: 1 op, 102000.00 ns, 102.0000 us/op
WorkloadResult  222: 1 op, 100000.00 ns, 100.0000 us/op
WorkloadResult  223: 1 op, 102100.00 ns, 102.1000 us/op
WorkloadResult  224: 1 op, 107800.00 ns, 107.8000 us/op
WorkloadResult  225: 1 op, 102500.00 ns, 102.5000 us/op
WorkloadResult  226: 1 op, 101000.00 ns, 101.0000 us/op
WorkloadResult  227: 1 op, 102200.00 ns, 102.2000 us/op
WorkloadResult  228: 1 op, 99900.00 ns, 99.9000 us/op
WorkloadResult  229: 1 op, 102400.00 ns, 102.4000 us/op
WorkloadResult  230: 1 op, 101000.00 ns, 101.0000 us/op
WorkloadResult  231: 1 op, 103300.00 ns, 103.3000 us/op
WorkloadResult  232: 1 op, 99800.00 ns, 99.8000 us/op
WorkloadResult  233: 1 op, 105600.00 ns, 105.6000 us/op
WorkloadResult  234: 1 op, 100200.00 ns, 100.2000 us/op
WorkloadResult  235: 1 op, 103300.00 ns, 103.3000 us/op
WorkloadResult  236: 1 op, 101500.00 ns, 101.5000 us/op
WorkloadResult  237: 1 op, 203400.00 ns, 203.4000 us/op
WorkloadResult  238: 1 op, 101700.00 ns, 101.7000 us/op
WorkloadResult  239: 1 op, 104200.00 ns, 104.2000 us/op
WorkloadResult  240: 1 op, 104500.00 ns, 104.5000 us/op
WorkloadResult  241: 1 op, 106700.00 ns, 106.7000 us/op
WorkloadResult  242: 1 op, 101500.00 ns, 101.5000 us/op
WorkloadResult  243: 1 op, 102800.00 ns, 102.8000 us/op
WorkloadResult  244: 1 op, 100000.00 ns, 100.0000 us/op
WorkloadResult  245: 1 op, 111400.00 ns, 111.4000 us/op
WorkloadResult  246: 1 op, 101000.00 ns, 101.0000 us/op
WorkloadResult  247: 1 op, 102800.00 ns, 102.8000 us/op
WorkloadResult  248: 1 op, 100900.00 ns, 100.9000 us/op
WorkloadResult  249: 1 op, 103900.00 ns, 103.9000 us/op
WorkloadResult  250: 1 op, 100600.00 ns, 100.6000 us/op
WorkloadResult  251: 1 op, 103000.00 ns, 103.0000 us/op
WorkloadResult  252: 1 op, 110300.00 ns, 110.3000 us/op
WorkloadResult  253: 1 op, 104600.00 ns, 104.6000 us/op
WorkloadResult  254: 1 op, 100200.00 ns, 100.2000 us/op
WorkloadResult  255: 1 op, 107400.00 ns, 107.4000 us/op
WorkloadResult  256: 1 op, 109700.00 ns, 109.7000 us/op
WorkloadResult  257: 1 op, 111400.00 ns, 111.4000 us/op
WorkloadResult  258: 1 op, 100500.00 ns, 100.5000 us/op
WorkloadResult  259: 1 op, 103000.00 ns, 103.0000 us/op
WorkloadResult  260: 1 op, 99800.00 ns, 99.8000 us/op
WorkloadResult  261: 1 op, 112400.00 ns, 112.4000 us/op
WorkloadResult  262: 1 op, 100900.00 ns, 100.9000 us/op
WorkloadResult  263: 1 op, 104100.00 ns, 104.1000 us/op
WorkloadResult  264: 1 op, 100900.00 ns, 100.9000 us/op
WorkloadResult  265: 1 op, 102800.00 ns, 102.8000 us/op
WorkloadResult  266: 1 op, 99700.00 ns, 99.7000 us/op
WorkloadResult  267: 1 op, 103300.00 ns, 103.3000 us/op
WorkloadResult  268: 1 op, 100500.00 ns, 100.5000 us/op
WorkloadResult  269: 1 op, 102800.00 ns, 102.8000 us/op
WorkloadResult  270: 1 op, 107400.00 ns, 107.4000 us/op
WorkloadResult  271: 1 op, 103300.00 ns, 103.3000 us/op
WorkloadResult  272: 1 op, 100100.00 ns, 100.1000 us/op
WorkloadResult  273: 1 op, 101800.00 ns, 101.8000 us/op
WorkloadResult  274: 1 op, 99300.00 ns, 99.3000 us/op
WorkloadResult  275: 1 op, 182700.00 ns, 182.7000 us/op
WorkloadResult  276: 1 op, 101100.00 ns, 101.1000 us/op
WorkloadResult  277: 1 op, 98700.00 ns, 98.7000 us/op
WorkloadResult  278: 1 op, 101700.00 ns, 101.7000 us/op
WorkloadResult  279: 1 op, 98800.00 ns, 98.8000 us/op
WorkloadResult  280: 1 op, 99800.00 ns, 99.8000 us/op
WorkloadResult  281: 1 op, 100300.00 ns, 100.3000 us/op
WorkloadResult  282: 1 op, 101100.00 ns, 101.1000 us/op
WorkloadResult  283: 1 op, 99500.00 ns, 99.5000 us/op
WorkloadResult  284: 1 op, 158800.00 ns, 158.8000 us/op
WorkloadResult  285: 1 op, 104800.00 ns, 104.8000 us/op
WorkloadResult  286: 1 op, 101100.00 ns, 101.1000 us/op
WorkloadResult  287: 1 op, 106100.00 ns, 106.1000 us/op
WorkloadResult  288: 1 op, 101000.00 ns, 101.0000 us/op
WorkloadResult  289: 1 op, 103500.00 ns, 103.5000 us/op
WorkloadResult  290: 1 op, 99300.00 ns, 99.3000 us/op
WorkloadResult  291: 1 op, 102700.00 ns, 102.7000 us/op
WorkloadResult  292: 1 op, 98700.00 ns, 98.7000 us/op
WorkloadResult  293: 1 op, 102500.00 ns, 102.5000 us/op
WorkloadResult  294: 1 op, 100300.00 ns, 100.3000 us/op
WorkloadResult  295: 1 op, 103100.00 ns, 103.1000 us/op
WorkloadResult  296: 1 op, 100300.00 ns, 100.3000 us/op
WorkloadResult  297: 1 op, 102500.00 ns, 102.5000 us/op
WorkloadResult  298: 1 op, 101900.00 ns, 101.9000 us/op
WorkloadResult  299: 1 op, 106400.00 ns, 106.4000 us/op
WorkloadResult  300: 1 op, 100000.00 ns, 100.0000 us/op
// GC:  0 0 0 51720 1
// Threading:  3 0 1

// AfterAll
// Benchmark Process 113708 has exited with code 0.
// Launch: 2 / 2
// Execute: dotnet Dekaf.Benchmarks-A_Published-1.dll --anonymousPipes 1500 1428 --benchmarkName Dekaf.Benchmarks.PartitionedShutdownBenchmarks.DrainFullQueue --job A_Published --benchmarkId 0 in C:\git\Dekaf-perf-improvements-20260907\pr-3109\comparison-long\bin\Release\net10.0\Dekaf.Benchmarks-A_Published-1\bin\Release\net10.0
// BeforeAnythingElse

// Benchmark Process Environment Information:
// BenchmarkDotNet v0.15.8
// Runtime=.NET 10.0.11 (10.0.11, 10.0.1126.37416), X64 RyuJIT x86-64-v3
// GC=Concurrent Workstation
// HardwareIntrinsics=AVX2+BMI1+BMI2+F16C+FMA+LZCNT+MOVBE,AVX,SSE3+SSSE3+SSE4.1+SSE4.2+POPCNT,X86Base+SSE+SSE2,AES+PCLMUL,AvxVnni,SERIALIZE VectorSize=256
// Job: A_Published(OutlierMode=DontRemove, Affinity=100, InvocationCount=1, IterationCount=300, LaunchCount=2, UnrollFactor=1, WarmupCount=30)

OverheadJitting  1: 1 op, 105800.00 ns, 105.8000 us/op
WorkloadJitting  1: 1 op, 42545200.00 ns, 42.5452 ms/op

OverheadWarmup   1: 1 op, 300.00 ns, 300.0000 ns/op
OverheadWarmup   2: 1 op, 100.00 ns, 100.0000 ns/op
OverheadWarmup   3: 1 op, 0.00 ns, 0.0000 ns/op
OverheadWarmup   4: 1 op, 100.00 ns, 100.0000 ns/op
OverheadWarmup   5: 1 op, 100.00 ns, 100.0000 ns/op
OverheadWarmup   6: 1 op, 100.00 ns, 100.0000 ns/op
OverheadWarmup   7: 1 op, 200.00 ns, 200.0000 ns/op

OverheadActual   1: 1 op, 300.00 ns, 300.0000 ns/op
OverheadActual   2: 1 op, 300.00 ns, 300.0000 ns/op
OverheadActual   3: 1 op, 200.00 ns, 200.0000 ns/op
OverheadActual   4: 1 op, 200.00 ns, 200.0000 ns/op
OverheadActual   5: 1 op, 100.00 ns, 100.0000 ns/op
OverheadActual   6: 1 op, 200.00 ns, 200.0000 ns/op
OverheadActual   7: 1 op, 200.00 ns, 200.0000 ns/op
OverheadActual   8: 1 op, 100.00 ns, 100.0000 ns/op
OverheadActual   9: 1 op, 200.00 ns, 200.0000 ns/op
OverheadActual  10: 1 op, 100.00 ns, 100.0000 ns/op
OverheadActual  11: 1 op, 100.00 ns, 100.0000 ns/op
OverheadActual  12: 1 op, 200.00 ns, 200.0000 ns/op
OverheadActual  13: 1 op, 100.00 ns, 100.0000 ns/op
OverheadActual  14: 1 op, 200.00 ns, 200.0000 ns/op
OverheadActual  15: 1 op, 100.00 ns, 100.0000 ns/op
OverheadActual  16: 1 op, 100.00 ns, 100.0000 ns/op
OverheadActual  17: 1 op, 100.00 ns, 100.0000 ns/op
OverheadActual  18: 1 op, 100.00 ns, 100.0000 ns/op
OverheadActual  19: 1 op, 100.00 ns, 100.0000 ns/op
OverheadActual  20: 1 op, 200.00 ns, 200.0000 ns/op

WorkloadWarmup   1: 1 op, 175000.00 ns, 175.0000 us/op
WorkloadWarmup   2: 1 op, 102600.00 ns, 102.6000 us/op
WorkloadWarmup   3: 1 op, 103300.00 ns, 103.3000 us/op
WorkloadWarmup   4: 1 op, 123500.00 ns, 123.5000 us/op
WorkloadWarmup   5: 1 op, 104700.00 ns, 104.7000 us/op
WorkloadWarmup   6: 1 op, 102900.00 ns, 102.9000 us/op
WorkloadWarmup   7: 1 op, 102700.00 ns, 102.7000 us/op
WorkloadWarmup   8: 1 op, 104800.00 ns, 104.8000 us/op
WorkloadWarmup   9: 1 op, 108500.00 ns, 108.5000 us/op
WorkloadWarmup  10: 1 op, 101000.00 ns, 101.0000 us/op
WorkloadWarmup  11: 1 op, 136900.00 ns, 136.9000 us/op
WorkloadWarmup  12: 1 op, 101500.00 ns, 101.5000 us/op
WorkloadWarmup  13: 1 op, 109500.00 ns, 109.5000 us/op
WorkloadWarmup  14: 1 op, 101400.00 ns, 101.4000 us/op
WorkloadWarmup  15: 1 op, 109200.00 ns, 109.2000 us/op
WorkloadWarmup  16: 1 op, 99500.00 ns, 99.5000 us/op
WorkloadWarmup  17: 1 op, 106100.00 ns, 106.1000 us/op
WorkloadWarmup  18: 1 op, 99700.00 ns, 99.7000 us/op
WorkloadWarmup  19: 1 op, 102500.00 ns, 102.5000 us/op
WorkloadWarmup  20: 1 op, 98400.00 ns, 98.4000 us/op
WorkloadWarmup  21: 1 op, 104400.00 ns, 104.4000 us/op
WorkloadWarmup  22: 1 op, 99100.00 ns, 99.1000 us/op
WorkloadWarmup  23: 1 op, 99000.00 ns, 99.0000 us/op
WorkloadWarmup  24: 1 op, 98300.00 ns, 98.3000 us/op
WorkloadWarmup  25: 1 op, 106000.00 ns, 106.0000 us/op
WorkloadWarmup  26: 1 op, 99000.00 ns, 99.0000 us/op
WorkloadWarmup  27: 1 op, 98300.00 ns, 98.3000 us/op
WorkloadWarmup  28: 1 op, 98800.00 ns, 98.8000 us/op
WorkloadWarmup  29: 1 op, 99900.00 ns, 99.9000 us/op
WorkloadWarmup  30: 1 op, 98200.00 ns, 98.2000 us/op

// BeforeActualRun
WorkloadActual   1: 1 op, 109300.00 ns, 109.3000 us/op
WorkloadActual   2: 1 op, 110700.00 ns, 110.7000 us/op
WorkloadActual   3: 1 op, 100900.00 ns, 100.9000 us/op
WorkloadActual   4: 1 op, 99700.00 ns, 99.7000 us/op
WorkloadActual   5: 1 op, 99500.00 ns, 99.5000 us/op
WorkloadActual   6: 1 op, 104500.00 ns, 104.5000 us/op
WorkloadActual   7: 1 op, 131100.00 ns, 131.1000 us/op
WorkloadActual   8: 1 op, 99800.00 ns, 99.8000 us/op
WorkloadActual   9: 1 op, 104700.00 ns, 104.7000 us/op
WorkloadActual  10: 1 op, 115000.00 ns, 115.0000 us/op
WorkloadActual  11: 1 op, 101400.00 ns, 101.4000 us/op
WorkloadActual  12: 1 op, 106900.00 ns, 106.9000 us/op
WorkloadActual  13: 1 op, 100800.00 ns, 100.8000 us/op
WorkloadActual  14: 1 op, 102200.00 ns, 102.2000 us/op
WorkloadActual  15: 1 op, 100000.00 ns, 100.0000 us/op
WorkloadActual  16: 1 op, 171400.00 ns, 171.4000 us/op
WorkloadActual  17: 1 op, 99300.00 ns, 99.3000 us/op
WorkloadActual  18: 1 op, 101900.00 ns, 101.9000 us/op
WorkloadActual  19: 1 op, 99700.00 ns, 99.7000 us/op
WorkloadActual  20: 1 op, 99800.00 ns, 99.8000 us/op
WorkloadActual  21: 1 op, 99600.00 ns, 99.6000 us/op
WorkloadActual  22: 1 op, 108800.00 ns, 108.8000 us/op
WorkloadActual  23: 1 op, 100400.00 ns, 100.4000 us/op
WorkloadActual  24: 1 op, 99300.00 ns, 99.3000 us/op
WorkloadActual  25: 1 op, 99900.00 ns, 99.9000 us/op
WorkloadActual  26: 1 op, 99200.00 ns, 99.2000 us/op
WorkloadActual  27: 1 op, 101700.00 ns, 101.7000 us/op
WorkloadActual  28: 1 op, 99200.00 ns, 99.2000 us/op
WorkloadActual  29: 1 op, 99400.00 ns, 99.4000 us/op
WorkloadActual  30: 1 op, 100300.00 ns, 100.3000 us/op
WorkloadActual  31: 1 op, 107700.00 ns, 107.7000 us/op
WorkloadActual  32: 1 op, 99700.00 ns, 99.7000 us/op
WorkloadActual  33: 1 op, 102500.00 ns, 102.5000 us/op
WorkloadActual  34: 1 op, 101400.00 ns, 101.4000 us/op
WorkloadActual  35: 1 op, 101000.00 ns, 101.0000 us/op
WorkloadActual  36: 1 op, 100700.00 ns, 100.7000 us/op
WorkloadActual  37: 1 op, 101400.00 ns, 101.4000 us/op
WorkloadActual  38: 1 op, 102000.00 ns, 102.0000 us/op
WorkloadActual  39: 1 op, 102200.00 ns, 102.2000 us/op
WorkloadActual  40: 1 op, 102900.00 ns, 102.9000 us/op
WorkloadActual  41: 1 op, 106600.00 ns, 106.6000 us/op
WorkloadActual  42: 1 op, 99500.00 ns, 99.5000 us/op
WorkloadActual  43: 1 op, 101100.00 ns, 101.1000 us/op
WorkloadActual  44: 1 op, 103500.00 ns, 103.5000 us/op
WorkloadActual  45: 1 op, 107800.00 ns, 107.8000 us/op
WorkloadActual  46: 1 op, 105100.00 ns, 105.1000 us/op
WorkloadActual  47: 1 op, 102700.00 ns, 102.7000 us/op
WorkloadActual  48: 1 op, 99800.00 ns, 99.8000 us/op
WorkloadActual  49: 1 op, 100000.00 ns, 100.0000 us/op
WorkloadActual  50: 1 op, 98800.00 ns, 98.8000 us/op
WorkloadActual  51: 1 op, 106500.00 ns, 106.5000 us/op
WorkloadActual  52: 1 op, 98500.00 ns, 98.5000 us/op
WorkloadActual  53: 1 op, 98800.00 ns, 98.8000 us/op
WorkloadActual  54: 1 op, 99100.00 ns, 99.1000 us/op
WorkloadActual  55: 1 op, 97900.00 ns, 97.9000 us/op
WorkloadActual  56: 1 op, 98900.00 ns, 98.9000 us/op
WorkloadActual  57: 1 op, 99100.00 ns, 99.1000 us/op
WorkloadActual  58: 1 op, 99400.00 ns, 99.4000 us/op
WorkloadActual  59: 1 op, 98200.00 ns, 98.2000 us/op
WorkloadActual  60: 1 op, 101600.00 ns, 101.6000 us/op
WorkloadActual  61: 1 op, 100600.00 ns, 100.6000 us/op
WorkloadActual  62: 1 op, 99200.00 ns, 99.2000 us/op
WorkloadActual  63: 1 op, 98300.00 ns, 98.3000 us/op
WorkloadActual  64: 1 op, 98700.00 ns, 98.7000 us/op
WorkloadActual  65: 1 op, 98300.00 ns, 98.3000 us/op
WorkloadActual  66: 1 op, 99600.00 ns, 99.6000 us/op
WorkloadActual  67: 1 op, 98800.00 ns, 98.8000 us/op
WorkloadActual  68: 1 op, 99000.00 ns, 99.0000 us/op
WorkloadActual  69: 1 op, 100800.00 ns, 100.8000 us/op
WorkloadActual  70: 1 op, 100000.00 ns, 100.0000 us/op
WorkloadActual  71: 1 op, 99300.00 ns, 99.3000 us/op
WorkloadActual  72: 1 op, 99600.00 ns, 99.6000 us/op
WorkloadActual  73: 1 op, 101100.00 ns, 101.1000 us/op
WorkloadActual  74: 1 op, 98600.00 ns, 98.6000 us/op
WorkloadActual  75: 1 op, 191300.00 ns, 191.3000 us/op
WorkloadActual  76: 1 op, 101300.00 ns, 101.3000 us/op
WorkloadActual  77: 1 op, 101500.00 ns, 101.5000 us/op
WorkloadActual  78: 1 op, 104600.00 ns, 104.6000 us/op
WorkloadActual  79: 1 op, 98800.00 ns, 98.8000 us/op
WorkloadActual  80: 1 op, 100100.00 ns, 100.1000 us/op
WorkloadActual  81: 1 op, 107000.00 ns, 107.0000 us/op
WorkloadActual  82: 1 op, 102200.00 ns, 102.2000 us/op
WorkloadActual  83: 1 op, 98600.00 ns, 98.6000 us/op
WorkloadActual  84: 1 op, 98800.00 ns, 98.8000 us/op
WorkloadActual  85: 1 op, 99000.00 ns, 99.0000 us/op
WorkloadActual  86: 1 op, 98000.00 ns, 98.0000 us/op
WorkloadActual  87: 1 op, 101200.00 ns, 101.2000 us/op
WorkloadActual  88: 1 op, 98500.00 ns, 98.5000 us/op
WorkloadActual  89: 1 op, 98400.00 ns, 98.4000 us/op
WorkloadActual  90: 1 op, 105400.00 ns, 105.4000 us/op
WorkloadActual  91: 1 op, 157400.00 ns, 157.4000 us/op
WorkloadActual  92: 1 op, 99600.00 ns, 99.6000 us/op
WorkloadActual  93: 1 op, 162700.00 ns, 162.7000 us/op
WorkloadActual  94: 1 op, 102600.00 ns, 102.6000 us/op
WorkloadActual  95: 1 op, 98800.00 ns, 98.8000 us/op
WorkloadActual  96: 1 op, 99900.00 ns, 99.9000 us/op
WorkloadActual  97: 1 op, 99000.00 ns, 99.0000 us/op
WorkloadActual  98: 1 op, 99300.00 ns, 99.3000 us/op
WorkloadActual  99: 1 op, 100500.00 ns, 100.5000 us/op
WorkloadActual  100: 1 op, 99200.00 ns, 99.2000 us/op
WorkloadActual  101: 1 op, 98900.00 ns, 98.9000 us/op
WorkloadActual  102: 1 op, 100100.00 ns, 100.1000 us/op
WorkloadActual  103: 1 op, 101700.00 ns, 101.7000 us/op
WorkloadActual  104: 1 op, 98500.00 ns, 98.5000 us/op
WorkloadActual  105: 1 op, 98700.00 ns, 98.7000 us/op
WorkloadActual  106: 1 op, 100200.00 ns, 100.2000 us/op
WorkloadActual  107: 1 op, 107200.00 ns, 107.2000 us/op
WorkloadActual  108: 1 op, 102800.00 ns, 102.8000 us/op
WorkloadActual  109: 1 op, 99000.00 ns, 99.0000 us/op
WorkloadActual  110: 1 op, 98600.00 ns, 98.6000 us/op
WorkloadActual  111: 1 op, 104500.00 ns, 104.5000 us/op
WorkloadActual  112: 1 op, 158700.00 ns, 158.7000 us/op
WorkloadActual  113: 1 op, 101800.00 ns, 101.8000 us/op
WorkloadActual  114: 1 op, 100000.00 ns, 100.0000 us/op
WorkloadActual  115: 1 op, 102500.00 ns, 102.5000 us/op
WorkloadActual  116: 1 op, 99000.00 ns, 99.0000 us/op
WorkloadActual  117: 1 op, 100100.00 ns, 100.1000 us/op
WorkloadActual  118: 1 op, 99000.00 ns, 99.0000 us/op
WorkloadActual  119: 1 op, 108100.00 ns, 108.1000 us/op
WorkloadActual  120: 1 op, 99900.00 ns, 99.9000 us/op
WorkloadActual  121: 1 op, 100000.00 ns, 100.0000 us/op
WorkloadActual  122: 1 op, 98600.00 ns, 98.6000 us/op
WorkloadActual  123: 1 op, 98800.00 ns, 98.8000 us/op
WorkloadActual  124: 1 op, 101500.00 ns, 101.5000 us/op
WorkloadActual  125: 1 op, 100300.00 ns, 100.3000 us/op
WorkloadActual  126: 1 op, 99100.00 ns, 99.1000 us/op
WorkloadActual  127: 1 op, 102000.00 ns, 102.0000 us/op
WorkloadActual  128: 1 op, 107000.00 ns, 107.0000 us/op
WorkloadActual  129: 1 op, 101100.00 ns, 101.1000 us/op
WorkloadActual  130: 1 op, 98900.00 ns, 98.9000 us/op
WorkloadActual  131: 1 op, 100100.00 ns, 100.1000 us/op
WorkloadActual  132: 1 op, 99200.00 ns, 99.2000 us/op
WorkloadActual  133: 1 op, 99700.00 ns, 99.7000 us/op
WorkloadActual  134: 1 op, 98800.00 ns, 98.8000 us/op
WorkloadActual  135: 1 op, 99800.00 ns, 99.8000 us/op
WorkloadActual  136: 1 op, 99300.00 ns, 99.3000 us/op
WorkloadActual  137: 1 op, 103100.00 ns, 103.1000 us/op
WorkloadActual  138: 1 op, 99300.00 ns, 99.3000 us/op
WorkloadActual  139: 1 op, 100000.00 ns, 100.0000 us/op
WorkloadActual  140: 1 op, 99700.00 ns, 99.7000 us/op
WorkloadActual  141: 1 op, 100000.00 ns, 100.0000 us/op
WorkloadActual  142: 1 op, 100300.00 ns, 100.3000 us/op
WorkloadActual  143: 1 op, 100900.00 ns, 100.9000 us/op
WorkloadActual  144: 1 op, 98300.00 ns, 98.3000 us/op
WorkloadActual  145: 1 op, 98700.00 ns, 98.7000 us/op
WorkloadActual  146: 1 op, 98100.00 ns, 98.1000 us/op
WorkloadActual  147: 1 op, 100200.00 ns, 100.2000 us/op
WorkloadActual  148: 1 op, 98100.00 ns, 98.1000 us/op
WorkloadActual  149: 1 op, 98700.00 ns, 98.7000 us/op
WorkloadActual  150: 1 op, 99200.00 ns, 99.2000 us/op
WorkloadActual  151: 1 op, 98400.00 ns, 98.4000 us/op
WorkloadActual  152: 1 op, 97500.00 ns, 97.5000 us/op
WorkloadActual  153: 1 op, 98200.00 ns, 98.2000 us/op
WorkloadActual  154: 1 op, 96600.00 ns, 96.6000 us/op
WorkloadActual  155: 1 op, 98800.00 ns, 98.8000 us/op
WorkloadActual  156: 1 op, 97800.00 ns, 97.8000 us/op
WorkloadActual  157: 1 op, 97800.00 ns, 97.8000 us/op
WorkloadActual  158: 1 op, 96900.00 ns, 96.9000 us/op
WorkloadActual  159: 1 op, 99900.00 ns, 99.9000 us/op
WorkloadActual  160: 1 op, 96700.00 ns, 96.7000 us/op
WorkloadActual  161: 1 op, 98500.00 ns, 98.5000 us/op
WorkloadActual  162: 1 op, 96700.00 ns, 96.7000 us/op
WorkloadActual  163: 1 op, 159300.00 ns, 159.3000 us/op
WorkloadActual  164: 1 op, 98400.00 ns, 98.4000 us/op
WorkloadActual  165: 1 op, 103300.00 ns, 103.3000 us/op
WorkloadActual  166: 1 op, 97300.00 ns, 97.3000 us/op
WorkloadActual  167: 1 op, 97300.00 ns, 97.3000 us/op
WorkloadActual  168: 1 op, 96500.00 ns, 96.5000 us/op
WorkloadActual  169: 1 op, 96000.00 ns, 96.0000 us/op
WorkloadActual  170: 1 op, 97200.00 ns, 97.2000 us/op
WorkloadActual  171: 1 op, 96200.00 ns, 96.2000 us/op
WorkloadActual  172: 1 op, 136400.00 ns, 136.4000 us/op
WorkloadActual  173: 1 op, 98500.00 ns, 98.5000 us/op
WorkloadActual  174: 1 op, 99900.00 ns, 99.9000 us/op
WorkloadActual  175: 1 op, 98300.00 ns, 98.3000 us/op
WorkloadActual  176: 1 op, 106600.00 ns, 106.6000 us/op
WorkloadActual  177: 1 op, 98900.00 ns, 98.9000 us/op
WorkloadActual  178: 1 op, 98200.00 ns, 98.2000 us/op
WorkloadActual  179: 1 op, 100100.00 ns, 100.1000 us/op
WorkloadActual  180: 1 op, 96600.00 ns, 96.6000 us/op
WorkloadActual  181: 1 op, 105300.00 ns, 105.3000 us/op
WorkloadActual  182: 1 op, 97700.00 ns, 97.7000 us/op
WorkloadActual  183: 1 op, 103200.00 ns, 103.2000 us/op
WorkloadActual  184: 1 op, 102100.00 ns, 102.1000 us/op
WorkloadActual  185: 1 op, 97900.00 ns, 97.9000 us/op
WorkloadActual  186: 1 op, 98800.00 ns, 98.8000 us/op
WorkloadActual  187: 1 op, 102200.00 ns, 102.2000 us/op
WorkloadActual  188: 1 op, 98200.00 ns, 98.2000 us/op
WorkloadActual  189: 1 op, 96800.00 ns, 96.8000 us/op
WorkloadActual  190: 1 op, 97100.00 ns, 97.1000 us/op
WorkloadActual  191: 1 op, 96900.00 ns, 96.9000 us/op
WorkloadActual  192: 1 op, 97200.00 ns, 97.2000 us/op
WorkloadActual  193: 1 op, 98200.00 ns, 98.2000 us/op
WorkloadActual  194: 1 op, 96600.00 ns, 96.6000 us/op
WorkloadActual  195: 1 op, 97000.00 ns, 97.0000 us/op
WorkloadActual  196: 1 op, 96400.00 ns, 96.4000 us/op
WorkloadActual  197: 1 op, 102200.00 ns, 102.2000 us/op
WorkloadActual  198: 1 op, 96300.00 ns, 96.3000 us/op
WorkloadActual  199: 1 op, 96300.00 ns, 96.3000 us/op
WorkloadActual  200: 1 op, 96600.00 ns, 96.6000 us/op
WorkloadActual  201: 1 op, 96100.00 ns, 96.1000 us/op
WorkloadActual  202: 1 op, 97500.00 ns, 97.5000 us/op
WorkloadActual  203: 1 op, 97400.00 ns, 97.4000 us/op
WorkloadActual  204: 1 op, 96500.00 ns, 96.5000 us/op
WorkloadActual  205: 1 op, 96700.00 ns, 96.7000 us/op
WorkloadActual  206: 1 op, 96900.00 ns, 96.9000 us/op
WorkloadActual  207: 1 op, 96200.00 ns, 96.2000 us/op
WorkloadActual  208: 1 op, 97100.00 ns, 97.1000 us/op
WorkloadActual  209: 1 op, 97000.00 ns, 97.0000 us/op
WorkloadActual  210: 1 op, 95900.00 ns, 95.9000 us/op
WorkloadActual  211: 1 op, 99300.00 ns, 99.3000 us/op
WorkloadActual  212: 1 op, 96000.00 ns, 96.0000 us/op
WorkloadActual  213: 1 op, 96700.00 ns, 96.7000 us/op
WorkloadActual  214: 1 op, 97000.00 ns, 97.0000 us/op
WorkloadActual  215: 1 op, 105800.00 ns, 105.8000 us/op
WorkloadActual  216: 1 op, 99400.00 ns, 99.4000 us/op
WorkloadActual  217: 1 op, 98600.00 ns, 98.6000 us/op
WorkloadActual  218: 1 op, 98300.00 ns, 98.3000 us/op
WorkloadActual  219: 1 op, 102100.00 ns, 102.1000 us/op
WorkloadActual  220: 1 op, 98200.00 ns, 98.2000 us/op
WorkloadActual  221: 1 op, 99600.00 ns, 99.6000 us/op
WorkloadActual  222: 1 op, 146200.00 ns, 146.2000 us/op
WorkloadActual  223: 1 op, 178200.00 ns, 178.2000 us/op
WorkloadActual  224: 1 op, 100200.00 ns, 100.2000 us/op
WorkloadActual  225: 1 op, 99900.00 ns, 99.9000 us/op
WorkloadActual  226: 1 op, 97200.00 ns, 97.2000 us/op
WorkloadActual  227: 1 op, 101300.00 ns, 101.3000 us/op
WorkloadActual  228: 1 op, 101400.00 ns, 101.4000 us/op
WorkloadActual  229: 1 op, 98500.00 ns, 98.5000 us/op
WorkloadActual  230: 1 op, 97600.00 ns, 97.6000 us/op
WorkloadActual  231: 1 op, 104100.00 ns, 104.1000 us/op
WorkloadActual  232: 1 op, 97700.00 ns, 97.7000 us/op
WorkloadActual  233: 1 op, 147200.00 ns, 147.2000 us/op
WorkloadActual  234: 1 op, 98100.00 ns, 98.1000 us/op
WorkloadActual  235: 1 op, 100600.00 ns, 100.6000 us/op
WorkloadActual  236: 1 op, 98300.00 ns, 98.3000 us/op
WorkloadActual  237: 1 op, 97600.00 ns, 97.6000 us/op
WorkloadActual  238: 1 op, 97700.00 ns, 97.7000 us/op
WorkloadActual  239: 1 op, 97200.00 ns, 97.2000 us/op
WorkloadActual  240: 1 op, 96900.00 ns, 96.9000 us/op
WorkloadActual  241: 1 op, 97400.00 ns, 97.4000 us/op
WorkloadActual  242: 1 op, 97600.00 ns, 97.6000 us/op
WorkloadActual  243: 1 op, 98200.00 ns, 98.2000 us/op
WorkloadActual  244: 1 op, 105000.00 ns, 105.0000 us/op
WorkloadActual  245: 1 op, 99700.00 ns, 99.7000 us/op
WorkloadActual  246: 1 op, 98700.00 ns, 98.7000 us/op
WorkloadActual  247: 1 op, 100400.00 ns, 100.4000 us/op
WorkloadActual  248: 1 op, 97200.00 ns, 97.2000 us/op
WorkloadActual  249: 1 op, 104600.00 ns, 104.6000 us/op
WorkloadActual  250: 1 op, 98600.00 ns, 98.6000 us/op
WorkloadActual  251: 1 op, 97000.00 ns, 97.0000 us/op
WorkloadActual  252: 1 op, 96700.00 ns, 96.7000 us/op
WorkloadActual  253: 1 op, 196900.00 ns, 196.9000 us/op
WorkloadActual  254: 1 op, 98000.00 ns, 98.0000 us/op
WorkloadActual  255: 1 op, 104400.00 ns, 104.4000 us/op
WorkloadActual  256: 1 op, 109800.00 ns, 109.8000 us/op
WorkloadActual  257: 1 op, 97400.00 ns, 97.4000 us/op
WorkloadActual  258: 1 op, 96900.00 ns, 96.9000 us/op
WorkloadActual  259: 1 op, 96300.00 ns, 96.3000 us/op
WorkloadActual  260: 1 op, 96500.00 ns, 96.5000 us/op
WorkloadActual  261: 1 op, 97400.00 ns, 97.4000 us/op
WorkloadActual  262: 1 op, 97200.00 ns, 97.2000 us/op
WorkloadActual  263: 1 op, 95800.00 ns, 95.8000 us/op
WorkloadActual  264: 1 op, 97400.00 ns, 97.4000 us/op
WorkloadActual  265: 1 op, 98900.00 ns, 98.9000 us/op
WorkloadActual  266: 1 op, 97300.00 ns, 97.3000 us/op
WorkloadActual  267: 1 op, 97200.00 ns, 97.2000 us/op
WorkloadActual  268: 1 op, 96800.00 ns, 96.8000 us/op
WorkloadActual  269: 1 op, 97200.00 ns, 97.2000 us/op
WorkloadActual  270: 1 op, 96100.00 ns, 96.1000 us/op
WorkloadActual  271: 1 op, 96800.00 ns, 96.8000 us/op
WorkloadActual  272: 1 op, 97400.00 ns, 97.4000 us/op
WorkloadActual  273: 1 op, 96400.00 ns, 96.4000 us/op
WorkloadActual  274: 1 op, 99500.00 ns, 99.5000 us/op
WorkloadActual  275: 1 op, 96900.00 ns, 96.9000 us/op
WorkloadActual  276: 1 op, 97000.00 ns, 97.0000 us/op
WorkloadActual  277: 1 op, 97600.00 ns, 97.6000 us/op
WorkloadActual  278: 1 op, 96400.00 ns, 96.4000 us/op
WorkloadActual  279: 1 op, 96200.00 ns, 96.2000 us/op
WorkloadActual  280: 1 op, 97500.00 ns, 97.5000 us/op
WorkloadActual  281: 1 op, 96300.00 ns, 96.3000 us/op
WorkloadActual  282: 1 op, 96500.00 ns, 96.5000 us/op
WorkloadActual  283: 1 op, 98300.00 ns, 98.3000 us/op
WorkloadActual  284: 1 op, 107900.00 ns, 107.9000 us/op
WorkloadActual  285: 1 op, 99500.00 ns, 99.5000 us/op
WorkloadActual  286: 1 op, 101000.00 ns, 101.0000 us/op
WorkloadActual  287: 1 op, 99600.00 ns, 99.6000 us/op
WorkloadActual  288: 1 op, 98600.00 ns, 98.6000 us/op
WorkloadActual  289: 1 op, 99600.00 ns, 99.6000 us/op
WorkloadActual  290: 1 op, 98600.00 ns, 98.6000 us/op
WorkloadActual  291: 1 op, 102900.00 ns, 102.9000 us/op
WorkloadActual  292: 1 op, 167700.00 ns, 167.7000 us/op
WorkloadActual  293: 1 op, 97900.00 ns, 97.9000 us/op
WorkloadActual  294: 1 op, 98100.00 ns, 98.1000 us/op
WorkloadActual  295: 1 op, 99500.00 ns, 99.5000 us/op
WorkloadActual  296: 1 op, 98000.00 ns, 98.0000 us/op
WorkloadActual  297: 1 op, 97500.00 ns, 97.5000 us/op
WorkloadActual  298: 1 op, 96900.00 ns, 96.9000 us/op
WorkloadActual  299: 1 op, 96500.00 ns, 96.5000 us/op
WorkloadActual  300: 1 op, 97400.00 ns, 97.4000 us/op

// AfterActualRun
WorkloadResult   1: 1 op, 109150.00 ns, 109.1500 us/op
WorkloadResult   2: 1 op, 110550.00 ns, 110.5500 us/op
WorkloadResult   3: 1 op, 100750.00 ns, 100.7500 us/op
WorkloadResult   4: 1 op, 99550.00 ns, 99.5500 us/op
WorkloadResult   5: 1 op, 99350.00 ns, 99.3500 us/op
WorkloadResult   6: 1 op, 104350.00 ns, 104.3500 us/op
WorkloadResult   7: 1 op, 130950.00 ns, 130.9500 us/op
WorkloadResult   8: 1 op, 99650.00 ns, 99.6500 us/op
WorkloadResult   9: 1 op, 104550.00 ns, 104.5500 us/op
WorkloadResult  10: 1 op, 114850.00 ns, 114.8500 us/op
WorkloadResult  11: 1 op, 101250.00 ns, 101.2500 us/op
WorkloadResult  12: 1 op, 106750.00 ns, 106.7500 us/op
WorkloadResult  13: 1 op, 100650.00 ns, 100.6500 us/op
WorkloadResult  14: 1 op, 102050.00 ns, 102.0500 us/op
WorkloadResult  15: 1 op, 99850.00 ns, 99.8500 us/op
WorkloadResult  16: 1 op, 171250.00 ns, 171.2500 us/op
WorkloadResult  17: 1 op, 99150.00 ns, 99.1500 us/op
WorkloadResult  18: 1 op, 101750.00 ns, 101.7500 us/op
WorkloadResult  19: 1 op, 99550.00 ns, 99.5500 us/op
WorkloadResult  20: 1 op, 99650.00 ns, 99.6500 us/op
WorkloadResult  21: 1 op, 99450.00 ns, 99.4500 us/op
WorkloadResult  22: 1 op, 108650.00 ns, 108.6500 us/op
WorkloadResult  23: 1 op, 100250.00 ns, 100.2500 us/op
WorkloadResult  24: 1 op, 99150.00 ns, 99.1500 us/op
WorkloadResult  25: 1 op, 99750.00 ns, 99.7500 us/op
WorkloadResult  26: 1 op, 99050.00 ns, 99.0500 us/op
WorkloadResult  27: 1 op, 101550.00 ns, 101.5500 us/op
WorkloadResult  28: 1 op, 99050.00 ns, 99.0500 us/op
WorkloadResult  29: 1 op, 99250.00 ns, 99.2500 us/op
WorkloadResult  30: 1 op, 100150.00 ns, 100.1500 us/op
WorkloadResult  31: 1 op, 107550.00 ns, 107.5500 us/op
WorkloadResult  32: 1 op, 99550.00 ns, 99.5500 us/op
WorkloadResult  33: 1 op, 102350.00 ns, 102.3500 us/op
WorkloadResult  34: 1 op, 101250.00 ns, 101.2500 us/op
WorkloadResult  35: 1 op, 100850.00 ns, 100.8500 us/op
WorkloadResult  36: 1 op, 100550.00 ns, 100.5500 us/op
WorkloadResult  37: 1 op, 101250.00 ns, 101.2500 us/op
WorkloadResult  38: 1 op, 101850.00 ns, 101.8500 us/op
WorkloadResult  39: 1 op, 102050.00 ns, 102.0500 us/op
WorkloadResult  40: 1 op, 102750.00 ns, 102.7500 us/op
WorkloadResult  41: 1 op, 106450.00 ns, 106.4500 us/op
WorkloadResult  42: 1 op, 99350.00 ns, 99.3500 us/op
WorkloadResult  43: 1 op, 100950.00 ns, 100.9500 us/op
WorkloadResult  44: 1 op, 103350.00 ns, 103.3500 us/op
WorkloadResult  45: 1 op, 107650.00 ns, 107.6500 us/op
WorkloadResult  46: 1 op, 104950.00 ns, 104.9500 us/op
WorkloadResult  47: 1 op, 102550.00 ns, 102.5500 us/op
WorkloadResult  48: 1 op, 99650.00 ns, 99.6500 us/op
WorkloadResult  49: 1 op, 99850.00 ns, 99.8500 us/op
WorkloadResult  50: 1 op, 98650.00 ns, 98.6500 us/op
WorkloadResult  51: 1 op, 106350.00 ns, 106.3500 us/op
WorkloadResult  52: 1 op, 98350.00 ns, 98.3500 us/op
WorkloadResult  53: 1 op, 98650.00 ns, 98.6500 us/op
WorkloadResult  54: 1 op, 98950.00 ns, 98.9500 us/op
WorkloadResult  55: 1 op, 97750.00 ns, 97.7500 us/op
WorkloadResult  56: 1 op, 98750.00 ns, 98.7500 us/op
WorkloadResult  57: 1 op, 98950.00 ns, 98.9500 us/op
WorkloadResult  58: 1 op, 99250.00 ns, 99.2500 us/op
WorkloadResult  59: 1 op, 98050.00 ns, 98.0500 us/op
WorkloadResult  60: 1 op, 101450.00 ns, 101.4500 us/op
WorkloadResult  61: 1 op, 100450.00 ns, 100.4500 us/op
WorkloadResult  62: 1 op, 99050.00 ns, 99.0500 us/op
WorkloadResult  63: 1 op, 98150.00 ns, 98.1500 us/op
WorkloadResult  64: 1 op, 98550.00 ns, 98.5500 us/op
WorkloadResult  65: 1 op, 98150.00 ns, 98.1500 us/op
WorkloadResult  66: 1 op, 99450.00 ns, 99.4500 us/op
WorkloadResult  67: 1 op, 98650.00 ns, 98.6500 us/op
WorkloadResult  68: 1 op, 98850.00 ns, 98.8500 us/op
WorkloadResult  69: 1 op, 100650.00 ns, 100.6500 us/op
WorkloadResult  70: 1 op, 99850.00 ns, 99.8500 us/op
WorkloadResult  71: 1 op, 99150.00 ns, 99.1500 us/op
WorkloadResult  72: 1 op, 99450.00 ns, 99.4500 us/op
WorkloadResult  73: 1 op, 100950.00 ns, 100.9500 us/op
WorkloadResult  74: 1 op, 98450.00 ns, 98.4500 us/op
WorkloadResult  75: 1 op, 191150.00 ns, 191.1500 us/op
WorkloadResult  76: 1 op, 101150.00 ns, 101.1500 us/op
WorkloadResult  77: 1 op, 101350.00 ns, 101.3500 us/op
WorkloadResult  78: 1 op, 104450.00 ns, 104.4500 us/op
WorkloadResult  79: 1 op, 98650.00 ns, 98.6500 us/op
WorkloadResult  80: 1 op, 99950.00 ns, 99.9500 us/op
WorkloadResult  81: 1 op, 106850.00 ns, 106.8500 us/op
WorkloadResult  82: 1 op, 102050.00 ns, 102.0500 us/op
WorkloadResult  83: 1 op, 98450.00 ns, 98.4500 us/op
WorkloadResult  84: 1 op, 98650.00 ns, 98.6500 us/op
WorkloadResult  85: 1 op, 98850.00 ns, 98.8500 us/op
WorkloadResult  86: 1 op, 97850.00 ns, 97.8500 us/op
WorkloadResult  87: 1 op, 101050.00 ns, 101.0500 us/op
WorkloadResult  88: 1 op, 98350.00 ns, 98.3500 us/op
WorkloadResult  89: 1 op, 98250.00 ns, 98.2500 us/op
WorkloadResult  90: 1 op, 105250.00 ns, 105.2500 us/op
WorkloadResult  91: 1 op, 157250.00 ns, 157.2500 us/op
WorkloadResult  92: 1 op, 99450.00 ns, 99.4500 us/op
WorkloadResult  93: 1 op, 162550.00 ns, 162.5500 us/op
WorkloadResult  94: 1 op, 102450.00 ns, 102.4500 us/op
WorkloadResult  95: 1 op, 98650.00 ns, 98.6500 us/op
WorkloadResult  96: 1 op, 99750.00 ns, 99.7500 us/op
WorkloadResult  97: 1 op, 98850.00 ns, 98.8500 us/op
WorkloadResult  98: 1 op, 99150.00 ns, 99.1500 us/op
WorkloadResult  99: 1 op, 100350.00 ns, 100.3500 us/op
WorkloadResult  100: 1 op, 99050.00 ns, 99.0500 us/op
WorkloadResult  101: 1 op, 98750.00 ns, 98.7500 us/op
WorkloadResult  102: 1 op, 99950.00 ns, 99.9500 us/op
WorkloadResult  103: 1 op, 101550.00 ns, 101.5500 us/op
WorkloadResult  104: 1 op, 98350.00 ns, 98.3500 us/op
WorkloadResult  105: 1 op, 98550.00 ns, 98.5500 us/op
WorkloadResult  106: 1 op, 100050.00 ns, 100.0500 us/op
WorkloadResult  107: 1 op, 107050.00 ns, 107.0500 us/op
WorkloadResult  108: 1 op, 102650.00 ns, 102.6500 us/op
WorkloadResult  109: 1 op, 98850.00 ns, 98.8500 us/op
WorkloadResult  110: 1 op, 98450.00 ns, 98.4500 us/op
WorkloadResult  111: 1 op, 104350.00 ns, 104.3500 us/op
WorkloadResult  112: 1 op, 158550.00 ns, 158.5500 us/op
WorkloadResult  113: 1 op, 101650.00 ns, 101.6500 us/op
WorkloadResult  114: 1 op, 99850.00 ns, 99.8500 us/op
WorkloadResult  115: 1 op, 102350.00 ns, 102.3500 us/op
WorkloadResult  116: 1 op, 98850.00 ns, 98.8500 us/op
WorkloadResult  117: 1 op, 99950.00 ns, 99.9500 us/op
WorkloadResult  118: 1 op, 98850.00 ns, 98.8500 us/op
WorkloadResult  119: 1 op, 107950.00 ns, 107.9500 us/op
WorkloadResult  120: 1 op, 99750.00 ns, 99.7500 us/op
WorkloadResult  121: 1 op, 99850.00 ns, 99.8500 us/op
WorkloadResult  122: 1 op, 98450.00 ns, 98.4500 us/op
WorkloadResult  123: 1 op, 98650.00 ns, 98.6500 us/op
WorkloadResult  124: 1 op, 101350.00 ns, 101.3500 us/op
WorkloadResult  125: 1 op, 100150.00 ns, 100.1500 us/op
WorkloadResult  126: 1 op, 98950.00 ns, 98.9500 us/op
WorkloadResult  127: 1 op, 101850.00 ns, 101.8500 us/op
WorkloadResult  128: 1 op, 106850.00 ns, 106.8500 us/op
WorkloadResult  129: 1 op, 100950.00 ns, 100.9500 us/op
WorkloadResult  130: 1 op, 98750.00 ns, 98.7500 us/op
WorkloadResult  131: 1 op, 99950.00 ns, 99.9500 us/op
WorkloadResult  132: 1 op, 99050.00 ns, 99.0500 us/op
WorkloadResult  133: 1 op, 99550.00 ns, 99.5500 us/op
WorkloadResult  134: 1 op, 98650.00 ns, 98.6500 us/op
WorkloadResult  135: 1 op, 99650.00 ns, 99.6500 us/op
WorkloadResult  136: 1 op, 99150.00 ns, 99.1500 us/op
WorkloadResult  137: 1 op, 102950.00 ns, 102.9500 us/op
WorkloadResult  138: 1 op, 99150.00 ns, 99.1500 us/op
WorkloadResult  139: 1 op, 99850.00 ns, 99.8500 us/op
WorkloadResult  140: 1 op, 99550.00 ns, 99.5500 us/op
WorkloadResult  141: 1 op, 99850.00 ns, 99.8500 us/op
WorkloadResult  142: 1 op, 100150.00 ns, 100.1500 us/op
WorkloadResult  143: 1 op, 100750.00 ns, 100.7500 us/op
WorkloadResult  144: 1 op, 98150.00 ns, 98.1500 us/op
WorkloadResult  145: 1 op, 98550.00 ns, 98.5500 us/op
WorkloadResult  146: 1 op, 97950.00 ns, 97.9500 us/op
WorkloadResult  147: 1 op, 100050.00 ns, 100.0500 us/op
WorkloadResult  148: 1 op, 97950.00 ns, 97.9500 us/op
WorkloadResult  149: 1 op, 98550.00 ns, 98.5500 us/op
WorkloadResult  150: 1 op, 99050.00 ns, 99.0500 us/op
WorkloadResult  151: 1 op, 98250.00 ns, 98.2500 us/op
WorkloadResult  152: 1 op, 97350.00 ns, 97.3500 us/op
WorkloadResult  153: 1 op, 98050.00 ns, 98.0500 us/op
WorkloadResult  154: 1 op, 96450.00 ns, 96.4500 us/op
WorkloadResult  155: 1 op, 98650.00 ns, 98.6500 us/op
WorkloadResult  156: 1 op, 97650.00 ns, 97.6500 us/op
WorkloadResult  157: 1 op, 97650.00 ns, 97.6500 us/op
WorkloadResult  158: 1 op, 96750.00 ns, 96.7500 us/op
WorkloadResult  159: 1 op, 99750.00 ns, 99.7500 us/op
WorkloadResult  160: 1 op, 96550.00 ns, 96.5500 us/op
WorkloadResult  161: 1 op, 98350.00 ns, 98.3500 us/op
WorkloadResult  162: 1 op, 96550.00 ns, 96.5500 us/op
WorkloadResult  163: 1 op, 159150.00 ns, 159.1500 us/op
WorkloadResult  164: 1 op, 98250.00 ns, 98.2500 us/op
WorkloadResult  165: 1 op, 103150.00 ns, 103.1500 us/op
WorkloadResult  166: 1 op, 97150.00 ns, 97.1500 us/op
WorkloadResult  167: 1 op, 97150.00 ns, 97.1500 us/op
WorkloadResult  168: 1 op, 96350.00 ns, 96.3500 us/op
WorkloadResult  169: 1 op, 95850.00 ns, 95.8500 us/op
WorkloadResult  170: 1 op, 97050.00 ns, 97.0500 us/op
WorkloadResult  171: 1 op, 96050.00 ns, 96.0500 us/op
WorkloadResult  172: 1 op, 136250.00 ns, 136.2500 us/op
WorkloadResult  173: 1 op, 98350.00 ns, 98.3500 us/op
WorkloadResult  174: 1 op, 99750.00 ns, 99.7500 us/op
WorkloadResult  175: 1 op, 98150.00 ns, 98.1500 us/op
WorkloadResult  176: 1 op, 106450.00 ns, 106.4500 us/op
WorkloadResult  177: 1 op, 98750.00 ns, 98.7500 us/op
WorkloadResult  178: 1 op, 98050.00 ns, 98.0500 us/op
WorkloadResult  179: 1 op, 99950.00 ns, 99.9500 us/op
WorkloadResult  180: 1 op, 96450.00 ns, 96.4500 us/op
WorkloadResult  181: 1 op, 105150.00 ns, 105.1500 us/op
WorkloadResult  182: 1 op, 97550.00 ns, 97.5500 us/op
WorkloadResult  183: 1 op, 103050.00 ns, 103.0500 us/op
WorkloadResult  184: 1 op, 101950.00 ns, 101.9500 us/op
WorkloadResult  185: 1 op, 97750.00 ns, 97.7500 us/op
WorkloadResult  186: 1 op, 98650.00 ns, 98.6500 us/op
WorkloadResult  187: 1 op, 102050.00 ns, 102.0500 us/op
WorkloadResult  188: 1 op, 98050.00 ns, 98.0500 us/op
WorkloadResult  189: 1 op, 96650.00 ns, 96.6500 us/op
WorkloadResult  190: 1 op, 96950.00 ns, 96.9500 us/op
WorkloadResult  191: 1 op, 96750.00 ns, 96.7500 us/op
WorkloadResult  192: 1 op, 97050.00 ns, 97.0500 us/op
WorkloadResult  193: 1 op, 98050.00 ns, 98.0500 us/op
WorkloadResult  194: 1 op, 96450.00 ns, 96.4500 us/op
WorkloadResult  195: 1 op, 96850.00 ns, 96.8500 us/op
WorkloadResult  196: 1 op, 96250.00 ns, 96.2500 us/op
WorkloadResult  197: 1 op, 102050.00 ns, 102.0500 us/op
WorkloadResult  198: 1 op, 96150.00 ns, 96.1500 us/op
WorkloadResult  199: 1 op, 96150.00 ns, 96.1500 us/op
WorkloadResult  200: 1 op, 96450.00 ns, 96.4500 us/op
WorkloadResult  201: 1 op, 95950.00 ns, 95.9500 us/op
WorkloadResult  202: 1 op, 97350.00 ns, 97.3500 us/op
WorkloadResult  203: 1 op, 97250.00 ns, 97.2500 us/op
WorkloadResult  204: 1 op, 96350.00 ns, 96.3500 us/op
WorkloadResult  205: 1 op, 96550.00 ns, 96.5500 us/op
WorkloadResult  206: 1 op, 96750.00 ns, 96.7500 us/op
WorkloadResult  207: 1 op, 96050.00 ns, 96.0500 us/op
WorkloadResult  208: 1 op, 96950.00 ns, 96.9500 us/op
WorkloadResult  209: 1 op, 96850.00 ns, 96.8500 us/op
WorkloadResult  210: 1 op, 95750.00 ns, 95.7500 us/op
WorkloadResult  211: 1 op, 99150.00 ns, 99.1500 us/op
WorkloadResult  212: 1 op, 95850.00 ns, 95.8500 us/op
WorkloadResult  213: 1 op, 96550.00 ns, 96.5500 us/op
WorkloadResult  214: 1 op, 96850.00 ns, 96.8500 us/op
WorkloadResult  215: 1 op, 105650.00 ns, 105.6500 us/op
WorkloadResult  216: 1 op, 99250.00 ns, 99.2500 us/op
WorkloadResult  217: 1 op, 98450.00 ns, 98.4500 us/op
WorkloadResult  218: 1 op, 98150.00 ns, 98.1500 us/op
WorkloadResult  219: 1 op, 101950.00 ns, 101.9500 us/op
WorkloadResult  220: 1 op, 98050.00 ns, 98.0500 us/op
WorkloadResult  221: 1 op, 99450.00 ns, 99.4500 us/op
WorkloadResult  222: 1 op, 146050.00 ns, 146.0500 us/op
WorkloadResult  223: 1 op, 178050.00 ns, 178.0500 us/op
WorkloadResult  224: 1 op, 100050.00 ns, 100.0500 us/op
WorkloadResult  225: 1 op, 99750.00 ns, 99.7500 us/op
WorkloadResult  226: 1 op, 97050.00 ns, 97.0500 us/op
WorkloadResult  227: 1 op, 101150.00 ns, 101.1500 us/op
WorkloadResult  228: 1 op, 101250.00 ns, 101.2500 us/op
WorkloadResult  229: 1 op, 98350.00 ns, 98.3500 us/op
WorkloadResult  230: 1 op, 97450.00 ns, 97.4500 us/op
WorkloadResult  231: 1 op, 103950.00 ns, 103.9500 us/op
WorkloadResult  232: 1 op, 97550.00 ns, 97.5500 us/op
WorkloadResult  233: 1 op, 147050.00 ns, 147.0500 us/op
WorkloadResult  234: 1 op, 97950.00 ns, 97.9500 us/op
WorkloadResult  235: 1 op, 100450.00 ns, 100.4500 us/op
WorkloadResult  236: 1 op, 98150.00 ns, 98.1500 us/op
WorkloadResult  237: 1 op, 97450.00 ns, 97.4500 us/op
WorkloadResult  238: 1 op, 97550.00 ns, 97.5500 us/op
WorkloadResult  239: 1 op, 97050.00 ns, 97.0500 us/op
WorkloadResult  240: 1 op, 96750.00 ns, 96.7500 us/op
WorkloadResult  241: 1 op, 97250.00 ns, 97.2500 us/op
WorkloadResult  242: 1 op, 97450.00 ns, 97.4500 us/op
WorkloadResult  243: 1 op, 98050.00 ns, 98.0500 us/op
WorkloadResult  244: 1 op, 104850.00 ns, 104.8500 us/op
WorkloadResult  245: 1 op, 99550.00 ns, 99.5500 us/op
WorkloadResult  246: 1 op, 98550.00 ns, 98.5500 us/op
WorkloadResult  247: 1 op, 100250.00 ns, 100.2500 us/op
WorkloadResult  248: 1 op, 97050.00 ns, 97.0500 us/op
WorkloadResult  249: 1 op, 104450.00 ns, 104.4500 us/op
WorkloadResult  250: 1 op, 98450.00 ns, 98.4500 us/op
WorkloadResult  251: 1 op, 96850.00 ns, 96.8500 us/op
WorkloadResult  252: 1 op, 96550.00 ns, 96.5500 us/op
WorkloadResult  253: 1 op, 196750.00 ns, 196.7500 us/op
WorkloadResult  254: 1 op, 97850.00 ns, 97.8500 us/op
WorkloadResult  255: 1 op, 104250.00 ns, 104.2500 us/op
WorkloadResult  256: 1 op, 109650.00 ns, 109.6500 us/op
WorkloadResult  257: 1 op, 97250.00 ns, 97.2500 us/op
WorkloadResult  258: 1 op, 96750.00 ns, 96.7500 us/op
WorkloadResult  259: 1 op, 96150.00 ns, 96.1500 us/op
WorkloadResult  260: 1 op, 96350.00 ns, 96.3500 us/op
WorkloadResult  261: 1 op, 97250.00 ns, 97.2500 us/op
WorkloadResult  262: 1 op, 97050.00 ns, 97.0500 us/op
WorkloadResult  263: 1 op, 95650.00 ns, 95.6500 us/op
WorkloadResult  264: 1 op, 97250.00 ns, 97.2500 us/op
WorkloadResult  265: 1 op, 98750.00 ns, 98.7500 us/op
WorkloadResult  266: 1 op, 97150.00 ns, 97.1500 us/op
WorkloadResult  267: 1 op, 97050.00 ns, 97.0500 us/op
WorkloadResult  268: 1 op, 96650.00 ns, 96.6500 us/op
WorkloadResult  269: 1 op, 97050.00 ns, 97.0500 us/op
WorkloadResult  270: 1 op, 95950.00 ns, 95.9500 us/op
WorkloadResult  271: 1 op, 96650.00 ns, 96.6500 us/op
WorkloadResult  272: 1 op, 97250.00 ns, 97.2500 us/op
WorkloadResult  273: 1 op, 96250.00 ns, 96.2500 us/op
WorkloadResult  274: 1 op, 99350.00 ns, 99.3500 us/op
WorkloadResult  275: 1 op, 96750.00 ns, 96.7500 us/op
WorkloadResult  276: 1 op, 96850.00 ns, 96.8500 us/op
WorkloadResult  277: 1 op, 97450.00 ns, 97.4500 us/op
WorkloadResult  278: 1 op, 96250.00 ns, 96.2500 us/op
WorkloadResult  279: 1 op, 96050.00 ns, 96.0500 us/op
WorkloadResult  280: 1 op, 97350.00 ns, 97.3500 us/op
WorkloadResult  281: 1 op, 96150.00 ns, 96.1500 us/op
WorkloadResult  282: 1 op, 96350.00 ns, 96.3500 us/op
WorkloadResult  283: 1 op, 98150.00 ns, 98.1500 us/op
WorkloadResult  284: 1 op, 107750.00 ns, 107.7500 us/op
WorkloadResult  285: 1 op, 99350.00 ns, 99.3500 us/op
WorkloadResult  286: 1 op, 100850.00 ns, 100.8500 us/op
WorkloadResult  287: 1 op, 99450.00 ns, 99.4500 us/op
WorkloadResult  288: 1 op, 98450.00 ns, 98.4500 us/op
WorkloadResult  289: 1 op, 99450.00 ns, 99.4500 us/op
WorkloadResult  290: 1 op, 98450.00 ns, 98.4500 us/op
WorkloadResult  291: 1 op, 102750.00 ns, 102.7500 us/op
WorkloadResult  292: 1 op, 167550.00 ns, 167.5500 us/op
WorkloadResult  293: 1 op, 97750.00 ns, 97.7500 us/op
WorkloadResult  294: 1 op, 97950.00 ns, 97.9500 us/op
WorkloadResult  295: 1 op, 99350.00 ns, 99.3500 us/op
WorkloadResult  296: 1 op, 97850.00 ns, 97.8500 us/op
WorkloadResult  297: 1 op, 97350.00 ns, 97.3500 us/op
WorkloadResult  298: 1 op, 96750.00 ns, 96.7500 us/op
WorkloadResult  299: 1 op, 96350.00 ns, 96.3500 us/op
WorkloadResult  300: 1 op, 97250.00 ns, 97.2500 us/op
// GC:  0 0 0 51720 1
// Threading:  3 0 1

// AfterAll
// Benchmark Process 110344 has exited with code 0.

Mean = 103.114 us, StdErr = 0.561 us (0.54%), N = 600, StdDev = 13.742 us
Min = 95.200 us, Q1 = 98.188 us, Median = 99.800 us, Q3 = 102.013 us, Max = 203.400 us
IQR = 3.825 us, LowerFence = 92.450 us, UpperFence = 107.750 us
ConfidenceInterval = [101.259 us; 104.969 us] (CI 99.9%), Margin = 1.855 us (1.80% of Mean)
Skewness = 4.56, Kurtosis = 24.92, MValue = 2

// ** Remained 2 (66.7%) benchmark(s) to run. Estimated finish 2026-09-07 17:17 (0h 0m from now) **
Setup power plan (GUID: 8c5e7fda-e8bf-4a96-9a85-a6e23a8c635c FriendlyName: High performance)
// **************************
// Benchmark: PartitionedShutdownBenchmarks.DrainFullQueue: B_Candidate(OutlierMode=DontRemove, Affinity=00000000000000000100, EnvironmentVariables=DOTNET_TieredCompilation=0, Arguments=/p:ProductDirectory=C:/git/Dekaf-perf-improvements-20260907/pr-3109/candidate,/p:UseSharedCompilation=false, InvocationCount=1, IterationCount=300, LaunchCount=2, UnrollFactor=1, WarmupCount=30)
// *** Execute ***
// Launch: 1 / 2
// Execute: dotnet Dekaf.Benchmarks-B_Candidate-2.dll --anonymousPipes 1544 1540 --benchmarkName Dekaf.Benchmarks.PartitionedShutdownBenchmarks.DrainFullQueue --job B_Candidate --benchmarkId 0 in C:\git\Dekaf-perf-improvements-20260907\pr-3109\comparison-long\bin\Release\net10.0\Dekaf.Benchmarks-B_Candidate-2\bin\Release\net10.0
// BeforeAnythingElse

// Benchmark Process Environment Information:
// BenchmarkDotNet v0.15.8
// Runtime=.NET 10.0.11 (10.0.11, 10.0.1126.37416), X64 RyuJIT x86-64-v3
// GC=Concurrent Workstation
// HardwareIntrinsics=AVX2+BMI1+BMI2+F16C+FMA+LZCNT+MOVBE,AVX,SSE3+SSSE3+SSE4.1+SSE4.2+POPCNT,X86Base+SSE+SSE2,AES+PCLMUL,AvxVnni,SERIALIZE VectorSize=256
// Job: B_Candidate(OutlierMode=DontRemove, Affinity=100, InvocationCount=1, IterationCount=300, LaunchCount=2, UnrollFactor=1, WarmupCount=30)

OverheadJitting  1: 1 op, 121000.00 ns, 121.0000 us/op
WorkloadJitting  1: 1 op, 40570700.00 ns, 40.5707 ms/op

OverheadWarmup   1: 1 op, 300.00 ns, 300.0000 ns/op
OverheadWarmup   2: 1 op, 100.00 ns, 100.0000 ns/op
OverheadWarmup   3: 1 op, 100.00 ns, 100.0000 ns/op
OverheadWarmup   4: 1 op, 100.00 ns, 100.0000 ns/op
OverheadWarmup   5: 1 op, 100.00 ns, 100.0000 ns/op
OverheadWarmup   6: 1 op, 100.00 ns, 100.0000 ns/op

OverheadActual   1: 1 op, 300.00 ns, 300.0000 ns/op
OverheadActual   2: 1 op, 400.00 ns, 400.0000 ns/op
OverheadActual   3: 1 op, 200.00 ns, 200.0000 ns/op
OverheadActual   4: 1 op, 100.00 ns, 100.0000 ns/op
OverheadActual   5: 1 op, 100.00 ns, 100.0000 ns/op
OverheadActual   6: 1 op, 100.00 ns, 100.0000 ns/op
OverheadActual   7: 1 op, 100.00 ns, 100.0000 ns/op
OverheadActual   8: 1 op, 100.00 ns, 100.0000 ns/op
OverheadActual   9: 1 op, 100.00 ns, 100.0000 ns/op
OverheadActual  10: 1 op, 100.00 ns, 100.0000 ns/op
OverheadActual  11: 1 op, 100.00 ns, 100.0000 ns/op
OverheadActual  12: 1 op, 100.00 ns, 100.0000 ns/op
OverheadActual  13: 1 op, 100.00 ns, 100.0000 ns/op
OverheadActual  14: 1 op, 100.00 ns, 100.0000 ns/op
OverheadActual  15: 1 op, 100.00 ns, 100.0000 ns/op
OverheadActual  16: 1 op, 100.00 ns, 100.0000 ns/op
OverheadActual  17: 1 op, 100.00 ns, 100.0000 ns/op
OverheadActual  18: 1 op, 200.00 ns, 200.0000 ns/op
OverheadActual  19: 1 op, 200.00 ns, 200.0000 ns/op
OverheadActual  20: 1 op, 100.00 ns, 100.0000 ns/op

WorkloadWarmup   1: 1 op, 156100.00 ns, 156.1000 us/op
WorkloadWarmup   2: 1 op, 104400.00 ns, 104.4000 us/op
WorkloadWarmup   3: 1 op, 108200.00 ns, 108.2000 us/op
WorkloadWarmup   4: 1 op, 120100.00 ns, 120.1000 us/op
WorkloadWarmup   5: 1 op, 111900.00 ns, 111.9000 us/op
WorkloadWarmup   6: 1 op, 115200.00 ns, 115.2000 us/op
WorkloadWarmup   7: 1 op, 111700.00 ns, 111.7000 us/op
WorkloadWarmup   8: 1 op, 117600.00 ns, 117.6000 us/op
WorkloadWarmup   9: 1 op, 112100.00 ns, 112.1000 us/op
WorkloadWarmup  10: 1 op, 114800.00 ns, 114.8000 us/op
WorkloadWarmup  11: 1 op, 205700.00 ns, 205.7000 us/op
WorkloadWarmup  12: 1 op, 121800.00 ns, 121.8000 us/op
WorkloadWarmup  13: 1 op, 112100.00 ns, 112.1000 us/op
WorkloadWarmup  14: 1 op, 102200.00 ns, 102.2000 us/op
WorkloadWarmup  15: 1 op, 121300.00 ns, 121.3000 us/op
WorkloadWarmup  16: 1 op, 113300.00 ns, 113.3000 us/op
WorkloadWarmup  17: 1 op, 112400.00 ns, 112.4000 us/op
WorkloadWarmup  18: 1 op, 134400.00 ns, 134.4000 us/op
WorkloadWarmup  19: 1 op, 123400.00 ns, 123.4000 us/op
WorkloadWarmup  20: 1 op, 113900.00 ns, 113.9000 us/op
WorkloadWarmup  21: 1 op, 111300.00 ns, 111.3000 us/op
WorkloadWarmup  22: 1 op, 115400.00 ns, 115.4000 us/op
WorkloadWarmup  23: 1 op, 111100.00 ns, 111.1000 us/op
WorkloadWarmup  24: 1 op, 118000.00 ns, 118.0000 us/op
WorkloadWarmup  25: 1 op, 110900.00 ns, 110.9000 us/op
WorkloadWarmup  26: 1 op, 115400.00 ns, 115.4000 us/op
WorkloadWarmup  27: 1 op, 102700.00 ns, 102.7000 us/op
WorkloadWarmup  28: 1 op, 102700.00 ns, 102.7000 us/op
WorkloadWarmup  29: 1 op, 100700.00 ns, 100.7000 us/op
WorkloadWarmup  30: 1 op, 99500.00 ns, 99.5000 us/op

// BeforeActualRun
WorkloadActual   1: 1 op, 104000.00 ns, 104.0000 us/op
WorkloadActual   2: 1 op, 101100.00 ns, 101.1000 us/op
WorkloadActual   3: 1 op, 103100.00 ns, 103.1000 us/op
WorkloadActual   4: 1 op, 99400.00 ns, 99.4000 us/op
WorkloadActual   5: 1 op, 98900.00 ns, 98.9000 us/op
WorkloadActual   6: 1 op, 99900.00 ns, 99.9000 us/op
WorkloadActual   7: 1 op, 101100.00 ns, 101.1000 us/op
WorkloadActual   8: 1 op, 99400.00 ns, 99.4000 us/op
WorkloadActual   9: 1 op, 101200.00 ns, 101.2000 us/op
WorkloadActual  10: 1 op, 100900.00 ns, 100.9000 us/op
WorkloadActual  11: 1 op, 100900.00 ns, 100.9000 us/op
WorkloadActual  12: 1 op, 100500.00 ns, 100.5000 us/op
WorkloadActual  13: 1 op, 99200.00 ns, 99.2000 us/op
WorkloadActual  14: 1 op, 101200.00 ns, 101.2000 us/op
WorkloadActual  15: 1 op, 103500.00 ns, 103.5000 us/op
WorkloadActual  16: 1 op, 182900.00 ns, 182.9000 us/op
WorkloadActual  17: 1 op, 115400.00 ns, 115.4000 us/op
WorkloadActual  18: 1 op, 113300.00 ns, 113.3000 us/op
WorkloadActual  19: 1 op, 116600.00 ns, 116.6000 us/op
WorkloadActual  20: 1 op, 113400.00 ns, 113.4000 us/op
WorkloadActual  21: 1 op, 119200.00 ns, 119.2000 us/op
WorkloadActual  22: 1 op, 113200.00 ns, 113.2000 us/op
WorkloadActual  23: 1 op, 111000.00 ns, 111.0000 us/op
WorkloadActual  24: 1 op, 112700.00 ns, 112.7000 us/op
WorkloadActual  25: 1 op, 111200.00 ns, 111.2000 us/op
WorkloadActual  26: 1 op, 112500.00 ns, 112.5000 us/op
WorkloadActual  27: 1 op, 124100.00 ns, 124.1000 us/op
WorkloadActual  28: 1 op, 98600.00 ns, 98.6000 us/op
WorkloadActual  29: 1 op, 98600.00 ns, 98.6000 us/op
WorkloadActual  30: 1 op, 100400.00 ns, 100.4000 us/op
WorkloadActual  31: 1 op, 98400.00 ns, 98.4000 us/op
WorkloadActual  32: 1 op, 98400.00 ns, 98.4000 us/op
WorkloadActual  33: 1 op, 98500.00 ns, 98.5000 us/op
WorkloadActual  34: 1 op, 98600.00 ns, 98.6000 us/op
WorkloadActual  35: 1 op, 98200.00 ns, 98.2000 us/op
WorkloadActual  36: 1 op, 98700.00 ns, 98.7000 us/op
WorkloadActual  37: 1 op, 98700.00 ns, 98.7000 us/op
WorkloadActual  38: 1 op, 98600.00 ns, 98.6000 us/op
WorkloadActual  39: 1 op, 101200.00 ns, 101.2000 us/op
WorkloadActual  40: 1 op, 98800.00 ns, 98.8000 us/op
WorkloadActual  41: 1 op, 98600.00 ns, 98.6000 us/op
WorkloadActual  42: 1 op, 99700.00 ns, 99.7000 us/op
WorkloadActual  43: 1 op, 101800.00 ns, 101.8000 us/op
WorkloadActual  44: 1 op, 99500.00 ns, 99.5000 us/op
WorkloadActual  45: 1 op, 98700.00 ns, 98.7000 us/op
WorkloadActual  46: 1 op, 98700.00 ns, 98.7000 us/op
WorkloadActual  47: 1 op, 98200.00 ns, 98.2000 us/op
WorkloadActual  48: 1 op, 99000.00 ns, 99.0000 us/op
WorkloadActual  49: 1 op, 104500.00 ns, 104.5000 us/op
WorkloadActual  50: 1 op, 98900.00 ns, 98.9000 us/op
WorkloadActual  51: 1 op, 104000.00 ns, 104.0000 us/op
WorkloadActual  52: 1 op, 99300.00 ns, 99.3000 us/op
WorkloadActual  53: 1 op, 106900.00 ns, 106.9000 us/op
WorkloadActual  54: 1 op, 103600.00 ns, 103.6000 us/op
WorkloadActual  55: 1 op, 103100.00 ns, 103.1000 us/op
WorkloadActual  56: 1 op, 140800.00 ns, 140.8000 us/op
WorkloadActual  57: 1 op, 99300.00 ns, 99.3000 us/op
WorkloadActual  58: 1 op, 108100.00 ns, 108.1000 us/op
WorkloadActual  59: 1 op, 111700.00 ns, 111.7000 us/op
WorkloadActual  60: 1 op, 114300.00 ns, 114.3000 us/op
WorkloadActual  61: 1 op, 112100.00 ns, 112.1000 us/op
WorkloadActual  62: 1 op, 115100.00 ns, 115.1000 us/op
WorkloadActual  63: 1 op, 110100.00 ns, 110.1000 us/op
WorkloadActual  64: 1 op, 117200.00 ns, 117.2000 us/op
WorkloadActual  65: 1 op, 154500.00 ns, 154.5000 us/op
WorkloadActual  66: 1 op, 98800.00 ns, 98.8000 us/op
WorkloadActual  67: 1 op, 99400.00 ns, 99.4000 us/op
WorkloadActual  68: 1 op, 101100.00 ns, 101.1000 us/op
WorkloadActual  69: 1 op, 98200.00 ns, 98.2000 us/op
WorkloadActual  70: 1 op, 98900.00 ns, 98.9000 us/op
WorkloadActual  71: 1 op, 98300.00 ns, 98.3000 us/op
WorkloadActual  72: 1 op, 98700.00 ns, 98.7000 us/op
WorkloadActual  73: 1 op, 98400.00 ns, 98.4000 us/op
WorkloadActual  74: 1 op, 101700.00 ns, 101.7000 us/op
WorkloadActual  75: 1 op, 99700.00 ns, 99.7000 us/op
WorkloadActual  76: 1 op, 99100.00 ns, 99.1000 us/op
WorkloadActual  77: 1 op, 104600.00 ns, 104.6000 us/op
WorkloadActual  78: 1 op, 100000.00 ns, 100.0000 us/op
WorkloadActual  79: 1 op, 101700.00 ns, 101.7000 us/op
WorkloadActual  80: 1 op, 99100.00 ns, 99.1000 us/op
WorkloadActual  81: 1 op, 110100.00 ns, 110.1000 us/op
WorkloadActual  82: 1 op, 112600.00 ns, 112.6000 us/op
WorkloadActual  83: 1 op, 99500.00 ns, 99.5000 us/op
WorkloadActual  84: 1 op, 291800.00 ns, 291.8000 us/op
WorkloadActual  85: 1 op, 142600.00 ns, 142.6000 us/op
WorkloadActual  86: 1 op, 114400.00 ns, 114.4000 us/op
WorkloadActual  87: 1 op, 100500.00 ns, 100.5000 us/op
WorkloadActual  88: 1 op, 99700.00 ns, 99.7000 us/op
WorkloadActual  89: 1 op, 100800.00 ns, 100.8000 us/op
WorkloadActual  90: 1 op, 98700.00 ns, 98.7000 us/op
WorkloadActual  91: 1 op, 102900.00 ns, 102.9000 us/op
WorkloadActual  92: 1 op, 98100.00 ns, 98.1000 us/op
WorkloadActual  93: 1 op, 100400.00 ns, 100.4000 us/op
WorkloadActual  94: 1 op, 98000.00 ns, 98.0000 us/op
WorkloadActual  95: 1 op, 99000.00 ns, 99.0000 us/op
WorkloadActual  96: 1 op, 99000.00 ns, 99.0000 us/op
WorkloadActual  97: 1 op, 98800.00 ns, 98.8000 us/op
WorkloadActual  98: 1 op, 98100.00 ns, 98.1000 us/op
WorkloadActual  99: 1 op, 98400.00 ns, 98.4000 us/op
WorkloadActual  100: 1 op, 99400.00 ns, 99.4000 us/op
WorkloadActual  101: 1 op, 98600.00 ns, 98.6000 us/op
WorkloadActual  102: 1 op, 100800.00 ns, 100.8000 us/op
WorkloadActual  103: 1 op, 97600.00 ns, 97.6000 us/op
WorkloadActual  104: 1 op, 98200.00 ns, 98.2000 us/op
WorkloadActual  105: 1 op, 97800.00 ns, 97.8000 us/op
WorkloadActual  106: 1 op, 98300.00 ns, 98.3000 us/op
WorkloadActual  107: 1 op, 99000.00 ns, 99.0000 us/op
WorkloadActual  108: 1 op, 98100.00 ns, 98.1000 us/op
WorkloadActual  109: 1 op, 98200.00 ns, 98.2000 us/op
WorkloadActual  110: 1 op, 97900.00 ns, 97.9000 us/op
WorkloadActual  111: 1 op, 101000.00 ns, 101.0000 us/op
WorkloadActual  112: 1 op, 99400.00 ns, 99.4000 us/op
WorkloadActual  113: 1 op, 99400.00 ns, 99.4000 us/op
WorkloadActual  114: 1 op, 98400.00 ns, 98.4000 us/op
WorkloadActual  115: 1 op, 98900.00 ns, 98.9000 us/op
WorkloadActual  116: 1 op, 98100.00 ns, 98.1000 us/op
WorkloadActual  117: 1 op, 98300.00 ns, 98.3000 us/op
WorkloadActual  118: 1 op, 98200.00 ns, 98.2000 us/op
WorkloadActual  119: 1 op, 98200.00 ns, 98.2000 us/op
WorkloadActual  120: 1 op, 207500.00 ns, 207.5000 us/op
WorkloadActual  121: 1 op, 98700.00 ns, 98.7000 us/op
WorkloadActual  122: 1 op, 99500.00 ns, 99.5000 us/op
WorkloadActual  123: 1 op, 103000.00 ns, 103.0000 us/op
WorkloadActual  124: 1 op, 100500.00 ns, 100.5000 us/op
WorkloadActual  125: 1 op, 99100.00 ns, 99.1000 us/op
WorkloadActual  126: 1 op, 101500.00 ns, 101.5000 us/op
WorkloadActual  127: 1 op, 98700.00 ns, 98.7000 us/op
WorkloadActual  128: 1 op, 98300.00 ns, 98.3000 us/op
WorkloadActual  129: 1 op, 99000.00 ns, 99.0000 us/op
WorkloadActual  130: 1 op, 99100.00 ns, 99.1000 us/op
WorkloadActual  131: 1 op, 97900.00 ns, 97.9000 us/op
WorkloadActual  132: 1 op, 105400.00 ns, 105.4000 us/op
WorkloadActual  133: 1 op, 98800.00 ns, 98.8000 us/op
WorkloadActual  134: 1 op, 98200.00 ns, 98.2000 us/op
WorkloadActual  135: 1 op, 97200.00 ns, 97.2000 us/op
WorkloadActual  136: 1 op, 154700.00 ns, 154.7000 us/op
WorkloadActual  137: 1 op, 98900.00 ns, 98.9000 us/op
WorkloadActual  138: 1 op, 98400.00 ns, 98.4000 us/op
WorkloadActual  139: 1 op, 98300.00 ns, 98.3000 us/op
WorkloadActual  140: 1 op, 99100.00 ns, 99.1000 us/op
WorkloadActual  141: 1 op, 100800.00 ns, 100.8000 us/op
WorkloadActual  142: 1 op, 98700.00 ns, 98.7000 us/op
WorkloadActual  143: 1 op, 99000.00 ns, 99.0000 us/op
WorkloadActual  144: 1 op, 98800.00 ns, 98.8000 us/op
WorkloadActual  145: 1 op, 109900.00 ns, 109.9000 us/op
WorkloadActual  146: 1 op, 100200.00 ns, 100.2000 us/op
WorkloadActual  147: 1 op, 100700.00 ns, 100.7000 us/op
WorkloadActual  148: 1 op, 99400.00 ns, 99.4000 us/op
WorkloadActual  149: 1 op, 98800.00 ns, 98.8000 us/op
WorkloadActual  150: 1 op, 98000.00 ns, 98.0000 us/op
WorkloadActual  151: 1 op, 101100.00 ns, 101.1000 us/op
WorkloadActual  152: 1 op, 101000.00 ns, 101.0000 us/op
WorkloadActual  153: 1 op, 108300.00 ns, 108.3000 us/op
WorkloadActual  154: 1 op, 102100.00 ns, 102.1000 us/op
WorkloadActual  155: 1 op, 99700.00 ns, 99.7000 us/op
WorkloadActual  156: 1 op, 116400.00 ns, 116.4000 us/op
WorkloadActual  157: 1 op, 100000.00 ns, 100.0000 us/op
WorkloadActual  158: 1 op, 102600.00 ns, 102.6000 us/op
WorkloadActual  159: 1 op, 98500.00 ns, 98.5000 us/op
WorkloadActual  160: 1 op, 98900.00 ns, 98.9000 us/op
WorkloadActual  161: 1 op, 99000.00 ns, 99.0000 us/op
WorkloadActual  162: 1 op, 113500.00 ns, 113.5000 us/op
WorkloadActual  163: 1 op, 114400.00 ns, 114.4000 us/op
WorkloadActual  164: 1 op, 114700.00 ns, 114.7000 us/op
WorkloadActual  165: 1 op, 112100.00 ns, 112.1000 us/op
WorkloadActual  166: 1 op, 122600.00 ns, 122.6000 us/op
WorkloadActual  167: 1 op, 113800.00 ns, 113.8000 us/op
WorkloadActual  168: 1 op, 183500.00 ns, 183.5000 us/op
WorkloadActual  169: 1 op, 112300.00 ns, 112.3000 us/op
WorkloadActual  170: 1 op, 122600.00 ns, 122.6000 us/op
WorkloadActual  171: 1 op, 112800.00 ns, 112.8000 us/op
WorkloadActual  172: 1 op, 122100.00 ns, 122.1000 us/op
WorkloadActual  173: 1 op, 110200.00 ns, 110.2000 us/op
WorkloadActual  174: 1 op, 114800.00 ns, 114.8000 us/op
WorkloadActual  175: 1 op, 114400.00 ns, 114.4000 us/op
WorkloadActual  176: 1 op, 114500.00 ns, 114.5000 us/op
WorkloadActual  177: 1 op, 113600.00 ns, 113.6000 us/op
WorkloadActual  178: 1 op, 114000.00 ns, 114.0000 us/op
WorkloadActual  179: 1 op, 113300.00 ns, 113.3000 us/op
WorkloadActual  180: 1 op, 114300.00 ns, 114.3000 us/op
WorkloadActual  181: 1 op, 110600.00 ns, 110.6000 us/op
WorkloadActual  182: 1 op, 123300.00 ns, 123.3000 us/op
WorkloadActual  183: 1 op, 113400.00 ns, 113.4000 us/op
WorkloadActual  184: 1 op, 130800.00 ns, 130.8000 us/op
WorkloadActual  185: 1 op, 112600.00 ns, 112.6000 us/op
WorkloadActual  186: 1 op, 125600.00 ns, 125.6000 us/op
WorkloadActual  187: 1 op, 112600.00 ns, 112.6000 us/op
WorkloadActual  188: 1 op, 114300.00 ns, 114.3000 us/op
WorkloadActual  189: 1 op, 111300.00 ns, 111.3000 us/op
WorkloadActual  190: 1 op, 110100.00 ns, 110.1000 us/op
WorkloadActual  191: 1 op, 101700.00 ns, 101.7000 us/op
WorkloadActual  192: 1 op, 98900.00 ns, 98.9000 us/op
WorkloadActual  193: 1 op, 183300.00 ns, 183.3000 us/op
WorkloadActual  194: 1 op, 116300.00 ns, 116.3000 us/op
WorkloadActual  195: 1 op, 112400.00 ns, 112.4000 us/op
WorkloadActual  196: 1 op, 117700.00 ns, 117.7000 us/op
WorkloadActual  197: 1 op, 112600.00 ns, 112.6000 us/op
WorkloadActual  198: 1 op, 114600.00 ns, 114.6000 us/op
WorkloadActual  199: 1 op, 111700.00 ns, 111.7000 us/op
WorkloadActual  200: 1 op, 115100.00 ns, 115.1000 us/op
WorkloadActual  201: 1 op, 112000.00 ns, 112.0000 us/op
WorkloadActual  202: 1 op, 117200.00 ns, 117.2000 us/op
WorkloadActual  203: 1 op, 113900.00 ns, 113.9000 us/op
WorkloadActual  204: 1 op, 114300.00 ns, 114.3000 us/op
WorkloadActual  205: 1 op, 156600.00 ns, 156.6000 us/op
WorkloadActual  206: 1 op, 99600.00 ns, 99.6000 us/op
WorkloadActual  207: 1 op, 105200.00 ns, 105.2000 us/op
WorkloadActual  208: 1 op, 100300.00 ns, 100.3000 us/op
WorkloadActual  209: 1 op, 107500.00 ns, 107.5000 us/op
WorkloadActual  210: 1 op, 102700.00 ns, 102.7000 us/op
WorkloadActual  211: 1 op, 100700.00 ns, 100.7000 us/op
WorkloadActual  212: 1 op, 98900.00 ns, 98.9000 us/op
WorkloadActual  213: 1 op, 99100.00 ns, 99.1000 us/op
WorkloadActual  214: 1 op, 103300.00 ns, 103.3000 us/op
WorkloadActual  215: 1 op, 107600.00 ns, 107.6000 us/op
WorkloadActual  216: 1 op, 102500.00 ns, 102.5000 us/op
WorkloadActual  217: 1 op, 123700.00 ns, 123.7000 us/op
WorkloadActual  218: 1 op, 109500.00 ns, 109.5000 us/op
WorkloadActual  219: 1 op, 108000.00 ns, 108.0000 us/op
WorkloadActual  220: 1 op, 103000.00 ns, 103.0000 us/op
WorkloadActual  221: 1 op, 101800.00 ns, 101.8000 us/op
WorkloadActual  222: 1 op, 93200.00 ns, 93.2000 us/op
WorkloadActual  223: 1 op, 98200.00 ns, 98.2000 us/op
WorkloadActual  224: 1 op, 110200.00 ns, 110.2000 us/op
WorkloadActual  225: 1 op, 108900.00 ns, 108.9000 us/op
WorkloadActual  226: 1 op, 158300.00 ns, 158.3000 us/op
WorkloadActual  227: 1 op, 101700.00 ns, 101.7000 us/op
WorkloadActual  228: 1 op, 98900.00 ns, 98.9000 us/op
WorkloadActual  229: 1 op, 99000.00 ns, 99.0000 us/op
WorkloadActual  230: 1 op, 98500.00 ns, 98.5000 us/op
WorkloadActual  231: 1 op, 106600.00 ns, 106.6000 us/op
WorkloadActual  232: 1 op, 99100.00 ns, 99.1000 us/op
WorkloadActual  233: 1 op, 98000.00 ns, 98.0000 us/op
WorkloadActual  234: 1 op, 98800.00 ns, 98.8000 us/op
WorkloadActual  235: 1 op, 98700.00 ns, 98.7000 us/op
WorkloadActual  236: 1 op, 98900.00 ns, 98.9000 us/op
WorkloadActual  237: 1 op, 98300.00 ns, 98.3000 us/op
WorkloadActual  238: 1 op, 98100.00 ns, 98.1000 us/op
WorkloadActual  239: 1 op, 98000.00 ns, 98.0000 us/op
WorkloadActual  240: 1 op, 105400.00 ns, 105.4000 us/op
WorkloadActual  241: 1 op, 99300.00 ns, 99.3000 us/op
WorkloadActual  242: 1 op, 98000.00 ns, 98.0000 us/op
WorkloadActual  243: 1 op, 98000.00 ns, 98.0000 us/op
WorkloadActual  244: 1 op, 98700.00 ns, 98.7000 us/op
WorkloadActual  245: 1 op, 98200.00 ns, 98.2000 us/op
WorkloadActual  246: 1 op, 97800.00 ns, 97.8000 us/op
WorkloadActual  247: 1 op, 98700.00 ns, 98.7000 us/op
WorkloadActual  248: 1 op, 148400.00 ns, 148.4000 us/op
WorkloadActual  249: 1 op, 102200.00 ns, 102.2000 us/op
WorkloadActual  250: 1 op, 98200.00 ns, 98.2000 us/op
WorkloadActual  251: 1 op, 107600.00 ns, 107.6000 us/op
WorkloadActual  252: 1 op, 99300.00 ns, 99.3000 us/op
WorkloadActual  253: 1 op, 142800.00 ns, 142.8000 us/op
WorkloadActual  254: 1 op, 116400.00 ns, 116.4000 us/op
WorkloadActual  255: 1 op, 111000.00 ns, 111.0000 us/op
WorkloadActual  256: 1 op, 115300.00 ns, 115.3000 us/op
WorkloadActual  257: 1 op, 114100.00 ns, 114.1000 us/op
WorkloadActual  258: 1 op, 192900.00 ns, 192.9000 us/op
WorkloadActual  259: 1 op, 111700.00 ns, 111.7000 us/op
WorkloadActual  260: 1 op, 115300.00 ns, 115.3000 us/op
WorkloadActual  261: 1 op, 103100.00 ns, 103.1000 us/op
WorkloadActual  262: 1 op, 101300.00 ns, 101.3000 us/op
WorkloadActual  263: 1 op, 98900.00 ns, 98.9000 us/op
WorkloadActual  264: 1 op, 98900.00 ns, 98.9000 us/op
WorkloadActual  265: 1 op, 99000.00 ns, 99.0000 us/op
WorkloadActual  266: 1 op, 99000.00 ns, 99.0000 us/op
WorkloadActual  267: 1 op, 99200.00 ns, 99.2000 us/op
WorkloadActual  268: 1 op, 98800.00 ns, 98.8000 us/op
WorkloadActual  269: 1 op, 101400.00 ns, 101.4000 us/op
WorkloadActual  270: 1 op, 98900.00 ns, 98.9000 us/op
WorkloadActual  271: 1 op, 98100.00 ns, 98.1000 us/op
WorkloadActual  272: 1 op, 98700.00 ns, 98.7000 us/op
WorkloadActual  273: 1 op, 105700.00 ns, 105.7000 us/op
WorkloadActual  274: 1 op, 160900.00 ns, 160.9000 us/op
WorkloadActual  275: 1 op, 98900.00 ns, 98.9000 us/op
WorkloadActual  276: 1 op, 98900.00 ns, 98.9000 us/op
WorkloadActual  277: 1 op, 98000.00 ns, 98.0000 us/op
WorkloadActual  278: 1 op, 98500.00 ns, 98.5000 us/op
WorkloadActual  279: 1 op, 101000.00 ns, 101.0000 us/op
WorkloadActual  280: 1 op, 98700.00 ns, 98.7000 us/op
WorkloadActual  281: 1 op, 98400.00 ns, 98.4000 us/op
WorkloadActual  282: 1 op, 103400.00 ns, 103.4000 us/op
WorkloadActual  283: 1 op, 129400.00 ns, 129.4000 us/op
WorkloadActual  284: 1 op, 101800.00 ns, 101.8000 us/op
WorkloadActual  285: 1 op, 114400.00 ns, 114.4000 us/op
WorkloadActual  286: 1 op, 105200.00 ns, 105.2000 us/op
WorkloadActual  287: 1 op, 382300.00 ns, 382.3000 us/op
WorkloadActual  288: 1 op, 116200.00 ns, 116.2000 us/op
WorkloadActual  289: 1 op, 122700.00 ns, 122.7000 us/op
WorkloadActual  290: 1 op, 118800.00 ns, 118.8000 us/op
WorkloadActual  291: 1 op, 112700.00 ns, 112.7000 us/op
WorkloadActual  292: 1 op, 120100.00 ns, 120.1000 us/op
WorkloadActual  293: 1 op, 114600.00 ns, 114.6000 us/op
WorkloadActual  294: 1 op, 114900.00 ns, 114.9000 us/op
WorkloadActual  295: 1 op, 102800.00 ns, 102.8000 us/op
WorkloadActual  296: 1 op, 119800.00 ns, 119.8000 us/op
WorkloadActual  297: 1 op, 114300.00 ns, 114.3000 us/op
WorkloadActual  298: 1 op, 109800.00 ns, 109.8000 us/op
WorkloadActual  299: 1 op, 112200.00 ns, 112.2000 us/op
WorkloadActual  300: 1 op, 115100.00 ns, 115.1000 us/op

// AfterActualRun
WorkloadResult   1: 1 op, 103900.00 ns, 103.9000 us/op
WorkloadResult   2: 1 op, 101000.00 ns, 101.0000 us/op
WorkloadResult   3: 1 op, 103000.00 ns, 103.0000 us/op
WorkloadResult   4: 1 op, 99300.00 ns, 99.3000 us/op
WorkloadResult   5: 1 op, 98800.00 ns, 98.8000 us/op
WorkloadResult   6: 1 op, 99800.00 ns, 99.8000 us/op
WorkloadResult   7: 1 op, 101000.00 ns, 101.0000 us/op
WorkloadResult   8: 1 op, 99300.00 ns, 99.3000 us/op
WorkloadResult   9: 1 op, 101100.00 ns, 101.1000 us/op
WorkloadResult  10: 1 op, 100800.00 ns, 100.8000 us/op
WorkloadResult  11: 1 op, 100800.00 ns, 100.8000 us/op
WorkloadResult  12: 1 op, 100400.00 ns, 100.4000 us/op
WorkloadResult  13: 1 op, 99100.00 ns, 99.1000 us/op
WorkloadResult  14: 1 op, 101100.00 ns, 101.1000 us/op
WorkloadResult  15: 1 op, 103400.00 ns, 103.4000 us/op
WorkloadResult  16: 1 op, 182800.00 ns, 182.8000 us/op
WorkloadResult  17: 1 op, 115300.00 ns, 115.3000 us/op
WorkloadResult  18: 1 op, 113200.00 ns, 113.2000 us/op
WorkloadResult  19: 1 op, 116500.00 ns, 116.5000 us/op
WorkloadResult  20: 1 op, 113300.00 ns, 113.3000 us/op
WorkloadResult  21: 1 op, 119100.00 ns, 119.1000 us/op
WorkloadResult  22: 1 op, 113100.00 ns, 113.1000 us/op
WorkloadResult  23: 1 op, 110900.00 ns, 110.9000 us/op
WorkloadResult  24: 1 op, 112600.00 ns, 112.6000 us/op
WorkloadResult  25: 1 op, 111100.00 ns, 111.1000 us/op
WorkloadResult  26: 1 op, 112400.00 ns, 112.4000 us/op
WorkloadResult  27: 1 op, 124000.00 ns, 124.0000 us/op
WorkloadResult  28: 1 op, 98500.00 ns, 98.5000 us/op
WorkloadResult  29: 1 op, 98500.00 ns, 98.5000 us/op
WorkloadResult  30: 1 op, 100300.00 ns, 100.3000 us/op
WorkloadResult  31: 1 op, 98300.00 ns, 98.3000 us/op
WorkloadResult  32: 1 op, 98300.00 ns, 98.3000 us/op
WorkloadResult  33: 1 op, 98400.00 ns, 98.4000 us/op
WorkloadResult  34: 1 op, 98500.00 ns, 98.5000 us/op
WorkloadResult  35: 1 op, 98100.00 ns, 98.1000 us/op
WorkloadResult  36: 1 op, 98600.00 ns, 98.6000 us/op
WorkloadResult  37: 1 op, 98600.00 ns, 98.6000 us/op
WorkloadResult  38: 1 op, 98500.00 ns, 98.5000 us/op
WorkloadResult  39: 1 op, 101100.00 ns, 101.1000 us/op
WorkloadResult  40: 1 op, 98700.00 ns, 98.7000 us/op
WorkloadResult  41: 1 op, 98500.00 ns, 98.5000 us/op
WorkloadResult  42: 1 op, 99600.00 ns, 99.6000 us/op
WorkloadResult  43: 1 op, 101700.00 ns, 101.7000 us/op
WorkloadResult  44: 1 op, 99400.00 ns, 99.4000 us/op
WorkloadResult  45: 1 op, 98600.00 ns, 98.6000 us/op
WorkloadResult  46: 1 op, 98600.00 ns, 98.6000 us/op
WorkloadResult  47: 1 op, 98100.00 ns, 98.1000 us/op
WorkloadResult  48: 1 op, 98900.00 ns, 98.9000 us/op
WorkloadResult  49: 1 op, 104400.00 ns, 104.4000 us/op
WorkloadResult  50: 1 op, 98800.00 ns, 98.8000 us/op
WorkloadResult  51: 1 op, 103900.00 ns, 103.9000 us/op
WorkloadResult  52: 1 op, 99200.00 ns, 99.2000 us/op
WorkloadResult  53: 1 op, 106800.00 ns, 106.8000 us/op
WorkloadResult  54: 1 op, 103500.00 ns, 103.5000 us/op
WorkloadResult  55: 1 op, 103000.00 ns, 103.0000 us/op
WorkloadResult  56: 1 op, 140700.00 ns, 140.7000 us/op
WorkloadResult  57: 1 op, 99200.00 ns, 99.2000 us/op
WorkloadResult  58: 1 op, 108000.00 ns, 108.0000 us/op
WorkloadResult  59: 1 op, 111600.00 ns, 111.6000 us/op
WorkloadResult  60: 1 op, 114200.00 ns, 114.2000 us/op
WorkloadResult  61: 1 op, 112000.00 ns, 112.0000 us/op
WorkloadResult  62: 1 op, 115000.00 ns, 115.0000 us/op
WorkloadResult  63: 1 op, 110000.00 ns, 110.0000 us/op
WorkloadResult  64: 1 op, 117100.00 ns, 117.1000 us/op
WorkloadResult  65: 1 op, 154400.00 ns, 154.4000 us/op
WorkloadResult  66: 1 op, 98700.00 ns, 98.7000 us/op
WorkloadResult  67: 1 op, 99300.00 ns, 99.3000 us/op
WorkloadResult  68: 1 op, 101000.00 ns, 101.0000 us/op
WorkloadResult  69: 1 op, 98100.00 ns, 98.1000 us/op
WorkloadResult  70: 1 op, 98800.00 ns, 98.8000 us/op
WorkloadResult  71: 1 op, 98200.00 ns, 98.2000 us/op
WorkloadResult  72: 1 op, 98600.00 ns, 98.6000 us/op
WorkloadResult  73: 1 op, 98300.00 ns, 98.3000 us/op
WorkloadResult  74: 1 op, 101600.00 ns, 101.6000 us/op
WorkloadResult  75: 1 op, 99600.00 ns, 99.6000 us/op
WorkloadResult  76: 1 op, 99000.00 ns, 99.0000 us/op
WorkloadResult  77: 1 op, 104500.00 ns, 104.5000 us/op
WorkloadResult  78: 1 op, 99900.00 ns, 99.9000 us/op
WorkloadResult  79: 1 op, 101600.00 ns, 101.6000 us/op
WorkloadResult  80: 1 op, 99000.00 ns, 99.0000 us/op
WorkloadResult  81: 1 op, 110000.00 ns, 110.0000 us/op
WorkloadResult  82: 1 op, 112500.00 ns, 112.5000 us/op
WorkloadResult  83: 1 op, 99400.00 ns, 99.4000 us/op
WorkloadResult  84: 1 op, 291700.00 ns, 291.7000 us/op
WorkloadResult  85: 1 op, 142500.00 ns, 142.5000 us/op
WorkloadResult  86: 1 op, 114300.00 ns, 114.3000 us/op
WorkloadResult  87: 1 op, 100400.00 ns, 100.4000 us/op
WorkloadResult  88: 1 op, 99600.00 ns, 99.6000 us/op
WorkloadResult  89: 1 op, 100700.00 ns, 100.7000 us/op
WorkloadResult  90: 1 op, 98600.00 ns, 98.6000 us/op
WorkloadResult  91: 1 op, 102800.00 ns, 102.8000 us/op
WorkloadResult  92: 1 op, 98000.00 ns, 98.0000 us/op
WorkloadResult  93: 1 op, 100300.00 ns, 100.3000 us/op
WorkloadResult  94: 1 op, 97900.00 ns, 97.9000 us/op
WorkloadResult  95: 1 op, 98900.00 ns, 98.9000 us/op
WorkloadResult  96: 1 op, 98900.00 ns, 98.9000 us/op
WorkloadResult  97: 1 op, 98700.00 ns, 98.7000 us/op
WorkloadResult  98: 1 op, 98000.00 ns, 98.0000 us/op
WorkloadResult  99: 1 op, 98300.00 ns, 98.3000 us/op
WorkloadResult  100: 1 op, 99300.00 ns, 99.3000 us/op
WorkloadResult  101: 1 op, 98500.00 ns, 98.5000 us/op
WorkloadResult  102: 1 op, 100700.00 ns, 100.7000 us/op
WorkloadResult  103: 1 op, 97500.00 ns, 97.5000 us/op
WorkloadResult  104: 1 op, 98100.00 ns, 98.1000 us/op
WorkloadResult  105: 1 op, 97700.00 ns, 97.7000 us/op
WorkloadResult  106: 1 op, 98200.00 ns, 98.2000 us/op
WorkloadResult  107: 1 op, 98900.00 ns, 98.9000 us/op
WorkloadResult  108: 1 op, 98000.00 ns, 98.0000 us/op
WorkloadResult  109: 1 op, 98100.00 ns, 98.1000 us/op
WorkloadResult  110: 1 op, 97800.00 ns, 97.8000 us/op
WorkloadResult  111: 1 op, 100900.00 ns, 100.9000 us/op
WorkloadResult  112: 1 op, 99300.00 ns, 99.3000 us/op
WorkloadResult  113: 1 op, 99300.00 ns, 99.3000 us/op
WorkloadResult  114: 1 op, 98300.00 ns, 98.3000 us/op
WorkloadResult  115: 1 op, 98800.00 ns, 98.8000 us/op
WorkloadResult  116: 1 op, 98000.00 ns, 98.0000 us/op
WorkloadResult  117: 1 op, 98200.00 ns, 98.2000 us/op
WorkloadResult  118: 1 op, 98100.00 ns, 98.1000 us/op
WorkloadResult  119: 1 op, 98100.00 ns, 98.1000 us/op
WorkloadResult  120: 1 op, 207400.00 ns, 207.4000 us/op
WorkloadResult  121: 1 op, 98600.00 ns, 98.6000 us/op
WorkloadResult  122: 1 op, 99400.00 ns, 99.4000 us/op
WorkloadResult  123: 1 op, 102900.00 ns, 102.9000 us/op
WorkloadResult  124: 1 op, 100400.00 ns, 100.4000 us/op
WorkloadResult  125: 1 op, 99000.00 ns, 99.0000 us/op
WorkloadResult  126: 1 op, 101400.00 ns, 101.4000 us/op
WorkloadResult  127: 1 op, 98600.00 ns, 98.6000 us/op
WorkloadResult  128: 1 op, 98200.00 ns, 98.2000 us/op
WorkloadResult  129: 1 op, 98900.00 ns, 98.9000 us/op
WorkloadResult  130: 1 op, 99000.00 ns, 99.0000 us/op
WorkloadResult  131: 1 op, 97800.00 ns, 97.8000 us/op
WorkloadResult  132: 1 op, 105300.00 ns, 105.3000 us/op
WorkloadResult  133: 1 op, 98700.00 ns, 98.7000 us/op
WorkloadResult  134: 1 op, 98100.00 ns, 98.1000 us/op
WorkloadResult  135: 1 op, 97100.00 ns, 97.1000 us/op
WorkloadResult  136: 1 op, 154600.00 ns, 154.6000 us/op
WorkloadResult  137: 1 op, 98800.00 ns, 98.8000 us/op
WorkloadResult  138: 1 op, 98300.00 ns, 98.3000 us/op
WorkloadResult  139: 1 op, 98200.00 ns, 98.2000 us/op
WorkloadResult  140: 1 op, 99000.00 ns, 99.0000 us/op
WorkloadResult  141: 1 op, 100700.00 ns, 100.7000 us/op
WorkloadResult  142: 1 op, 98600.00 ns, 98.6000 us/op
WorkloadResult  143: 1 op, 98900.00 ns, 98.9000 us/op
WorkloadResult  144: 1 op, 98700.00 ns, 98.7000 us/op
WorkloadResult  145: 1 op, 109800.00 ns, 109.8000 us/op
WorkloadResult  146: 1 op, 100100.00 ns, 100.1000 us/op
WorkloadResult  147: 1 op, 100600.00 ns, 100.6000 us/op
WorkloadResult  148: 1 op, 99300.00 ns, 99.3000 us/op
WorkloadResult  149: 1 op, 98700.00 ns, 98.7000 us/op
WorkloadResult  150: 1 op, 97900.00 ns, 97.9000 us/op
WorkloadResult  151: 1 op, 101000.00 ns, 101.0000 us/op
WorkloadResult  152: 1 op, 100900.00 ns, 100.9000 us/op
WorkloadResult  153: 1 op, 108200.00 ns, 108.2000 us/op
WorkloadResult  154: 1 op, 102000.00 ns, 102.0000 us/op
WorkloadResult  155: 1 op, 99600.00 ns, 99.6000 us/op
WorkloadResult  156: 1 op, 116300.00 ns, 116.3000 us/op
WorkloadResult  157: 1 op, 99900.00 ns, 99.9000 us/op
WorkloadResult  158: 1 op, 102500.00 ns, 102.5000 us/op
WorkloadResult  159: 1 op, 98400.00 ns, 98.4000 us/op
WorkloadResult  160: 1 op, 98800.00 ns, 98.8000 us/op
WorkloadResult  161: 1 op, 98900.00 ns, 98.9000 us/op
WorkloadResult  162: 1 op, 113400.00 ns, 113.4000 us/op
WorkloadResult  163: 1 op, 114300.00 ns, 114.3000 us/op
WorkloadResult  164: 1 op, 114600.00 ns, 114.6000 us/op
WorkloadResult  165: 1 op, 112000.00 ns, 112.0000 us/op
WorkloadResult  166: 1 op, 122500.00 ns, 122.5000 us/op
WorkloadResult  167: 1 op, 113700.00 ns, 113.7000 us/op
WorkloadResult  168: 1 op, 183400.00 ns, 183.4000 us/op
WorkloadResult  169: 1 op, 112200.00 ns, 112.2000 us/op
WorkloadResult  170: 1 op, 122500.00 ns, 122.5000 us/op
WorkloadResult  171: 1 op, 112700.00 ns, 112.7000 us/op
WorkloadResult  172: 1 op, 122000.00 ns, 122.0000 us/op
WorkloadResult  173: 1 op, 110100.00 ns, 110.1000 us/op
WorkloadResult  174: 1 op, 114700.00 ns, 114.7000 us/op
WorkloadResult  175: 1 op, 114300.00 ns, 114.3000 us/op
WorkloadResult  176: 1 op, 114400.00 ns, 114.4000 us/op
WorkloadResult  177: 1 op, 113500.00 ns, 113.5000 us/op
WorkloadResult  178: 1 op, 113900.00 ns, 113.9000 us/op
WorkloadResult  179: 1 op, 113200.00 ns, 113.2000 us/op
WorkloadResult  180: 1 op, 114200.00 ns, 114.2000 us/op
WorkloadResult  181: 1 op, 110500.00 ns, 110.5000 us/op
WorkloadResult  182: 1 op, 123200.00 ns, 123.2000 us/op
WorkloadResult  183: 1 op, 113300.00 ns, 113.3000 us/op
WorkloadResult  184: 1 op, 130700.00 ns, 130.7000 us/op
WorkloadResult  185: 1 op, 112500.00 ns, 112.5000 us/op
WorkloadResult  186: 1 op, 125500.00 ns, 125.5000 us/op
WorkloadResult  187: 1 op, 112500.00 ns, 112.5000 us/op
WorkloadResult  188: 1 op, 114200.00 ns, 114.2000 us/op
WorkloadResult  189: 1 op, 111200.00 ns, 111.2000 us/op
WorkloadResult  190: 1 op, 110000.00 ns, 110.0000 us/op
WorkloadResult  191: 1 op, 101600.00 ns, 101.6000 us/op
WorkloadResult  192: 1 op, 98800.00 ns, 98.8000 us/op
WorkloadResult  193: 1 op, 183200.00 ns, 183.2000 us/op
WorkloadResult  194: 1 op, 116200.00 ns, 116.2000 us/op
WorkloadResult  195: 1 op, 112300.00 ns, 112.3000 us/op
WorkloadResult  196: 1 op, 117600.00 ns, 117.6000 us/op
WorkloadResult  197: 1 op, 112500.00 ns, 112.5000 us/op
WorkloadResult  198: 1 op, 114500.00 ns, 114.5000 us/op
WorkloadResult  199: 1 op, 111600.00 ns, 111.6000 us/op
WorkloadResult  200: 1 op, 115000.00 ns, 115.0000 us/op
WorkloadResult  201: 1 op, 111900.00 ns, 111.9000 us/op
WorkloadResult  202: 1 op, 117100.00 ns, 117.1000 us/op
WorkloadResult  203: 1 op, 113800.00 ns, 113.8000 us/op
WorkloadResult  204: 1 op, 114200.00 ns, 114.2000 us/op
WorkloadResult  205: 1 op, 156500.00 ns, 156.5000 us/op
WorkloadResult  206: 1 op, 99500.00 ns, 99.5000 us/op
WorkloadResult  207: 1 op, 105100.00 ns, 105.1000 us/op
WorkloadResult  208: 1 op, 100200.00 ns, 100.2000 us/op
WorkloadResult  209: 1 op, 107400.00 ns, 107.4000 us/op
WorkloadResult  210: 1 op, 102600.00 ns, 102.6000 us/op
WorkloadResult  211: 1 op, 100600.00 ns, 100.6000 us/op
WorkloadResult  212: 1 op, 98800.00 ns, 98.8000 us/op
WorkloadResult  213: 1 op, 99000.00 ns, 99.0000 us/op
WorkloadResult  214: 1 op, 103200.00 ns, 103.2000 us/op
WorkloadResult  215: 1 op, 107500.00 ns, 107.5000 us/op
WorkloadResult  216: 1 op, 102400.00 ns, 102.4000 us/op
WorkloadResult  217: 1 op, 123600.00 ns, 123.6000 us/op
WorkloadResult  218: 1 op, 109400.00 ns, 109.4000 us/op
WorkloadResult  219: 1 op, 107900.00 ns, 107.9000 us/op
WorkloadResult  220: 1 op, 102900.00 ns, 102.9000 us/op
WorkloadResult  221: 1 op, 101700.00 ns, 101.7000 us/op
WorkloadResult  222: 1 op, 93100.00 ns, 93.1000 us/op
WorkloadResult  223: 1 op, 98100.00 ns, 98.1000 us/op
WorkloadResult  224: 1 op, 110100.00 ns, 110.1000 us/op
WorkloadResult  225: 1 op, 108800.00 ns, 108.8000 us/op
WorkloadResult  226: 1 op, 158200.00 ns, 158.2000 us/op
WorkloadResult  227: 1 op, 101600.00 ns, 101.6000 us/op
WorkloadResult  228: 1 op, 98800.00 ns, 98.8000 us/op
WorkloadResult  229: 1 op, 98900.00 ns, 98.9000 us/op
WorkloadResult  230: 1 op, 98400.00 ns, 98.4000 us/op
WorkloadResult  231: 1 op, 106500.00 ns, 106.5000 us/op
WorkloadResult  232: 1 op, 99000.00 ns, 99.0000 us/op
WorkloadResult  233: 1 op, 97900.00 ns, 97.9000 us/op
WorkloadResult  234: 1 op, 98700.00 ns, 98.7000 us/op
WorkloadResult  235: 1 op, 98600.00 ns, 98.6000 us/op
WorkloadResult  236: 1 op, 98800.00 ns, 98.8000 us/op
WorkloadResult  237: 1 op, 98200.00 ns, 98.2000 us/op
WorkloadResult  238: 1 op, 98000.00 ns, 98.0000 us/op
WorkloadResult  239: 1 op, 97900.00 ns, 97.9000 us/op
WorkloadResult  240: 1 op, 105300.00 ns, 105.3000 us/op
WorkloadResult  241: 1 op, 99200.00 ns, 99.2000 us/op
WorkloadResult  242: 1 op, 97900.00 ns, 97.9000 us/op
WorkloadResult  243: 1 op, 97900.00 ns, 97.9000 us/op
WorkloadResult  244: 1 op, 98600.00 ns, 98.6000 us/op
WorkloadResult  245: 1 op, 98100.00 ns, 98.1000 us/op
WorkloadResult  246: 1 op, 97700.00 ns, 97.7000 us/op
WorkloadResult  247: 1 op, 98600.00 ns, 98.6000 us/op
WorkloadResult  248: 1 op, 148300.00 ns, 148.3000 us/op
WorkloadResult  249: 1 op, 102100.00 ns, 102.1000 us/op
WorkloadResult  250: 1 op, 98100.00 ns, 98.1000 us/op
WorkloadResult  251: 1 op, 107500.00 ns, 107.5000 us/op
WorkloadResult  252: 1 op, 99200.00 ns, 99.2000 us/op
WorkloadResult  253: 1 op, 142700.00 ns, 142.7000 us/op
WorkloadResult  254: 1 op, 116300.00 ns, 116.3000 us/op
WorkloadResult  255: 1 op, 110900.00 ns, 110.9000 us/op
WorkloadResult  256: 1 op, 115200.00 ns, 115.2000 us/op
WorkloadResult  257: 1 op, 114000.00 ns, 114.0000 us/op
WorkloadResult  258: 1 op, 192800.00 ns, 192.8000 us/op
WorkloadResult  259: 1 op, 111600.00 ns, 111.6000 us/op
WorkloadResult  260: 1 op, 115200.00 ns, 115.2000 us/op
WorkloadResult  261: 1 op, 103000.00 ns, 103.0000 us/op
WorkloadResult  262: 1 op, 101200.00 ns, 101.2000 us/op
WorkloadResult  263: 1 op, 98800.00 ns, 98.8000 us/op
WorkloadResult  264: 1 op, 98800.00 ns, 98.8000 us/op
WorkloadResult  265: 1 op, 98900.00 ns, 98.9000 us/op
WorkloadResult  266: 1 op, 98900.00 ns, 98.9000 us/op
WorkloadResult  267: 1 op, 99100.00 ns, 99.1000 us/op
WorkloadResult  268: 1 op, 98700.00 ns, 98.7000 us/op
WorkloadResult  269: 1 op, 101300.00 ns, 101.3000 us/op
WorkloadResult  270: 1 op, 98800.00 ns, 98.8000 us/op
WorkloadResult  271: 1 op, 98000.00 ns, 98.0000 us/op
WorkloadResult  272: 1 op, 98600.00 ns, 98.6000 us/op
WorkloadResult  273: 1 op, 105600.00 ns, 105.6000 us/op
WorkloadResult  274: 1 op, 160800.00 ns, 160.8000 us/op
WorkloadResult  275: 1 op, 98800.00 ns, 98.8000 us/op
WorkloadResult  276: 1 op, 98800.00 ns, 98.8000 us/op
WorkloadResult  277: 1 op, 97900.00 ns, 97.9000 us/op
WorkloadResult  278: 1 op, 98400.00 ns, 98.4000 us/op
WorkloadResult  279: 1 op, 100900.00 ns, 100.9000 us/op
WorkloadResult  280: 1 op, 98600.00 ns, 98.6000 us/op
WorkloadResult  281: 1 op, 98300.00 ns, 98.3000 us/op
WorkloadResult  282: 1 op, 103300.00 ns, 103.3000 us/op
WorkloadResult  283: 1 op, 129300.00 ns, 129.3000 us/op
WorkloadResult  284: 1 op, 101700.00 ns, 101.7000 us/op
WorkloadResult  285: 1 op, 114300.00 ns, 114.3000 us/op
WorkloadResult  286: 1 op, 105100.00 ns, 105.1000 us/op
WorkloadResult  287: 1 op, 382200.00 ns, 382.2000 us/op
WorkloadResult  288: 1 op, 116100.00 ns, 116.1000 us/op
WorkloadResult  289: 1 op, 122600.00 ns, 122.6000 us/op
WorkloadResult  290: 1 op, 118700.00 ns, 118.7000 us/op
WorkloadResult  291: 1 op, 112600.00 ns, 112.6000 us/op
WorkloadResult  292: 1 op, 120000.00 ns, 120.0000 us/op
WorkloadResult  293: 1 op, 114500.00 ns, 114.5000 us/op
WorkloadResult  294: 1 op, 114800.00 ns, 114.8000 us/op
WorkloadResult  295: 1 op, 102700.00 ns, 102.7000 us/op
WorkloadResult  296: 1 op, 119700.00 ns, 119.7000 us/op
WorkloadResult  297: 1 op, 114200.00 ns, 114.2000 us/op
WorkloadResult  298: 1 op, 109700.00 ns, 109.7000 us/op
WorkloadResult  299: 1 op, 112100.00 ns, 112.1000 us/op
WorkloadResult  300: 1 op, 115000.00 ns, 115.0000 us/op
// GC:  0 0 0 51600 1
// Threading:  3 0 1

// AfterAll
// Benchmark Process 77596 has exited with code 0.
// Launch: 2 / 2
// Execute: dotnet Dekaf.Benchmarks-B_Candidate-2.dll --anonymousPipes 1428 1532 --benchmarkName Dekaf.Benchmarks.PartitionedShutdownBenchmarks.DrainFullQueue --job B_Candidate --benchmarkId 0 in C:\git\Dekaf-perf-improvements-20260907\pr-3109\comparison-long\bin\Release\net10.0\Dekaf.Benchmarks-B_Candidate-2\bin\Release\net10.0
// BeforeAnythingElse

// Benchmark Process Environment Information:
// BenchmarkDotNet v0.15.8
// Runtime=.NET 10.0.11 (10.0.11, 10.0.1126.37416), X64 RyuJIT x86-64-v3
// GC=Concurrent Workstation
// HardwareIntrinsics=AVX2+BMI1+BMI2+F16C+FMA+LZCNT+MOVBE,AVX,SSE3+SSSE3+SSE4.1+SSE4.2+POPCNT,X86Base+SSE+SSE2,AES+PCLMUL,AvxVnni,SERIALIZE VectorSize=256
// Job: B_Candidate(OutlierMode=DontRemove, Affinity=100, InvocationCount=1, IterationCount=300, LaunchCount=2, UnrollFactor=1, WarmupCount=30)

OverheadJitting  1: 1 op, 110000.00 ns, 110.0000 us/op
WorkloadJitting  1: 1 op, 41312300.00 ns, 41.3123 ms/op

OverheadWarmup   1: 1 op, 300.00 ns, 300.0000 ns/op
OverheadWarmup   2: 1 op, 500.00 ns, 500.0000 ns/op
OverheadWarmup   3: 1 op, 100.00 ns, 100.0000 ns/op
OverheadWarmup   4: 1 op, 100.00 ns, 100.0000 ns/op
OverheadWarmup   5: 1 op, 100.00 ns, 100.0000 ns/op

OverheadActual   1: 1 op, 900.00 ns, 900.0000 ns/op
OverheadActual   2: 1 op, 400.00 ns, 400.0000 ns/op
OverheadActual   3: 1 op, 400.00 ns, 400.0000 ns/op
OverheadActual   4: 1 op, 300.00 ns, 300.0000 ns/op
OverheadActual   5: 1 op, 100.00 ns, 100.0000 ns/op
OverheadActual   6: 1 op, 200.00 ns, 200.0000 ns/op
OverheadActual   7: 1 op, 100.00 ns, 100.0000 ns/op
OverheadActual   8: 1 op, 100.00 ns, 100.0000 ns/op
OverheadActual   9: 1 op, 200.00 ns, 200.0000 ns/op
OverheadActual  10: 1 op, 100.00 ns, 100.0000 ns/op
OverheadActual  11: 1 op, 100.00 ns, 100.0000 ns/op
OverheadActual  12: 1 op, 100.00 ns, 100.0000 ns/op
OverheadActual  13: 1 op, 100.00 ns, 100.0000 ns/op
OverheadActual  14: 1 op, 200.00 ns, 200.0000 ns/op
OverheadActual  15: 1 op, 200.00 ns, 200.0000 ns/op
OverheadActual  16: 1 op, 100.00 ns, 100.0000 ns/op
OverheadActual  17: 1 op, 100.00 ns, 100.0000 ns/op
OverheadActual  18: 1 op, 0.00 ns, 0.0000 ns/op
OverheadActual  19: 1 op, 200.00 ns, 200.0000 ns/op
OverheadActual  20: 1 op, 200.00 ns, 200.0000 ns/op

WorkloadWarmup   1: 1 op, 152900.00 ns, 152.9000 us/op
WorkloadWarmup   2: 1 op, 104500.00 ns, 104.5000 us/op
WorkloadWarmup   3: 1 op, 101500.00 ns, 101.5000 us/op
WorkloadWarmup   4: 1 op, 99200.00 ns, 99.2000 us/op
WorkloadWarmup   5: 1 op, 98900.00 ns, 98.9000 us/op
WorkloadWarmup   6: 1 op, 96800.00 ns, 96.8000 us/op
WorkloadWarmup   7: 1 op, 96900.00 ns, 96.9000 us/op
WorkloadWarmup   8: 1 op, 97200.00 ns, 97.2000 us/op
WorkloadWarmup   9: 1 op, 97400.00 ns, 97.4000 us/op
WorkloadWarmup  10: 1 op, 96700.00 ns, 96.7000 us/op
WorkloadWarmup  11: 1 op, 106900.00 ns, 106.9000 us/op
WorkloadWarmup  12: 1 op, 103500.00 ns, 103.5000 us/op
WorkloadWarmup  13: 1 op, 96500.00 ns, 96.5000 us/op
WorkloadWarmup  14: 1 op, 98100.00 ns, 98.1000 us/op
WorkloadWarmup  15: 1 op, 97600.00 ns, 97.6000 us/op
WorkloadWarmup  16: 1 op, 177900.00 ns, 177.9000 us/op
WorkloadWarmup  17: 1 op, 100800.00 ns, 100.8000 us/op
WorkloadWarmup  18: 1 op, 97300.00 ns, 97.3000 us/op
WorkloadWarmup  19: 1 op, 103800.00 ns, 103.8000 us/op
WorkloadWarmup  20: 1 op, 101700.00 ns, 101.7000 us/op
WorkloadWarmup  21: 1 op, 153300.00 ns, 153.3000 us/op
WorkloadWarmup  22: 1 op, 100500.00 ns, 100.5000 us/op
WorkloadWarmup  23: 1 op, 99600.00 ns, 99.6000 us/op
WorkloadWarmup  24: 1 op, 96900.00 ns, 96.9000 us/op
WorkloadWarmup  25: 1 op, 98400.00 ns, 98.4000 us/op
WorkloadWarmup  26: 1 op, 97400.00 ns, 97.4000 us/op
WorkloadWarmup  27: 1 op, 98400.00 ns, 98.4000 us/op
WorkloadWarmup  28: 1 op, 98500.00 ns, 98.5000 us/op
WorkloadWarmup  29: 1 op, 98100.00 ns, 98.1000 us/op
WorkloadWarmup  30: 1 op, 97100.00 ns, 97.1000 us/op

// BeforeActualRun
WorkloadActual   1: 1 op, 100400.00 ns, 100.4000 us/op
WorkloadActual   2: 1 op, 115900.00 ns, 115.9000 us/op
WorkloadActual   3: 1 op, 107600.00 ns, 107.6000 us/op
WorkloadActual   4: 1 op, 99300.00 ns, 99.3000 us/op
WorkloadActual   5: 1 op, 98300.00 ns, 98.3000 us/op
WorkloadActual   6: 1 op, 97400.00 ns, 97.4000 us/op
WorkloadActual   7: 1 op, 97400.00 ns, 97.4000 us/op
WorkloadActual   8: 1 op, 97800.00 ns, 97.8000 us/op
WorkloadActual   9: 1 op, 97400.00 ns, 97.4000 us/op
WorkloadActual  10: 1 op, 101100.00 ns, 101.1000 us/op
WorkloadActual  11: 1 op, 97700.00 ns, 97.7000 us/op
WorkloadActual  12: 1 op, 97700.00 ns, 97.7000 us/op
WorkloadActual  13: 1 op, 97600.00 ns, 97.6000 us/op
WorkloadActual  14: 1 op, 97400.00 ns, 97.4000 us/op
WorkloadActual  15: 1 op, 97700.00 ns, 97.7000 us/op
WorkloadActual  16: 1 op, 97900.00 ns, 97.9000 us/op
WorkloadActual  17: 1 op, 99000.00 ns, 99.0000 us/op
WorkloadActual  18: 1 op, 98000.00 ns, 98.0000 us/op
WorkloadActual  19: 1 op, 107200.00 ns, 107.2000 us/op
WorkloadActual  20: 1 op, 238200.00 ns, 238.2000 us/op
WorkloadActual  21: 1 op, 100900.00 ns, 100.9000 us/op
WorkloadActual  22: 1 op, 98700.00 ns, 98.7000 us/op
WorkloadActual  23: 1 op, 96800.00 ns, 96.8000 us/op
WorkloadActual  24: 1 op, 158300.00 ns, 158.3000 us/op
WorkloadActual  25: 1 op, 207500.00 ns, 207.5000 us/op
WorkloadActual  26: 1 op, 97300.00 ns, 97.3000 us/op
WorkloadActual  27: 1 op, 97800.00 ns, 97.8000 us/op
WorkloadActual  28: 1 op, 150400.00 ns, 150.4000 us/op
WorkloadActual  29: 1 op, 97100.00 ns, 97.1000 us/op
WorkloadActual  30: 1 op, 99900.00 ns, 99.9000 us/op
WorkloadActual  31: 1 op, 97200.00 ns, 97.2000 us/op
WorkloadActual  32: 1 op, 97500.00 ns, 97.5000 us/op
WorkloadActual  33: 1 op, 96000.00 ns, 96.0000 us/op
WorkloadActual  34: 1 op, 97300.00 ns, 97.3000 us/op
WorkloadActual  35: 1 op, 96300.00 ns, 96.3000 us/op
WorkloadActual  36: 1 op, 96800.00 ns, 96.8000 us/op
WorkloadActual  37: 1 op, 96800.00 ns, 96.8000 us/op
WorkloadActual  38: 1 op, 96800.00 ns, 96.8000 us/op
WorkloadActual  39: 1 op, 97400.00 ns, 97.4000 us/op
WorkloadActual  40: 1 op, 98300.00 ns, 98.3000 us/op
WorkloadActual  41: 1 op, 97000.00 ns, 97.0000 us/op
WorkloadActual  42: 1 op, 96700.00 ns, 96.7000 us/op
WorkloadActual  43: 1 op, 129200.00 ns, 129.2000 us/op
WorkloadActual  44: 1 op, 97600.00 ns, 97.6000 us/op
WorkloadActual  45: 1 op, 97400.00 ns, 97.4000 us/op
WorkloadActual  46: 1 op, 96600.00 ns, 96.6000 us/op
WorkloadActual  47: 1 op, 96200.00 ns, 96.2000 us/op
WorkloadActual  48: 1 op, 97500.00 ns, 97.5000 us/op
WorkloadActual  49: 1 op, 104000.00 ns, 104.0000 us/op
WorkloadActual  50: 1 op, 96200.00 ns, 96.2000 us/op
WorkloadActual  51: 1 op, 97200.00 ns, 97.2000 us/op
WorkloadActual  52: 1 op, 97500.00 ns, 97.5000 us/op
WorkloadActual  53: 1 op, 98000.00 ns, 98.0000 us/op
WorkloadActual  54: 1 op, 97000.00 ns, 97.0000 us/op
WorkloadActual  55: 1 op, 96500.00 ns, 96.5000 us/op
WorkloadActual  56: 1 op, 217900.00 ns, 217.9000 us/op
WorkloadActual  57: 1 op, 100100.00 ns, 100.1000 us/op
WorkloadActual  58: 1 op, 98400.00 ns, 98.4000 us/op
WorkloadActual  59: 1 op, 108700.00 ns, 108.7000 us/op
WorkloadActual  60: 1 op, 99000.00 ns, 99.0000 us/op
WorkloadActual  61: 1 op, 97300.00 ns, 97.3000 us/op
WorkloadActual  62: 1 op, 96400.00 ns, 96.4000 us/op
WorkloadActual  63: 1 op, 96800.00 ns, 96.8000 us/op
WorkloadActual  64: 1 op, 97100.00 ns, 97.1000 us/op
WorkloadActual  65: 1 op, 97000.00 ns, 97.0000 us/op
WorkloadActual  66: 1 op, 97300.00 ns, 97.3000 us/op
WorkloadActual  67: 1 op, 97500.00 ns, 97.5000 us/op
WorkloadActual  68: 1 op, 96800.00 ns, 96.8000 us/op
WorkloadActual  69: 1 op, 97200.00 ns, 97.2000 us/op
WorkloadActual  70: 1 op, 96100.00 ns, 96.1000 us/op
WorkloadActual  71: 1 op, 96700.00 ns, 96.7000 us/op
WorkloadActual  72: 1 op, 96500.00 ns, 96.5000 us/op
WorkloadActual  73: 1 op, 98200.00 ns, 98.2000 us/op
WorkloadActual  74: 1 op, 97600.00 ns, 97.6000 us/op
WorkloadActual  75: 1 op, 96200.00 ns, 96.2000 us/op
WorkloadActual  76: 1 op, 96700.00 ns, 96.7000 us/op
WorkloadActual  77: 1 op, 95600.00 ns, 95.6000 us/op
WorkloadActual  78: 1 op, 99400.00 ns, 99.4000 us/op
WorkloadActual  79: 1 op, 97200.00 ns, 97.2000 us/op
WorkloadActual  80: 1 op, 96500.00 ns, 96.5000 us/op
WorkloadActual  81: 1 op, 97500.00 ns, 97.5000 us/op
WorkloadActual  82: 1 op, 94700.00 ns, 94.7000 us/op
WorkloadActual  83: 1 op, 94500.00 ns, 94.5000 us/op
WorkloadActual  84: 1 op, 94800.00 ns, 94.8000 us/op
WorkloadActual  85: 1 op, 94800.00 ns, 94.8000 us/op
WorkloadActual  86: 1 op, 97000.00 ns, 97.0000 us/op
WorkloadActual  87: 1 op, 105600.00 ns, 105.6000 us/op
WorkloadActual  88: 1 op, 97000.00 ns, 97.0000 us/op
WorkloadActual  89: 1 op, 96500.00 ns, 96.5000 us/op
WorkloadActual  90: 1 op, 103600.00 ns, 103.6000 us/op
WorkloadActual  91: 1 op, 105800.00 ns, 105.8000 us/op
WorkloadActual  92: 1 op, 96200.00 ns, 96.2000 us/op
WorkloadActual  93: 1 op, 156000.00 ns, 156.0000 us/op
WorkloadActual  94: 1 op, 170000.00 ns, 170.0000 us/op
WorkloadActual  95: 1 op, 96900.00 ns, 96.9000 us/op
WorkloadActual  96: 1 op, 98000.00 ns, 98.0000 us/op
WorkloadActual  97: 1 op, 105400.00 ns, 105.4000 us/op
WorkloadActual  98: 1 op, 95900.00 ns, 95.9000 us/op
WorkloadActual  99: 1 op, 104800.00 ns, 104.8000 us/op
WorkloadActual  100: 1 op, 96900.00 ns, 96.9000 us/op
WorkloadActual  101: 1 op, 96600.00 ns, 96.6000 us/op
WorkloadActual  102: 1 op, 99400.00 ns, 99.4000 us/op
WorkloadActual  103: 1 op, 97800.00 ns, 97.8000 us/op
WorkloadActual  104: 1 op, 97700.00 ns, 97.7000 us/op
WorkloadActual  105: 1 op, 97000.00 ns, 97.0000 us/op
WorkloadActual  106: 1 op, 96300.00 ns, 96.3000 us/op
WorkloadActual  107: 1 op, 153200.00 ns, 153.2000 us/op
WorkloadActual  108: 1 op, 105100.00 ns, 105.1000 us/op
WorkloadActual  109: 1 op, 170900.00 ns, 170.9000 us/op
WorkloadActual  110: 1 op, 99100.00 ns, 99.1000 us/op
WorkloadActual  111: 1 op, 96600.00 ns, 96.6000 us/op
WorkloadActual  112: 1 op, 97600.00 ns, 97.6000 us/op
WorkloadActual  113: 1 op, 97700.00 ns, 97.7000 us/op
WorkloadActual  114: 1 op, 97000.00 ns, 97.0000 us/op
WorkloadActual  115: 1 op, 97200.00 ns, 97.2000 us/op
WorkloadActual  116: 1 op, 99400.00 ns, 99.4000 us/op
WorkloadActual  117: 1 op, 100400.00 ns, 100.4000 us/op
WorkloadActual  118: 1 op, 97600.00 ns, 97.6000 us/op
WorkloadActual  119: 1 op, 97600.00 ns, 97.6000 us/op
WorkloadActual  120: 1 op, 102100.00 ns, 102.1000 us/op
WorkloadActual  121: 1 op, 97800.00 ns, 97.8000 us/op
WorkloadActual  122: 1 op, 98000.00 ns, 98.0000 us/op
WorkloadActual  123: 1 op, 97200.00 ns, 97.2000 us/op
WorkloadActual  124: 1 op, 113900.00 ns, 113.9000 us/op
WorkloadActual  125: 1 op, 104200.00 ns, 104.2000 us/op
WorkloadActual  126: 1 op, 99100.00 ns, 99.1000 us/op
WorkloadActual  127: 1 op, 101000.00 ns, 101.0000 us/op
WorkloadActual  128: 1 op, 104800.00 ns, 104.8000 us/op
WorkloadActual  129: 1 op, 105300.00 ns, 105.3000 us/op
WorkloadActual  130: 1 op, 99300.00 ns, 99.3000 us/op
WorkloadActual  131: 1 op, 97200.00 ns, 97.2000 us/op
WorkloadActual  132: 1 op, 131400.00 ns, 131.4000 us/op
WorkloadActual  133: 1 op, 97400.00 ns, 97.4000 us/op
WorkloadActual  134: 1 op, 96900.00 ns, 96.9000 us/op
WorkloadActual  135: 1 op, 159400.00 ns, 159.4000 us/op
WorkloadActual  136: 1 op, 97900.00 ns, 97.9000 us/op
WorkloadActual  137: 1 op, 99100.00 ns, 99.1000 us/op
WorkloadActual  138: 1 op, 96900.00 ns, 96.9000 us/op
WorkloadActual  139: 1 op, 97800.00 ns, 97.8000 us/op
WorkloadActual  140: 1 op, 96400.00 ns, 96.4000 us/op
WorkloadActual  141: 1 op, 97900.00 ns, 97.9000 us/op
WorkloadActual  142: 1 op, 99000.00 ns, 99.0000 us/op
WorkloadActual  143: 1 op, 99700.00 ns, 99.7000 us/op
WorkloadActual  144: 1 op, 100800.00 ns, 100.8000 us/op
WorkloadActual  145: 1 op, 100700.00 ns, 100.7000 us/op
WorkloadActual  146: 1 op, 100200.00 ns, 100.2000 us/op
WorkloadActual  147: 1 op, 133800.00 ns, 133.8000 us/op
WorkloadActual  148: 1 op, 98300.00 ns, 98.3000 us/op
WorkloadActual  149: 1 op, 97800.00 ns, 97.8000 us/op
WorkloadActual  150: 1 op, 103700.00 ns, 103.7000 us/op
WorkloadActual  151: 1 op, 98500.00 ns, 98.5000 us/op
WorkloadActual  152: 1 op, 91500.00 ns, 91.5000 us/op
WorkloadActual  153: 1 op, 142000.00 ns, 142.0000 us/op
WorkloadActual  154: 1 op, 97400.00 ns, 97.4000 us/op
WorkloadActual  155: 1 op, 97200.00 ns, 97.2000 us/op
WorkloadActual  156: 1 op, 97000.00 ns, 97.0000 us/op
WorkloadActual  157: 1 op, 97600.00 ns, 97.6000 us/op
WorkloadActual  158: 1 op, 116400.00 ns, 116.4000 us/op
WorkloadActual  159: 1 op, 102200.00 ns, 102.2000 us/op
WorkloadActual  160: 1 op, 98200.00 ns, 98.2000 us/op
WorkloadActual  161: 1 op, 143700.00 ns, 143.7000 us/op
WorkloadActual  162: 1 op, 99700.00 ns, 99.7000 us/op
WorkloadActual  163: 1 op, 99500.00 ns, 99.5000 us/op
WorkloadActual  164: 1 op, 150500.00 ns, 150.5000 us/op
WorkloadActual  165: 1 op, 102200.00 ns, 102.2000 us/op
WorkloadActual  166: 1 op, 114200.00 ns, 114.2000 us/op
WorkloadActual  167: 1 op, 101000.00 ns, 101.0000 us/op
WorkloadActual  168: 1 op, 100700.00 ns, 100.7000 us/op
WorkloadActual  169: 1 op, 96800.00 ns, 96.8000 us/op
WorkloadActual  170: 1 op, 97100.00 ns, 97.1000 us/op
WorkloadActual  171: 1 op, 100400.00 ns, 100.4000 us/op
WorkloadActual  172: 1 op, 98100.00 ns, 98.1000 us/op
WorkloadActual  173: 1 op, 96500.00 ns, 96.5000 us/op
WorkloadActual  174: 1 op, 97100.00 ns, 97.1000 us/op
WorkloadActual  175: 1 op, 96900.00 ns, 96.9000 us/op
WorkloadActual  176: 1 op, 96200.00 ns, 96.2000 us/op
WorkloadActual  177: 1 op, 97500.00 ns, 97.5000 us/op
WorkloadActual  178: 1 op, 100800.00 ns, 100.8000 us/op
WorkloadActual  179: 1 op, 97700.00 ns, 97.7000 us/op
WorkloadActual  180: 1 op, 99800.00 ns, 99.8000 us/op
WorkloadActual  181: 1 op, 110600.00 ns, 110.6000 us/op
WorkloadActual  182: 1 op, 97200.00 ns, 97.2000 us/op
WorkloadActual  183: 1 op, 97300.00 ns, 97.3000 us/op
WorkloadActual  184: 1 op, 97000.00 ns, 97.0000 us/op
WorkloadActual  185: 1 op, 97000.00 ns, 97.0000 us/op
WorkloadActual  186: 1 op, 99200.00 ns, 99.2000 us/op
WorkloadActual  187: 1 op, 100400.00 ns, 100.4000 us/op
WorkloadActual  188: 1 op, 96800.00 ns, 96.8000 us/op
WorkloadActual  189: 1 op, 100600.00 ns, 100.6000 us/op
WorkloadActual  190: 1 op, 98300.00 ns, 98.3000 us/op
WorkloadActual  191: 1 op, 97000.00 ns, 97.0000 us/op
WorkloadActual  192: 1 op, 97100.00 ns, 97.1000 us/op
WorkloadActual  193: 1 op, 97500.00 ns, 97.5000 us/op
WorkloadActual  194: 1 op, 99400.00 ns, 99.4000 us/op
WorkloadActual  195: 1 op, 97100.00 ns, 97.1000 us/op
WorkloadActual  196: 1 op, 98700.00 ns, 98.7000 us/op
WorkloadActual  197: 1 op, 97400.00 ns, 97.4000 us/op
WorkloadActual  198: 1 op, 97200.00 ns, 97.2000 us/op
WorkloadActual  199: 1 op, 97400.00 ns, 97.4000 us/op
WorkloadActual  200: 1 op, 96500.00 ns, 96.5000 us/op
WorkloadActual  201: 1 op, 152600.00 ns, 152.6000 us/op
WorkloadActual  202: 1 op, 153600.00 ns, 153.6000 us/op
WorkloadActual  203: 1 op, 97700.00 ns, 97.7000 us/op
WorkloadActual  204: 1 op, 129100.00 ns, 129.1000 us/op
WorkloadActual  205: 1 op, 97800.00 ns, 97.8000 us/op
WorkloadActual  206: 1 op, 100200.00 ns, 100.2000 us/op
WorkloadActual  207: 1 op, 97100.00 ns, 97.1000 us/op
WorkloadActual  208: 1 op, 97100.00 ns, 97.1000 us/op
WorkloadActual  209: 1 op, 96900.00 ns, 96.9000 us/op
WorkloadActual  210: 1 op, 98900.00 ns, 98.9000 us/op
WorkloadActual  211: 1 op, 97700.00 ns, 97.7000 us/op
WorkloadActual  212: 1 op, 97900.00 ns, 97.9000 us/op
WorkloadActual  213: 1 op, 96900.00 ns, 96.9000 us/op
WorkloadActual  214: 1 op, 96600.00 ns, 96.6000 us/op
WorkloadActual  215: 1 op, 95700.00 ns, 95.7000 us/op
WorkloadActual  216: 1 op, 96200.00 ns, 96.2000 us/op
WorkloadActual  217: 1 op, 97100.00 ns, 97.1000 us/op
WorkloadActual  218: 1 op, 97100.00 ns, 97.1000 us/op
WorkloadActual  219: 1 op, 96900.00 ns, 96.9000 us/op
WorkloadActual  220: 1 op, 115700.00 ns, 115.7000 us/op
WorkloadActual  221: 1 op, 97900.00 ns, 97.9000 us/op
WorkloadActual  222: 1 op, 97600.00 ns, 97.6000 us/op
WorkloadActual  223: 1 op, 95800.00 ns, 95.8000 us/op
WorkloadActual  224: 1 op, 97100.00 ns, 97.1000 us/op
WorkloadActual  225: 1 op, 97900.00 ns, 97.9000 us/op
WorkloadActual  226: 1 op, 105300.00 ns, 105.3000 us/op
WorkloadActual  227: 1 op, 106600.00 ns, 106.6000 us/op
WorkloadActual  228: 1 op, 100700.00 ns, 100.7000 us/op
WorkloadActual  229: 1 op, 100800.00 ns, 100.8000 us/op
WorkloadActual  230: 1 op, 99200.00 ns, 99.2000 us/op
WorkloadActual  231: 1 op, 100400.00 ns, 100.4000 us/op
WorkloadActual  232: 1 op, 99100.00 ns, 99.1000 us/op
WorkloadActual  233: 1 op, 106500.00 ns, 106.5000 us/op
WorkloadActual  234: 1 op, 100000.00 ns, 100.0000 us/op
WorkloadActual  235: 1 op, 98800.00 ns, 98.8000 us/op
WorkloadActual  236: 1 op, 99000.00 ns, 99.0000 us/op
WorkloadActual  237: 1 op, 99400.00 ns, 99.4000 us/op
WorkloadActual  238: 1 op, 98800.00 ns, 98.8000 us/op
WorkloadActual  239: 1 op, 98300.00 ns, 98.3000 us/op
WorkloadActual  240: 1 op, 99000.00 ns, 99.0000 us/op
WorkloadActual  241: 1 op, 99100.00 ns, 99.1000 us/op
WorkloadActual  242: 1 op, 105200.00 ns, 105.2000 us/op
WorkloadActual  243: 1 op, 98000.00 ns, 98.0000 us/op
WorkloadActual  244: 1 op, 99300.00 ns, 99.3000 us/op
WorkloadActual  245: 1 op, 98900.00 ns, 98.9000 us/op
WorkloadActual  246: 1 op, 99400.00 ns, 99.4000 us/op
WorkloadActual  247: 1 op, 116500.00 ns, 116.5000 us/op
WorkloadActual  248: 1 op, 111300.00 ns, 111.3000 us/op
WorkloadActual  249: 1 op, 113700.00 ns, 113.7000 us/op
WorkloadActual  250: 1 op, 111200.00 ns, 111.2000 us/op
WorkloadActual  251: 1 op, 112400.00 ns, 112.4000 us/op
WorkloadActual  252: 1 op, 115400.00 ns, 115.4000 us/op
WorkloadActual  253: 1 op, 112200.00 ns, 112.2000 us/op
WorkloadActual  254: 1 op, 111200.00 ns, 111.2000 us/op
WorkloadActual  255: 1 op, 133400.00 ns, 133.4000 us/op
WorkloadActual  256: 1 op, 111600.00 ns, 111.6000 us/op
WorkloadActual  257: 1 op, 151500.00 ns, 151.5000 us/op
WorkloadActual  258: 1 op, 146500.00 ns, 146.5000 us/op
WorkloadActual  259: 1 op, 100200.00 ns, 100.2000 us/op
WorkloadActual  260: 1 op, 102300.00 ns, 102.3000 us/op
WorkloadActual  261: 1 op, 101900.00 ns, 101.9000 us/op
WorkloadActual  262: 1 op, 111600.00 ns, 111.6000 us/op
WorkloadActual  263: 1 op, 100400.00 ns, 100.4000 us/op
WorkloadActual  264: 1 op, 98700.00 ns, 98.7000 us/op
WorkloadActual  265: 1 op, 102400.00 ns, 102.4000 us/op
WorkloadActual  266: 1 op, 98800.00 ns, 98.8000 us/op
WorkloadActual  267: 1 op, 99500.00 ns, 99.5000 us/op
WorkloadActual  268: 1 op, 164900.00 ns, 164.9000 us/op
WorkloadActual  269: 1 op, 104400.00 ns, 104.4000 us/op
WorkloadActual  270: 1 op, 107000.00 ns, 107.0000 us/op
WorkloadActual  271: 1 op, 100000.00 ns, 100.0000 us/op
WorkloadActual  272: 1 op, 99900.00 ns, 99.9000 us/op
WorkloadActual  273: 1 op, 100600.00 ns, 100.6000 us/op
WorkloadActual  274: 1 op, 101500.00 ns, 101.5000 us/op
WorkloadActual  275: 1 op, 147600.00 ns, 147.6000 us/op
WorkloadActual  276: 1 op, 110400.00 ns, 110.4000 us/op
WorkloadActual  277: 1 op, 110000.00 ns, 110.0000 us/op
WorkloadActual  278: 1 op, 116900.00 ns, 116.9000 us/op
WorkloadActual  279: 1 op, 111700.00 ns, 111.7000 us/op
WorkloadActual  280: 1 op, 109400.00 ns, 109.4000 us/op
WorkloadActual  281: 1 op, 110200.00 ns, 110.2000 us/op
WorkloadActual  282: 1 op, 109100.00 ns, 109.1000 us/op
WorkloadActual  283: 1 op, 110100.00 ns, 110.1000 us/op
WorkloadActual  284: 1 op, 108600.00 ns, 108.6000 us/op
WorkloadActual  285: 1 op, 109800.00 ns, 109.8000 us/op
WorkloadActual  286: 1 op, 109500.00 ns, 109.5000 us/op
WorkloadActual  287: 1 op, 158800.00 ns, 158.8000 us/op
WorkloadActual  288: 1 op, 101600.00 ns, 101.6000 us/op
WorkloadActual  289: 1 op, 101000.00 ns, 101.0000 us/op
WorkloadActual  290: 1 op, 105000.00 ns, 105.0000 us/op
WorkloadActual  291: 1 op, 100700.00 ns, 100.7000 us/op
WorkloadActual  292: 1 op, 99100.00 ns, 99.1000 us/op
WorkloadActual  293: 1 op, 98800.00 ns, 98.8000 us/op
WorkloadActual  294: 1 op, 99000.00 ns, 99.0000 us/op
WorkloadActual  295: 1 op, 101800.00 ns, 101.8000 us/op
WorkloadActual  296: 1 op, 99100.00 ns, 99.1000 us/op
WorkloadActual  297: 1 op, 99500.00 ns, 99.5000 us/op
WorkloadActual  298: 1 op, 99300.00 ns, 99.3000 us/op
WorkloadActual  299: 1 op, 99400.00 ns, 99.4000 us/op
WorkloadActual  300: 1 op, 103900.00 ns, 103.9000 us/op

// AfterActualRun
WorkloadResult   1: 1 op, 100250.00 ns, 100.2500 us/op
WorkloadResult   2: 1 op, 115750.00 ns, 115.7500 us/op
WorkloadResult   3: 1 op, 107450.00 ns, 107.4500 us/op
WorkloadResult   4: 1 op, 99150.00 ns, 99.1500 us/op
WorkloadResult   5: 1 op, 98150.00 ns, 98.1500 us/op
WorkloadResult   6: 1 op, 97250.00 ns, 97.2500 us/op
WorkloadResult   7: 1 op, 97250.00 ns, 97.2500 us/op
WorkloadResult   8: 1 op, 97650.00 ns, 97.6500 us/op
WorkloadResult   9: 1 op, 97250.00 ns, 97.2500 us/op
WorkloadResult  10: 1 op, 100950.00 ns, 100.9500 us/op
WorkloadResult  11: 1 op, 97550.00 ns, 97.5500 us/op
WorkloadResult  12: 1 op, 97550.00 ns, 97.5500 us/op
WorkloadResult  13: 1 op, 97450.00 ns, 97.4500 us/op
WorkloadResult  14: 1 op, 97250.00 ns, 97.2500 us/op
WorkloadResult  15: 1 op, 97550.00 ns, 97.5500 us/op
WorkloadResult  16: 1 op, 97750.00 ns, 97.7500 us/op
WorkloadResult  17: 1 op, 98850.00 ns, 98.8500 us/op
WorkloadResult  18: 1 op, 97850.00 ns, 97.8500 us/op
WorkloadResult  19: 1 op, 107050.00 ns, 107.0500 us/op
WorkloadResult  20: 1 op, 238050.00 ns, 238.0500 us/op
WorkloadResult  21: 1 op, 100750.00 ns, 100.7500 us/op
WorkloadResult  22: 1 op, 98550.00 ns, 98.5500 us/op
WorkloadResult  23: 1 op, 96650.00 ns, 96.6500 us/op
WorkloadResult  24: 1 op, 158150.00 ns, 158.1500 us/op
WorkloadResult  25: 1 op, 207350.00 ns, 207.3500 us/op
WorkloadResult  26: 1 op, 97150.00 ns, 97.1500 us/op
WorkloadResult  27: 1 op, 97650.00 ns, 97.6500 us/op
WorkloadResult  28: 1 op, 150250.00 ns, 150.2500 us/op
WorkloadResult  29: 1 op, 96950.00 ns, 96.9500 us/op
WorkloadResult  30: 1 op, 99750.00 ns, 99.7500 us/op
WorkloadResult  31: 1 op, 97050.00 ns, 97.0500 us/op
WorkloadResult  32: 1 op, 97350.00 ns, 97.3500 us/op
WorkloadResult  33: 1 op, 95850.00 ns, 95.8500 us/op
WorkloadResult  34: 1 op, 97150.00 ns, 97.1500 us/op
WorkloadResult  35: 1 op, 96150.00 ns, 96.1500 us/op
WorkloadResult  36: 1 op, 96650.00 ns, 96.6500 us/op
WorkloadResult  37: 1 op, 96650.00 ns, 96.6500 us/op
WorkloadResult  38: 1 op, 96650.00 ns, 96.6500 us/op
WorkloadResult  39: 1 op, 97250.00 ns, 97.2500 us/op
WorkloadResult  40: 1 op, 98150.00 ns, 98.1500 us/op
WorkloadResult  41: 1 op, 96850.00 ns, 96.8500 us/op
WorkloadResult  42: 1 op, 96550.00 ns, 96.5500 us/op
WorkloadResult  43: 1 op, 129050.00 ns, 129.0500 us/op
WorkloadResult  44: 1 op, 97450.00 ns, 97.4500 us/op
WorkloadResult  45: 1 op, 97250.00 ns, 97.2500 us/op
WorkloadResult  46: 1 op, 96450.00 ns, 96.4500 us/op
WorkloadResult  47: 1 op, 96050.00 ns, 96.0500 us/op
WorkloadResult  48: 1 op, 97350.00 ns, 97.3500 us/op
WorkloadResult  49: 1 op, 103850.00 ns, 103.8500 us/op
WorkloadResult  50: 1 op, 96050.00 ns, 96.0500 us/op
WorkloadResult  51: 1 op, 97050.00 ns, 97.0500 us/op
WorkloadResult  52: 1 op, 97350.00 ns, 97.3500 us/op
WorkloadResult  53: 1 op, 97850.00 ns, 97.8500 us/op
WorkloadResult  54: 1 op, 96850.00 ns, 96.8500 us/op
WorkloadResult  55: 1 op, 96350.00 ns, 96.3500 us/op
WorkloadResult  56: 1 op, 217750.00 ns, 217.7500 us/op
WorkloadResult  57: 1 op, 99950.00 ns, 99.9500 us/op
WorkloadResult  58: 1 op, 98250.00 ns, 98.2500 us/op
WorkloadResult  59: 1 op, 108550.00 ns, 108.5500 us/op
WorkloadResult  60: 1 op, 98850.00 ns, 98.8500 us/op
WorkloadResult  61: 1 op, 97150.00 ns, 97.1500 us/op
WorkloadResult  62: 1 op, 96250.00 ns, 96.2500 us/op
WorkloadResult  63: 1 op, 96650.00 ns, 96.6500 us/op
WorkloadResult  64: 1 op, 96950.00 ns, 96.9500 us/op
WorkloadResult  65: 1 op, 96850.00 ns, 96.8500 us/op
WorkloadResult  66: 1 op, 97150.00 ns, 97.1500 us/op
WorkloadResult  67: 1 op, 97350.00 ns, 97.3500 us/op
WorkloadResult  68: 1 op, 96650.00 ns, 96.6500 us/op
WorkloadResult  69: 1 op, 97050.00 ns, 97.0500 us/op
WorkloadResult  70: 1 op, 95950.00 ns, 95.9500 us/op
WorkloadResult  71: 1 op, 96550.00 ns, 96.5500 us/op
WorkloadResult  72: 1 op, 96350.00 ns, 96.3500 us/op
WorkloadResult  73: 1 op, 98050.00 ns, 98.0500 us/op
WorkloadResult  74: 1 op, 97450.00 ns, 97.4500 us/op
WorkloadResult  75: 1 op, 96050.00 ns, 96.0500 us/op
WorkloadResult  76: 1 op, 96550.00 ns, 96.5500 us/op
WorkloadResult  77: 1 op, 95450.00 ns, 95.4500 us/op
WorkloadResult  78: 1 op, 99250.00 ns, 99.2500 us/op
WorkloadResult  79: 1 op, 97050.00 ns, 97.0500 us/op
WorkloadResult  80: 1 op, 96350.00 ns, 96.3500 us/op
WorkloadResult  81: 1 op, 97350.00 ns, 97.3500 us/op
WorkloadResult  82: 1 op, 94550.00 ns, 94.5500 us/op
WorkloadResult  83: 1 op, 94350.00 ns, 94.3500 us/op
WorkloadResult  84: 1 op, 94650.00 ns, 94.6500 us/op
WorkloadResult  85: 1 op, 94650.00 ns, 94.6500 us/op
WorkloadResult  86: 1 op, 96850.00 ns, 96.8500 us/op
WorkloadResult  87: 1 op, 105450.00 ns, 105.4500 us/op
WorkloadResult  88: 1 op, 96850.00 ns, 96.8500 us/op
WorkloadResult  89: 1 op, 96350.00 ns, 96.3500 us/op
WorkloadResult  90: 1 op, 103450.00 ns, 103.4500 us/op
WorkloadResult  91: 1 op, 105650.00 ns, 105.6500 us/op
WorkloadResult  92: 1 op, 96050.00 ns, 96.0500 us/op
WorkloadResult  93: 1 op, 155850.00 ns, 155.8500 us/op
WorkloadResult  94: 1 op, 169850.00 ns, 169.8500 us/op
WorkloadResult  95: 1 op, 96750.00 ns, 96.7500 us/op
WorkloadResult  96: 1 op, 97850.00 ns, 97.8500 us/op
WorkloadResult  97: 1 op, 105250.00 ns, 105.2500 us/op
WorkloadResult  98: 1 op, 95750.00 ns, 95.7500 us/op
WorkloadResult  99: 1 op, 104650.00 ns, 104.6500 us/op
WorkloadResult  100: 1 op, 96750.00 ns, 96.7500 us/op
WorkloadResult  101: 1 op, 96450.00 ns, 96.4500 us/op
WorkloadResult  102: 1 op, 99250.00 ns, 99.2500 us/op
WorkloadResult  103: 1 op, 97650.00 ns, 97.6500 us/op
WorkloadResult  104: 1 op, 97550.00 ns, 97.5500 us/op
WorkloadResult  105: 1 op, 96850.00 ns, 96.8500 us/op
WorkloadResult  106: 1 op, 96150.00 ns, 96.1500 us/op
WorkloadResult  107: 1 op, 153050.00 ns, 153.0500 us/op
WorkloadResult  108: 1 op, 104950.00 ns, 104.9500 us/op
WorkloadResult  109: 1 op, 170750.00 ns, 170.7500 us/op
WorkloadResult  110: 1 op, 98950.00 ns, 98.9500 us/op
WorkloadResult  111: 1 op, 96450.00 ns, 96.4500 us/op
WorkloadResult  112: 1 op, 97450.00 ns, 97.4500 us/op
WorkloadResult  113: 1 op, 97550.00 ns, 97.5500 us/op
WorkloadResult  114: 1 op, 96850.00 ns, 96.8500 us/op
WorkloadResult  115: 1 op, 97050.00 ns, 97.0500 us/op
WorkloadResult  116: 1 op, 99250.00 ns, 99.2500 us/op
WorkloadResult  117: 1 op, 100250.00 ns, 100.2500 us/op
WorkloadResult  118: 1 op, 97450.00 ns, 97.4500 us/op
WorkloadResult  119: 1 op, 97450.00 ns, 97.4500 us/op
WorkloadResult  120: 1 op, 101950.00 ns, 101.9500 us/op
WorkloadResult  121: 1 op, 97650.00 ns, 97.6500 us/op
WorkloadResult  122: 1 op, 97850.00 ns, 97.8500 us/op
WorkloadResult  123: 1 op, 97050.00 ns, 97.0500 us/op
WorkloadResult  124: 1 op, 113750.00 ns, 113.7500 us/op
WorkloadResult  125: 1 op, 104050.00 ns, 104.0500 us/op
WorkloadResult  126: 1 op, 98950.00 ns, 98.9500 us/op
WorkloadResult  127: 1 op, 100850.00 ns, 100.8500 us/op
WorkloadResult  128: 1 op, 104650.00 ns, 104.6500 us/op
WorkloadResult  129: 1 op, 105150.00 ns, 105.1500 us/op
WorkloadResult  130: 1 op, 99150.00 ns, 99.1500 us/op
WorkloadResult  131: 1 op, 97050.00 ns, 97.0500 us/op
WorkloadResult  132: 1 op, 131250.00 ns, 131.2500 us/op
WorkloadResult  133: 1 op, 97250.00 ns, 97.2500 us/op
WorkloadResult  134: 1 op, 96750.00 ns, 96.7500 us/op
WorkloadResult  135: 1 op, 159250.00 ns, 159.2500 us/op
WorkloadResult  136: 1 op, 97750.00 ns, 97.7500 us/op
WorkloadResult  137: 1 op, 98950.00 ns, 98.9500 us/op
WorkloadResult  138: 1 op, 96750.00 ns, 96.7500 us/op
WorkloadResult  139: 1 op, 97650.00 ns, 97.6500 us/op
WorkloadResult  140: 1 op, 96250.00 ns, 96.2500 us/op
WorkloadResult  141: 1 op, 97750.00 ns, 97.7500 us/op
WorkloadResult  142: 1 op, 98850.00 ns, 98.8500 us/op
WorkloadResult  143: 1 op, 99550.00 ns, 99.5500 us/op
WorkloadResult  144: 1 op, 100650.00 ns, 100.6500 us/op
WorkloadResult  145: 1 op, 100550.00 ns, 100.5500 us/op
WorkloadResult  146: 1 op, 100050.00 ns, 100.0500 us/op
WorkloadResult  147: 1 op, 133650.00 ns, 133.6500 us/op
WorkloadResult  148: 1 op, 98150.00 ns, 98.1500 us/op
WorkloadResult  149: 1 op, 97650.00 ns, 97.6500 us/op
WorkloadResult  150: 1 op, 103550.00 ns, 103.5500 us/op
WorkloadResult  151: 1 op, 98350.00 ns, 98.3500 us/op
WorkloadResult  152: 1 op, 91350.00 ns, 91.3500 us/op
WorkloadResult  153: 1 op, 141850.00 ns, 141.8500 us/op
WorkloadResult  154: 1 op, 97250.00 ns, 97.2500 us/op
WorkloadResult  155: 1 op, 97050.00 ns, 97.0500 us/op
WorkloadResult  156: 1 op, 96850.00 ns, 96.8500 us/op
WorkloadResult  157: 1 op, 97450.00 ns, 97.4500 us/op
WorkloadResult  158: 1 op, 116250.00 ns, 116.2500 us/op
WorkloadResult  159: 1 op, 102050.00 ns, 102.0500 us/op
WorkloadResult  160: 1 op, 98050.00 ns, 98.0500 us/op
WorkloadResult  161: 1 op, 143550.00 ns, 143.5500 us/op
WorkloadResult  162: 1 op, 99550.00 ns, 99.5500 us/op
WorkloadResult  163: 1 op, 99350.00 ns, 99.3500 us/op
WorkloadResult  164: 1 op, 150350.00 ns, 150.3500 us/op
WorkloadResult  165: 1 op, 102050.00 ns, 102.0500 us/op
WorkloadResult  166: 1 op, 114050.00 ns, 114.0500 us/op
WorkloadResult  167: 1 op, 100850.00 ns, 100.8500 us/op
WorkloadResult  168: 1 op, 100550.00 ns, 100.5500 us/op
WorkloadResult  169: 1 op, 96650.00 ns, 96.6500 us/op
WorkloadResult  170: 1 op, 96950.00 ns, 96.9500 us/op
WorkloadResult  171: 1 op, 100250.00 ns, 100.2500 us/op
WorkloadResult  172: 1 op, 97950.00 ns, 97.9500 us/op
WorkloadResult  173: 1 op, 96350.00 ns, 96.3500 us/op
WorkloadResult  174: 1 op, 96950.00 ns, 96.9500 us/op
WorkloadResult  175: 1 op, 96750.00 ns, 96.7500 us/op
WorkloadResult  176: 1 op, 96050.00 ns, 96.0500 us/op
WorkloadResult  177: 1 op, 97350.00 ns, 97.3500 us/op
WorkloadResult  178: 1 op, 100650.00 ns, 100.6500 us/op
WorkloadResult  179: 1 op, 97550.00 ns, 97.5500 us/op
WorkloadResult  180: 1 op, 99650.00 ns, 99.6500 us/op
WorkloadResult  181: 1 op, 110450.00 ns, 110.4500 us/op
WorkloadResult  182: 1 op, 97050.00 ns, 97.0500 us/op
WorkloadResult  183: 1 op, 97150.00 ns, 97.1500 us/op
WorkloadResult  184: 1 op, 96850.00 ns, 96.8500 us/op
WorkloadResult  185: 1 op, 96850.00 ns, 96.8500 us/op
WorkloadResult  186: 1 op, 99050.00 ns, 99.0500 us/op
WorkloadResult  187: 1 op, 100250.00 ns, 100.2500 us/op
WorkloadResult  188: 1 op, 96650.00 ns, 96.6500 us/op
WorkloadResult  189: 1 op, 100450.00 ns, 100.4500 us/op
WorkloadResult  190: 1 op, 98150.00 ns, 98.1500 us/op
WorkloadResult  191: 1 op, 96850.00 ns, 96.8500 us/op
WorkloadResult  192: 1 op, 96950.00 ns, 96.9500 us/op
WorkloadResult  193: 1 op, 97350.00 ns, 97.3500 us/op
WorkloadResult  194: 1 op, 99250.00 ns, 99.2500 us/op
WorkloadResult  195: 1 op, 96950.00 ns, 96.9500 us/op
WorkloadResult  196: 1 op, 98550.00 ns, 98.5500 us/op
WorkloadResult  197: 1 op, 97250.00 ns, 97.2500 us/op
WorkloadResult  198: 1 op, 97050.00 ns, 97.0500 us/op
WorkloadResult  199: 1 op, 97250.00 ns, 97.2500 us/op
WorkloadResult  200: 1 op, 96350.00 ns, 96.3500 us/op
WorkloadResult  201: 1 op, 152450.00 ns, 152.4500 us/op
WorkloadResult  202: 1 op, 153450.00 ns, 153.4500 us/op
WorkloadResult  203: 1 op, 97550.00 ns, 97.5500 us/op
WorkloadResult  204: 1 op, 128950.00 ns, 128.9500 us/op
WorkloadResult  205: 1 op, 97650.00 ns, 97.6500 us/op
WorkloadResult  206: 1 op, 100050.00 ns, 100.0500 us/op
WorkloadResult  207: 1 op, 96950.00 ns, 96.9500 us/op
WorkloadResult  208: 1 op, 96950.00 ns, 96.9500 us/op
WorkloadResult  209: 1 op, 96750.00 ns, 96.7500 us/op
WorkloadResult  210: 1 op, 98750.00 ns, 98.7500 us/op
WorkloadResult  211: 1 op, 97550.00 ns, 97.5500 us/op
WorkloadResult  212: 1 op, 97750.00 ns, 97.7500 us/op
WorkloadResult  213: 1 op, 96750.00 ns, 96.7500 us/op
WorkloadResult  214: 1 op, 96450.00 ns, 96.4500 us/op
WorkloadResult  215: 1 op, 95550.00 ns, 95.5500 us/op
WorkloadResult  216: 1 op, 96050.00 ns, 96.0500 us/op
WorkloadResult  217: 1 op, 96950.00 ns, 96.9500 us/op
WorkloadResult  218: 1 op, 96950.00 ns, 96.9500 us/op
WorkloadResult  219: 1 op, 96750.00 ns, 96.7500 us/op
WorkloadResult  220: 1 op, 115550.00 ns, 115.5500 us/op
WorkloadResult  221: 1 op, 97750.00 ns, 97.7500 us/op
WorkloadResult  222: 1 op, 97450.00 ns, 97.4500 us/op
WorkloadResult  223: 1 op, 95650.00 ns, 95.6500 us/op
WorkloadResult  224: 1 op, 96950.00 ns, 96.9500 us/op
WorkloadResult  225: 1 op, 97750.00 ns, 97.7500 us/op
WorkloadResult  226: 1 op, 105150.00 ns, 105.1500 us/op
WorkloadResult  227: 1 op, 106450.00 ns, 106.4500 us/op
WorkloadResult  228: 1 op, 100550.00 ns, 100.5500 us/op
WorkloadResult  229: 1 op, 100650.00 ns, 100.6500 us/op
WorkloadResult  230: 1 op, 99050.00 ns, 99.0500 us/op
WorkloadResult  231: 1 op, 100250.00 ns, 100.2500 us/op
WorkloadResult  232: 1 op, 98950.00 ns, 98.9500 us/op
WorkloadResult  233: 1 op, 106350.00 ns, 106.3500 us/op
WorkloadResult  234: 1 op, 99850.00 ns, 99.8500 us/op
WorkloadResult  235: 1 op, 98650.00 ns, 98.6500 us/op
WorkloadResult  236: 1 op, 98850.00 ns, 98.8500 us/op
WorkloadResult  237: 1 op, 99250.00 ns, 99.2500 us/op
WorkloadResult  238: 1 op, 98650.00 ns, 98.6500 us/op
WorkloadResult  239: 1 op, 98150.00 ns, 98.1500 us/op
WorkloadResult  240: 1 op, 98850.00 ns, 98.8500 us/op
WorkloadResult  241: 1 op, 98950.00 ns, 98.9500 us/op
WorkloadResult  242: 1 op, 105050.00 ns, 105.0500 us/op
WorkloadResult  243: 1 op, 97850.00 ns, 97.8500 us/op
WorkloadResult  244: 1 op, 99150.00 ns, 99.1500 us/op
WorkloadResult  245: 1 op, 98750.00 ns, 98.7500 us/op
WorkloadResult  246: 1 op, 99250.00 ns, 99.2500 us/op
WorkloadResult  247: 1 op, 116350.00 ns, 116.3500 us/op
WorkloadResult  248: 1 op, 111150.00 ns, 111.1500 us/op
WorkloadResult  249: 1 op, 113550.00 ns, 113.5500 us/op
WorkloadResult  250: 1 op, 111050.00 ns, 111.0500 us/op
WorkloadResult  251: 1 op, 112250.00 ns, 112.2500 us/op
WorkloadResult  252: 1 op, 115250.00 ns, 115.2500 us/op
WorkloadResult  253: 1 op, 112050.00 ns, 112.0500 us/op
WorkloadResult  254: 1 op, 111050.00 ns, 111.0500 us/op
WorkloadResult  255: 1 op, 133250.00 ns, 133.2500 us/op
WorkloadResult  256: 1 op, 111450.00 ns, 111.4500 us/op
WorkloadResult  257: 1 op, 151350.00 ns, 151.3500 us/op
WorkloadResult  258: 1 op, 146350.00 ns, 146.3500 us/op
WorkloadResult  259: 1 op, 100050.00 ns, 100.0500 us/op
WorkloadResult  260: 1 op, 102150.00 ns, 102.1500 us/op
WorkloadResult  261: 1 op, 101750.00 ns, 101.7500 us/op
WorkloadResult  262: 1 op, 111450.00 ns, 111.4500 us/op
WorkloadResult  263: 1 op, 100250.00 ns, 100.2500 us/op
WorkloadResult  264: 1 op, 98550.00 ns, 98.5500 us/op
WorkloadResult  265: 1 op, 102250.00 ns, 102.2500 us/op
WorkloadResult  266: 1 op, 98650.00 ns, 98.6500 us/op
WorkloadResult  267: 1 op, 99350.00 ns, 99.3500 us/op
WorkloadResult  268: 1 op, 164750.00 ns, 164.7500 us/op
WorkloadResult  269: 1 op, 104250.00 ns, 104.2500 us/op
WorkloadResult  270: 1 op, 106850.00 ns, 106.8500 us/op
WorkloadResult  271: 1 op, 99850.00 ns, 99.8500 us/op
WorkloadResult  272: 1 op, 99750.00 ns, 99.7500 us/op
WorkloadResult  273: 1 op, 100450.00 ns, 100.4500 us/op
WorkloadResult  274: 1 op, 101350.00 ns, 101.3500 us/op
WorkloadResult  275: 1 op, 147450.00 ns, 147.4500 us/op
WorkloadResult  276: 1 op, 110250.00 ns, 110.2500 us/op
WorkloadResult  277: 1 op, 109850.00 ns, 109.8500 us/op
WorkloadResult  278: 1 op, 116750.00 ns, 116.7500 us/op
WorkloadResult  279: 1 op, 111550.00 ns, 111.5500 us/op
WorkloadResult  280: 1 op, 109250.00 ns, 109.2500 us/op
WorkloadResult  281: 1 op, 110050.00 ns, 110.0500 us/op
WorkloadResult  282: 1 op, 108950.00 ns, 108.9500 us/op
WorkloadResult  283: 1 op, 109950.00 ns, 109.9500 us/op
WorkloadResult  284: 1 op, 108450.00 ns, 108.4500 us/op
WorkloadResult  285: 1 op, 109650.00 ns, 109.6500 us/op
WorkloadResult  286: 1 op, 109350.00 ns, 109.3500 us/op
WorkloadResult  287: 1 op, 158650.00 ns, 158.6500 us/op
WorkloadResult  288: 1 op, 101450.00 ns, 101.4500 us/op
WorkloadResult  289: 1 op, 100850.00 ns, 100.8500 us/op
WorkloadResult  290: 1 op, 104850.00 ns, 104.8500 us/op
WorkloadResult  291: 1 op, 100550.00 ns, 100.5500 us/op
WorkloadResult  292: 1 op, 98950.00 ns, 98.9500 us/op
WorkloadResult  293: 1 op, 98650.00 ns, 98.6500 us/op
WorkloadResult  294: 1 op, 98850.00 ns, 98.8500 us/op
WorkloadResult  295: 1 op, 101650.00 ns, 101.6500 us/op
WorkloadResult  296: 1 op, 98950.00 ns, 98.9500 us/op
WorkloadResult  297: 1 op, 99350.00 ns, 99.3500 us/op
WorkloadResult  298: 1 op, 99150.00 ns, 99.1500 us/op
WorkloadResult  299: 1 op, 99250.00 ns, 99.2500 us/op
WorkloadResult  300: 1 op, 103750.00 ns, 103.7500 us/op
// GC:  0 0 0 51600 1
// Threading:  3 0 1

// AfterAll
// Benchmark Process 54240 has exited with code 0.

Mean = 106.767 us, StdErr = 0.887 us (0.83%), N = 600, StdDev = 21.715 us
Min = 91.350 us, Q1 = 97.900 us, Median = 99.300 us, Q3 = 109.025 us, Max = 382.200 us
IQR = 11.125 us, LowerFence = 81.213 us, UpperFence = 125.713 us
ConfidenceInterval = [103.836 us; 109.699 us] (CI 99.9%), Margin = 2.932 us (2.75% of Mean)
Skewness = 6.13, Kurtosis = 59.1, MValue = 2.32

// ** Remained 1 (33.3%) benchmark(s) to run. Estimated finish 2026-09-07 17:17 (0h 0m from now) **
Setup power plan (GUID: 8c5e7fda-e8bf-4a96-9a85-a6e23a8c635c FriendlyName: High performance)
// **************************
// Benchmark: PartitionedShutdownBenchmarks.DrainFullQueue: C_PublishedControl(OutlierMode=DontRemove, Affinity=00000000000000000100, EnvironmentVariables=DOTNET_TieredCompilation=0, Arguments=/p:ProductDirectory=C:/git/Dekaf-perf-improvements-20260907/pr-3109/published,/p:UseSharedCompilation=false, InvocationCount=1, IterationCount=300, LaunchCount=2, UnrollFactor=1, WarmupCount=30)
// *** Execute ***
// Launch: 1 / 2
// Execute: dotnet Dekaf.Benchmarks-A_Published-1.dll --anonymousPipes 1540 1428 --benchmarkName Dekaf.Benchmarks.PartitionedShutdownBenchmarks.DrainFullQueue --job C_PublishedControl --benchmarkId 1 in C:\git\Dekaf-perf-improvements-20260907\pr-3109\comparison-long\bin\Release\net10.0\Dekaf.Benchmarks-A_Published-1\bin\Release\net10.0
// BeforeAnythingElse

// Benchmark Process Environment Information:
// BenchmarkDotNet v0.15.8
// Runtime=.NET 10.0.11 (10.0.11, 10.0.1126.37416), X64 RyuJIT x86-64-v3
// GC=Concurrent Workstation
// HardwareIntrinsics=AVX2+BMI1+BMI2+F16C+FMA+LZCNT+MOVBE,AVX,SSE3+SSSE3+SSE4.1+SSE4.2+POPCNT,X86Base+SSE+SSE2,AES+PCLMUL,AvxVnni,SERIALIZE VectorSize=256
// Job: C_PublishedControl(OutlierMode=DontRemove, Affinity=100, InvocationCount=1, IterationCount=300, LaunchCount=2, UnrollFactor=1, WarmupCount=30)

OverheadJitting  1: 1 op, 237000.00 ns, 237.0000 us/op
WorkloadJitting  1: 1 op, 47909000.00 ns, 47.9090 ms/op

OverheadWarmup   1: 1 op, 400.00 ns, 400.0000 ns/op
OverheadWarmup   2: 1 op, 200.00 ns, 200.0000 ns/op
OverheadWarmup   3: 1 op, 200.00 ns, 200.0000 ns/op
OverheadWarmup   4: 1 op, 200.00 ns, 200.0000 ns/op
OverheadWarmup   5: 1 op, 100.00 ns, 100.0000 ns/op
OverheadWarmup   6: 1 op, 100.00 ns, 100.0000 ns/op

OverheadActual   1: 1 op, 200.00 ns, 200.0000 ns/op
OverheadActual   2: 1 op, 300.00 ns, 300.0000 ns/op
OverheadActual   3: 1 op, 100.00 ns, 100.0000 ns/op
OverheadActual   4: 1 op, 100.00 ns, 100.0000 ns/op
OverheadActual   5: 1 op, 200.00 ns, 200.0000 ns/op
OverheadActual   6: 1 op, 100.00 ns, 100.0000 ns/op
OverheadActual   7: 1 op, 100.00 ns, 100.0000 ns/op
OverheadActual   8: 1 op, 200.00 ns, 200.0000 ns/op
OverheadActual   9: 1 op, 100.00 ns, 100.0000 ns/op
OverheadActual  10: 1 op, 200.00 ns, 200.0000 ns/op
OverheadActual  11: 1 op, 100.00 ns, 100.0000 ns/op
OverheadActual  12: 1 op, 200.00 ns, 200.0000 ns/op
OverheadActual  13: 1 op, 100.00 ns, 100.0000 ns/op
OverheadActual  14: 1 op, 100.00 ns, 100.0000 ns/op
OverheadActual  15: 1 op, 100.00 ns, 100.0000 ns/op
OverheadActual  16: 1 op, 100.00 ns, 100.0000 ns/op
OverheadActual  17: 1 op, 100.00 ns, 100.0000 ns/op
OverheadActual  18: 1 op, 100.00 ns, 100.0000 ns/op
OverheadActual  19: 1 op, 100.00 ns, 100.0000 ns/op
OverheadActual  20: 1 op, 100.00 ns, 100.0000 ns/op

WorkloadWarmup   1: 1 op, 236100.00 ns, 236.1000 us/op
WorkloadWarmup   2: 1 op, 109900.00 ns, 109.9000 us/op
WorkloadWarmup   3: 1 op, 153600.00 ns, 153.6000 us/op
WorkloadWarmup   4: 1 op, 106000.00 ns, 106.0000 us/op
WorkloadWarmup   5: 1 op, 103000.00 ns, 103.0000 us/op
WorkloadWarmup   6: 1 op, 103000.00 ns, 103.0000 us/op
WorkloadWarmup   7: 1 op, 101600.00 ns, 101.6000 us/op
WorkloadWarmup   8: 1 op, 107300.00 ns, 107.3000 us/op
WorkloadWarmup   9: 1 op, 156400.00 ns, 156.4000 us/op
WorkloadWarmup  10: 1 op, 100700.00 ns, 100.7000 us/op
WorkloadWarmup  11: 1 op, 101000.00 ns, 101.0000 us/op
WorkloadWarmup  12: 1 op, 100400.00 ns, 100.4000 us/op
WorkloadWarmup  13: 1 op, 100700.00 ns, 100.7000 us/op
WorkloadWarmup  14: 1 op, 100100.00 ns, 100.1000 us/op
WorkloadWarmup  15: 1 op, 100000.00 ns, 100.0000 us/op
WorkloadWarmup  16: 1 op, 114300.00 ns, 114.3000 us/op
WorkloadWarmup  17: 1 op, 106200.00 ns, 106.2000 us/op
WorkloadWarmup  18: 1 op, 106200.00 ns, 106.2000 us/op
WorkloadWarmup  19: 1 op, 104100.00 ns, 104.1000 us/op
WorkloadWarmup  20: 1 op, 101100.00 ns, 101.1000 us/op
WorkloadWarmup  21: 1 op, 106500.00 ns, 106.5000 us/op
WorkloadWarmup  22: 1 op, 112000.00 ns, 112.0000 us/op
WorkloadWarmup  23: 1 op, 104600.00 ns, 104.6000 us/op
WorkloadWarmup  24: 1 op, 105300.00 ns, 105.3000 us/op
WorkloadWarmup  25: 1 op, 104000.00 ns, 104.0000 us/op
WorkloadWarmup  26: 1 op, 118500.00 ns, 118.5000 us/op
WorkloadWarmup  27: 1 op, 104200.00 ns, 104.2000 us/op
WorkloadWarmup  28: 1 op, 168200.00 ns, 168.2000 us/op
WorkloadWarmup  29: 1 op, 159600.00 ns, 159.6000 us/op
WorkloadWarmup  30: 1 op, 104100.00 ns, 104.1000 us/op

// BeforeActualRun
WorkloadActual   1: 1 op, 106300.00 ns, 106.3000 us/op
WorkloadActual   2: 1 op, 115700.00 ns, 115.7000 us/op
WorkloadActual   3: 1 op, 104100.00 ns, 104.1000 us/op
WorkloadActual   4: 1 op, 111400.00 ns, 111.4000 us/op
WorkloadActual   5: 1 op, 101400.00 ns, 101.4000 us/op
WorkloadActual   6: 1 op, 103500.00 ns, 103.5000 us/op
WorkloadActual   7: 1 op, 101900.00 ns, 101.9000 us/op
WorkloadActual   8: 1 op, 109300.00 ns, 109.3000 us/op
WorkloadActual   9: 1 op, 101000.00 ns, 101.0000 us/op
WorkloadActual  10: 1 op, 101100.00 ns, 101.1000 us/op
WorkloadActual  11: 1 op, 100500.00 ns, 100.5000 us/op
WorkloadActual  12: 1 op, 110800.00 ns, 110.8000 us/op
WorkloadActual  13: 1 op, 101000.00 ns, 101.0000 us/op
WorkloadActual  14: 1 op, 104600.00 ns, 104.6000 us/op
WorkloadActual  15: 1 op, 104100.00 ns, 104.1000 us/op
WorkloadActual  16: 1 op, 112300.00 ns, 112.3000 us/op
WorkloadActual  17: 1 op, 105600.00 ns, 105.6000 us/op
WorkloadActual  18: 1 op, 101300.00 ns, 101.3000 us/op
WorkloadActual  19: 1 op, 109100.00 ns, 109.1000 us/op
WorkloadActual  20: 1 op, 241200.00 ns, 241.2000 us/op
WorkloadActual  21: 1 op, 102700.00 ns, 102.7000 us/op
WorkloadActual  22: 1 op, 132400.00 ns, 132.4000 us/op
WorkloadActual  23: 1 op, 105100.00 ns, 105.1000 us/op
WorkloadActual  24: 1 op, 113300.00 ns, 113.3000 us/op
WorkloadActual  25: 1 op, 101700.00 ns, 101.7000 us/op
WorkloadActual  26: 1 op, 100400.00 ns, 100.4000 us/op
WorkloadActual  27: 1 op, 104900.00 ns, 104.9000 us/op
WorkloadActual  28: 1 op, 113000.00 ns, 113.0000 us/op
WorkloadActual  29: 1 op, 145700.00 ns, 145.7000 us/op
WorkloadActual  30: 1 op, 178200.00 ns, 178.2000 us/op
WorkloadActual  31: 1 op, 101500.00 ns, 101.5000 us/op
WorkloadActual  32: 1 op, 109600.00 ns, 109.6000 us/op
WorkloadActual  33: 1 op, 100300.00 ns, 100.3000 us/op
WorkloadActual  34: 1 op, 101400.00 ns, 101.4000 us/op
WorkloadActual  35: 1 op, 104100.00 ns, 104.1000 us/op
WorkloadActual  36: 1 op, 102100.00 ns, 102.1000 us/op
WorkloadActual  37: 1 op, 102000.00 ns, 102.0000 us/op
WorkloadActual  38: 1 op, 101000.00 ns, 101.0000 us/op
WorkloadActual  39: 1 op, 102200.00 ns, 102.2000 us/op
WorkloadActual  40: 1 op, 101400.00 ns, 101.4000 us/op
WorkloadActual  41: 1 op, 101000.00 ns, 101.0000 us/op
WorkloadActual  42: 1 op, 99500.00 ns, 99.5000 us/op
WorkloadActual  43: 1 op, 105600.00 ns, 105.6000 us/op
WorkloadActual  44: 1 op, 101300.00 ns, 101.3000 us/op
WorkloadActual  45: 1 op, 101800.00 ns, 101.8000 us/op
WorkloadActual  46: 1 op, 101600.00 ns, 101.6000 us/op
WorkloadActual  47: 1 op, 101600.00 ns, 101.6000 us/op
WorkloadActual  48: 1 op, 103900.00 ns, 103.9000 us/op
WorkloadActual  49: 1 op, 161300.00 ns, 161.3000 us/op
WorkloadActual  50: 1 op, 112400.00 ns, 112.4000 us/op
WorkloadActual  51: 1 op, 101000.00 ns, 101.0000 us/op
WorkloadActual  52: 1 op, 102200.00 ns, 102.2000 us/op
WorkloadActual  53: 1 op, 112200.00 ns, 112.2000 us/op
WorkloadActual  54: 1 op, 102900.00 ns, 102.9000 us/op
WorkloadActual  55: 1 op, 112200.00 ns, 112.2000 us/op
WorkloadActual  56: 1 op, 102000.00 ns, 102.0000 us/op
WorkloadActual  57: 1 op, 111000.00 ns, 111.0000 us/op
WorkloadActual  58: 1 op, 100600.00 ns, 100.6000 us/op
WorkloadActual  59: 1 op, 110700.00 ns, 110.7000 us/op
WorkloadActual  60: 1 op, 101200.00 ns, 101.2000 us/op
WorkloadActual  61: 1 op, 100100.00 ns, 100.1000 us/op
WorkloadActual  62: 1 op, 100500.00 ns, 100.5000 us/op
WorkloadActual  63: 1 op, 100800.00 ns, 100.8000 us/op
WorkloadActual  64: 1 op, 104900.00 ns, 104.9000 us/op
WorkloadActual  65: 1 op, 103300.00 ns, 103.3000 us/op
WorkloadActual  66: 1 op, 100000.00 ns, 100.0000 us/op
WorkloadActual  67: 1 op, 100400.00 ns, 100.4000 us/op
WorkloadActual  68: 1 op, 101400.00 ns, 101.4000 us/op
WorkloadActual  69: 1 op, 100900.00 ns, 100.9000 us/op
WorkloadActual  70: 1 op, 100100.00 ns, 100.1000 us/op
WorkloadActual  71: 1 op, 100800.00 ns, 100.8000 us/op
WorkloadActual  72: 1 op, 108100.00 ns, 108.1000 us/op
WorkloadActual  73: 1 op, 100300.00 ns, 100.3000 us/op
WorkloadActual  74: 1 op, 100400.00 ns, 100.4000 us/op
WorkloadActual  75: 1 op, 100100.00 ns, 100.1000 us/op
WorkloadActual  76: 1 op, 101100.00 ns, 101.1000 us/op
WorkloadActual  77: 1 op, 101800.00 ns, 101.8000 us/op
WorkloadActual  78: 1 op, 99900.00 ns, 99.9000 us/op
WorkloadActual  79: 1 op, 104500.00 ns, 104.5000 us/op
WorkloadActual  80: 1 op, 101500.00 ns, 101.5000 us/op
WorkloadActual  81: 1 op, 112800.00 ns, 112.8000 us/op
WorkloadActual  82: 1 op, 102300.00 ns, 102.3000 us/op
WorkloadActual  83: 1 op, 105500.00 ns, 105.5000 us/op
WorkloadActual  84: 1 op, 102100.00 ns, 102.1000 us/op
WorkloadActual  85: 1 op, 104000.00 ns, 104.0000 us/op
WorkloadActual  86: 1 op, 101500.00 ns, 101.5000 us/op
WorkloadActual  87: 1 op, 101500.00 ns, 101.5000 us/op
WorkloadActual  88: 1 op, 99500.00 ns, 99.5000 us/op
WorkloadActual  89: 1 op, 100300.00 ns, 100.3000 us/op
WorkloadActual  90: 1 op, 100500.00 ns, 100.5000 us/op
WorkloadActual  91: 1 op, 100100.00 ns, 100.1000 us/op
WorkloadActual  92: 1 op, 100400.00 ns, 100.4000 us/op
WorkloadActual  93: 1 op, 100800.00 ns, 100.8000 us/op
WorkloadActual  94: 1 op, 107500.00 ns, 107.5000 us/op
WorkloadActual  95: 1 op, 113700.00 ns, 113.7000 us/op
WorkloadActual  96: 1 op, 99200.00 ns, 99.2000 us/op
WorkloadActual  97: 1 op, 100000.00 ns, 100.0000 us/op
WorkloadActual  98: 1 op, 99000.00 ns, 99.0000 us/op
WorkloadActual  99: 1 op, 98100.00 ns, 98.1000 us/op
WorkloadActual  100: 1 op, 97900.00 ns, 97.9000 us/op
WorkloadActual  101: 1 op, 100900.00 ns, 100.9000 us/op
WorkloadActual  102: 1 op, 98600.00 ns, 98.6000 us/op
WorkloadActual  103: 1 op, 101000.00 ns, 101.0000 us/op
WorkloadActual  104: 1 op, 98700.00 ns, 98.7000 us/op
WorkloadActual  105: 1 op, 99600.00 ns, 99.6000 us/op
WorkloadActual  106: 1 op, 98500.00 ns, 98.5000 us/op
WorkloadActual  107: 1 op, 98600.00 ns, 98.6000 us/op
WorkloadActual  108: 1 op, 99000.00 ns, 99.0000 us/op
WorkloadActual  109: 1 op, 98800.00 ns, 98.8000 us/op
WorkloadActual  110: 1 op, 98500.00 ns, 98.5000 us/op
WorkloadActual  111: 1 op, 99800.00 ns, 99.8000 us/op
WorkloadActual  112: 1 op, 101300.00 ns, 101.3000 us/op
WorkloadActual  113: 1 op, 101900.00 ns, 101.9000 us/op
WorkloadActual  114: 1 op, 98300.00 ns, 98.3000 us/op
WorkloadActual  115: 1 op, 135000.00 ns, 135.0000 us/op
WorkloadActual  116: 1 op, 104500.00 ns, 104.5000 us/op
WorkloadActual  117: 1 op, 94800.00 ns, 94.8000 us/op
WorkloadActual  118: 1 op, 104600.00 ns, 104.6000 us/op
WorkloadActual  119: 1 op, 102000.00 ns, 102.0000 us/op
WorkloadActual  120: 1 op, 107900.00 ns, 107.9000 us/op
WorkloadActual  121: 1 op, 106200.00 ns, 106.2000 us/op
WorkloadActual  122: 1 op, 101800.00 ns, 101.8000 us/op
WorkloadActual  123: 1 op, 103300.00 ns, 103.3000 us/op
WorkloadActual  124: 1 op, 103300.00 ns, 103.3000 us/op
WorkloadActual  125: 1 op, 101000.00 ns, 101.0000 us/op
WorkloadActual  126: 1 op, 110700.00 ns, 110.7000 us/op
WorkloadActual  127: 1 op, 101700.00 ns, 101.7000 us/op
WorkloadActual  128: 1 op, 157000.00 ns, 157.0000 us/op
WorkloadActual  129: 1 op, 100500.00 ns, 100.5000 us/op
WorkloadActual  130: 1 op, 100600.00 ns, 100.6000 us/op
WorkloadActual  131: 1 op, 102600.00 ns, 102.6000 us/op
WorkloadActual  132: 1 op, 112700.00 ns, 112.7000 us/op
WorkloadActual  133: 1 op, 101100.00 ns, 101.1000 us/op
WorkloadActual  134: 1 op, 101100.00 ns, 101.1000 us/op
WorkloadActual  135: 1 op, 165000.00 ns, 165.0000 us/op
WorkloadActual  136: 1 op, 216300.00 ns, 216.3000 us/op
WorkloadActual  137: 1 op, 456900.00 ns, 456.9000 us/op
WorkloadActual  138: 1 op, 423500.00 ns, 423.5000 us/op
WorkloadActual  139: 1 op, 143400.00 ns, 143.4000 us/op
WorkloadActual  140: 1 op, 220000.00 ns, 220.0000 us/op
WorkloadActual  141: 1 op, 474300.00 ns, 474.3000 us/op
WorkloadActual  142: 1 op, 306100.00 ns, 306.1000 us/op
WorkloadActual  143: 1 op, 219300.00 ns, 219.3000 us/op
WorkloadActual  144: 1 op, 103200.00 ns, 103.2000 us/op
WorkloadActual  145: 1 op, 107300.00 ns, 107.3000 us/op
WorkloadActual  146: 1 op, 101300.00 ns, 101.3000 us/op
WorkloadActual  147: 1 op, 113500.00 ns, 113.5000 us/op
WorkloadActual  148: 1 op, 104100.00 ns, 104.1000 us/op
WorkloadActual  149: 1 op, 101300.00 ns, 101.3000 us/op
WorkloadActual  150: 1 op, 159200.00 ns, 159.2000 us/op
WorkloadActual  151: 1 op, 107400.00 ns, 107.4000 us/op
WorkloadActual  152: 1 op, 101500.00 ns, 101.5000 us/op
WorkloadActual  153: 1 op, 100900.00 ns, 100.9000 us/op
WorkloadActual  154: 1 op, 99800.00 ns, 99.8000 us/op
WorkloadActual  155: 1 op, 100600.00 ns, 100.6000 us/op
WorkloadActual  156: 1 op, 99400.00 ns, 99.4000 us/op
WorkloadActual  157: 1 op, 99700.00 ns, 99.7000 us/op
WorkloadActual  158: 1 op, 103700.00 ns, 103.7000 us/op
WorkloadActual  159: 1 op, 93700.00 ns, 93.7000 us/op
WorkloadActual  160: 1 op, 99400.00 ns, 99.4000 us/op
WorkloadActual  161: 1 op, 135000.00 ns, 135.0000 us/op
WorkloadActual  162: 1 op, 102200.00 ns, 102.2000 us/op
WorkloadActual  163: 1 op, 104300.00 ns, 104.3000 us/op
WorkloadActual  164: 1 op, 104600.00 ns, 104.6000 us/op
WorkloadActual  165: 1 op, 95600.00 ns, 95.6000 us/op
WorkloadActual  166: 1 op, 108300.00 ns, 108.3000 us/op
WorkloadActual  167: 1 op, 100500.00 ns, 100.5000 us/op
WorkloadActual  168: 1 op, 99700.00 ns, 99.7000 us/op
WorkloadActual  169: 1 op, 101200.00 ns, 101.2000 us/op
WorkloadActual  170: 1 op, 101200.00 ns, 101.2000 us/op
WorkloadActual  171: 1 op, 101300.00 ns, 101.3000 us/op
WorkloadActual  172: 1 op, 100900.00 ns, 100.9000 us/op
WorkloadActual  173: 1 op, 100600.00 ns, 100.6000 us/op
WorkloadActual  174: 1 op, 101600.00 ns, 101.6000 us/op
WorkloadActual  175: 1 op, 103800.00 ns, 103.8000 us/op
WorkloadActual  176: 1 op, 101400.00 ns, 101.4000 us/op
WorkloadActual  177: 1 op, 100800.00 ns, 100.8000 us/op
WorkloadActual  178: 1 op, 100300.00 ns, 100.3000 us/op
WorkloadActual  179: 1 op, 101700.00 ns, 101.7000 us/op
WorkloadActual  180: 1 op, 100700.00 ns, 100.7000 us/op
WorkloadActual  181: 1 op, 100200.00 ns, 100.2000 us/op
WorkloadActual  182: 1 op, 105500.00 ns, 105.5000 us/op
WorkloadActual  183: 1 op, 110400.00 ns, 110.4000 us/op
WorkloadActual  184: 1 op, 104900.00 ns, 104.9000 us/op
WorkloadActual  185: 1 op, 101900.00 ns, 101.9000 us/op
WorkloadActual  186: 1 op, 100700.00 ns, 100.7000 us/op
WorkloadActual  187: 1 op, 100900.00 ns, 100.9000 us/op
WorkloadActual  188: 1 op, 100400.00 ns, 100.4000 us/op
WorkloadActual  189: 1 op, 104300.00 ns, 104.3000 us/op
WorkloadActual  190: 1 op, 100900.00 ns, 100.9000 us/op
WorkloadActual  191: 1 op, 100900.00 ns, 100.9000 us/op
WorkloadActual  192: 1 op, 104700.00 ns, 104.7000 us/op
WorkloadActual  193: 1 op, 100500.00 ns, 100.5000 us/op
WorkloadActual  194: 1 op, 101200.00 ns, 101.2000 us/op
WorkloadActual  195: 1 op, 100200.00 ns, 100.2000 us/op
WorkloadActual  196: 1 op, 99600.00 ns, 99.6000 us/op
WorkloadActual  197: 1 op, 103300.00 ns, 103.3000 us/op
WorkloadActual  198: 1 op, 142300.00 ns, 142.3000 us/op
WorkloadActual  199: 1 op, 105200.00 ns, 105.2000 us/op
WorkloadActual  200: 1 op, 107400.00 ns, 107.4000 us/op
WorkloadActual  201: 1 op, 106100.00 ns, 106.1000 us/op
WorkloadActual  202: 1 op, 101900.00 ns, 101.9000 us/op
WorkloadActual  203: 1 op, 101600.00 ns, 101.6000 us/op
WorkloadActual  204: 1 op, 100800.00 ns, 100.8000 us/op
WorkloadActual  205: 1 op, 101700.00 ns, 101.7000 us/op
WorkloadActual  206: 1 op, 99900.00 ns, 99.9000 us/op
WorkloadActual  207: 1 op, 100400.00 ns, 100.4000 us/op
WorkloadActual  208: 1 op, 100200.00 ns, 100.2000 us/op
WorkloadActual  209: 1 op, 103400.00 ns, 103.4000 us/op
WorkloadActual  210: 1 op, 101200.00 ns, 101.2000 us/op
WorkloadActual  211: 1 op, 100600.00 ns, 100.6000 us/op
WorkloadActual  212: 1 op, 99800.00 ns, 99.8000 us/op
WorkloadActual  213: 1 op, 100900.00 ns, 100.9000 us/op
WorkloadActual  214: 1 op, 100000.00 ns, 100.0000 us/op
WorkloadActual  215: 1 op, 103600.00 ns, 103.6000 us/op
WorkloadActual  216: 1 op, 100000.00 ns, 100.0000 us/op
WorkloadActual  217: 1 op, 171600.00 ns, 171.6000 us/op
WorkloadActual  218: 1 op, 99200.00 ns, 99.2000 us/op
WorkloadActual  219: 1 op, 98700.00 ns, 98.7000 us/op
WorkloadActual  220: 1 op, 142100.00 ns, 142.1000 us/op
WorkloadActual  221: 1 op, 159100.00 ns, 159.1000 us/op
WorkloadActual  222: 1 op, 102000.00 ns, 102.0000 us/op
WorkloadActual  223: 1 op, 100100.00 ns, 100.1000 us/op
WorkloadActual  224: 1 op, 103800.00 ns, 103.8000 us/op
WorkloadActual  225: 1 op, 100500.00 ns, 100.5000 us/op
WorkloadActual  226: 1 op, 102800.00 ns, 102.8000 us/op
WorkloadActual  227: 1 op, 100600.00 ns, 100.6000 us/op
WorkloadActual  228: 1 op, 101100.00 ns, 101.1000 us/op
WorkloadActual  229: 1 op, 105900.00 ns, 105.9000 us/op
WorkloadActual  230: 1 op, 101500.00 ns, 101.5000 us/op
WorkloadActual  231: 1 op, 101500.00 ns, 101.5000 us/op
WorkloadActual  232: 1 op, 101200.00 ns, 101.2000 us/op
WorkloadActual  233: 1 op, 104400.00 ns, 104.4000 us/op
WorkloadActual  234: 1 op, 102800.00 ns, 102.8000 us/op
WorkloadActual  235: 1 op, 100600.00 ns, 100.6000 us/op
WorkloadActual  236: 1 op, 99400.00 ns, 99.4000 us/op
WorkloadActual  237: 1 op, 100500.00 ns, 100.5000 us/op
WorkloadActual  238: 1 op, 99300.00 ns, 99.3000 us/op
WorkloadActual  239: 1 op, 100700.00 ns, 100.7000 us/op
WorkloadActual  240: 1 op, 99900.00 ns, 99.9000 us/op
WorkloadActual  241: 1 op, 102000.00 ns, 102.0000 us/op
WorkloadActual  242: 1 op, 100400.00 ns, 100.4000 us/op
WorkloadActual  243: 1 op, 104700.00 ns, 104.7000 us/op
WorkloadActual  244: 1 op, 100900.00 ns, 100.9000 us/op
WorkloadActual  245: 1 op, 102500.00 ns, 102.5000 us/op
WorkloadActual  246: 1 op, 101200.00 ns, 101.2000 us/op
WorkloadActual  247: 1 op, 100700.00 ns, 100.7000 us/op
WorkloadActual  248: 1 op, 98700.00 ns, 98.7000 us/op
WorkloadActual  249: 1 op, 100800.00 ns, 100.8000 us/op
WorkloadActual  250: 1 op, 99800.00 ns, 99.8000 us/op
WorkloadActual  251: 1 op, 104100.00 ns, 104.1000 us/op
WorkloadActual  252: 1 op, 103700.00 ns, 103.7000 us/op
WorkloadActual  253: 1 op, 105800.00 ns, 105.8000 us/op
WorkloadActual  254: 1 op, 100600.00 ns, 100.6000 us/op
WorkloadActual  255: 1 op, 100600.00 ns, 100.6000 us/op
WorkloadActual  256: 1 op, 152700.00 ns, 152.7000 us/op
WorkloadActual  257: 1 op, 178400.00 ns, 178.4000 us/op
WorkloadActual  258: 1 op, 130100.00 ns, 130.1000 us/op
WorkloadActual  259: 1 op, 109400.00 ns, 109.4000 us/op
WorkloadActual  260: 1 op, 101300.00 ns, 101.3000 us/op
WorkloadActual  261: 1 op, 102400.00 ns, 102.4000 us/op
WorkloadActual  262: 1 op, 142700.00 ns, 142.7000 us/op
WorkloadActual  263: 1 op, 107600.00 ns, 107.6000 us/op
WorkloadActual  264: 1 op, 99900.00 ns, 99.9000 us/op
WorkloadActual  265: 1 op, 101000.00 ns, 101.0000 us/op
WorkloadActual  266: 1 op, 101000.00 ns, 101.0000 us/op
WorkloadActual  267: 1 op, 103800.00 ns, 103.8000 us/op
WorkloadActual  268: 1 op, 99800.00 ns, 99.8000 us/op
WorkloadActual  269: 1 op, 100400.00 ns, 100.4000 us/op
WorkloadActual  270: 1 op, 99100.00 ns, 99.1000 us/op
WorkloadActual  271: 1 op, 99600.00 ns, 99.6000 us/op
WorkloadActual  272: 1 op, 102700.00 ns, 102.7000 us/op
WorkloadActual  273: 1 op, 100300.00 ns, 100.3000 us/op
WorkloadActual  274: 1 op, 99700.00 ns, 99.7000 us/op
WorkloadActual  275: 1 op, 99100.00 ns, 99.1000 us/op
WorkloadActual  276: 1 op, 97900.00 ns, 97.9000 us/op
WorkloadActual  277: 1 op, 99600.00 ns, 99.6000 us/op
WorkloadActual  278: 1 op, 98400.00 ns, 98.4000 us/op
WorkloadActual  279: 1 op, 99300.00 ns, 99.3000 us/op
WorkloadActual  280: 1 op, 105200.00 ns, 105.2000 us/op
WorkloadActual  281: 1 op, 99200.00 ns, 99.2000 us/op
WorkloadActual  282: 1 op, 98700.00 ns, 98.7000 us/op
WorkloadActual  283: 1 op, 99000.00 ns, 99.0000 us/op
WorkloadActual  284: 1 op, 98300.00 ns, 98.3000 us/op
WorkloadActual  285: 1 op, 100700.00 ns, 100.7000 us/op
WorkloadActual  286: 1 op, 99400.00 ns, 99.4000 us/op
WorkloadActual  287: 1 op, 257100.00 ns, 257.1000 us/op
WorkloadActual  288: 1 op, 100000.00 ns, 100.0000 us/op
WorkloadActual  289: 1 op, 102100.00 ns, 102.1000 us/op
WorkloadActual  290: 1 op, 102100.00 ns, 102.1000 us/op
WorkloadActual  291: 1 op, 106700.00 ns, 106.7000 us/op
WorkloadActual  292: 1 op, 102300.00 ns, 102.3000 us/op
WorkloadActual  293: 1 op, 104200.00 ns, 104.2000 us/op
WorkloadActual  294: 1 op, 129500.00 ns, 129.5000 us/op
WorkloadActual  295: 1 op, 199900.00 ns, 199.9000 us/op
WorkloadActual  296: 1 op, 105800.00 ns, 105.8000 us/op
WorkloadActual  297: 1 op, 99900.00 ns, 99.9000 us/op
WorkloadActual  298: 1 op, 100400.00 ns, 100.4000 us/op
WorkloadActual  299: 1 op, 100400.00 ns, 100.4000 us/op
WorkloadActual  300: 1 op, 101000.00 ns, 101.0000 us/op

// AfterActualRun
WorkloadResult   1: 1 op, 106200.00 ns, 106.2000 us/op
WorkloadResult   2: 1 op, 115600.00 ns, 115.6000 us/op
WorkloadResult   3: 1 op, 104000.00 ns, 104.0000 us/op
WorkloadResult   4: 1 op, 111300.00 ns, 111.3000 us/op
WorkloadResult   5: 1 op, 101300.00 ns, 101.3000 us/op
WorkloadResult   6: 1 op, 103400.00 ns, 103.4000 us/op
WorkloadResult   7: 1 op, 101800.00 ns, 101.8000 us/op
WorkloadResult   8: 1 op, 109200.00 ns, 109.2000 us/op
WorkloadResult   9: 1 op, 100900.00 ns, 100.9000 us/op
WorkloadResult  10: 1 op, 101000.00 ns, 101.0000 us/op
WorkloadResult  11: 1 op, 100400.00 ns, 100.4000 us/op
WorkloadResult  12: 1 op, 110700.00 ns, 110.7000 us/op
WorkloadResult  13: 1 op, 100900.00 ns, 100.9000 us/op
WorkloadResult  14: 1 op, 104500.00 ns, 104.5000 us/op
WorkloadResult  15: 1 op, 104000.00 ns, 104.0000 us/op
WorkloadResult  16: 1 op, 112200.00 ns, 112.2000 us/op
WorkloadResult  17: 1 op, 105500.00 ns, 105.5000 us/op
WorkloadResult  18: 1 op, 101200.00 ns, 101.2000 us/op
WorkloadResult  19: 1 op, 109000.00 ns, 109.0000 us/op
WorkloadResult  20: 1 op, 241100.00 ns, 241.1000 us/op
WorkloadResult  21: 1 op, 102600.00 ns, 102.6000 us/op
WorkloadResult  22: 1 op, 132300.00 ns, 132.3000 us/op
WorkloadResult  23: 1 op, 105000.00 ns, 105.0000 us/op
WorkloadResult  24: 1 op, 113200.00 ns, 113.2000 us/op
WorkloadResult  25: 1 op, 101600.00 ns, 101.6000 us/op
WorkloadResult  26: 1 op, 100300.00 ns, 100.3000 us/op
WorkloadResult  27: 1 op, 104800.00 ns, 104.8000 us/op
WorkloadResult  28: 1 op, 112900.00 ns, 112.9000 us/op
WorkloadResult  29: 1 op, 145600.00 ns, 145.6000 us/op
WorkloadResult  30: 1 op, 178100.00 ns, 178.1000 us/op
WorkloadResult  31: 1 op, 101400.00 ns, 101.4000 us/op
WorkloadResult  32: 1 op, 109500.00 ns, 109.5000 us/op
WorkloadResult  33: 1 op, 100200.00 ns, 100.2000 us/op
WorkloadResult  34: 1 op, 101300.00 ns, 101.3000 us/op
WorkloadResult  35: 1 op, 104000.00 ns, 104.0000 us/op
WorkloadResult  36: 1 op, 102000.00 ns, 102.0000 us/op
WorkloadResult  37: 1 op, 101900.00 ns, 101.9000 us/op
WorkloadResult  38: 1 op, 100900.00 ns, 100.9000 us/op
WorkloadResult  39: 1 op, 102100.00 ns, 102.1000 us/op
WorkloadResult  40: 1 op, 101300.00 ns, 101.3000 us/op
WorkloadResult  41: 1 op, 100900.00 ns, 100.9000 us/op
WorkloadResult  42: 1 op, 99400.00 ns, 99.4000 us/op
WorkloadResult  43: 1 op, 105500.00 ns, 105.5000 us/op
WorkloadResult  44: 1 op, 101200.00 ns, 101.2000 us/op
WorkloadResult  45: 1 op, 101700.00 ns, 101.7000 us/op
WorkloadResult  46: 1 op, 101500.00 ns, 101.5000 us/op
WorkloadResult  47: 1 op, 101500.00 ns, 101.5000 us/op
WorkloadResult  48: 1 op, 103800.00 ns, 103.8000 us/op
WorkloadResult  49: 1 op, 161200.00 ns, 161.2000 us/op
WorkloadResult  50: 1 op, 112300.00 ns, 112.3000 us/op
WorkloadResult  51: 1 op, 100900.00 ns, 100.9000 us/op
WorkloadResult  52: 1 op, 102100.00 ns, 102.1000 us/op
WorkloadResult  53: 1 op, 112100.00 ns, 112.1000 us/op
WorkloadResult  54: 1 op, 102800.00 ns, 102.8000 us/op
WorkloadResult  55: 1 op, 112100.00 ns, 112.1000 us/op
WorkloadResult  56: 1 op, 101900.00 ns, 101.9000 us/op
WorkloadResult  57: 1 op, 110900.00 ns, 110.9000 us/op
WorkloadResult  58: 1 op, 100500.00 ns, 100.5000 us/op
WorkloadResult  59: 1 op, 110600.00 ns, 110.6000 us/op
WorkloadResult  60: 1 op, 101100.00 ns, 101.1000 us/op
WorkloadResult  61: 1 op, 100000.00 ns, 100.0000 us/op
WorkloadResult  62: 1 op, 100400.00 ns, 100.4000 us/op
WorkloadResult  63: 1 op, 100700.00 ns, 100.7000 us/op
WorkloadResult  64: 1 op, 104800.00 ns, 104.8000 us/op
WorkloadResult  65: 1 op, 103200.00 ns, 103.2000 us/op
WorkloadResult  66: 1 op, 99900.00 ns, 99.9000 us/op
WorkloadResult  67: 1 op, 100300.00 ns, 100.3000 us/op
WorkloadResult  68: 1 op, 101300.00 ns, 101.3000 us/op
WorkloadResult  69: 1 op, 100800.00 ns, 100.8000 us/op
WorkloadResult  70: 1 op, 100000.00 ns, 100.0000 us/op
WorkloadResult  71: 1 op, 100700.00 ns, 100.7000 us/op
WorkloadResult  72: 1 op, 108000.00 ns, 108.0000 us/op
WorkloadResult  73: 1 op, 100200.00 ns, 100.2000 us/op
WorkloadResult  74: 1 op, 100300.00 ns, 100.3000 us/op
WorkloadResult  75: 1 op, 100000.00 ns, 100.0000 us/op
WorkloadResult  76: 1 op, 101000.00 ns, 101.0000 us/op
WorkloadResult  77: 1 op, 101700.00 ns, 101.7000 us/op
WorkloadResult  78: 1 op, 99800.00 ns, 99.8000 us/op
WorkloadResult  79: 1 op, 104400.00 ns, 104.4000 us/op
WorkloadResult  80: 1 op, 101400.00 ns, 101.4000 us/op
WorkloadResult  81: 1 op, 112700.00 ns, 112.7000 us/op
WorkloadResult  82: 1 op, 102200.00 ns, 102.2000 us/op
WorkloadResult  83: 1 op, 105400.00 ns, 105.4000 us/op
WorkloadResult  84: 1 op, 102000.00 ns, 102.0000 us/op
WorkloadResult  85: 1 op, 103900.00 ns, 103.9000 us/op
WorkloadResult  86: 1 op, 101400.00 ns, 101.4000 us/op
WorkloadResult  87: 1 op, 101400.00 ns, 101.4000 us/op
WorkloadResult  88: 1 op, 99400.00 ns, 99.4000 us/op
WorkloadResult  89: 1 op, 100200.00 ns, 100.2000 us/op
WorkloadResult  90: 1 op, 100400.00 ns, 100.4000 us/op
WorkloadResult  91: 1 op, 100000.00 ns, 100.0000 us/op
WorkloadResult  92: 1 op, 100300.00 ns, 100.3000 us/op
WorkloadResult  93: 1 op, 100700.00 ns, 100.7000 us/op
WorkloadResult  94: 1 op, 107400.00 ns, 107.4000 us/op
WorkloadResult  95: 1 op, 113600.00 ns, 113.6000 us/op
WorkloadResult  96: 1 op, 99100.00 ns, 99.1000 us/op
WorkloadResult  97: 1 op, 99900.00 ns, 99.9000 us/op
WorkloadResult  98: 1 op, 98900.00 ns, 98.9000 us/op
WorkloadResult  99: 1 op, 98000.00 ns, 98.0000 us/op
WorkloadResult  100: 1 op, 97800.00 ns, 97.8000 us/op
WorkloadResult  101: 1 op, 100800.00 ns, 100.8000 us/op
WorkloadResult  102: 1 op, 98500.00 ns, 98.5000 us/op
WorkloadResult  103: 1 op, 100900.00 ns, 100.9000 us/op
WorkloadResult  104: 1 op, 98600.00 ns, 98.6000 us/op
WorkloadResult  105: 1 op, 99500.00 ns, 99.5000 us/op
WorkloadResult  106: 1 op, 98400.00 ns, 98.4000 us/op
WorkloadResult  107: 1 op, 98500.00 ns, 98.5000 us/op
WorkloadResult  108: 1 op, 98900.00 ns, 98.9000 us/op
WorkloadResult  109: 1 op, 98700.00 ns, 98.7000 us/op
WorkloadResult  110: 1 op, 98400.00 ns, 98.4000 us/op
WorkloadResult  111: 1 op, 99700.00 ns, 99.7000 us/op
WorkloadResult  112: 1 op, 101200.00 ns, 101.2000 us/op
WorkloadResult  113: 1 op, 101800.00 ns, 101.8000 us/op
WorkloadResult  114: 1 op, 98200.00 ns, 98.2000 us/op
WorkloadResult  115: 1 op, 134900.00 ns, 134.9000 us/op
WorkloadResult  116: 1 op, 104400.00 ns, 104.4000 us/op
WorkloadResult  117: 1 op, 94700.00 ns, 94.7000 us/op
WorkloadResult  118: 1 op, 104500.00 ns, 104.5000 us/op
WorkloadResult  119: 1 op, 101900.00 ns, 101.9000 us/op
WorkloadResult  120: 1 op, 107800.00 ns, 107.8000 us/op
WorkloadResult  121: 1 op, 106100.00 ns, 106.1000 us/op
WorkloadResult  122: 1 op, 101700.00 ns, 101.7000 us/op
WorkloadResult  123: 1 op, 103200.00 ns, 103.2000 us/op
WorkloadResult  124: 1 op, 103200.00 ns, 103.2000 us/op
WorkloadResult  125: 1 op, 100900.00 ns, 100.9000 us/op
WorkloadResult  126: 1 op, 110600.00 ns, 110.6000 us/op
WorkloadResult  127: 1 op, 101600.00 ns, 101.6000 us/op
WorkloadResult  128: 1 op, 156900.00 ns, 156.9000 us/op
WorkloadResult  129: 1 op, 100400.00 ns, 100.4000 us/op
WorkloadResult  130: 1 op, 100500.00 ns, 100.5000 us/op
WorkloadResult  131: 1 op, 102500.00 ns, 102.5000 us/op
WorkloadResult  132: 1 op, 112600.00 ns, 112.6000 us/op
WorkloadResult  133: 1 op, 101000.00 ns, 101.0000 us/op
WorkloadResult  134: 1 op, 101000.00 ns, 101.0000 us/op
WorkloadResult  135: 1 op, 164900.00 ns, 164.9000 us/op
WorkloadResult  136: 1 op, 216200.00 ns, 216.2000 us/op
WorkloadResult  137: 1 op, 456800.00 ns, 456.8000 us/op
WorkloadResult  138: 1 op, 423400.00 ns, 423.4000 us/op
WorkloadResult  139: 1 op, 143300.00 ns, 143.3000 us/op
WorkloadResult  140: 1 op, 219900.00 ns, 219.9000 us/op
WorkloadResult  141: 1 op, 474200.00 ns, 474.2000 us/op
WorkloadResult  142: 1 op, 306000.00 ns, 306.0000 us/op
WorkloadResult  143: 1 op, 219200.00 ns, 219.2000 us/op
WorkloadResult  144: 1 op, 103100.00 ns, 103.1000 us/op
WorkloadResult  145: 1 op, 107200.00 ns, 107.2000 us/op
WorkloadResult  146: 1 op, 101200.00 ns, 101.2000 us/op
WorkloadResult  147: 1 op, 113400.00 ns, 113.4000 us/op
WorkloadResult  148: 1 op, 104000.00 ns, 104.0000 us/op
WorkloadResult  149: 1 op, 101200.00 ns, 101.2000 us/op
WorkloadResult  150: 1 op, 159100.00 ns, 159.1000 us/op
WorkloadResult  151: 1 op, 107300.00 ns, 107.3000 us/op
WorkloadResult  152: 1 op, 101400.00 ns, 101.4000 us/op
WorkloadResult  153: 1 op, 100800.00 ns, 100.8000 us/op
WorkloadResult  154: 1 op, 99700.00 ns, 99.7000 us/op
WorkloadResult  155: 1 op, 100500.00 ns, 100.5000 us/op
WorkloadResult  156: 1 op, 99300.00 ns, 99.3000 us/op
WorkloadResult  157: 1 op, 99600.00 ns, 99.6000 us/op
WorkloadResult  158: 1 op, 103600.00 ns, 103.6000 us/op
WorkloadResult  159: 1 op, 93600.00 ns, 93.6000 us/op
WorkloadResult  160: 1 op, 99300.00 ns, 99.3000 us/op
WorkloadResult  161: 1 op, 134900.00 ns, 134.9000 us/op
WorkloadResult  162: 1 op, 102100.00 ns, 102.1000 us/op
WorkloadResult  163: 1 op, 104200.00 ns, 104.2000 us/op
WorkloadResult  164: 1 op, 104500.00 ns, 104.5000 us/op
WorkloadResult  165: 1 op, 95500.00 ns, 95.5000 us/op
WorkloadResult  166: 1 op, 108200.00 ns, 108.2000 us/op
WorkloadResult  167: 1 op, 100400.00 ns, 100.4000 us/op
WorkloadResult  168: 1 op, 99600.00 ns, 99.6000 us/op
WorkloadResult  169: 1 op, 101100.00 ns, 101.1000 us/op
WorkloadResult  170: 1 op, 101100.00 ns, 101.1000 us/op
WorkloadResult  171: 1 op, 101200.00 ns, 101.2000 us/op
WorkloadResult  172: 1 op, 100800.00 ns, 100.8000 us/op
WorkloadResult  173: 1 op, 100500.00 ns, 100.5000 us/op
WorkloadResult  174: 1 op, 101500.00 ns, 101.5000 us/op
WorkloadResult  175: 1 op, 103700.00 ns, 103.7000 us/op
WorkloadResult  176: 1 op, 101300.00 ns, 101.3000 us/op
WorkloadResult  177: 1 op, 100700.00 ns, 100.7000 us/op
WorkloadResult  178: 1 op, 100200.00 ns, 100.2000 us/op
WorkloadResult  179: 1 op, 101600.00 ns, 101.6000 us/op
WorkloadResult  180: 1 op, 100600.00 ns, 100.6000 us/op
WorkloadResult  181: 1 op, 100100.00 ns, 100.1000 us/op
WorkloadResult  182: 1 op, 105400.00 ns, 105.4000 us/op
WorkloadResult  183: 1 op, 110300.00 ns, 110.3000 us/op
WorkloadResult  184: 1 op, 104800.00 ns, 104.8000 us/op
WorkloadResult  185: 1 op, 101800.00 ns, 101.8000 us/op
WorkloadResult  186: 1 op, 100600.00 ns, 100.6000 us/op
WorkloadResult  187: 1 op, 100800.00 ns, 100.8000 us/op
WorkloadResult  188: 1 op, 100300.00 ns, 100.3000 us/op
WorkloadResult  189: 1 op, 104200.00 ns, 104.2000 us/op
WorkloadResult  190: 1 op, 100800.00 ns, 100.8000 us/op
WorkloadResult  191: 1 op, 100800.00 ns, 100.8000 us/op
WorkloadResult  192: 1 op, 104600.00 ns, 104.6000 us/op
WorkloadResult  193: 1 op, 100400.00 ns, 100.4000 us/op
WorkloadResult  194: 1 op, 101100.00 ns, 101.1000 us/op
WorkloadResult  195: 1 op, 100100.00 ns, 100.1000 us/op
WorkloadResult  196: 1 op, 99500.00 ns, 99.5000 us/op
WorkloadResult  197: 1 op, 103200.00 ns, 103.2000 us/op
WorkloadResult  198: 1 op, 142200.00 ns, 142.2000 us/op
WorkloadResult  199: 1 op, 105100.00 ns, 105.1000 us/op
WorkloadResult  200: 1 op, 107300.00 ns, 107.3000 us/op
WorkloadResult  201: 1 op, 106000.00 ns, 106.0000 us/op
WorkloadResult  202: 1 op, 101800.00 ns, 101.8000 us/op
WorkloadResult  203: 1 op, 101500.00 ns, 101.5000 us/op
WorkloadResult  204: 1 op, 100700.00 ns, 100.7000 us/op
WorkloadResult  205: 1 op, 101600.00 ns, 101.6000 us/op
WorkloadResult  206: 1 op, 99800.00 ns, 99.8000 us/op
WorkloadResult  207: 1 op, 100300.00 ns, 100.3000 us/op
WorkloadResult  208: 1 op, 100100.00 ns, 100.1000 us/op
WorkloadResult  209: 1 op, 103300.00 ns, 103.3000 us/op
WorkloadResult  210: 1 op, 101100.00 ns, 101.1000 us/op
WorkloadResult  211: 1 op, 100500.00 ns, 100.5000 us/op
WorkloadResult  212: 1 op, 99700.00 ns, 99.7000 us/op
WorkloadResult  213: 1 op, 100800.00 ns, 100.8000 us/op
WorkloadResult  214: 1 op, 99900.00 ns, 99.9000 us/op
WorkloadResult  215: 1 op, 103500.00 ns, 103.5000 us/op
WorkloadResult  216: 1 op, 99900.00 ns, 99.9000 us/op
WorkloadResult  217: 1 op, 171500.00 ns, 171.5000 us/op
WorkloadResult  218: 1 op, 99100.00 ns, 99.1000 us/op
WorkloadResult  219: 1 op, 98600.00 ns, 98.6000 us/op
WorkloadResult  220: 1 op, 142000.00 ns, 142.0000 us/op
WorkloadResult  221: 1 op, 159000.00 ns, 159.0000 us/op
WorkloadResult  222: 1 op, 101900.00 ns, 101.9000 us/op
WorkloadResult  223: 1 op, 100000.00 ns, 100.0000 us/op
WorkloadResult  224: 1 op, 103700.00 ns, 103.7000 us/op
WorkloadResult  225: 1 op, 100400.00 ns, 100.4000 us/op
WorkloadResult  226: 1 op, 102700.00 ns, 102.7000 us/op
WorkloadResult  227: 1 op, 100500.00 ns, 100.5000 us/op
WorkloadResult  228: 1 op, 101000.00 ns, 101.0000 us/op
WorkloadResult  229: 1 op, 105800.00 ns, 105.8000 us/op
WorkloadResult  230: 1 op, 101400.00 ns, 101.4000 us/op
WorkloadResult  231: 1 op, 101400.00 ns, 101.4000 us/op
WorkloadResult  232: 1 op, 101100.00 ns, 101.1000 us/op
WorkloadResult  233: 1 op, 104300.00 ns, 104.3000 us/op
WorkloadResult  234: 1 op, 102700.00 ns, 102.7000 us/op
WorkloadResult  235: 1 op, 100500.00 ns, 100.5000 us/op
WorkloadResult  236: 1 op, 99300.00 ns, 99.3000 us/op
WorkloadResult  237: 1 op, 100400.00 ns, 100.4000 us/op
WorkloadResult  238: 1 op, 99200.00 ns, 99.2000 us/op
WorkloadResult  239: 1 op, 100600.00 ns, 100.6000 us/op
WorkloadResult  240: 1 op, 99800.00 ns, 99.8000 us/op
WorkloadResult  241: 1 op, 101900.00 ns, 101.9000 us/op
WorkloadResult  242: 1 op, 100300.00 ns, 100.3000 us/op
WorkloadResult  243: 1 op, 104600.00 ns, 104.6000 us/op
WorkloadResult  244: 1 op, 100800.00 ns, 100.8000 us/op
WorkloadResult  245: 1 op, 102400.00 ns, 102.4000 us/op
WorkloadResult  246: 1 op, 101100.00 ns, 101.1000 us/op
WorkloadResult  247: 1 op, 100600.00 ns, 100.6000 us/op
WorkloadResult  248: 1 op, 98600.00 ns, 98.6000 us/op
WorkloadResult  249: 1 op, 100700.00 ns, 100.7000 us/op
WorkloadResult  250: 1 op, 99700.00 ns, 99.7000 us/op
WorkloadResult  251: 1 op, 104000.00 ns, 104.0000 us/op
WorkloadResult  252: 1 op, 103600.00 ns, 103.6000 us/op
WorkloadResult  253: 1 op, 105700.00 ns, 105.7000 us/op
WorkloadResult  254: 1 op, 100500.00 ns, 100.5000 us/op
WorkloadResult  255: 1 op, 100500.00 ns, 100.5000 us/op
WorkloadResult  256: 1 op, 152600.00 ns, 152.6000 us/op
WorkloadResult  257: 1 op, 178300.00 ns, 178.3000 us/op
WorkloadResult  258: 1 op, 130000.00 ns, 130.0000 us/op
WorkloadResult  259: 1 op, 109300.00 ns, 109.3000 us/op
WorkloadResult  260: 1 op, 101200.00 ns, 101.2000 us/op
WorkloadResult  261: 1 op, 102300.00 ns, 102.3000 us/op
WorkloadResult  262: 1 op, 142600.00 ns, 142.6000 us/op
WorkloadResult  263: 1 op, 107500.00 ns, 107.5000 us/op
WorkloadResult  264: 1 op, 99800.00 ns, 99.8000 us/op
WorkloadResult  265: 1 op, 100900.00 ns, 100.9000 us/op
WorkloadResult  266: 1 op, 100900.00 ns, 100.9000 us/op
WorkloadResult  267: 1 op, 103700.00 ns, 103.7000 us/op
WorkloadResult  268: 1 op, 99700.00 ns, 99.7000 us/op
WorkloadResult  269: 1 op, 100300.00 ns, 100.3000 us/op
WorkloadResult  270: 1 op, 99000.00 ns, 99.0000 us/op
WorkloadResult  271: 1 op, 99500.00 ns, 99.5000 us/op
WorkloadResult  272: 1 op, 102600.00 ns, 102.6000 us/op
WorkloadResult  273: 1 op, 100200.00 ns, 100.2000 us/op
WorkloadResult  274: 1 op, 99600.00 ns, 99.6000 us/op
WorkloadResult  275: 1 op, 99000.00 ns, 99.0000 us/op
WorkloadResult  276: 1 op, 97800.00 ns, 97.8000 us/op
WorkloadResult  277: 1 op, 99500.00 ns, 99.5000 us/op
WorkloadResult  278: 1 op, 98300.00 ns, 98.3000 us/op
WorkloadResult  279: 1 op, 99200.00 ns, 99.2000 us/op
WorkloadResult  280: 1 op, 105100.00 ns, 105.1000 us/op
WorkloadResult  281: 1 op, 99100.00 ns, 99.1000 us/op
WorkloadResult  282: 1 op, 98600.00 ns, 98.6000 us/op
WorkloadResult  283: 1 op, 98900.00 ns, 98.9000 us/op
WorkloadResult  284: 1 op, 98200.00 ns, 98.2000 us/op
WorkloadResult  285: 1 op, 100600.00 ns, 100.6000 us/op
WorkloadResult  286: 1 op, 99300.00 ns, 99.3000 us/op
WorkloadResult  287: 1 op, 257000.00 ns, 257.0000 us/op
WorkloadResult  288: 1 op, 99900.00 ns, 99.9000 us/op
WorkloadResult  289: 1 op, 102000.00 ns, 102.0000 us/op
WorkloadResult  290: 1 op, 102000.00 ns, 102.0000 us/op
WorkloadResult  291: 1 op, 106600.00 ns, 106.6000 us/op
WorkloadResult  292: 1 op, 102200.00 ns, 102.2000 us/op
WorkloadResult  293: 1 op, 104100.00 ns, 104.1000 us/op
WorkloadResult  294: 1 op, 129400.00 ns, 129.4000 us/op
WorkloadResult  295: 1 op, 199800.00 ns, 199.8000 us/op
WorkloadResult  296: 1 op, 105700.00 ns, 105.7000 us/op
WorkloadResult  297: 1 op, 99800.00 ns, 99.8000 us/op
WorkloadResult  298: 1 op, 100300.00 ns, 100.3000 us/op
WorkloadResult  299: 1 op, 100300.00 ns, 100.3000 us/op
WorkloadResult  300: 1 op, 100900.00 ns, 100.9000 us/op
// GC:  0 0 0 51720 1
// Threading:  3 0 1

// AfterAll
// Benchmark Process 112692 has exited with code 0.
// Launch: 2 / 2
// Execute: dotnet Dekaf.Benchmarks-A_Published-1.dll --anonymousPipes 1544 1604 --benchmarkName Dekaf.Benchmarks.PartitionedShutdownBenchmarks.DrainFullQueue --job C_PublishedControl --benchmarkId 1 in C:\git\Dekaf-perf-improvements-20260907\pr-3109\comparison-long\bin\Release\net10.0\Dekaf.Benchmarks-A_Published-1\bin\Release\net10.0
// BeforeAnythingElse

// Benchmark Process Environment Information:
// BenchmarkDotNet v0.15.8
// Runtime=.NET 10.0.11 (10.0.11, 10.0.1126.37416), X64 RyuJIT x86-64-v3
// GC=Concurrent Workstation
// HardwareIntrinsics=AVX2+BMI1+BMI2+F16C+FMA+LZCNT+MOVBE,AVX,SSE3+SSSE3+SSE4.1+SSE4.2+POPCNT,X86Base+SSE+SSE2,AES+PCLMUL,AvxVnni,SERIALIZE VectorSize=256
// Job: C_PublishedControl(OutlierMode=DontRemove, Affinity=100, InvocationCount=1, IterationCount=300, LaunchCount=2, UnrollFactor=1, WarmupCount=30)

OverheadJitting  1: 1 op, 109800.00 ns, 109.8000 us/op
WorkloadJitting  1: 1 op, 41629800.00 ns, 41.6298 ms/op

OverheadWarmup   1: 1 op, 300.00 ns, 300.0000 ns/op
OverheadWarmup   2: 1 op, 200.00 ns, 200.0000 ns/op
OverheadWarmup   3: 1 op, 100.00 ns, 100.0000 ns/op
OverheadWarmup   4: 1 op, 100.00 ns, 100.0000 ns/op
OverheadWarmup   5: 1 op, 100.00 ns, 100.0000 ns/op
OverheadWarmup   6: 1 op, 100.00 ns, 100.0000 ns/op
OverheadWarmup   7: 1 op, 100.00 ns, 100.0000 ns/op

OverheadActual   1: 1 op, 500.00 ns, 500.0000 ns/op
OverheadActual   2: 1 op, 500.00 ns, 500.0000 ns/op
OverheadActual   3: 1 op, 300.00 ns, 300.0000 ns/op
OverheadActual   4: 1 op, 100.00 ns, 100.0000 ns/op
OverheadActual   5: 1 op, 200.00 ns, 200.0000 ns/op
OverheadActual   6: 1 op, 200.00 ns, 200.0000 ns/op
OverheadActual   7: 1 op, 200.00 ns, 200.0000 ns/op
OverheadActual   8: 1 op, 200.00 ns, 200.0000 ns/op
OverheadActual   9: 1 op, 200.00 ns, 200.0000 ns/op
OverheadActual  10: 1 op, 200.00 ns, 200.0000 ns/op
OverheadActual  11: 1 op, 100.00 ns, 100.0000 ns/op
OverheadActual  12: 1 op, 200.00 ns, 200.0000 ns/op
OverheadActual  13: 1 op, 100.00 ns, 100.0000 ns/op
OverheadActual  14: 1 op, 100.00 ns, 100.0000 ns/op
OverheadActual  15: 1 op, 100.00 ns, 100.0000 ns/op
OverheadActual  16: 1 op, 100.00 ns, 100.0000 ns/op
OverheadActual  17: 1 op, 100.00 ns, 100.0000 ns/op
OverheadActual  18: 1 op, 100.00 ns, 100.0000 ns/op
OverheadActual  19: 1 op, 100.00 ns, 100.0000 ns/op
OverheadActual  20: 1 op, 100.00 ns, 100.0000 ns/op

WorkloadWarmup   1: 1 op, 153700.00 ns, 153.7000 us/op
WorkloadWarmup   2: 1 op, 100700.00 ns, 100.7000 us/op
WorkloadWarmup   3: 1 op, 99000.00 ns, 99.0000 us/op
WorkloadWarmup   4: 1 op, 95400.00 ns, 95.4000 us/op
WorkloadWarmup   5: 1 op, 96500.00 ns, 96.5000 us/op
WorkloadWarmup   6: 1 op, 97000.00 ns, 97.0000 us/op
WorkloadWarmup   7: 1 op, 96100.00 ns, 96.1000 us/op
WorkloadWarmup   8: 1 op, 95200.00 ns, 95.2000 us/op
WorkloadWarmup   9: 1 op, 103800.00 ns, 103.8000 us/op
WorkloadWarmup  10: 1 op, 95600.00 ns, 95.6000 us/op
WorkloadWarmup  11: 1 op, 95700.00 ns, 95.7000 us/op
WorkloadWarmup  12: 1 op, 100100.00 ns, 100.1000 us/op
WorkloadWarmup  13: 1 op, 95700.00 ns, 95.7000 us/op
WorkloadWarmup  14: 1 op, 96900.00 ns, 96.9000 us/op
WorkloadWarmup  15: 1 op, 96900.00 ns, 96.9000 us/op
WorkloadWarmup  16: 1 op, 94800.00 ns, 94.8000 us/op
WorkloadWarmup  17: 1 op, 96000.00 ns, 96.0000 us/op
WorkloadWarmup  18: 1 op, 96400.00 ns, 96.4000 us/op
WorkloadWarmup  19: 1 op, 99600.00 ns, 99.6000 us/op
WorkloadWarmup  20: 1 op, 97000.00 ns, 97.0000 us/op
WorkloadWarmup  21: 1 op, 95600.00 ns, 95.6000 us/op
WorkloadWarmup  22: 1 op, 95400.00 ns, 95.4000 us/op
WorkloadWarmup  23: 1 op, 95100.00 ns, 95.1000 us/op
WorkloadWarmup  24: 1 op, 95300.00 ns, 95.3000 us/op
WorkloadWarmup  25: 1 op, 95000.00 ns, 95.0000 us/op
WorkloadWarmup  26: 1 op, 95400.00 ns, 95.4000 us/op
WorkloadWarmup  27: 1 op, 100400.00 ns, 100.4000 us/op
WorkloadWarmup  28: 1 op, 96100.00 ns, 96.1000 us/op
WorkloadWarmup  29: 1 op, 96400.00 ns, 96.4000 us/op
WorkloadWarmup  30: 1 op, 94600.00 ns, 94.6000 us/op

// BeforeActualRun
WorkloadActual   1: 1 op, 100000.00 ns, 100.0000 us/op
WorkloadActual   2: 1 op, 97400.00 ns, 97.4000 us/op
WorkloadActual   3: 1 op, 97000.00 ns, 97.0000 us/op
WorkloadActual   4: 1 op, 98200.00 ns, 98.2000 us/op
WorkloadActual   5: 1 op, 97800.00 ns, 97.8000 us/op
WorkloadActual   6: 1 op, 97500.00 ns, 97.5000 us/op
WorkloadActual   7: 1 op, 96200.00 ns, 96.2000 us/op
WorkloadActual   8: 1 op, 94500.00 ns, 94.5000 us/op
WorkloadActual   9: 1 op, 96700.00 ns, 96.7000 us/op
WorkloadActual  10: 1 op, 95200.00 ns, 95.2000 us/op
WorkloadActual  11: 1 op, 96100.00 ns, 96.1000 us/op
WorkloadActual  12: 1 op, 95700.00 ns, 95.7000 us/op
WorkloadActual  13: 1 op, 94900.00 ns, 94.9000 us/op
WorkloadActual  14: 1 op, 96500.00 ns, 96.5000 us/op
WorkloadActual  15: 1 op, 95600.00 ns, 95.6000 us/op
WorkloadActual  16: 1 op, 89500.00 ns, 89.5000 us/op
WorkloadActual  17: 1 op, 89200.00 ns, 89.2000 us/op
WorkloadActual  18: 1 op, 95900.00 ns, 95.9000 us/op
WorkloadActual  19: 1 op, 98000.00 ns, 98.0000 us/op
WorkloadActual  20: 1 op, 95900.00 ns, 95.9000 us/op
WorkloadActual  21: 1 op, 96700.00 ns, 96.7000 us/op
WorkloadActual  22: 1 op, 96300.00 ns, 96.3000 us/op
WorkloadActual  23: 1 op, 100600.00 ns, 100.6000 us/op
WorkloadActual  24: 1 op, 125300.00 ns, 125.3000 us/op
WorkloadActual  25: 1 op, 104400.00 ns, 104.4000 us/op
WorkloadActual  26: 1 op, 97900.00 ns, 97.9000 us/op
WorkloadActual  27: 1 op, 102700.00 ns, 102.7000 us/op
WorkloadActual  28: 1 op, 94900.00 ns, 94.9000 us/op
WorkloadActual  29: 1 op, 94700.00 ns, 94.7000 us/op
WorkloadActual  30: 1 op, 95400.00 ns, 95.4000 us/op
WorkloadActual  31: 1 op, 95700.00 ns, 95.7000 us/op
WorkloadActual  32: 1 op, 101600.00 ns, 101.6000 us/op
WorkloadActual  33: 1 op, 95400.00 ns, 95.4000 us/op
WorkloadActual  34: 1 op, 96200.00 ns, 96.2000 us/op
WorkloadActual  35: 1 op, 94500.00 ns, 94.5000 us/op
WorkloadActual  36: 1 op, 96000.00 ns, 96.0000 us/op
WorkloadActual  37: 1 op, 97000.00 ns, 97.0000 us/op
WorkloadActual  38: 1 op, 96300.00 ns, 96.3000 us/op
WorkloadActual  39: 1 op, 96500.00 ns, 96.5000 us/op
WorkloadActual  40: 1 op, 95800.00 ns, 95.8000 us/op
WorkloadActual  41: 1 op, 95700.00 ns, 95.7000 us/op
WorkloadActual  42: 1 op, 96100.00 ns, 96.1000 us/op
WorkloadActual  43: 1 op, 98600.00 ns, 98.6000 us/op
WorkloadActual  44: 1 op, 95800.00 ns, 95.8000 us/op
WorkloadActual  45: 1 op, 96000.00 ns, 96.0000 us/op
WorkloadActual  46: 1 op, 96100.00 ns, 96.1000 us/op
WorkloadActual  47: 1 op, 94900.00 ns, 94.9000 us/op
WorkloadActual  48: 1 op, 95400.00 ns, 95.4000 us/op
WorkloadActual  49: 1 op, 95000.00 ns, 95.0000 us/op
WorkloadActual  50: 1 op, 95100.00 ns, 95.1000 us/op
WorkloadActual  51: 1 op, 101000.00 ns, 101.0000 us/op
WorkloadActual  52: 1 op, 96600.00 ns, 96.6000 us/op
WorkloadActual  53: 1 op, 95000.00 ns, 95.0000 us/op
WorkloadActual  54: 1 op, 95500.00 ns, 95.5000 us/op
WorkloadActual  55: 1 op, 95900.00 ns, 95.9000 us/op
WorkloadActual  56: 1 op, 98000.00 ns, 98.0000 us/op
WorkloadActual  57: 1 op, 100500.00 ns, 100.5000 us/op
WorkloadActual  58: 1 op, 105000.00 ns, 105.0000 us/op
WorkloadActual  59: 1 op, 97100.00 ns, 97.1000 us/op
WorkloadActual  60: 1 op, 98800.00 ns, 98.8000 us/op
WorkloadActual  61: 1 op, 117900.00 ns, 117.9000 us/op
WorkloadActual  62: 1 op, 96400.00 ns, 96.4000 us/op
WorkloadActual  63: 1 op, 95700.00 ns, 95.7000 us/op
WorkloadActual  64: 1 op, 96300.00 ns, 96.3000 us/op
WorkloadActual  65: 1 op, 96000.00 ns, 96.0000 us/op
WorkloadActual  66: 1 op, 96300.00 ns, 96.3000 us/op
WorkloadActual  67: 1 op, 96400.00 ns, 96.4000 us/op
WorkloadActual  68: 1 op, 97100.00 ns, 97.1000 us/op
WorkloadActual  69: 1 op, 99600.00 ns, 99.6000 us/op
WorkloadActual  70: 1 op, 152100.00 ns, 152.1000 us/op
WorkloadActual  71: 1 op, 96000.00 ns, 96.0000 us/op
WorkloadActual  72: 1 op, 95900.00 ns, 95.9000 us/op
WorkloadActual  73: 1 op, 95600.00 ns, 95.6000 us/op
WorkloadActual  74: 1 op, 95300.00 ns, 95.3000 us/op
WorkloadActual  75: 1 op, 95100.00 ns, 95.1000 us/op
WorkloadActual  76: 1 op, 94400.00 ns, 94.4000 us/op
WorkloadActual  77: 1 op, 96800.00 ns, 96.8000 us/op
WorkloadActual  78: 1 op, 102700.00 ns, 102.7000 us/op
WorkloadActual  79: 1 op, 98400.00 ns, 98.4000 us/op
WorkloadActual  80: 1 op, 97100.00 ns, 97.1000 us/op
WorkloadActual  81: 1 op, 97200.00 ns, 97.2000 us/op
WorkloadActual  82: 1 op, 96200.00 ns, 96.2000 us/op
WorkloadActual  83: 1 op, 98100.00 ns, 98.1000 us/op
WorkloadActual  84: 1 op, 96600.00 ns, 96.6000 us/op
WorkloadActual  85: 1 op, 95100.00 ns, 95.1000 us/op
WorkloadActual  86: 1 op, 94400.00 ns, 94.4000 us/op
WorkloadActual  87: 1 op, 310700.00 ns, 310.7000 us/op
WorkloadActual  88: 1 op, 96300.00 ns, 96.3000 us/op
WorkloadActual  89: 1 op, 94700.00 ns, 94.7000 us/op
WorkloadActual  90: 1 op, 96100.00 ns, 96.1000 us/op
WorkloadActual  91: 1 op, 95300.00 ns, 95.3000 us/op
WorkloadActual  92: 1 op, 95800.00 ns, 95.8000 us/op
WorkloadActual  93: 1 op, 96800.00 ns, 96.8000 us/op
WorkloadActual  94: 1 op, 102100.00 ns, 102.1000 us/op
WorkloadActual  95: 1 op, 110500.00 ns, 110.5000 us/op
WorkloadActual  96: 1 op, 142300.00 ns, 142.3000 us/op
WorkloadActual  97: 1 op, 102300.00 ns, 102.3000 us/op
WorkloadActual  98: 1 op, 97000.00 ns, 97.0000 us/op
WorkloadActual  99: 1 op, 96100.00 ns, 96.1000 us/op
WorkloadActual  100: 1 op, 102000.00 ns, 102.0000 us/op
WorkloadActual  101: 1 op, 97500.00 ns, 97.5000 us/op
WorkloadActual  102: 1 op, 97000.00 ns, 97.0000 us/op
WorkloadActual  103: 1 op, 188600.00 ns, 188.6000 us/op
WorkloadActual  104: 1 op, 96100.00 ns, 96.1000 us/op
WorkloadActual  105: 1 op, 99700.00 ns, 99.7000 us/op
WorkloadActual  106: 1 op, 97100.00 ns, 97.1000 us/op
WorkloadActual  107: 1 op, 99500.00 ns, 99.5000 us/op
WorkloadActual  108: 1 op, 97900.00 ns, 97.9000 us/op
WorkloadActual  109: 1 op, 97700.00 ns, 97.7000 us/op
WorkloadActual  110: 1 op, 101500.00 ns, 101.5000 us/op
WorkloadActual  111: 1 op, 97500.00 ns, 97.5000 us/op
WorkloadActual  112: 1 op, 96800.00 ns, 96.8000 us/op
WorkloadActual  113: 1 op, 95100.00 ns, 95.1000 us/op
WorkloadActual  114: 1 op, 96100.00 ns, 96.1000 us/op
WorkloadActual  115: 1 op, 96300.00 ns, 96.3000 us/op
WorkloadActual  116: 1 op, 96600.00 ns, 96.6000 us/op
WorkloadActual  117: 1 op, 96000.00 ns, 96.0000 us/op
WorkloadActual  118: 1 op, 96000.00 ns, 96.0000 us/op
WorkloadActual  119: 1 op, 95500.00 ns, 95.5000 us/op
WorkloadActual  120: 1 op, 95700.00 ns, 95.7000 us/op
WorkloadActual  121: 1 op, 102400.00 ns, 102.4000 us/op
WorkloadActual  122: 1 op, 95900.00 ns, 95.9000 us/op
WorkloadActual  123: 1 op, 95200.00 ns, 95.2000 us/op
WorkloadActual  124: 1 op, 96000.00 ns, 96.0000 us/op
WorkloadActual  125: 1 op, 95200.00 ns, 95.2000 us/op
WorkloadActual  126: 1 op, 98500.00 ns, 98.5000 us/op
WorkloadActual  127: 1 op, 95700.00 ns, 95.7000 us/op
WorkloadActual  128: 1 op, 95100.00 ns, 95.1000 us/op
WorkloadActual  129: 1 op, 95400.00 ns, 95.4000 us/op
WorkloadActual  130: 1 op, 170100.00 ns, 170.1000 us/op
WorkloadActual  131: 1 op, 96600.00 ns, 96.6000 us/op
WorkloadActual  132: 1 op, 98200.00 ns, 98.2000 us/op
WorkloadActual  133: 1 op, 97500.00 ns, 97.5000 us/op
WorkloadActual  134: 1 op, 96000.00 ns, 96.0000 us/op
WorkloadActual  135: 1 op, 97800.00 ns, 97.8000 us/op
WorkloadActual  136: 1 op, 96700.00 ns, 96.7000 us/op
WorkloadActual  137: 1 op, 95800.00 ns, 95.8000 us/op
WorkloadActual  138: 1 op, 95600.00 ns, 95.6000 us/op
WorkloadActual  139: 1 op, 94800.00 ns, 94.8000 us/op
WorkloadActual  140: 1 op, 96400.00 ns, 96.4000 us/op
WorkloadActual  141: 1 op, 100100.00 ns, 100.1000 us/op
WorkloadActual  142: 1 op, 95700.00 ns, 95.7000 us/op
WorkloadActual  143: 1 op, 95600.00 ns, 95.6000 us/op
WorkloadActual  144: 1 op, 98100.00 ns, 98.1000 us/op
WorkloadActual  145: 1 op, 95700.00 ns, 95.7000 us/op
WorkloadActual  146: 1 op, 138900.00 ns, 138.9000 us/op
WorkloadActual  147: 1 op, 94900.00 ns, 94.9000 us/op
WorkloadActual  148: 1 op, 94200.00 ns, 94.2000 us/op
WorkloadActual  149: 1 op, 96000.00 ns, 96.0000 us/op
WorkloadActual  150: 1 op, 95700.00 ns, 95.7000 us/op
WorkloadActual  151: 1 op, 95700.00 ns, 95.7000 us/op
WorkloadActual  152: 1 op, 95200.00 ns, 95.2000 us/op
WorkloadActual  153: 1 op, 103300.00 ns, 103.3000 us/op
WorkloadActual  154: 1 op, 95700.00 ns, 95.7000 us/op
WorkloadActual  155: 1 op, 95200.00 ns, 95.2000 us/op
WorkloadActual  156: 1 op, 95400.00 ns, 95.4000 us/op
WorkloadActual  157: 1 op, 95300.00 ns, 95.3000 us/op
WorkloadActual  158: 1 op, 99300.00 ns, 99.3000 us/op
WorkloadActual  159: 1 op, 95100.00 ns, 95.1000 us/op
WorkloadActual  160: 1 op, 96300.00 ns, 96.3000 us/op
WorkloadActual  161: 1 op, 95300.00 ns, 95.3000 us/op
WorkloadActual  162: 1 op, 94700.00 ns, 94.7000 us/op
WorkloadActual  163: 1 op, 94900.00 ns, 94.9000 us/op
WorkloadActual  164: 1 op, 95100.00 ns, 95.1000 us/op
WorkloadActual  165: 1 op, 90000.00 ns, 90.0000 us/op
WorkloadActual  166: 1 op, 98000.00 ns, 98.0000 us/op
WorkloadActual  167: 1 op, 98000.00 ns, 98.0000 us/op
WorkloadActual  168: 1 op, 109000.00 ns, 109.0000 us/op
WorkloadActual  169: 1 op, 95800.00 ns, 95.8000 us/op
WorkloadActual  170: 1 op, 98100.00 ns, 98.1000 us/op
WorkloadActual  171: 1 op, 108200.00 ns, 108.2000 us/op
WorkloadActual  172: 1 op, 97400.00 ns, 97.4000 us/op
WorkloadActual  173: 1 op, 95300.00 ns, 95.3000 us/op
WorkloadActual  174: 1 op, 97000.00 ns, 97.0000 us/op
WorkloadActual  175: 1 op, 96800.00 ns, 96.8000 us/op
WorkloadActual  176: 1 op, 175200.00 ns, 175.2000 us/op
WorkloadActual  177: 1 op, 96700.00 ns, 96.7000 us/op
WorkloadActual  178: 1 op, 95900.00 ns, 95.9000 us/op
WorkloadActual  179: 1 op, 95500.00 ns, 95.5000 us/op
WorkloadActual  180: 1 op, 94600.00 ns, 94.6000 us/op
WorkloadActual  181: 1 op, 96300.00 ns, 96.3000 us/op
WorkloadActual  182: 1 op, 147700.00 ns, 147.7000 us/op
WorkloadActual  183: 1 op, 101800.00 ns, 101.8000 us/op
WorkloadActual  184: 1 op, 147400.00 ns, 147.4000 us/op
WorkloadActual  185: 1 op, 96700.00 ns, 96.7000 us/op
WorkloadActual  186: 1 op, 96700.00 ns, 96.7000 us/op
WorkloadActual  187: 1 op, 96300.00 ns, 96.3000 us/op
WorkloadActual  188: 1 op, 95700.00 ns, 95.7000 us/op
WorkloadActual  189: 1 op, 96000.00 ns, 96.0000 us/op
WorkloadActual  190: 1 op, 96300.00 ns, 96.3000 us/op
WorkloadActual  191: 1 op, 95900.00 ns, 95.9000 us/op
WorkloadActual  192: 1 op, 96600.00 ns, 96.6000 us/op
WorkloadActual  193: 1 op, 103100.00 ns, 103.1000 us/op
WorkloadActual  194: 1 op, 96200.00 ns, 96.2000 us/op
WorkloadActual  195: 1 op, 95600.00 ns, 95.6000 us/op
WorkloadActual  196: 1 op, 95700.00 ns, 95.7000 us/op
WorkloadActual  197: 1 op, 95900.00 ns, 95.9000 us/op
WorkloadActual  198: 1 op, 97800.00 ns, 97.8000 us/op
WorkloadActual  199: 1 op, 96700.00 ns, 96.7000 us/op
WorkloadActual  200: 1 op, 98100.00 ns, 98.1000 us/op
WorkloadActual  201: 1 op, 96600.00 ns, 96.6000 us/op
WorkloadActual  202: 1 op, 96400.00 ns, 96.4000 us/op
WorkloadActual  203: 1 op, 97100.00 ns, 97.1000 us/op
WorkloadActual  204: 1 op, 96100.00 ns, 96.1000 us/op
WorkloadActual  205: 1 op, 96000.00 ns, 96.0000 us/op
WorkloadActual  206: 1 op, 95700.00 ns, 95.7000 us/op
WorkloadActual  207: 1 op, 102600.00 ns, 102.6000 us/op
WorkloadActual  208: 1 op, 95900.00 ns, 95.9000 us/op
WorkloadActual  209: 1 op, 96500.00 ns, 96.5000 us/op
WorkloadActual  210: 1 op, 96200.00 ns, 96.2000 us/op
WorkloadActual  211: 1 op, 95700.00 ns, 95.7000 us/op
WorkloadActual  212: 1 op, 98700.00 ns, 98.7000 us/op
WorkloadActual  213: 1 op, 96200.00 ns, 96.2000 us/op
WorkloadActual  214: 1 op, 96100.00 ns, 96.1000 us/op
WorkloadActual  215: 1 op, 99200.00 ns, 99.2000 us/op
WorkloadActual  216: 1 op, 176700.00 ns, 176.7000 us/op
WorkloadActual  217: 1 op, 96300.00 ns, 96.3000 us/op
WorkloadActual  218: 1 op, 95000.00 ns, 95.0000 us/op
WorkloadActual  219: 1 op, 152800.00 ns, 152.8000 us/op
WorkloadActual  220: 1 op, 150400.00 ns, 150.4000 us/op
WorkloadActual  221: 1 op, 99700.00 ns, 99.7000 us/op
WorkloadActual  222: 1 op, 97300.00 ns, 97.3000 us/op
WorkloadActual  223: 1 op, 96400.00 ns, 96.4000 us/op
WorkloadActual  224: 1 op, 95900.00 ns, 95.9000 us/op
WorkloadActual  225: 1 op, 95900.00 ns, 95.9000 us/op
WorkloadActual  226: 1 op, 96800.00 ns, 96.8000 us/op
WorkloadActual  227: 1 op, 96000.00 ns, 96.0000 us/op
WorkloadActual  228: 1 op, 96300.00 ns, 96.3000 us/op
WorkloadActual  229: 1 op, 103200.00 ns, 103.2000 us/op
WorkloadActual  230: 1 op, 96600.00 ns, 96.6000 us/op
WorkloadActual  231: 1 op, 94900.00 ns, 94.9000 us/op
WorkloadActual  232: 1 op, 95300.00 ns, 95.3000 us/op
WorkloadActual  233: 1 op, 99300.00 ns, 99.3000 us/op
WorkloadActual  234: 1 op, 95900.00 ns, 95.9000 us/op
WorkloadActual  235: 1 op, 96700.00 ns, 96.7000 us/op
WorkloadActual  236: 1 op, 95800.00 ns, 95.8000 us/op
WorkloadActual  237: 1 op, 95400.00 ns, 95.4000 us/op
WorkloadActual  238: 1 op, 304700.00 ns, 304.7000 us/op
WorkloadActual  239: 1 op, 109700.00 ns, 109.7000 us/op
WorkloadActual  240: 1 op, 116600.00 ns, 116.6000 us/op
WorkloadActual  241: 1 op, 117300.00 ns, 117.3000 us/op
WorkloadActual  242: 1 op, 192600.00 ns, 192.6000 us/op
WorkloadActual  243: 1 op, 99700.00 ns, 99.7000 us/op
WorkloadActual  244: 1 op, 100000.00 ns, 100.0000 us/op
WorkloadActual  245: 1 op, 98000.00 ns, 98.0000 us/op
WorkloadActual  246: 1 op, 98800.00 ns, 98.8000 us/op
WorkloadActual  247: 1 op, 101300.00 ns, 101.3000 us/op
WorkloadActual  248: 1 op, 98600.00 ns, 98.6000 us/op
WorkloadActual  249: 1 op, 99100.00 ns, 99.1000 us/op
WorkloadActual  250: 1 op, 98700.00 ns, 98.7000 us/op
WorkloadActual  251: 1 op, 97400.00 ns, 97.4000 us/op
WorkloadActual  252: 1 op, 97800.00 ns, 97.8000 us/op
WorkloadActual  253: 1 op, 97700.00 ns, 97.7000 us/op
WorkloadActual  254: 1 op, 97600.00 ns, 97.6000 us/op
WorkloadActual  255: 1 op, 96800.00 ns, 96.8000 us/op
WorkloadActual  256: 1 op, 100200.00 ns, 100.2000 us/op
WorkloadActual  257: 1 op, 98600.00 ns, 98.6000 us/op
WorkloadActual  258: 1 op, 97700.00 ns, 97.7000 us/op
WorkloadActual  259: 1 op, 97700.00 ns, 97.7000 us/op
WorkloadActual  260: 1 op, 102300.00 ns, 102.3000 us/op
WorkloadActual  261: 1 op, 99200.00 ns, 99.2000 us/op
WorkloadActual  262: 1 op, 97900.00 ns, 97.9000 us/op
WorkloadActual  263: 1 op, 98700.00 ns, 98.7000 us/op
WorkloadActual  264: 1 op, 97600.00 ns, 97.6000 us/op
WorkloadActual  265: 1 op, 98200.00 ns, 98.2000 us/op
WorkloadActual  266: 1 op, 97900.00 ns, 97.9000 us/op
WorkloadActual  267: 1 op, 97600.00 ns, 97.6000 us/op
WorkloadActual  268: 1 op, 97700.00 ns, 97.7000 us/op
WorkloadActual  269: 1 op, 128700.00 ns, 128.7000 us/op
WorkloadActual  270: 1 op, 148500.00 ns, 148.5000 us/op
WorkloadActual  271: 1 op, 99500.00 ns, 99.5000 us/op
WorkloadActual  272: 1 op, 99800.00 ns, 99.8000 us/op
WorkloadActual  273: 1 op, 98600.00 ns, 98.6000 us/op
WorkloadActual  274: 1 op, 110800.00 ns, 110.8000 us/op
WorkloadActual  275: 1 op, 98800.00 ns, 98.8000 us/op
WorkloadActual  276: 1 op, 189200.00 ns, 189.2000 us/op
WorkloadActual  277: 1 op, 100000.00 ns, 100.0000 us/op
WorkloadActual  278: 1 op, 98400.00 ns, 98.4000 us/op
WorkloadActual  279: 1 op, 97600.00 ns, 97.6000 us/op
WorkloadActual  280: 1 op, 98600.00 ns, 98.6000 us/op
WorkloadActual  281: 1 op, 100500.00 ns, 100.5000 us/op
WorkloadActual  282: 1 op, 98000.00 ns, 98.0000 us/op
WorkloadActual  283: 1 op, 109400.00 ns, 109.4000 us/op
WorkloadActual  284: 1 op, 97500.00 ns, 97.5000 us/op
WorkloadActual  285: 1 op, 107300.00 ns, 107.3000 us/op
WorkloadActual  286: 1 op, 97700.00 ns, 97.7000 us/op
WorkloadActual  287: 1 op, 148500.00 ns, 148.5000 us/op
WorkloadActual  288: 1 op, 101300.00 ns, 101.3000 us/op
WorkloadActual  289: 1 op, 102800.00 ns, 102.8000 us/op
WorkloadActual  290: 1 op, 97700.00 ns, 97.7000 us/op
WorkloadActual  291: 1 op, 99400.00 ns, 99.4000 us/op
WorkloadActual  292: 1 op, 98500.00 ns, 98.5000 us/op
WorkloadActual  293: 1 op, 108100.00 ns, 108.1000 us/op
WorkloadActual  294: 1 op, 99900.00 ns, 99.9000 us/op
WorkloadActual  295: 1 op, 99800.00 ns, 99.8000 us/op
WorkloadActual  296: 1 op, 98200.00 ns, 98.2000 us/op
WorkloadActual  297: 1 op, 98800.00 ns, 98.8000 us/op
WorkloadActual  298: 1 op, 99000.00 ns, 99.0000 us/op
WorkloadActual  299: 1 op, 100300.00 ns, 100.3000 us/op
WorkloadActual  300: 1 op, 102100.00 ns, 102.1000 us/op

// AfterActualRun
WorkloadResult   1: 1 op, 99850.00 ns, 99.8500 us/op
WorkloadResult   2: 1 op, 97250.00 ns, 97.2500 us/op
WorkloadResult   3: 1 op, 96850.00 ns, 96.8500 us/op
WorkloadResult   4: 1 op, 98050.00 ns, 98.0500 us/op
WorkloadResult   5: 1 op, 97650.00 ns, 97.6500 us/op
WorkloadResult   6: 1 op, 97350.00 ns, 97.3500 us/op
WorkloadResult   7: 1 op, 96050.00 ns, 96.0500 us/op
WorkloadResult   8: 1 op, 94350.00 ns, 94.3500 us/op
WorkloadResult   9: 1 op, 96550.00 ns, 96.5500 us/op
WorkloadResult  10: 1 op, 95050.00 ns, 95.0500 us/op
WorkloadResult  11: 1 op, 95950.00 ns, 95.9500 us/op
WorkloadResult  12: 1 op, 95550.00 ns, 95.5500 us/op
WorkloadResult  13: 1 op, 94750.00 ns, 94.7500 us/op
WorkloadResult  14: 1 op, 96350.00 ns, 96.3500 us/op
WorkloadResult  15: 1 op, 95450.00 ns, 95.4500 us/op
WorkloadResult  16: 1 op, 89350.00 ns, 89.3500 us/op
WorkloadResult  17: 1 op, 89050.00 ns, 89.0500 us/op
WorkloadResult  18: 1 op, 95750.00 ns, 95.7500 us/op
WorkloadResult  19: 1 op, 97850.00 ns, 97.8500 us/op
WorkloadResult  20: 1 op, 95750.00 ns, 95.7500 us/op
WorkloadResult  21: 1 op, 96550.00 ns, 96.5500 us/op
WorkloadResult  22: 1 op, 96150.00 ns, 96.1500 us/op
WorkloadResult  23: 1 op, 100450.00 ns, 100.4500 us/op
WorkloadResult  24: 1 op, 125150.00 ns, 125.1500 us/op
WorkloadResult  25: 1 op, 104250.00 ns, 104.2500 us/op
WorkloadResult  26: 1 op, 97750.00 ns, 97.7500 us/op
WorkloadResult  27: 1 op, 102550.00 ns, 102.5500 us/op
WorkloadResult  28: 1 op, 94750.00 ns, 94.7500 us/op
WorkloadResult  29: 1 op, 94550.00 ns, 94.5500 us/op
WorkloadResult  30: 1 op, 95250.00 ns, 95.2500 us/op
WorkloadResult  31: 1 op, 95550.00 ns, 95.5500 us/op
WorkloadResult  32: 1 op, 101450.00 ns, 101.4500 us/op
WorkloadResult  33: 1 op, 95250.00 ns, 95.2500 us/op
WorkloadResult  34: 1 op, 96050.00 ns, 96.0500 us/op
WorkloadResult  35: 1 op, 94350.00 ns, 94.3500 us/op
WorkloadResult  36: 1 op, 95850.00 ns, 95.8500 us/op
WorkloadResult  37: 1 op, 96850.00 ns, 96.8500 us/op
WorkloadResult  38: 1 op, 96150.00 ns, 96.1500 us/op
WorkloadResult  39: 1 op, 96350.00 ns, 96.3500 us/op
WorkloadResult  40: 1 op, 95650.00 ns, 95.6500 us/op
WorkloadResult  41: 1 op, 95550.00 ns, 95.5500 us/op
WorkloadResult  42: 1 op, 95950.00 ns, 95.9500 us/op
WorkloadResult  43: 1 op, 98450.00 ns, 98.4500 us/op
WorkloadResult  44: 1 op, 95650.00 ns, 95.6500 us/op
WorkloadResult  45: 1 op, 95850.00 ns, 95.8500 us/op
WorkloadResult  46: 1 op, 95950.00 ns, 95.9500 us/op
WorkloadResult  47: 1 op, 94750.00 ns, 94.7500 us/op
WorkloadResult  48: 1 op, 95250.00 ns, 95.2500 us/op
WorkloadResult  49: 1 op, 94850.00 ns, 94.8500 us/op
WorkloadResult  50: 1 op, 94950.00 ns, 94.9500 us/op
WorkloadResult  51: 1 op, 100850.00 ns, 100.8500 us/op
WorkloadResult  52: 1 op, 96450.00 ns, 96.4500 us/op
WorkloadResult  53: 1 op, 94850.00 ns, 94.8500 us/op
WorkloadResult  54: 1 op, 95350.00 ns, 95.3500 us/op
WorkloadResult  55: 1 op, 95750.00 ns, 95.7500 us/op
WorkloadResult  56: 1 op, 97850.00 ns, 97.8500 us/op
WorkloadResult  57: 1 op, 100350.00 ns, 100.3500 us/op
WorkloadResult  58: 1 op, 104850.00 ns, 104.8500 us/op
WorkloadResult  59: 1 op, 96950.00 ns, 96.9500 us/op
WorkloadResult  60: 1 op, 98650.00 ns, 98.6500 us/op
WorkloadResult  61: 1 op, 117750.00 ns, 117.7500 us/op
WorkloadResult  62: 1 op, 96250.00 ns, 96.2500 us/op
WorkloadResult  63: 1 op, 95550.00 ns, 95.5500 us/op
WorkloadResult  64: 1 op, 96150.00 ns, 96.1500 us/op
WorkloadResult  65: 1 op, 95850.00 ns, 95.8500 us/op
WorkloadResult  66: 1 op, 96150.00 ns, 96.1500 us/op
WorkloadResult  67: 1 op, 96250.00 ns, 96.2500 us/op
WorkloadResult  68: 1 op, 96950.00 ns, 96.9500 us/op
WorkloadResult  69: 1 op, 99450.00 ns, 99.4500 us/op
WorkloadResult  70: 1 op, 151950.00 ns, 151.9500 us/op
WorkloadResult  71: 1 op, 95850.00 ns, 95.8500 us/op
WorkloadResult  72: 1 op, 95750.00 ns, 95.7500 us/op
WorkloadResult  73: 1 op, 95450.00 ns, 95.4500 us/op
WorkloadResult  74: 1 op, 95150.00 ns, 95.1500 us/op
WorkloadResult  75: 1 op, 94950.00 ns, 94.9500 us/op
WorkloadResult  76: 1 op, 94250.00 ns, 94.2500 us/op
WorkloadResult  77: 1 op, 96650.00 ns, 96.6500 us/op
WorkloadResult  78: 1 op, 102550.00 ns, 102.5500 us/op
WorkloadResult  79: 1 op, 98250.00 ns, 98.2500 us/op
WorkloadResult  80: 1 op, 96950.00 ns, 96.9500 us/op
WorkloadResult  81: 1 op, 97050.00 ns, 97.0500 us/op
WorkloadResult  82: 1 op, 96050.00 ns, 96.0500 us/op
WorkloadResult  83: 1 op, 97950.00 ns, 97.9500 us/op
WorkloadResult  84: 1 op, 96450.00 ns, 96.4500 us/op
WorkloadResult  85: 1 op, 94950.00 ns, 94.9500 us/op
WorkloadResult  86: 1 op, 94250.00 ns, 94.2500 us/op
WorkloadResult  87: 1 op, 310550.00 ns, 310.5500 us/op
WorkloadResult  88: 1 op, 96150.00 ns, 96.1500 us/op
WorkloadResult  89: 1 op, 94550.00 ns, 94.5500 us/op
WorkloadResult  90: 1 op, 95950.00 ns, 95.9500 us/op
WorkloadResult  91: 1 op, 95150.00 ns, 95.1500 us/op
WorkloadResult  92: 1 op, 95650.00 ns, 95.6500 us/op
WorkloadResult  93: 1 op, 96650.00 ns, 96.6500 us/op
WorkloadResult  94: 1 op, 101950.00 ns, 101.9500 us/op
WorkloadResult  95: 1 op, 110350.00 ns, 110.3500 us/op
WorkloadResult  96: 1 op, 142150.00 ns, 142.1500 us/op
WorkloadResult  97: 1 op, 102150.00 ns, 102.1500 us/op
WorkloadResult  98: 1 op, 96850.00 ns, 96.8500 us/op
WorkloadResult  99: 1 op, 95950.00 ns, 95.9500 us/op
WorkloadResult  100: 1 op, 101850.00 ns, 101.8500 us/op
WorkloadResult  101: 1 op, 97350.00 ns, 97.3500 us/op
WorkloadResult  102: 1 op, 96850.00 ns, 96.8500 us/op
WorkloadResult  103: 1 op, 188450.00 ns, 188.4500 us/op
WorkloadResult  104: 1 op, 95950.00 ns, 95.9500 us/op
WorkloadResult  105: 1 op, 99550.00 ns, 99.5500 us/op
WorkloadResult  106: 1 op, 96950.00 ns, 96.9500 us/op
WorkloadResult  107: 1 op, 99350.00 ns, 99.3500 us/op
WorkloadResult  108: 1 op, 97750.00 ns, 97.7500 us/op
WorkloadResult  109: 1 op, 97550.00 ns, 97.5500 us/op
WorkloadResult  110: 1 op, 101350.00 ns, 101.3500 us/op
WorkloadResult  111: 1 op, 97350.00 ns, 97.3500 us/op
WorkloadResult  112: 1 op, 96650.00 ns, 96.6500 us/op
WorkloadResult  113: 1 op, 94950.00 ns, 94.9500 us/op
WorkloadResult  114: 1 op, 95950.00 ns, 95.9500 us/op
WorkloadResult  115: 1 op, 96150.00 ns, 96.1500 us/op
WorkloadResult  116: 1 op, 96450.00 ns, 96.4500 us/op
WorkloadResult  117: 1 op, 95850.00 ns, 95.8500 us/op
WorkloadResult  118: 1 op, 95850.00 ns, 95.8500 us/op
WorkloadResult  119: 1 op, 95350.00 ns, 95.3500 us/op
WorkloadResult  120: 1 op, 95550.00 ns, 95.5500 us/op
WorkloadResult  121: 1 op, 102250.00 ns, 102.2500 us/op
WorkloadResult  122: 1 op, 95750.00 ns, 95.7500 us/op
WorkloadResult  123: 1 op, 95050.00 ns, 95.0500 us/op
WorkloadResult  124: 1 op, 95850.00 ns, 95.8500 us/op
WorkloadResult  125: 1 op, 95050.00 ns, 95.0500 us/op
WorkloadResult  126: 1 op, 98350.00 ns, 98.3500 us/op
WorkloadResult  127: 1 op, 95550.00 ns, 95.5500 us/op
WorkloadResult  128: 1 op, 94950.00 ns, 94.9500 us/op
WorkloadResult  129: 1 op, 95250.00 ns, 95.2500 us/op
WorkloadResult  130: 1 op, 169950.00 ns, 169.9500 us/op
WorkloadResult  131: 1 op, 96450.00 ns, 96.4500 us/op
WorkloadResult  132: 1 op, 98050.00 ns, 98.0500 us/op
WorkloadResult  133: 1 op, 97350.00 ns, 97.3500 us/op
WorkloadResult  134: 1 op, 95850.00 ns, 95.8500 us/op
WorkloadResult  135: 1 op, 97650.00 ns, 97.6500 us/op
WorkloadResult  136: 1 op, 96550.00 ns, 96.5500 us/op
WorkloadResult  137: 1 op, 95650.00 ns, 95.6500 us/op
WorkloadResult  138: 1 op, 95450.00 ns, 95.4500 us/op
WorkloadResult  139: 1 op, 94650.00 ns, 94.6500 us/op
WorkloadResult  140: 1 op, 96250.00 ns, 96.2500 us/op
WorkloadResult  141: 1 op, 99950.00 ns, 99.9500 us/op
WorkloadResult  142: 1 op, 95550.00 ns, 95.5500 us/op
WorkloadResult  143: 1 op, 95450.00 ns, 95.4500 us/op
WorkloadResult  144: 1 op, 97950.00 ns, 97.9500 us/op
WorkloadResult  145: 1 op, 95550.00 ns, 95.5500 us/op
WorkloadResult  146: 1 op, 138750.00 ns, 138.7500 us/op
WorkloadResult  147: 1 op, 94750.00 ns, 94.7500 us/op
WorkloadResult  148: 1 op, 94050.00 ns, 94.0500 us/op
WorkloadResult  149: 1 op, 95850.00 ns, 95.8500 us/op
WorkloadResult  150: 1 op, 95550.00 ns, 95.5500 us/op
WorkloadResult  151: 1 op, 95550.00 ns, 95.5500 us/op
WorkloadResult  152: 1 op, 95050.00 ns, 95.0500 us/op
WorkloadResult  153: 1 op, 103150.00 ns, 103.1500 us/op
WorkloadResult  154: 1 op, 95550.00 ns, 95.5500 us/op
WorkloadResult  155: 1 op, 95050.00 ns, 95.0500 us/op
WorkloadResult  156: 1 op, 95250.00 ns, 95.2500 us/op
WorkloadResult  157: 1 op, 95150.00 ns, 95.1500 us/op
WorkloadResult  158: 1 op, 99150.00 ns, 99.1500 us/op
WorkloadResult  159: 1 op, 94950.00 ns, 94.9500 us/op
WorkloadResult  160: 1 op, 96150.00 ns, 96.1500 us/op
WorkloadResult  161: 1 op, 95150.00 ns, 95.1500 us/op
WorkloadResult  162: 1 op, 94550.00 ns, 94.5500 us/op
WorkloadResult  163: 1 op, 94750.00 ns, 94.7500 us/op
WorkloadResult  164: 1 op, 94950.00 ns, 94.9500 us/op
WorkloadResult  165: 1 op, 89850.00 ns, 89.8500 us/op
WorkloadResult  166: 1 op, 97850.00 ns, 97.8500 us/op
WorkloadResult  167: 1 op, 97850.00 ns, 97.8500 us/op
WorkloadResult  168: 1 op, 108850.00 ns, 108.8500 us/op
WorkloadResult  169: 1 op, 95650.00 ns, 95.6500 us/op
WorkloadResult  170: 1 op, 97950.00 ns, 97.9500 us/op
WorkloadResult  171: 1 op, 108050.00 ns, 108.0500 us/op
WorkloadResult  172: 1 op, 97250.00 ns, 97.2500 us/op
WorkloadResult  173: 1 op, 95150.00 ns, 95.1500 us/op
WorkloadResult  174: 1 op, 96850.00 ns, 96.8500 us/op
WorkloadResult  175: 1 op, 96650.00 ns, 96.6500 us/op
WorkloadResult  176: 1 op, 175050.00 ns, 175.0500 us/op
WorkloadResult  177: 1 op, 96550.00 ns, 96.5500 us/op
WorkloadResult  178: 1 op, 95750.00 ns, 95.7500 us/op
WorkloadResult  179: 1 op, 95350.00 ns, 95.3500 us/op
WorkloadResult  180: 1 op, 94450.00 ns, 94.4500 us/op
WorkloadResult  181: 1 op, 96150.00 ns, 96.1500 us/op
WorkloadResult  182: 1 op, 147550.00 ns, 147.5500 us/op
WorkloadResult  183: 1 op, 101650.00 ns, 101.6500 us/op
WorkloadResult  184: 1 op, 147250.00 ns, 147.2500 us/op
WorkloadResult  185: 1 op, 96550.00 ns, 96.5500 us/op
WorkloadResult  186: 1 op, 96550.00 ns, 96.5500 us/op
WorkloadResult  187: 1 op, 96150.00 ns, 96.1500 us/op
WorkloadResult  188: 1 op, 95550.00 ns, 95.5500 us/op
WorkloadResult  189: 1 op, 95850.00 ns, 95.8500 us/op
WorkloadResult  190: 1 op, 96150.00 ns, 96.1500 us/op
WorkloadResult  191: 1 op, 95750.00 ns, 95.7500 us/op
WorkloadResult  192: 1 op, 96450.00 ns, 96.4500 us/op
WorkloadResult  193: 1 op, 102950.00 ns, 102.9500 us/op
WorkloadResult  194: 1 op, 96050.00 ns, 96.0500 us/op
WorkloadResult  195: 1 op, 95450.00 ns, 95.4500 us/op
WorkloadResult  196: 1 op, 95550.00 ns, 95.5500 us/op
WorkloadResult  197: 1 op, 95750.00 ns, 95.7500 us/op
WorkloadResult  198: 1 op, 97650.00 ns, 97.6500 us/op
WorkloadResult  199: 1 op, 96550.00 ns, 96.5500 us/op
WorkloadResult  200: 1 op, 97950.00 ns, 97.9500 us/op
WorkloadResult  201: 1 op, 96450.00 ns, 96.4500 us/op
WorkloadResult  202: 1 op, 96250.00 ns, 96.2500 us/op
WorkloadResult  203: 1 op, 96950.00 ns, 96.9500 us/op
WorkloadResult  204: 1 op, 95950.00 ns, 95.9500 us/op
WorkloadResult  205: 1 op, 95850.00 ns, 95.8500 us/op
WorkloadResult  206: 1 op, 95550.00 ns, 95.5500 us/op
WorkloadResult  207: 1 op, 102450.00 ns, 102.4500 us/op
WorkloadResult  208: 1 op, 95750.00 ns, 95.7500 us/op
WorkloadResult  209: 1 op, 96350.00 ns, 96.3500 us/op
WorkloadResult  210: 1 op, 96050.00 ns, 96.0500 us/op
WorkloadResult  211: 1 op, 95550.00 ns, 95.5500 us/op
WorkloadResult  212: 1 op, 98550.00 ns, 98.5500 us/op
WorkloadResult  213: 1 op, 96050.00 ns, 96.0500 us/op
WorkloadResult  214: 1 op, 95950.00 ns, 95.9500 us/op
WorkloadResult  215: 1 op, 99050.00 ns, 99.0500 us/op
WorkloadResult  216: 1 op, 176550.00 ns, 176.5500 us/op
WorkloadResult  217: 1 op, 96150.00 ns, 96.1500 us/op
WorkloadResult  218: 1 op, 94850.00 ns, 94.8500 us/op
WorkloadResult  219: 1 op, 152650.00 ns, 152.6500 us/op
WorkloadResult  220: 1 op, 150250.00 ns, 150.2500 us/op
WorkloadResult  221: 1 op, 99550.00 ns, 99.5500 us/op
WorkloadResult  222: 1 op, 97150.00 ns, 97.1500 us/op
WorkloadResult  223: 1 op, 96250.00 ns, 96.2500 us/op
WorkloadResult  224: 1 op, 95750.00 ns, 95.7500 us/op
WorkloadResult  225: 1 op, 95750.00 ns, 95.7500 us/op
WorkloadResult  226: 1 op, 96650.00 ns, 96.6500 us/op
WorkloadResult  227: 1 op, 95850.00 ns, 95.8500 us/op
WorkloadResult  228: 1 op, 96150.00 ns, 96.1500 us/op
WorkloadResult  229: 1 op, 103050.00 ns, 103.0500 us/op
WorkloadResult  230: 1 op, 96450.00 ns, 96.4500 us/op
WorkloadResult  231: 1 op, 94750.00 ns, 94.7500 us/op
WorkloadResult  232: 1 op, 95150.00 ns, 95.1500 us/op
WorkloadResult  233: 1 op, 99150.00 ns, 99.1500 us/op
WorkloadResult  234: 1 op, 95750.00 ns, 95.7500 us/op
WorkloadResult  235: 1 op, 96550.00 ns, 96.5500 us/op
WorkloadResult  236: 1 op, 95650.00 ns, 95.6500 us/op
WorkloadResult  237: 1 op, 95250.00 ns, 95.2500 us/op
WorkloadResult  238: 1 op, 304550.00 ns, 304.5500 us/op
WorkloadResult  239: 1 op, 109550.00 ns, 109.5500 us/op
WorkloadResult  240: 1 op, 116450.00 ns, 116.4500 us/op
WorkloadResult  241: 1 op, 117150.00 ns, 117.1500 us/op
WorkloadResult  242: 1 op, 192450.00 ns, 192.4500 us/op
WorkloadResult  243: 1 op, 99550.00 ns, 99.5500 us/op
WorkloadResult  244: 1 op, 99850.00 ns, 99.8500 us/op
WorkloadResult  245: 1 op, 97850.00 ns, 97.8500 us/op
WorkloadResult  246: 1 op, 98650.00 ns, 98.6500 us/op
WorkloadResult  247: 1 op, 101150.00 ns, 101.1500 us/op
WorkloadResult  248: 1 op, 98450.00 ns, 98.4500 us/op
WorkloadResult  249: 1 op, 98950.00 ns, 98.9500 us/op
WorkloadResult  250: 1 op, 98550.00 ns, 98.5500 us/op
WorkloadResult  251: 1 op, 97250.00 ns, 97.2500 us/op
WorkloadResult  252: 1 op, 97650.00 ns, 97.6500 us/op
WorkloadResult  253: 1 op, 97550.00 ns, 97.5500 us/op
WorkloadResult  254: 1 op, 97450.00 ns, 97.4500 us/op
WorkloadResult  255: 1 op, 96650.00 ns, 96.6500 us/op
WorkloadResult  256: 1 op, 100050.00 ns, 100.0500 us/op
WorkloadResult  257: 1 op, 98450.00 ns, 98.4500 us/op
WorkloadResult  258: 1 op, 97550.00 ns, 97.5500 us/op
WorkloadResult  259: 1 op, 97550.00 ns, 97.5500 us/op
WorkloadResult  260: 1 op, 102150.00 ns, 102.1500 us/op
WorkloadResult  261: 1 op, 99050.00 ns, 99.0500 us/op
WorkloadResult  262: 1 op, 97750.00 ns, 97.7500 us/op
WorkloadResult  263: 1 op, 98550.00 ns, 98.5500 us/op
WorkloadResult  264: 1 op, 97450.00 ns, 97.4500 us/op
WorkloadResult  265: 1 op, 98050.00 ns, 98.0500 us/op
WorkloadResult  266: 1 op, 97750.00 ns, 97.7500 us/op
WorkloadResult  267: 1 op, 97450.00 ns, 97.4500 us/op
WorkloadResult  268: 1 op, 97550.00 ns, 97.5500 us/op
WorkloadResult  269: 1 op, 128550.00 ns, 128.5500 us/op
WorkloadResult  270: 1 op, 148350.00 ns, 148.3500 us/op
WorkloadResult  271: 1 op, 99350.00 ns, 99.3500 us/op
WorkloadResult  272: 1 op, 99650.00 ns, 99.6500 us/op
WorkloadResult  273: 1 op, 98450.00 ns, 98.4500 us/op
WorkloadResult  274: 1 op, 110650.00 ns, 110.6500 us/op
WorkloadResult  275: 1 op, 98650.00 ns, 98.6500 us/op
WorkloadResult  276: 1 op, 189050.00 ns, 189.0500 us/op
WorkloadResult  277: 1 op, 99850.00 ns, 99.8500 us/op
WorkloadResult  278: 1 op, 98250.00 ns, 98.2500 us/op
WorkloadResult  279: 1 op, 97450.00 ns, 97.4500 us/op
WorkloadResult  280: 1 op, 98450.00 ns, 98.4500 us/op
WorkloadResult  281: 1 op, 100350.00 ns, 100.3500 us/op
WorkloadResult  282: 1 op, 97850.00 ns, 97.8500 us/op
WorkloadResult  283: 1 op, 109250.00 ns, 109.2500 us/op
WorkloadResult  284: 1 op, 97350.00 ns, 97.3500 us/op
WorkloadResult  285: 1 op, 107150.00 ns, 107.1500 us/op
WorkloadResult  286: 1 op, 97550.00 ns, 97.5500 us/op
WorkloadResult  287: 1 op, 148350.00 ns, 148.3500 us/op
WorkloadResult  288: 1 op, 101150.00 ns, 101.1500 us/op
WorkloadResult  289: 1 op, 102650.00 ns, 102.6500 us/op
WorkloadResult  290: 1 op, 97550.00 ns, 97.5500 us/op
WorkloadResult  291: 1 op, 99250.00 ns, 99.2500 us/op
WorkloadResult  292: 1 op, 98350.00 ns, 98.3500 us/op
WorkloadResult  293: 1 op, 107950.00 ns, 107.9500 us/op
WorkloadResult  294: 1 op, 99750.00 ns, 99.7500 us/op
WorkloadResult  295: 1 op, 99650.00 ns, 99.6500 us/op
WorkloadResult  296: 1 op, 98050.00 ns, 98.0500 us/op
WorkloadResult  297: 1 op, 98650.00 ns, 98.6500 us/op
WorkloadResult  298: 1 op, 98850.00 ns, 98.8500 us/op
WorkloadResult  299: 1 op, 100150.00 ns, 100.1500 us/op
WorkloadResult  300: 1 op, 101950.00 ns, 101.9500 us/op
// GC:  0 0 0 51720 1
// Threading:  3 0 1

// AfterAll
// Benchmark Process 39200 has exited with code 0.

Mean = 107.129 us, StdErr = 1.388 us (1.30%), N = 600, StdDev = 33.991 us
Min = 89.050 us, Q1 = 96.550 us, Median = 99.975 us, Q3 = 102.463 us, Max = 474.200 us
IQR = 5.912 us, LowerFence = 87.681 us, UpperFence = 111.331 us
ConfidenceInterval = [102.540 us; 111.717 us] (CI 99.9%), Margin = 4.589 us (4.28% of Mean)
Skewness = 6.94, Kurtosis = 61.95, MValue = 2.92

// ** Remained 0 (0.0%) benchmark(s) to run. Estimated finish 2026-09-07 17:17 (0h 0m from now) **
Successfully reverted power plan (GUID: 8c5e7fda-e8bf-4a96-9a85-a6e23a8c635c FriendlyName: High performance)
// ***** BenchmarkRunner: Finish  *****

// * Export *
  C:\git\Dekaf-perf-improvements-20260907\pr-3109\timing-long\results\Dekaf.Benchmarks.PartitionedShutdownBenchmarks-report.csv
  C:\git\Dekaf-perf-improvements-20260907\pr-3109\timing-long\results\Dekaf.Benchmarks.PartitionedShutdownBenchmarks-report-github.md
  C:\git\Dekaf-perf-improvements-20260907\pr-3109\timing-long\results\Dekaf.Benchmarks.PartitionedShutdownBenchmarks-report.html
  C:\git\Dekaf-perf-improvements-20260907\pr-3109\timing-long\results\Dekaf.Benchmarks.PartitionedShutdownBenchmarks-report-full.json

// * Detailed results *
PartitionedShutdownBenchmarks.DrainFullQueue: A_Published(OutlierMode=DontRemove, Affinity=00000000000000000100, EnvironmentVariables=DOTNET_TieredCompilation=0, Arguments=/p:ProductDirectory=C:/git/Dekaf-perf-improvements-20260907/pr-3109/published,/p:UseSharedCompilation=false, InvocationCount=1, IterationCount=300, LaunchCount=2, UnrollFactor=1, WarmupCount=30)
Runtime = .NET 10.0.11 (10.0.11, 10.0.1126.37416), X64 RyuJIT x86-64-v3; GC = Concurrent Workstation
Mean = 103.114 us, StdErr = 0.561 us (0.54%), N = 600, StdDev = 13.742 us
Min = 95.200 us, Q1 = 98.188 us, Median = 99.800 us, Q3 = 102.013 us, Max = 203.400 us
IQR = 3.825 us, LowerFence = 92.450 us, UpperFence = 107.750 us
ConfidenceInterval = [101.259 us; 104.969 us] (CI 99.9%), Margin = 1.855 us (1.80% of Mean)
Skewness = 4.56, Kurtosis = 24.92, MValue = 2
-------------------- Histogram --------------------
[ 93.062 us ;  96.737 us) | @@@@@@@@@@@@@@@@@@@@@@@@@@@@@@@@@@@@@@@@
[ 96.737 us ; 101.013 us) | @@@@@@@@@@@@@@@@@@@@@@@@@@@@@@@@@@@@@@@@@@@@@@@@@@@@@@@@@@@@@@@@@@@@@@@@@@@@@@@@@@@@@@@@@@@@@@@@@@@@@@@@@@@@@@@@@@@@@@@@@@@@@@@@@@@@@@@@@@@@@@@@@@@@@@@@@@@@@@@@@@@@@@@@@@@@@@@@@@@@@@@@@@@@@@@@@@@@@@@@@@@@@@@@@@@@@@@@@@@@@@@@@@@@@@@@@@@@@@@@@@@@@@@@@@@@@@@@@@@@@@@@@@@@@@@@@@@@@@@@@@@@@@@@@@@@@@@@@@@@@@@@@@@@@@@@@@@@@@@@@@@@@@@@@@@@@@@@@@@@@@@@@@@@@@@@@@@@@@@@
[101.013 us ; 105.288 us) | @@@@@@@@@@@@@@@@@@@@@@@@@@@@@@@@@@@@@@@@@@@@@@@@@@@@@@@@@@@@@@@@@@@@@@@@@@@@@@@@@@@@@@@@@@@@@@@@@@@@@@@@@@@@@@@@@@@@@@@@@@@@@
[105.288 us ; 109.788 us) | @@@@@@@@@@@@@@@@@@@@@@@@@@@@@@@@@@@@
[109.788 us ; 113.488 us) | @@@@@@@@
[113.488 us ; 117.362 us) | @
[117.362 us ; 121.638 us) | @@@
[121.638 us ; 125.915 us) | 
[125.915 us ; 128.487 us) | 
[128.487 us ; 132.763 us) | @@
[132.763 us ; 138.388 us) | @
[138.388 us ; 142.665 us) | 
[142.665 us ; 149.013 us) | @@@@@
[149.013 us ; 153.638 us) | @
[153.638 us ; 159.463 us) | @@@@@@@
[159.463 us ; 164.688 us) | @
[164.688 us ; 169.987 us) | @
[169.987 us ; 174.263 us) | @@@
[174.263 us ; 179.562 us) | @
[179.562 us ; 183.838 us) | @@
[183.838 us ; 188.115 us) | 
[188.115 us ; 193.288 us) | @
[193.288 us ; 198.888 us) | @
[198.888 us ; 205.538 us) | @
---------------------------------------------------

PartitionedShutdownBenchmarks.DrainFullQueue: B_Candidate(OutlierMode=DontRemove, Affinity=00000000000000000100, EnvironmentVariables=DOTNET_TieredCompilation=0, Arguments=/p:ProductDirectory=C:/git/Dekaf-perf-improvements-20260907/pr-3109/candidate,/p:UseSharedCompilation=false, InvocationCount=1, IterationCount=300, LaunchCount=2, UnrollFactor=1, WarmupCount=30)
Runtime = .NET 10.0.11 (10.0.11, 10.0.1126.37416), X64 RyuJIT x86-64-v3; GC = Concurrent Workstation
Mean = 106.767 us, StdErr = 0.887 us (0.83%), N = 600, StdDev = 21.715 us
Min = 91.350 us, Q1 = 97.900 us, Median = 99.300 us, Q3 = 109.025 us, Max = 382.200 us
IQR = 11.125 us, LowerFence = 81.213 us, UpperFence = 125.713 us
ConfidenceInterval = [103.836 us; 109.699 us] (CI 99.9%), Margin = 2.932 us (2.75% of Mean)
Skewness = 6.13, Kurtosis = 59.1, MValue = 2.32
-------------------- Histogram --------------------
[ 87.971 us ;  95.421 us) | @@@@@@
[ 95.421 us ; 102.179 us) | @@@@@@@@@@@@@@@@@@@@@@@@@@@@@@@@@@@@@@@@@@@@@@@@@@@@@@@@@@@@@@@@@@@@@@@@@@@@@@@@@@@@@@@@@@@@@@@@@@@@@@@@@@@@@@@@@@@@@@@@@@@@@@@@@@@@@@@@@@@@@@@@@@@@@@@@@@@@@@@@@@@@@@@@@@@@@@@@@@@@@@@@@@@@@@@@@@@@@@@@@@@@@@@@@@@@@@@@@@@@@@@@@@@@@@@@@@@@@@@@@@@@@@@@@@@@@@@@@@@@@@@@@@@@@@@@@@@@@@@@@@@@@@@@@@@@@@@@@@@@@@@@@@@@@@@@@@@@@@@@@@@@@@@@@@@@@@@@@@@@@@@@@@@@@@@@@@@@@@@@@@@@@@@@@@@@@@@@@@@@@@@@@@@
[102.179 us ; 109.621 us) | @@@@@@@@@@@@@@@@@@@@@@@@@@@@@@@@@@@@@@@@@@@@@@@@@@@@@@@@@@@@
[109.621 us ; 116.379 us) | @@@@@@@@@@@@@@@@@@@@@@@@@@@@@@@@@@@@@@@@@@@@@@@@@@@@@@@@@@@@@@@@@@@@@@@@@@@@@@@@@@@@@@@
[116.379 us ; 123.229 us) | @@@@@@@@@@@@@@
[123.229 us ; 127.921 us) | @@@
[127.921 us ; 134.679 us) | @@@@@@@
[134.679 us ; 141.696 us) | @
[141.696 us ; 148.454 us) | @@@@@@@
[148.454 us ; 152.171 us) | @@@
[152.171 us ; 158.929 us) | @@@@@@@@@@
[158.929 us ; 166.921 us) | @@@
[166.921 us ; 173.679 us) | @@
[173.679 us ; 179.721 us) | 
[179.721 us ; 186.479 us) | @@@
[186.479 us ; 196.179 us) | @
[196.179 us ; 203.996 us) | 
[203.996 us ; 210.754 us) | @@
[210.754 us ; 221.129 us) | @
[221.129 us ; 227.888 us) | 
[227.888 us ; 234.671 us) | 
[234.671 us ; 241.429 us) | @
[241.429 us ; 248.188 us) | 
[248.188 us ; 254.946 us) | 
[254.946 us ; 261.704 us) | 
[261.704 us ; 268.463 us) | 
[268.463 us ; 275.221 us) | 
[275.221 us ; 281.980 us) | 
[281.980 us ; 288.321 us) | 
[288.321 us ; 295.079 us) | @
[295.079 us ; 301.838 us) | 
[301.838 us ; 308.596 us) | 
[308.596 us ; 315.354 us) | 
[315.354 us ; 322.113 us) | 
[322.113 us ; 328.871 us) | 
[328.871 us ; 335.630 us) | 
[335.630 us ; 342.388 us) | 
[342.388 us ; 349.146 us) | 
[349.146 us ; 355.905 us) | 
[355.905 us ; 362.663 us) | 
[362.663 us ; 369.422 us) | 
[369.422 us ; 385.579 us) | @
---------------------------------------------------

PartitionedShutdownBenchmarks.DrainFullQueue: C_PublishedControl(OutlierMode=DontRemove, Affinity=00000000000000000100, EnvironmentVariables=DOTNET_TieredCompilation=0, Arguments=/p:ProductDirectory=C:/git/Dekaf-perf-improvements-20260907/pr-3109/published,/p:UseSharedCompilation=false, InvocationCount=1, IterationCount=300, LaunchCount=2, UnrollFactor=1, WarmupCount=30)
Runtime = .NET 10.0.11 (10.0.11, 10.0.1126.37416), X64 RyuJIT x86-64-v3; GC = Concurrent Workstation
Mean = 107.129 us, StdErr = 1.388 us (1.30%), N = 600, StdDev = 33.991 us
Min = 89.050 us, Q1 = 96.550 us, Median = 99.975 us, Q3 = 102.463 us, Max = 474.200 us
IQR = 5.912 us, LowerFence = 87.681 us, UpperFence = 111.331 us
ConfidenceInterval = [102.540 us; 111.717 us] (CI 99.9%), Margin = 4.589 us (4.28% of Mean)
Skewness = 6.94, Kurtosis = 61.95, MValue = 2.92
-------------------- Histogram --------------------
[ 83.761 us ;  94.236 us) | @@@@@
[ 94.236 us ; 104.814 us) | @@@@@@@@@@@@@@@@@@@@@@@@@@@@@@@@@@@@@@@@@@@@@@@@@@@@@@@@@@@@@@@@@@@@@@@@@@@@@@@@@@@@@@@@@@@@@@@@@@@@@@@@@@@@@@@@@@@@@@@@@@@@@@@@@@@@@@@@@@@@@@@@@@@@@@@@@@@@@@@@@@@@@@@@@@@@@@@@@@@@@@@@@@@@@@@@@@@@@@@@@@@@@@@@@@@@@@@@@@@@@@@@@@@@@@@@@@@@@@@@@@@@@@@@@@@@@@@@@@@@@@@@@@@@@@@@@@@@@@@@@@@@@@@@@@@@@@@@@@@@@@@@@@@@@@@@@@@@@@@@@@@@@@@@@@@@@@@@@@@@@@@@@@@@@@@@@@@@@@@@@@@@@@@@@@@@@@@@@@@@@@@@@@@@@@@@@@@@@@@@@@@@@@@@@@@@@@@@@@@@@@@@@@@@@@@@@@@@@@@@@@@@@@@@@@@@@@@@@@@@@@@@@@@@@@@@@@@@@@@@@@@@@@@@@@@@
[104.814 us ; 114.514 us) | @@@@@@@@@@@@@@@@@@@@@@@@@@@@@@@@@@@@@@@@@@@@@@@@@@@
[114.514 us ; 124.736 us) | @@@@
[124.736 us ; 135.314 us) | @@@@@@@
[135.314 us ; 142.111 us) | @@
[142.111 us ; 152.689 us) | @@@@@@@@@@@@@
[152.689 us ; 166.189 us) | @@@@@
[166.189 us ; 179.414 us) | @@@@@@
[179.414 us ; 185.161 us) | 
[185.161 us ; 195.739 us) | @@@
[195.739 us ; 205.089 us) | @
[205.089 us ; 212.761 us) | 
[212.761 us ; 223.339 us) | @@@
[223.339 us ; 235.811 us) | 
[235.811 us ; 246.389 us) | @
[246.389 us ; 251.711 us) | 
[251.711 us ; 262.289 us) | @
[262.289 us ; 272.868 us) | 
[272.868 us ; 283.447 us) | 
[283.447 us ; 294.026 us) | 
[294.026 us ; 302.261 us) | 
[302.261 us ; 312.839 us) | @@@
[312.839 us ; 323.418 us) | 
[323.418 us ; 333.997 us) | 
[333.997 us ; 344.576 us) | 
[344.576 us ; 355.155 us) | 
[355.155 us ; 365.734 us) | 
[365.734 us ; 376.313 us) | 
[376.313 us ; 386.892 us) | 
[386.892 us ; 397.471 us) | 
[397.471 us ; 408.050 us) | 
[408.050 us ; 418.111 us) | 
[418.111 us ; 428.689 us) | @
[428.689 us ; 439.268 us) | 
[439.268 us ; 451.511 us) | 
[451.511 us ; 462.089 us) | @
[462.089 us ; 479.489 us) | @
---------------------------------------------------

// * Summary *

BenchmarkDotNet v0.15.8, Windows 11 (10.0.26200.9168/25H2/2025Update/HudsonValley2)
12th Gen Intel Core i7-12700K 3.60GHz, 1 CPU, 20 logical and 12 physical cores
.NET SDK 10.0.400
  [Host]             : .NET 10.0.11 (10.0.11, 10.0.1126.37416), X64 RyuJIT x86-64-v3
  A_Published        : .NET 10.0.11 (10.0.11, 10.0.1126.37416), X64 RyuJIT x86-64-v3
  B_Candidate        : .NET 10.0.11 (10.0.11, 10.0.1126.37416), X64 RyuJIT x86-64-v3
  C_PublishedControl : .NET 10.0.11 (10.0.11, 10.0.1126.37416), X64 RyuJIT x86-64-v3

OutlierMode=DontRemove  Affinity=00000000000000000100  EnvironmentVariables=DOTNET_TieredCompilation=0  
InvocationCount=1  IterationCount=300  LaunchCount=2  
UnrollFactor=1  WarmupCount=30  

| Method         | Job                | Arguments                                                                                                   | Mean     | Error   | StdDev   | Median   | Allocated |
|--------------- |------------------- |------------------------------------------------------------------------------------------------------------ |---------:|--------:|---------:|---------:|----------:|
| DrainFullQueue | A_Published        | /p:ProductDirectory=C:/git/Dekaf-perf-improvements-20260907/pr-3109/published,/p:UseSharedCompilation=false | 103.1 us | 1.86 us | 13.74 us | 99.80 us |  50.51 KB |
| DrainFullQueue | B_Candidate        | /p:ProductDirectory=C:/git/Dekaf-perf-improvements-20260907/pr-3109/candidate,/p:UseSharedCompilation=false | 106.8 us | 2.93 us | 21.72 us | 99.30 us |  50.39 KB |
| DrainFullQueue | C_PublishedControl | /p:ProductDirectory=C:/git/Dekaf-perf-improvements-20260907/pr-3109/published,/p:UseSharedCompilation=false | 107.1 us | 4.59 us | 33.99 us | 99.97 us |  50.51 KB |

// * Warnings *
MultimodalDistribution
  PartitionedShutdownBenchmarks.DrainFullQueue: C_PublishedControl -> It seems that the distribution can have several modes (mValue = 2.92)
MinIterationTime
  PartitionedShutdownBenchmarks.DrainFullQueue: A_Published        -> The minimum observed iteration time is 95.3us which is very small. It's recommended to increase it to at least 100ms using more operations.
  PartitionedShutdownBenchmarks.DrainFullQueue: B_Candidate        -> The minimum observed iteration time is 91.5us which is very small. It's recommended to increase it to at least 100ms using more operations.
  PartitionedShutdownBenchmarks.DrainFullQueue: C_PublishedControl -> The minimum observed iteration time is 89.2us which is very small. It's recommended to increase it to at least 100ms using more operations.

// * Hints *
Outliers
  PartitionedShutdownBenchmarks.DrainFullQueue: A_Published        -> 52 outliers were detected (107.90 us..203.50 us)
  PartitionedShutdownBenchmarks.DrainFullQueue: B_Candidate        -> 43 outliers were detected (129.10 us..382.30 us)
  PartitionedShutdownBenchmarks.DrainFullQueue: C_PublishedControl -> 62 outliers were detected (112.20 us..474.30 us)

// * Legends *
  Mean      : Arithmetic mean of all measurements
  Error     : Half of 99.9% confidence interval
  StdDev    : Standard deviation of all measurements
  Median    : Value separating the higher half of all measurements (50th percentile)
  Allocated : Allocated memory per single operation (managed only, inclusive, 1KB = 1024B)
  1 us      : 1 Microsecond (0.000001 sec)

// * Diagnostic Output - MemoryDiagnoser *


// ***** BenchmarkRunner: End *****
Run time: 00:00:03 (3.46 sec), executed benchmarks: 3

Global total time: 00:00:08 (8.48 sec), executed benchmarks: 3
// * Artifacts cleanup *
Artifacts cleanup is finished
