// Validating benchmarks:
// ***** BenchmarkRunner: Start   *****
// ***** Found 45 benchmark(s) in total *****
// ***** Building 3 exe(s) in Parallel: Start   *****
// ***** Done, took 00:00:05 (5.57 sec)   *****
// Found 15 benchmarks:
//   BinaryKeyDispatchBenchmarks.ByteArray: A_Baseline(Arguments=/p:ProductDirectory=C:/git/Dekaf-perf-improvements-20260907/pr-3082/baseline,/p:UseSharedCompilation=false, IterationCount=1, LaunchCount=1, RunStrategy=ColdStart, UnrollFactor=1, WarmupCount=1)
//   BinaryKeyDispatchBenchmarks.RawMemory: A_Baseline(Arguments=/p:ProductDirectory=C:/git/Dekaf-perf-improvements-20260907/pr-3082/baseline,/p:UseSharedCompilation=false, IterationCount=1, LaunchCount=1, RunStrategy=ColdStart, UnrollFactor=1, WarmupCount=1)
//   BinaryKeyDispatchBenchmarks.StringControl: A_Baseline(Arguments=/p:ProductDirectory=C:/git/Dekaf-perf-improvements-20260907/pr-3082/baseline,/p:UseSharedCompilation=false, IterationCount=1, LaunchCount=1, RunStrategy=ColdStart, UnrollFactor=1, WarmupCount=1)
//   BinaryKeyDispatchBenchmarks.ByteArray: B_Published(Arguments=/p:ProductDirectory=C:/git/Dekaf-perf-improvements-20260907/pr-3082/published,/p:UseSharedCompilation=false, IterationCount=1, LaunchCount=1, RunStrategy=ColdStart, UnrollFactor=1, WarmupCount=1)
//   BinaryKeyDispatchBenchmarks.RawMemory: B_Published(Arguments=/p:ProductDirectory=C:/git/Dekaf-perf-improvements-20260907/pr-3082/published,/p:UseSharedCompilation=false, IterationCount=1, LaunchCount=1, RunStrategy=ColdStart, UnrollFactor=1, WarmupCount=1)
//   BinaryKeyDispatchBenchmarks.StringControl: B_Published(Arguments=/p:ProductDirectory=C:/git/Dekaf-perf-improvements-20260907/pr-3082/published,/p:UseSharedCompilation=false, IterationCount=1, LaunchCount=1, RunStrategy=ColdStart, UnrollFactor=1, WarmupCount=1)
//   BinaryKeyDispatchBenchmarks.ByteArray: C_Candidate(Arguments=/p:ProductDirectory=C:/git/Dekaf-perf-improvements-20260907/pr-3082/candidate,/p:UseSharedCompilation=false, IterationCount=1, LaunchCount=1, RunStrategy=ColdStart, UnrollFactor=1, WarmupCount=1)
//   BinaryKeyDispatchBenchmarks.RawMemory: C_Candidate(Arguments=/p:ProductDirectory=C:/git/Dekaf-perf-improvements-20260907/pr-3082/candidate,/p:UseSharedCompilation=false, IterationCount=1, LaunchCount=1, RunStrategy=ColdStart, UnrollFactor=1, WarmupCount=1)
//   BinaryKeyDispatchBenchmarks.StringControl: C_Candidate(Arguments=/p:ProductDirectory=C:/git/Dekaf-perf-improvements-20260907/pr-3082/candidate,/p:UseSharedCompilation=false, IterationCount=1, LaunchCount=1, RunStrategy=ColdStart, UnrollFactor=1, WarmupCount=1)
//   BinaryKeyDispatchBenchmarks.ByteArray: D_PublishedControl(Arguments=/p:ProductDirectory=C:/git/Dekaf-perf-improvements-20260907/pr-3082/published,/p:UseSharedCompilation=false, IterationCount=1, LaunchCount=1, RunStrategy=ColdStart, UnrollFactor=1, WarmupCount=1)
//   BinaryKeyDispatchBenchmarks.RawMemory: D_PublishedControl(Arguments=/p:ProductDirectory=C:/git/Dekaf-perf-improvements-20260907/pr-3082/published,/p:UseSharedCompilation=false, IterationCount=1, LaunchCount=1, RunStrategy=ColdStart, UnrollFactor=1, WarmupCount=1)
//   BinaryKeyDispatchBenchmarks.StringControl: D_PublishedControl(Arguments=/p:ProductDirectory=C:/git/Dekaf-perf-improvements-20260907/pr-3082/published,/p:UseSharedCompilation=false, IterationCount=1, LaunchCount=1, RunStrategy=ColdStart, UnrollFactor=1, WarmupCount=1)
//   BinaryKeyDispatchBenchmarks.ByteArray: E_BaselineControl(Arguments=/p:ProductDirectory=C:/git/Dekaf-perf-improvements-20260907/pr-3082/baseline,/p:UseSharedCompilation=false, IterationCount=1, LaunchCount=1, RunStrategy=ColdStart, UnrollFactor=1, WarmupCount=1)
//   BinaryKeyDispatchBenchmarks.RawMemory: E_BaselineControl(Arguments=/p:ProductDirectory=C:/git/Dekaf-perf-improvements-20260907/pr-3082/baseline,/p:UseSharedCompilation=false, IterationCount=1, LaunchCount=1, RunStrategy=ColdStart, UnrollFactor=1, WarmupCount=1)
//   BinaryKeyDispatchBenchmarks.StringControl: E_BaselineControl(Arguments=/p:ProductDirectory=C:/git/Dekaf-perf-improvements-20260907/pr-3082/baseline,/p:UseSharedCompilation=false, IterationCount=1, LaunchCount=1, RunStrategy=ColdStart, UnrollFactor=1, WarmupCount=1)

Setup power plan (GUID: 8c5e7fda-e8bf-4a96-9a85-a6e23a8c635c FriendlyName: High performance)
// **************************
// Benchmark: BinaryKeyDispatchBenchmarks.ByteArray: A_Baseline(Arguments=/p:ProductDirectory=C:/git/Dekaf-perf-improvements-20260907/pr-3082/baseline,/p:UseSharedCompilation=false, IterationCount=1, LaunchCount=1, RunStrategy=ColdStart, UnrollFactor=1, WarmupCount=1)
// *** Execute ***
// Launch: 1 / 1
// Execute: dotnet Dekaf.Benchmarks-A_Baseline-1.dll --anonymousPipes 1724 1228 --benchmarkName Dekaf.Benchmarks.Benchmarks.Unit.BinaryKeyDispatchBenchmarks.ByteArray --job A_Baseline --benchmarkId 0 in C:\git\Dekaf-perf-improvements-20260907\pr-3082\comparison\bin\Release\net10.0\Dekaf.Benchmarks-A_Baseline-1\bin\Release\net10.0
// BeforeAnythingElse

// Benchmark Process Environment Information:
// BenchmarkDotNet v0.15.8
// Runtime=.NET 10.0.11 (10.0.11, 10.0.1126.37416), X64 RyuJIT x86-64-v3
// GC=Concurrent Workstation
// HardwareIntrinsics=AVX2+BMI1+BMI2+F16C+FMA+LZCNT+MOVBE,AVX,SSE3+SSSE3+SSE4.1+SSE4.2+POPCNT,X86Base+SSE+SSE2,AES+PCLMUL,AvxVnni,SERIALIZE VectorSize=256
// Job: A_Baseline(IterationCount=1, LaunchCount=1, RunStrategy=ColdStart, UnrollFactor=1, WarmupCount=1)

// BeforeActualRun
WorkloadActual   1: 1024 op, 31688300.00 ns, 30.9456 us/op

// AfterActualRun
WorkloadResult   1: 1024 op, 31688300.00 ns, 30.9456 us/op
// GC:  0 0 0 2355104 1024
// Threading:  1024 0 1024

// AfterAll
// Benchmark Process 106096 has exited with code 0.

Mean = 30.946 us, StdErr = 0.000 us (0.00%), N = 1, StdDev = 0.000 us
Min = 30.946 us, Q1 = 30.946 us, Median = 30.946 us, Q3 = 30.946 us, Max = 30.946 us
IQR = 0.000 us, LowerFence = 30.946 us, UpperFence = 30.946 us
ConfidenceInterval = [NaN us; NaN us] (CI 99.9%), Margin = NaN us (NaN% of Mean)
Skewness = NaN, Kurtosis = NaN, MValue = 2

// ** Remained 44 (97.8%) benchmark(s) to run. Estimated finish 2026-09-07 16:51 (0h 0m from now) **
Setup power plan (GUID: 8c5e7fda-e8bf-4a96-9a85-a6e23a8c635c FriendlyName: High performance)
// **************************
// Benchmark: BinaryKeyDispatchBenchmarks.RawMemory: A_Baseline(Arguments=/p:ProductDirectory=C:/git/Dekaf-perf-improvements-20260907/pr-3082/baseline,/p:UseSharedCompilation=false, IterationCount=1, LaunchCount=1, RunStrategy=ColdStart, UnrollFactor=1, WarmupCount=1)
// *** Execute ***
// Launch: 1 / 1
// Execute: dotnet Dekaf.Benchmarks-A_Baseline-1.dll --anonymousPipes 1240 1776 --benchmarkName Dekaf.Benchmarks.Benchmarks.Unit.BinaryKeyDispatchBenchmarks.RawMemory --job A_Baseline --benchmarkId 1 in C:\git\Dekaf-perf-improvements-20260907\pr-3082\comparison\bin\Release\net10.0\Dekaf.Benchmarks-A_Baseline-1\bin\Release\net10.0
// BeforeAnythingElse

// Benchmark Process Environment Information:
// BenchmarkDotNet v0.15.8
// Runtime=.NET 10.0.11 (10.0.11, 10.0.1126.37416), X64 RyuJIT x86-64-v3
// GC=Concurrent Workstation
// HardwareIntrinsics=AVX2+BMI1+BMI2+F16C+FMA+LZCNT+MOVBE,AVX,SSE3+SSSE3+SSE4.1+SSE4.2+POPCNT,X86Base+SSE+SSE2,AES+PCLMUL,AvxVnni,SERIALIZE VectorSize=256
// Job: A_Baseline(IterationCount=1, LaunchCount=1, RunStrategy=ColdStart, UnrollFactor=1, WarmupCount=1)

// BeforeActualRun
WorkloadActual   1: 1024 op, 32435900.00 ns, 31.6757 us/op

// AfterActualRun
WorkloadResult   1: 1024 op, 32435900.00 ns, 31.6757 us/op
// GC:  0 0 0 2457872 1024
// Threading:  1024 0 1024

// AfterAll
// Benchmark Process 77820 has exited with code 0.

Mean = 31.676 us, StdErr = 0.000 us (0.00%), N = 1, StdDev = 0.000 us
Min = 31.676 us, Q1 = 31.676 us, Median = 31.676 us, Q3 = 31.676 us, Max = 31.676 us
IQR = 0.000 us, LowerFence = 31.676 us, UpperFence = 31.676 us
ConfidenceInterval = [NaN us; NaN us] (CI 99.9%), Margin = NaN us (NaN% of Mean)
Skewness = NaN, Kurtosis = NaN, MValue = 2

// ** Remained 43 (95.6%) benchmark(s) to run. Estimated finish 2026-09-07 16:51 (0h 0m from now) **
Setup power plan (GUID: 8c5e7fda-e8bf-4a96-9a85-a6e23a8c635c FriendlyName: High performance)
// **************************
// Benchmark: BinaryKeyDispatchBenchmarks.StringControl: A_Baseline(Arguments=/p:ProductDirectory=C:/git/Dekaf-perf-improvements-20260907/pr-3082/baseline,/p:UseSharedCompilation=false, IterationCount=1, LaunchCount=1, RunStrategy=ColdStart, UnrollFactor=1, WarmupCount=1)
// *** Execute ***
// Launch: 1 / 1
// Execute: dotnet Dekaf.Benchmarks-A_Baseline-1.dll --anonymousPipes 1696 1788 --benchmarkName Dekaf.Benchmarks.Benchmarks.Unit.BinaryKeyDispatchBenchmarks.StringControl --job A_Baseline --benchmarkId 2 in C:\git\Dekaf-perf-improvements-20260907\pr-3082\comparison\bin\Release\net10.0\Dekaf.Benchmarks-A_Baseline-1\bin\Release\net10.0
// BeforeAnythingElse

// Benchmark Process Environment Information:
// BenchmarkDotNet v0.15.8
// Runtime=.NET 10.0.11 (10.0.11, 10.0.1126.37416), X64 RyuJIT x86-64-v3
// GC=Concurrent Workstation
// HardwareIntrinsics=AVX2+BMI1+BMI2+F16C+FMA+LZCNT+MOVBE,AVX,SSE3+SSSE3+SSE4.1+SSE4.2+POPCNT,X86Base+SSE+SSE2,AES+PCLMUL,AvxVnni,SERIALIZE VectorSize=256
// Job: A_Baseline(IterationCount=1, LaunchCount=1, RunStrategy=ColdStart, UnrollFactor=1, WarmupCount=1)

// BeforeActualRun
WorkloadActual   1: 1024 op, 28425200.00 ns, 27.7590 us/op

// AfterActualRun
WorkloadResult   1: 1024 op, 28425200.00 ns, 27.7590 us/op
// GC:  0 0 0 570424 1024
// Threading:  1 0 1024

// AfterAll
// Benchmark Process 83268 has exited with code 0.

Mean = 27.759 us, StdErr = 0.000 us (0.00%), N = 1, StdDev = 0.000 us
Min = 27.759 us, Q1 = 27.759 us, Median = 27.759 us, Q3 = 27.759 us, Max = 27.759 us
IQR = 0.000 us, LowerFence = 27.759 us, UpperFence = 27.759 us
ConfidenceInterval = [NaN us; NaN us] (CI 99.9%), Margin = NaN us (NaN% of Mean)
Skewness = NaN, Kurtosis = NaN, MValue = 2

// ** Remained 42 (93.3%) benchmark(s) to run. Estimated finish 2026-09-07 16:51 (0h 0m from now) **
Setup power plan (GUID: 8c5e7fda-e8bf-4a96-9a85-a6e23a8c635c FriendlyName: High performance)
// **************************
// Benchmark: BinaryKeyDispatchBenchmarks.ByteArray: B_Published(Arguments=/p:ProductDirectory=C:/git/Dekaf-perf-improvements-20260907/pr-3082/published,/p:UseSharedCompilation=false, IterationCount=1, LaunchCount=1, RunStrategy=ColdStart, UnrollFactor=1, WarmupCount=1)
// *** Execute ***
// Launch: 1 / 1
// Execute: dotnet Dekaf.Benchmarks-B_Published-2.dll --anonymousPipes 1600 1820 --benchmarkName Dekaf.Benchmarks.Benchmarks.Unit.BinaryKeyDispatchBenchmarks.ByteArray --job B_Published --benchmarkId 0 in C:\git\Dekaf-perf-improvements-20260907\pr-3082\comparison\bin\Release\net10.0\Dekaf.Benchmarks-B_Published-2\bin\Release\net10.0
// BeforeAnythingElse

// Benchmark Process Environment Information:
// BenchmarkDotNet v0.15.8
// Runtime=.NET 10.0.11 (10.0.11, 10.0.1126.37416), X64 RyuJIT x86-64-v3
// GC=Concurrent Workstation
// HardwareIntrinsics=AVX2+BMI1+BMI2+F16C+FMA+LZCNT+MOVBE,AVX,SSE3+SSSE3+SSE4.1+SSE4.2+POPCNT,X86Base+SSE+SSE2,AES+PCLMUL,AvxVnni,SERIALIZE VectorSize=256
// Job: B_Published(IterationCount=1, LaunchCount=1, RunStrategy=ColdStart, UnrollFactor=1, WarmupCount=1)

// BeforeActualRun
WorkloadActual   1: 1024 op, 29045700.00 ns, 28.3649 us/op

// AfterActualRun
WorkloadResult   1: 1024 op, 29045700.00 ns, 28.3649 us/op
// GC:  0 0 0 570424 1024
// Threading:  1 0 1024

// AfterAll
// Benchmark Process 33528 has exited with code 0.

Mean = 28.365 us, StdErr = 0.000 us (0.00%), N = 1, StdDev = 0.000 us
Min = 28.365 us, Q1 = 28.365 us, Median = 28.365 us, Q3 = 28.365 us, Max = 28.365 us
IQR = 0.000 us, LowerFence = 28.365 us, UpperFence = 28.365 us
ConfidenceInterval = [NaN us; NaN us] (CI 99.9%), Margin = NaN us (NaN% of Mean)
Skewness = NaN, Kurtosis = NaN, MValue = 2

// ** Remained 41 (91.1%) benchmark(s) to run. Estimated finish 2026-09-07 16:51 (0h 0m from now) **
Setup power plan (GUID: 8c5e7fda-e8bf-4a96-9a85-a6e23a8c635c FriendlyName: High performance)
// **************************
// Benchmark: BinaryKeyDispatchBenchmarks.RawMemory: B_Published(Arguments=/p:ProductDirectory=C:/git/Dekaf-perf-improvements-20260907/pr-3082/published,/p:UseSharedCompilation=false, IterationCount=1, LaunchCount=1, RunStrategy=ColdStart, UnrollFactor=1, WarmupCount=1)
// *** Execute ***
// Launch: 1 / 1
// Execute: dotnet Dekaf.Benchmarks-B_Published-2.dll --anonymousPipes 1824 1800 --benchmarkName Dekaf.Benchmarks.Benchmarks.Unit.BinaryKeyDispatchBenchmarks.RawMemory --job B_Published --benchmarkId 1 in C:\git\Dekaf-perf-improvements-20260907\pr-3082\comparison\bin\Release\net10.0\Dekaf.Benchmarks-B_Published-2\bin\Release\net10.0
// BeforeAnythingElse

// Benchmark Process Environment Information:
// BenchmarkDotNet v0.15.8
// Runtime=.NET 10.0.11 (10.0.11, 10.0.1126.37416), X64 RyuJIT x86-64-v3
// GC=Concurrent Workstation
// HardwareIntrinsics=AVX2+BMI1+BMI2+F16C+FMA+LZCNT+MOVBE,AVX,SSE3+SSSE3+SSE4.1+SSE4.2+POPCNT,X86Base+SSE+SSE2,AES+PCLMUL,AvxVnni,SERIALIZE VectorSize=256
// Job: B_Published(IterationCount=1, LaunchCount=1, RunStrategy=ColdStart, UnrollFactor=1, WarmupCount=1)

// BeforeActualRun
WorkloadActual   1: 1024 op, 28874900.00 ns, 28.1981 us/op

// AfterActualRun
WorkloadResult   1: 1024 op, 28874900.00 ns, 28.1981 us/op
// GC:  0 0 0 611384 1024
// Threading:  1 0 1024

// AfterAll
// Benchmark Process 86532 has exited with code 0.

Mean = 28.198 us, StdErr = 0.000 us (0.00%), N = 1, StdDev = 0.000 us
Min = 28.198 us, Q1 = 28.198 us, Median = 28.198 us, Q3 = 28.198 us, Max = 28.198 us
IQR = 0.000 us, LowerFence = 28.198 us, UpperFence = 28.198 us
ConfidenceInterval = [NaN us; NaN us] (CI 99.9%), Margin = NaN us (NaN% of Mean)
Skewness = NaN, Kurtosis = NaN, MValue = 2

// ** Remained 40 (88.9%) benchmark(s) to run. Estimated finish 2026-09-07 16:51 (0h 0m from now) **
Setup power plan (GUID: 8c5e7fda-e8bf-4a96-9a85-a6e23a8c635c FriendlyName: High performance)
// **************************
// Benchmark: BinaryKeyDispatchBenchmarks.StringControl: B_Published(Arguments=/p:ProductDirectory=C:/git/Dekaf-perf-improvements-20260907/pr-3082/published,/p:UseSharedCompilation=false, IterationCount=1, LaunchCount=1, RunStrategy=ColdStart, UnrollFactor=1, WarmupCount=1)
// *** Execute ***
// Launch: 1 / 1
// Execute: dotnet Dekaf.Benchmarks-B_Published-2.dll --anonymousPipes 1748 1840 --benchmarkName Dekaf.Benchmarks.Benchmarks.Unit.BinaryKeyDispatchBenchmarks.StringControl --job B_Published --benchmarkId 2 in C:\git\Dekaf-perf-improvements-20260907\pr-3082\comparison\bin\Release\net10.0\Dekaf.Benchmarks-B_Published-2\bin\Release\net10.0
// BeforeAnythingElse

// Benchmark Process Environment Information:
// BenchmarkDotNet v0.15.8
// Runtime=.NET 10.0.11 (10.0.11, 10.0.1126.37416), X64 RyuJIT x86-64-v3
// GC=Concurrent Workstation
// HardwareIntrinsics=AVX2+BMI1+BMI2+F16C+FMA+LZCNT+MOVBE,AVX,SSE3+SSSE3+SSE4.1+SSE4.2+POPCNT,X86Base+SSE+SSE2,AES+PCLMUL,AvxVnni,SERIALIZE VectorSize=256
// Job: B_Published(IterationCount=1, LaunchCount=1, RunStrategy=ColdStart, UnrollFactor=1, WarmupCount=1)

// BeforeActualRun
WorkloadActual   1: 1024 op, 27940100.00 ns, 27.2853 us/op

// AfterActualRun
WorkloadResult   1: 1024 op, 27940100.00 ns, 27.2853 us/op
// GC:  0 0 0 570424 1024
// Threading:  1 0 1024

// AfterAll
// Benchmark Process 86972 has exited with code 0.

Mean = 27.285 us, StdErr = 0.000 us (0.00%), N = 1, StdDev = 0.000 us
Min = 27.285 us, Q1 = 27.285 us, Median = 27.285 us, Q3 = 27.285 us, Max = 27.285 us
IQR = 0.000 us, LowerFence = 27.285 us, UpperFence = 27.285 us
ConfidenceInterval = [NaN us; NaN us] (CI 99.9%), Margin = NaN us (NaN% of Mean)
Skewness = NaN, Kurtosis = NaN, MValue = 2

// ** Remained 39 (86.7%) benchmark(s) to run. Estimated finish 2026-09-07 16:51 (0h 0m from now) **
Setup power plan (GUID: 8c5e7fda-e8bf-4a96-9a85-a6e23a8c635c FriendlyName: High performance)
// **************************
// Benchmark: BinaryKeyDispatchBenchmarks.ByteArray: C_Candidate(Arguments=/p:ProductDirectory=C:/git/Dekaf-perf-improvements-20260907/pr-3082/candidate,/p:UseSharedCompilation=false, IterationCount=1, LaunchCount=1, RunStrategy=ColdStart, UnrollFactor=1, WarmupCount=1)
// *** Execute ***
// Launch: 1 / 1
// Execute: dotnet Dekaf.Benchmarks-C_Candidate-3.dll --anonymousPipes 1792 1744 --benchmarkName Dekaf.Benchmarks.Benchmarks.Unit.BinaryKeyDispatchBenchmarks.ByteArray --job C_Candidate --benchmarkId 0 in C:\git\Dekaf-perf-improvements-20260907\pr-3082\comparison\bin\Release\net10.0\Dekaf.Benchmarks-C_Candidate-3\bin\Release\net10.0
// BeforeAnythingElse

// Benchmark Process Environment Information:
// BenchmarkDotNet v0.15.8
// Runtime=.NET 10.0.11 (10.0.11, 10.0.1126.37416), X64 RyuJIT x86-64-v3
// GC=Concurrent Workstation
// HardwareIntrinsics=AVX2+BMI1+BMI2+F16C+FMA+LZCNT+MOVBE,AVX,SSE3+SSSE3+SSE4.1+SSE4.2+POPCNT,X86Base+SSE+SSE2,AES+PCLMUL,AvxVnni,SERIALIZE VectorSize=256
// Job: C_Candidate(IterationCount=1, LaunchCount=1, RunStrategy=ColdStart, UnrollFactor=1, WarmupCount=1)

// BeforeActualRun
WorkloadActual   1: 1024 op, 29734500.00 ns, 29.0376 us/op

// AfterActualRun
WorkloadResult   1: 1024 op, 29734500.00 ns, 29.0376 us/op
// GC:  0 0 0 570424 1024
// Threading:  1 0 1024

// AfterAll
// Benchmark Process 72736 has exited with code 0.

Mean = 29.038 us, StdErr = 0.000 us (0.00%), N = 1, StdDev = 0.000 us
Min = 29.038 us, Q1 = 29.038 us, Median = 29.038 us, Q3 = 29.038 us, Max = 29.038 us
IQR = 0.000 us, LowerFence = 29.038 us, UpperFence = 29.038 us
ConfidenceInterval = [NaN us; NaN us] (CI 99.9%), Margin = NaN us (NaN% of Mean)
Skewness = NaN, Kurtosis = NaN, MValue = 2

// ** Remained 38 (84.4%) benchmark(s) to run. Estimated finish 2026-09-07 16:51 (0h 0m from now) **
Setup power plan (GUID: 8c5e7fda-e8bf-4a96-9a85-a6e23a8c635c FriendlyName: High performance)
// **************************
// Benchmark: BinaryKeyDispatchBenchmarks.RawMemory: C_Candidate(Arguments=/p:ProductDirectory=C:/git/Dekaf-perf-improvements-20260907/pr-3082/candidate,/p:UseSharedCompilation=false, IterationCount=1, LaunchCount=1, RunStrategy=ColdStart, UnrollFactor=1, WarmupCount=1)
// *** Execute ***
// Launch: 1 / 1
// Execute: dotnet Dekaf.Benchmarks-C_Candidate-3.dll --anonymousPipes 1600 1756 --benchmarkName Dekaf.Benchmarks.Benchmarks.Unit.BinaryKeyDispatchBenchmarks.RawMemory --job C_Candidate --benchmarkId 1 in C:\git\Dekaf-perf-improvements-20260907\pr-3082\comparison\bin\Release\net10.0\Dekaf.Benchmarks-C_Candidate-3\bin\Release\net10.0
// BeforeAnythingElse

// Benchmark Process Environment Information:
// BenchmarkDotNet v0.15.8
// Runtime=.NET 10.0.11 (10.0.11, 10.0.1126.37416), X64 RyuJIT x86-64-v3
// GC=Concurrent Workstation
// HardwareIntrinsics=AVX2+BMI1+BMI2+F16C+FMA+LZCNT+MOVBE,AVX,SSE3+SSSE3+SSE4.1+SSE4.2+POPCNT,X86Base+SSE+SSE2,AES+PCLMUL,AvxVnni,SERIALIZE VectorSize=256
// Job: C_Candidate(IterationCount=1, LaunchCount=1, RunStrategy=ColdStart, UnrollFactor=1, WarmupCount=1)

// BeforeActualRun
WorkloadActual   1: 1024 op, 29536100.00 ns, 28.8438 us/op

// AfterActualRun
WorkloadResult   1: 1024 op, 29536100.00 ns, 28.8438 us/op
// GC:  0 0 0 611384 1024
// Threading:  1 0 1024

// AfterAll
// Benchmark Process 65444 has exited with code 0.

Mean = 28.844 us, StdErr = 0.000 us (0.00%), N = 1, StdDev = 0.000 us
Min = 28.844 us, Q1 = 28.844 us, Median = 28.844 us, Q3 = 28.844 us, Max = 28.844 us
IQR = 0.000 us, LowerFence = 28.844 us, UpperFence = 28.844 us
ConfidenceInterval = [NaN us; NaN us] (CI 99.9%), Margin = NaN us (NaN% of Mean)
Skewness = NaN, Kurtosis = NaN, MValue = 2

// ** Remained 37 (82.2%) benchmark(s) to run. Estimated finish 2026-09-07 16:51 (0h 0m from now) **
Setup power plan (GUID: 8c5e7fda-e8bf-4a96-9a85-a6e23a8c635c FriendlyName: High performance)
// **************************
// Benchmark: BinaryKeyDispatchBenchmarks.StringControl: C_Candidate(Arguments=/p:ProductDirectory=C:/git/Dekaf-perf-improvements-20260907/pr-3082/candidate,/p:UseSharedCompilation=false, IterationCount=1, LaunchCount=1, RunStrategy=ColdStart, UnrollFactor=1, WarmupCount=1)
// *** Execute ***
// Launch: 1 / 1
// Execute: dotnet Dekaf.Benchmarks-C_Candidate-3.dll --anonymousPipes 1840 1212 --benchmarkName Dekaf.Benchmarks.Benchmarks.Unit.BinaryKeyDispatchBenchmarks.StringControl --job C_Candidate --benchmarkId 2 in C:\git\Dekaf-perf-improvements-20260907\pr-3082\comparison\bin\Release\net10.0\Dekaf.Benchmarks-C_Candidate-3\bin\Release\net10.0
// BeforeAnythingElse

// Benchmark Process Environment Information:
// BenchmarkDotNet v0.15.8
// Runtime=.NET 10.0.11 (10.0.11, 10.0.1126.37416), X64 RyuJIT x86-64-v3
// GC=Concurrent Workstation
// HardwareIntrinsics=AVX2+BMI1+BMI2+F16C+FMA+LZCNT+MOVBE,AVX,SSE3+SSSE3+SSE4.1+SSE4.2+POPCNT,X86Base+SSE+SSE2,AES+PCLMUL,AvxVnni,SERIALIZE VectorSize=256
// Job: C_Candidate(IterationCount=1, LaunchCount=1, RunStrategy=ColdStart, UnrollFactor=1, WarmupCount=1)

// BeforeActualRun
WorkloadActual   1: 1024 op, 29846400.00 ns, 29.1469 us/op

// AfterActualRun
WorkloadResult   1: 1024 op, 29846400.00 ns, 29.1469 us/op
// GC:  0 0 0 570424 1024
// Threading:  1 0 1024

// AfterAll
// Benchmark Process 67316 has exited with code 0.

Mean = 29.147 us, StdErr = 0.000 us (0.00%), N = 1, StdDev = 0.000 us
Min = 29.147 us, Q1 = 29.147 us, Median = 29.147 us, Q3 = 29.147 us, Max = 29.147 us
IQR = 0.000 us, LowerFence = 29.147 us, UpperFence = 29.147 us
ConfidenceInterval = [NaN us; NaN us] (CI 99.9%), Margin = NaN us (NaN% of Mean)
Skewness = NaN, Kurtosis = NaN, MValue = 2

// ** Remained 36 (80.0%) benchmark(s) to run. Estimated finish 2026-09-07 16:51 (0h 0m from now) **
Setup power plan (GUID: 8c5e7fda-e8bf-4a96-9a85-a6e23a8c635c FriendlyName: High performance)
// **************************
// Benchmark: BinaryKeyDispatchBenchmarks.ByteArray: D_PublishedControl(Arguments=/p:ProductDirectory=C:/git/Dekaf-perf-improvements-20260907/pr-3082/published,/p:UseSharedCompilation=false, IterationCount=1, LaunchCount=1, RunStrategy=ColdStart, UnrollFactor=1, WarmupCount=1)
// *** Execute ***
// Launch: 1 / 1
// Execute: dotnet Dekaf.Benchmarks-B_Published-2.dll --anonymousPipes 1860 1848 --benchmarkName Dekaf.Benchmarks.Benchmarks.Unit.BinaryKeyDispatchBenchmarks.ByteArray --job D_PublishedControl --benchmarkId 3 in C:\git\Dekaf-perf-improvements-20260907\pr-3082\comparison\bin\Release\net10.0\Dekaf.Benchmarks-B_Published-2\bin\Release\net10.0
// BeforeAnythingElse

// Benchmark Process Environment Information:
// BenchmarkDotNet v0.15.8
// Runtime=.NET 10.0.11 (10.0.11, 10.0.1126.37416), X64 RyuJIT x86-64-v3
// GC=Concurrent Workstation
// HardwareIntrinsics=AVX2+BMI1+BMI2+F16C+FMA+LZCNT+MOVBE,AVX,SSE3+SSSE3+SSE4.1+SSE4.2+POPCNT,X86Base+SSE+SSE2,AES+PCLMUL,AvxVnni,SERIALIZE VectorSize=256
// Job: D_PublishedControl(IterationCount=1, LaunchCount=1, RunStrategy=ColdStart, UnrollFactor=1, WarmupCount=1)

// BeforeActualRun
WorkloadActual   1: 1024 op, 29227900.00 ns, 28.5429 us/op

// AfterActualRun
WorkloadResult   1: 1024 op, 29227900.00 ns, 28.5429 us/op
// GC:  0 0 0 570424 1024
// Threading:  1 0 1024

// AfterAll
// Benchmark Process 104732 has exited with code 0.

Mean = 28.543 us, StdErr = 0.000 us (0.00%), N = 1, StdDev = 0.000 us
Min = 28.543 us, Q1 = 28.543 us, Median = 28.543 us, Q3 = 28.543 us, Max = 28.543 us
IQR = 0.000 us, LowerFence = 28.543 us, UpperFence = 28.543 us
ConfidenceInterval = [NaN us; NaN us] (CI 99.9%), Margin = NaN us (NaN% of Mean)
Skewness = NaN, Kurtosis = NaN, MValue = 2

// ** Remained 35 (77.8%) benchmark(s) to run. Estimated finish 2026-09-07 16:51 (0h 0m from now) **
Setup power plan (GUID: 8c5e7fda-e8bf-4a96-9a85-a6e23a8c635c FriendlyName: High performance)
// **************************
// Benchmark: BinaryKeyDispatchBenchmarks.RawMemory: D_PublishedControl(Arguments=/p:ProductDirectory=C:/git/Dekaf-perf-improvements-20260907/pr-3082/published,/p:UseSharedCompilation=false, IterationCount=1, LaunchCount=1, RunStrategy=ColdStart, UnrollFactor=1, WarmupCount=1)
// *** Execute ***
// Launch: 1 / 1
// Execute: dotnet Dekaf.Benchmarks-B_Published-2.dll --anonymousPipes 1860 1848 --benchmarkName Dekaf.Benchmarks.Benchmarks.Unit.BinaryKeyDispatchBenchmarks.RawMemory --job D_PublishedControl --benchmarkId 4 in C:\git\Dekaf-perf-improvements-20260907\pr-3082\comparison\bin\Release\net10.0\Dekaf.Benchmarks-B_Published-2\bin\Release\net10.0
// BeforeAnythingElse

// Benchmark Process Environment Information:
// BenchmarkDotNet v0.15.8
// Runtime=.NET 10.0.11 (10.0.11, 10.0.1126.37416), X64 RyuJIT x86-64-v3
// GC=Concurrent Workstation
// HardwareIntrinsics=AVX2+BMI1+BMI2+F16C+FMA+LZCNT+MOVBE,AVX,SSE3+SSSE3+SSE4.1+SSE4.2+POPCNT,X86Base+SSE+SSE2,AES+PCLMUL,AvxVnni,SERIALIZE VectorSize=256
// Job: D_PublishedControl(IterationCount=1, LaunchCount=1, RunStrategy=ColdStart, UnrollFactor=1, WarmupCount=1)

// BeforeActualRun
WorkloadActual   1: 1024 op, 28117100.00 ns, 27.4581 us/op

// AfterActualRun
WorkloadResult   1: 1024 op, 28117100.00 ns, 27.4581 us/op
// GC:  0 0 0 611384 1024
// Threading:  1 0 1024

// AfterAll
// Benchmark Process 44684 has exited with code 0.

Mean = 27.458 us, StdErr = 0.000 us (0.00%), N = 1, StdDev = 0.000 us
Min = 27.458 us, Q1 = 27.458 us, Median = 27.458 us, Q3 = 27.458 us, Max = 27.458 us
IQR = 0.000 us, LowerFence = 27.458 us, UpperFence = 27.458 us
ConfidenceInterval = [NaN us; NaN us] (CI 99.9%), Margin = NaN us (NaN% of Mean)
Skewness = NaN, Kurtosis = NaN, MValue = 2

// ** Remained 34 (75.6%) benchmark(s) to run. Estimated finish 2026-09-07 16:51 (0h 0m from now) **
Setup power plan (GUID: 8c5e7fda-e8bf-4a96-9a85-a6e23a8c635c FriendlyName: High performance)
// **************************
// Benchmark: BinaryKeyDispatchBenchmarks.StringControl: D_PublishedControl(Arguments=/p:ProductDirectory=C:/git/Dekaf-perf-improvements-20260907/pr-3082/published,/p:UseSharedCompilation=false, IterationCount=1, LaunchCount=1, RunStrategy=ColdStart, UnrollFactor=1, WarmupCount=1)
// *** Execute ***
// Launch: 1 / 1
// Execute: dotnet Dekaf.Benchmarks-B_Published-2.dll --anonymousPipes 1884 1812 --benchmarkName Dekaf.Benchmarks.Benchmarks.Unit.BinaryKeyDispatchBenchmarks.StringControl --job D_PublishedControl --benchmarkId 5 in C:\git\Dekaf-perf-improvements-20260907\pr-3082\comparison\bin\Release\net10.0\Dekaf.Benchmarks-B_Published-2\bin\Release\net10.0
// BeforeAnythingElse

// Benchmark Process Environment Information:
// BenchmarkDotNet v0.15.8
// Runtime=.NET 10.0.11 (10.0.11, 10.0.1126.37416), X64 RyuJIT x86-64-v3
// GC=Concurrent Workstation
// HardwareIntrinsics=AVX2+BMI1+BMI2+F16C+FMA+LZCNT+MOVBE,AVX,SSE3+SSSE3+SSE4.1+SSE4.2+POPCNT,X86Base+SSE+SSE2,AES+PCLMUL,AvxVnni,SERIALIZE VectorSize=256
// Job: D_PublishedControl(IterationCount=1, LaunchCount=1, RunStrategy=ColdStart, UnrollFactor=1, WarmupCount=1)

// BeforeActualRun
WorkloadActual   1: 1024 op, 28797900.00 ns, 28.1229 us/op

// AfterActualRun
WorkloadResult   1: 1024 op, 28797900.00 ns, 28.1229 us/op
// GC:  0 0 0 570424 1024
// Threading:  1 0 1024

// AfterAll
// Benchmark Process 97420 has exited with code 0.

Mean = 28.123 us, StdErr = 0.000 us (0.00%), N = 1, StdDev = 0.000 us
Min = 28.123 us, Q1 = 28.123 us, Median = 28.123 us, Q3 = 28.123 us, Max = 28.123 us
IQR = 0.000 us, LowerFence = 28.123 us, UpperFence = 28.123 us
ConfidenceInterval = [NaN us; NaN us] (CI 99.9%), Margin = NaN us (NaN% of Mean)
Skewness = NaN, Kurtosis = NaN, MValue = 2

// ** Remained 33 (73.3%) benchmark(s) to run. Estimated finish 2026-09-07 16:51 (0h 0m from now) **
Setup power plan (GUID: 8c5e7fda-e8bf-4a96-9a85-a6e23a8c635c FriendlyName: High performance)
// **************************
// Benchmark: BinaryKeyDispatchBenchmarks.ByteArray: E_BaselineControl(Arguments=/p:ProductDirectory=C:/git/Dekaf-perf-improvements-20260907/pr-3082/baseline,/p:UseSharedCompilation=false, IterationCount=1, LaunchCount=1, RunStrategy=ColdStart, UnrollFactor=1, WarmupCount=1)
// *** Execute ***
// Launch: 1 / 1
// Execute: dotnet Dekaf.Benchmarks-A_Baseline-1.dll --anonymousPipes 1860 1900 --benchmarkName Dekaf.Benchmarks.Benchmarks.Unit.BinaryKeyDispatchBenchmarks.ByteArray --job E_BaselineControl --benchmarkId 3 in C:\git\Dekaf-perf-improvements-20260907\pr-3082\comparison\bin\Release\net10.0\Dekaf.Benchmarks-A_Baseline-1\bin\Release\net10.0
// BeforeAnythingElse

// Benchmark Process Environment Information:
// BenchmarkDotNet v0.15.8
// Runtime=.NET 10.0.11 (10.0.11, 10.0.1126.37416), X64 RyuJIT x86-64-v3
// GC=Concurrent Workstation
// HardwareIntrinsics=AVX2+BMI1+BMI2+F16C+FMA+LZCNT+MOVBE,AVX,SSE3+SSSE3+SSE4.1+SSE4.2+POPCNT,X86Base+SSE+SSE2,AES+PCLMUL,AvxVnni,SERIALIZE VectorSize=256
// Job: E_BaselineControl(IterationCount=1, LaunchCount=1, RunStrategy=ColdStart, UnrollFactor=1, WarmupCount=1)

// BeforeActualRun
WorkloadActual   1: 1024 op, 31378500.00 ns, 30.6431 us/op

// AfterActualRun
WorkloadResult   1: 1024 op, 31378500.00 ns, 30.6431 us/op
// GC:  0 0 0 2355104 1024
// Threading:  1024 0 1024

// AfterAll
// Benchmark Process 97208 has exited with code 0.

Mean = 30.643 us, StdErr = 0.000 us (0.00%), N = 1, StdDev = 0.000 us
Min = 30.643 us, Q1 = 30.643 us, Median = 30.643 us, Q3 = 30.643 us, Max = 30.643 us
IQR = 0.000 us, LowerFence = 30.643 us, UpperFence = 30.643 us
ConfidenceInterval = [NaN us; NaN us] (CI 99.9%), Margin = NaN us (NaN% of Mean)
Skewness = NaN, Kurtosis = NaN, MValue = 2

// ** Remained 32 (71.1%) benchmark(s) to run. Estimated finish 2026-09-07 16:51 (0h 0m from now) **
Setup power plan (GUID: 8c5e7fda-e8bf-4a96-9a85-a6e23a8c635c FriendlyName: High performance)
// **************************
// Benchmark: BinaryKeyDispatchBenchmarks.RawMemory: E_BaselineControl(Arguments=/p:ProductDirectory=C:/git/Dekaf-perf-improvements-20260907/pr-3082/baseline,/p:UseSharedCompilation=false, IterationCount=1, LaunchCount=1, RunStrategy=ColdStart, UnrollFactor=1, WarmupCount=1)
// *** Execute ***
// Launch: 1 / 1
// Execute: dotnet Dekaf.Benchmarks-A_Baseline-1.dll --anonymousPipes 1960 1948 --benchmarkName Dekaf.Benchmarks.Benchmarks.Unit.BinaryKeyDispatchBenchmarks.RawMemory --job E_BaselineControl --benchmarkId 4 in C:\git\Dekaf-perf-improvements-20260907\pr-3082\comparison\bin\Release\net10.0\Dekaf.Benchmarks-A_Baseline-1\bin\Release\net10.0
// BeforeAnythingElse

// Benchmark Process Environment Information:
// BenchmarkDotNet v0.15.8
// Runtime=.NET 10.0.11 (10.0.11, 10.0.1126.37416), X64 RyuJIT x86-64-v3
// GC=Concurrent Workstation
// HardwareIntrinsics=AVX2+BMI1+BMI2+F16C+FMA+LZCNT+MOVBE,AVX,SSE3+SSSE3+SSE4.1+SSE4.2+POPCNT,X86Base+SSE+SSE2,AES+PCLMUL,AvxVnni,SERIALIZE VectorSize=256
// Job: E_BaselineControl(IterationCount=1, LaunchCount=1, RunStrategy=ColdStart, UnrollFactor=1, WarmupCount=1)

// BeforeActualRun
WorkloadActual   1: 1024 op, 31329300.00 ns, 30.5950 us/op

// AfterActualRun
WorkloadResult   1: 1024 op, 31329300.00 ns, 30.5950 us/op
// GC:  0 0 0 2457872 1024
// Threading:  1024 0 1024

// AfterAll
// Benchmark Process 105536 has exited with code 0.

Mean = 30.595 us, StdErr = 0.000 us (0.00%), N = 1, StdDev = 0.000 us
Min = 30.595 us, Q1 = 30.595 us, Median = 30.595 us, Q3 = 30.595 us, Max = 30.595 us
IQR = 0.000 us, LowerFence = 30.595 us, UpperFence = 30.595 us
ConfidenceInterval = [NaN us; NaN us] (CI 99.9%), Margin = NaN us (NaN% of Mean)
Skewness = NaN, Kurtosis = NaN, MValue = 2

// ** Remained 31 (68.9%) benchmark(s) to run. Estimated finish 2026-09-07 16:51 (0h 0m from now) **
Setup power plan (GUID: 8c5e7fda-e8bf-4a96-9a85-a6e23a8c635c FriendlyName: High performance)
// **************************
// Benchmark: BinaryKeyDispatchBenchmarks.StringControl: E_BaselineControl(Arguments=/p:ProductDirectory=C:/git/Dekaf-perf-improvements-20260907/pr-3082/baseline,/p:UseSharedCompilation=false, IterationCount=1, LaunchCount=1, RunStrategy=ColdStart, UnrollFactor=1, WarmupCount=1)
// *** Execute ***
// Launch: 1 / 1
// Execute: dotnet Dekaf.Benchmarks-A_Baseline-1.dll --anonymousPipes 1960 1948 --benchmarkName Dekaf.Benchmarks.Benchmarks.Unit.BinaryKeyDispatchBenchmarks.StringControl --job E_BaselineControl --benchmarkId 5 in C:\git\Dekaf-perf-improvements-20260907\pr-3082\comparison\bin\Release\net10.0\Dekaf.Benchmarks-A_Baseline-1\bin\Release\net10.0
// BeforeAnythingElse

// Benchmark Process Environment Information:
// BenchmarkDotNet v0.15.8
// Runtime=.NET 10.0.11 (10.0.11, 10.0.1126.37416), X64 RyuJIT x86-64-v3
// GC=Concurrent Workstation
// HardwareIntrinsics=AVX2+BMI1+BMI2+F16C+FMA+LZCNT+MOVBE,AVX,SSE3+SSSE3+SSE4.1+SSE4.2+POPCNT,X86Base+SSE+SSE2,AES+PCLMUL,AvxVnni,SERIALIZE VectorSize=256
// Job: E_BaselineControl(IterationCount=1, LaunchCount=1, RunStrategy=ColdStart, UnrollFactor=1, WarmupCount=1)

// BeforeActualRun
WorkloadActual   1: 1024 op, 28010700.00 ns, 27.3542 us/op

// AfterActualRun
WorkloadResult   1: 1024 op, 28010700.00 ns, 27.3542 us/op
// GC:  0 0 0 570424 1024
// Threading:  1 0 1024

// AfterAll
// Benchmark Process 98732 has exited with code 0.

Mean = 27.354 us, StdErr = 0.000 us (0.00%), N = 1, StdDev = 0.000 us
Min = 27.354 us, Q1 = 27.354 us, Median = 27.354 us, Q3 = 27.354 us, Max = 27.354 us
IQR = 0.000 us, LowerFence = 27.354 us, UpperFence = 27.354 us
ConfidenceInterval = [NaN us; NaN us] (CI 99.9%), Margin = NaN us (NaN% of Mean)
Skewness = NaN, Kurtosis = NaN, MValue = 2

// ** Remained 30 (66.7%) benchmark(s) to run. Estimated finish 2026-09-07 16:51 (0h 0m from now) **
Successfully reverted power plan (GUID: 8c5e7fda-e8bf-4a96-9a85-a6e23a8c635c FriendlyName: High performance)
// ***** BenchmarkRunner: Finish  *****

// * Export *
  C:\git\Dekaf-perf-improvements-20260907\pr-3082\dry\results\Dekaf.Benchmarks.Benchmarks.Unit.BinaryKeyDispatchBenchmarks-report.csv
  C:\git\Dekaf-perf-improvements-20260907\pr-3082\dry\results\Dekaf.Benchmarks.Benchmarks.Unit.BinaryKeyDispatchBenchmarks-report-github.md
  C:\git\Dekaf-perf-improvements-20260907\pr-3082\dry\results\Dekaf.Benchmarks.Benchmarks.Unit.BinaryKeyDispatchBenchmarks-report.html
  C:\git\Dekaf-perf-improvements-20260907\pr-3082\dry\results\Dekaf.Benchmarks.Benchmarks.Unit.BinaryKeyDispatchBenchmarks-report-full.json

// * Detailed results *
BinaryKeyDispatchBenchmarks.ByteArray: A_Baseline(Arguments=/p:ProductDirectory=C:/git/Dekaf-perf-improvements-20260907/pr-3082/baseline,/p:UseSharedCompilation=false, IterationCount=1, LaunchCount=1, RunStrategy=ColdStart, UnrollFactor=1, WarmupCount=1)
Runtime = .NET 10.0.11 (10.0.11, 10.0.1126.37416), X64 RyuJIT x86-64-v3; GC = Concurrent Workstation
Mean = 30.946 us, StdErr = 0.000 us (0.00%), N = 1, StdDev = 0.000 us
Min = 30.946 us, Q1 = 30.946 us, Median = 30.946 us, Q3 = 30.946 us, Max = 30.946 us
IQR = 0.000 us, LowerFence = 30.946 us, UpperFence = 30.946 us
ConfidenceInterval = [NaN us; NaN us] (CI 99.9%), Margin = NaN us (NaN% of Mean)
Skewness = NaN, Kurtosis = NaN, MValue = 2
-------------------- Histogram --------------------
[30.945 us ; 30.946 us) | @
---------------------------------------------------

BinaryKeyDispatchBenchmarks.RawMemory: A_Baseline(Arguments=/p:ProductDirectory=C:/git/Dekaf-perf-improvements-20260907/pr-3082/baseline,/p:UseSharedCompilation=false, IterationCount=1, LaunchCount=1, RunStrategy=ColdStart, UnrollFactor=1, WarmupCount=1)
Runtime = .NET 10.0.11 (10.0.11, 10.0.1126.37416), X64 RyuJIT x86-64-v3; GC = Concurrent Workstation
Mean = 31.676 us, StdErr = 0.000 us (0.00%), N = 1, StdDev = 0.000 us
Min = 31.676 us, Q1 = 31.676 us, Median = 31.676 us, Q3 = 31.676 us, Max = 31.676 us
IQR = 0.000 us, LowerFence = 31.676 us, UpperFence = 31.676 us
ConfidenceInterval = [NaN us; NaN us] (CI 99.9%), Margin = NaN us (NaN% of Mean)
Skewness = NaN, Kurtosis = NaN, MValue = 2
-------------------- Histogram --------------------
[31.675 us ; 31.676 us) | @
---------------------------------------------------

BinaryKeyDispatchBenchmarks.StringControl: A_Baseline(Arguments=/p:ProductDirectory=C:/git/Dekaf-perf-improvements-20260907/pr-3082/baseline,/p:UseSharedCompilation=false, IterationCount=1, LaunchCount=1, RunStrategy=ColdStart, UnrollFactor=1, WarmupCount=1)
Runtime = .NET 10.0.11 (10.0.11, 10.0.1126.37416), X64 RyuJIT x86-64-v3; GC = Concurrent Workstation
Mean = 27.759 us, StdErr = 0.000 us (0.00%), N = 1, StdDev = 0.000 us
Min = 27.759 us, Q1 = 27.759 us, Median = 27.759 us, Q3 = 27.759 us, Max = 27.759 us
IQR = 0.000 us, LowerFence = 27.759 us, UpperFence = 27.759 us
ConfidenceInterval = [NaN us; NaN us] (CI 99.9%), Margin = NaN us (NaN% of Mean)
Skewness = NaN, Kurtosis = NaN, MValue = 2
-------------------- Histogram --------------------
[27.758 us ; 27.759 us) | @
---------------------------------------------------

BinaryKeyDispatchBenchmarks.ByteArray: B_Published(Arguments=/p:ProductDirectory=C:/git/Dekaf-perf-improvements-20260907/pr-3082/published,/p:UseSharedCompilation=false, IterationCount=1, LaunchCount=1, RunStrategy=ColdStart, UnrollFactor=1, WarmupCount=1)
Runtime = .NET 10.0.11 (10.0.11, 10.0.1126.37416), X64 RyuJIT x86-64-v3; GC = Concurrent Workstation
Mean = 28.365 us, StdErr = 0.000 us (0.00%), N = 1, StdDev = 0.000 us
Min = 28.365 us, Q1 = 28.365 us, Median = 28.365 us, Q3 = 28.365 us, Max = 28.365 us
IQR = 0.000 us, LowerFence = 28.365 us, UpperFence = 28.365 us
ConfidenceInterval = [NaN us; NaN us] (CI 99.9%), Margin = NaN us (NaN% of Mean)
Skewness = NaN, Kurtosis = NaN, MValue = 2
-------------------- Histogram --------------------
[28.364 us ; 28.365 us) | @
---------------------------------------------------

BinaryKeyDispatchBenchmarks.RawMemory: B_Published(Arguments=/p:ProductDirectory=C:/git/Dekaf-perf-improvements-20260907/pr-3082/published,/p:UseSharedCompilation=false, IterationCount=1, LaunchCount=1, RunStrategy=ColdStart, UnrollFactor=1, WarmupCount=1)
Runtime = .NET 10.0.11 (10.0.11, 10.0.1126.37416), X64 RyuJIT x86-64-v3; GC = Concurrent Workstation
Mean = 28.198 us, StdErr = 0.000 us (0.00%), N = 1, StdDev = 0.000 us
Min = 28.198 us, Q1 = 28.198 us, Median = 28.198 us, Q3 = 28.198 us, Max = 28.198 us
IQR = 0.000 us, LowerFence = 28.198 us, UpperFence = 28.198 us
ConfidenceInterval = [NaN us; NaN us] (CI 99.9%), Margin = NaN us (NaN% of Mean)
Skewness = NaN, Kurtosis = NaN, MValue = 2
-------------------- Histogram --------------------
[28.198 us ; 28.199 us) | @
---------------------------------------------------

BinaryKeyDispatchBenchmarks.StringControl: B_Published(Arguments=/p:ProductDirectory=C:/git/Dekaf-perf-improvements-20260907/pr-3082/published,/p:UseSharedCompilation=false, IterationCount=1, LaunchCount=1, RunStrategy=ColdStart, UnrollFactor=1, WarmupCount=1)
Runtime = .NET 10.0.11 (10.0.11, 10.0.1126.37416), X64 RyuJIT x86-64-v3; GC = Concurrent Workstation
Mean = 27.285 us, StdErr = 0.000 us (0.00%), N = 1, StdDev = 0.000 us
Min = 27.285 us, Q1 = 27.285 us, Median = 27.285 us, Q3 = 27.285 us, Max = 27.285 us
IQR = 0.000 us, LowerFence = 27.285 us, UpperFence = 27.285 us
ConfidenceInterval = [NaN us; NaN us] (CI 99.9%), Margin = NaN us (NaN% of Mean)
Skewness = NaN, Kurtosis = NaN, MValue = 2
-------------------- Histogram --------------------
[27.285 us ; 27.286 us) | @
---------------------------------------------------

BinaryKeyDispatchBenchmarks.ByteArray: C_Candidate(Arguments=/p:ProductDirectory=C:/git/Dekaf-perf-improvements-20260907/pr-3082/candidate,/p:UseSharedCompilation=false, IterationCount=1, LaunchCount=1, RunStrategy=ColdStart, UnrollFactor=1, WarmupCount=1)
Runtime = .NET 10.0.11 (10.0.11, 10.0.1126.37416), X64 RyuJIT x86-64-v3; GC = Concurrent Workstation
Mean = 29.038 us, StdErr = 0.000 us (0.00%), N = 1, StdDev = 0.000 us
Min = 29.038 us, Q1 = 29.038 us, Median = 29.038 us, Q3 = 29.038 us, Max = 29.038 us
IQR = 0.000 us, LowerFence = 29.038 us, UpperFence = 29.038 us
ConfidenceInterval = [NaN us; NaN us] (CI 99.9%), Margin = NaN us (NaN% of Mean)
Skewness = NaN, Kurtosis = NaN, MValue = 2
-------------------- Histogram --------------------
[29.037 us ; 29.038 us) | @
---------------------------------------------------

BinaryKeyDispatchBenchmarks.RawMemory: C_Candidate(Arguments=/p:ProductDirectory=C:/git/Dekaf-perf-improvements-20260907/pr-3082/candidate,/p:UseSharedCompilation=false, IterationCount=1, LaunchCount=1, RunStrategy=ColdStart, UnrollFactor=1, WarmupCount=1)
Runtime = .NET 10.0.11 (10.0.11, 10.0.1126.37416), X64 RyuJIT x86-64-v3; GC = Concurrent Workstation
Mean = 28.844 us, StdErr = 0.000 us (0.00%), N = 1, StdDev = 0.000 us
Min = 28.844 us, Q1 = 28.844 us, Median = 28.844 us, Q3 = 28.844 us, Max = 28.844 us
IQR = 0.000 us, LowerFence = 28.844 us, UpperFence = 28.844 us
ConfidenceInterval = [NaN us; NaN us] (CI 99.9%), Margin = NaN us (NaN% of Mean)
Skewness = NaN, Kurtosis = NaN, MValue = 2
-------------------- Histogram --------------------
[28.843 us ; 28.844 us) | @
---------------------------------------------------

BinaryKeyDispatchBenchmarks.StringControl: C_Candidate(Arguments=/p:ProductDirectory=C:/git/Dekaf-perf-improvements-20260907/pr-3082/candidate,/p:UseSharedCompilation=false, IterationCount=1, LaunchCount=1, RunStrategy=ColdStart, UnrollFactor=1, WarmupCount=1)
Runtime = .NET 10.0.11 (10.0.11, 10.0.1126.37416), X64 RyuJIT x86-64-v3; GC = Concurrent Workstation
Mean = 29.147 us, StdErr = 0.000 us (0.00%), N = 1, StdDev = 0.000 us
Min = 29.147 us, Q1 = 29.147 us, Median = 29.147 us, Q3 = 29.147 us, Max = 29.147 us
IQR = 0.000 us, LowerFence = 29.147 us, UpperFence = 29.147 us
ConfidenceInterval = [NaN us; NaN us] (CI 99.9%), Margin = NaN us (NaN% of Mean)
Skewness = NaN, Kurtosis = NaN, MValue = 2
-------------------- Histogram --------------------
[29.146 us ; 29.147 us) | @
---------------------------------------------------

BinaryKeyDispatchBenchmarks.ByteArray: D_PublishedControl(Arguments=/p:ProductDirectory=C:/git/Dekaf-perf-improvements-20260907/pr-3082/published,/p:UseSharedCompilation=false, IterationCount=1, LaunchCount=1, RunStrategy=ColdStart, UnrollFactor=1, WarmupCount=1)
Runtime = .NET 10.0.11 (10.0.11, 10.0.1126.37416), X64 RyuJIT x86-64-v3; GC = Concurrent Workstation
Mean = 28.543 us, StdErr = 0.000 us (0.00%), N = 1, StdDev = 0.000 us
Min = 28.543 us, Q1 = 28.543 us, Median = 28.543 us, Q3 = 28.543 us, Max = 28.543 us
IQR = 0.000 us, LowerFence = 28.543 us, UpperFence = 28.543 us
ConfidenceInterval = [NaN us; NaN us] (CI 99.9%), Margin = NaN us (NaN% of Mean)
Skewness = NaN, Kurtosis = NaN, MValue = 2
-------------------- Histogram --------------------
[28.542 us ; 28.543 us) | @
---------------------------------------------------

BinaryKeyDispatchBenchmarks.RawMemory: D_PublishedControl(Arguments=/p:ProductDirectory=C:/git/Dekaf-perf-improvements-20260907/pr-3082/published,/p:UseSharedCompilation=false, IterationCount=1, LaunchCount=1, RunStrategy=ColdStart, UnrollFactor=1, WarmupCount=1)
Runtime = .NET 10.0.11 (10.0.11, 10.0.1126.37416), X64 RyuJIT x86-64-v3; GC = Concurrent Workstation
Mean = 27.458 us, StdErr = 0.000 us (0.00%), N = 1, StdDev = 0.000 us
Min = 27.458 us, Q1 = 27.458 us, Median = 27.458 us, Q3 = 27.458 us, Max = 27.458 us
IQR = 0.000 us, LowerFence = 27.458 us, UpperFence = 27.458 us
ConfidenceInterval = [NaN us; NaN us] (CI 99.9%), Margin = NaN us (NaN% of Mean)
Skewness = NaN, Kurtosis = NaN, MValue = 2
-------------------- Histogram --------------------
[27.458 us ; 27.459 us) | @
---------------------------------------------------

BinaryKeyDispatchBenchmarks.StringControl: D_PublishedControl(Arguments=/p:ProductDirectory=C:/git/Dekaf-perf-improvements-20260907/pr-3082/published,/p:UseSharedCompilation=false, IterationCount=1, LaunchCount=1, RunStrategy=ColdStart, UnrollFactor=1, WarmupCount=1)
Runtime = .NET 10.0.11 (10.0.11, 10.0.1126.37416), X64 RyuJIT x86-64-v3; GC = Concurrent Workstation
Mean = 28.123 us, StdErr = 0.000 us (0.00%), N = 1, StdDev = 0.000 us
Min = 28.123 us, Q1 = 28.123 us, Median = 28.123 us, Q3 = 28.123 us, Max = 28.123 us
IQR = 0.000 us, LowerFence = 28.123 us, UpperFence = 28.123 us
ConfidenceInterval = [NaN us; NaN us] (CI 99.9%), Margin = NaN us (NaN% of Mean)
Skewness = NaN, Kurtosis = NaN, MValue = 2
-------------------- Histogram --------------------
[28.122 us ; 28.123 us) | @
---------------------------------------------------

BinaryKeyDispatchBenchmarks.ByteArray: E_BaselineControl(Arguments=/p:ProductDirectory=C:/git/Dekaf-perf-improvements-20260907/pr-3082/baseline,/p:UseSharedCompilation=false, IterationCount=1, LaunchCount=1, RunStrategy=ColdStart, UnrollFactor=1, WarmupCount=1)
Runtime = .NET 10.0.11 (10.0.11, 10.0.1126.37416), X64 RyuJIT x86-64-v3; GC = Concurrent Workstation
Mean = 30.643 us, StdErr = 0.000 us (0.00%), N = 1, StdDev = 0.000 us
Min = 30.643 us, Q1 = 30.643 us, Median = 30.643 us, Q3 = 30.643 us, Max = 30.643 us
IQR = 0.000 us, LowerFence = 30.643 us, UpperFence = 30.643 us
ConfidenceInterval = [NaN us; NaN us] (CI 99.9%), Margin = NaN us (NaN% of Mean)
Skewness = NaN, Kurtosis = NaN, MValue = 2
-------------------- Histogram --------------------
[30.643 us ; 30.644 us) | @
---------------------------------------------------

BinaryKeyDispatchBenchmarks.RawMemory: E_BaselineControl(Arguments=/p:ProductDirectory=C:/git/Dekaf-perf-improvements-20260907/pr-3082/baseline,/p:UseSharedCompilation=false, IterationCount=1, LaunchCount=1, RunStrategy=ColdStart, UnrollFactor=1, WarmupCount=1)
Runtime = .NET 10.0.11 (10.0.11, 10.0.1126.37416), X64 RyuJIT x86-64-v3; GC = Concurrent Workstation
Mean = 30.595 us, StdErr = 0.000 us (0.00%), N = 1, StdDev = 0.000 us
Min = 30.595 us, Q1 = 30.595 us, Median = 30.595 us, Q3 = 30.595 us, Max = 30.595 us
IQR = 0.000 us, LowerFence = 30.595 us, UpperFence = 30.595 us
ConfidenceInterval = [NaN us; NaN us] (CI 99.9%), Margin = NaN us (NaN% of Mean)
Skewness = NaN, Kurtosis = NaN, MValue = 2
-------------------- Histogram --------------------
[30.595 us ; 30.596 us) | @
---------------------------------------------------

BinaryKeyDispatchBenchmarks.StringControl: E_BaselineControl(Arguments=/p:ProductDirectory=C:/git/Dekaf-perf-improvements-20260907/pr-3082/baseline,/p:UseSharedCompilation=false, IterationCount=1, LaunchCount=1, RunStrategy=ColdStart, UnrollFactor=1, WarmupCount=1)
Runtime = .NET 10.0.11 (10.0.11, 10.0.1126.37416), X64 RyuJIT x86-64-v3; GC = Concurrent Workstation
Mean = 27.354 us, StdErr = 0.000 us (0.00%), N = 1, StdDev = 0.000 us
Min = 27.354 us, Q1 = 27.354 us, Median = 27.354 us, Q3 = 27.354 us, Max = 27.354 us
IQR = 0.000 us, LowerFence = 27.354 us, UpperFence = 27.354 us
ConfidenceInterval = [NaN us; NaN us] (CI 99.9%), Margin = NaN us (NaN% of Mean)
Skewness = NaN, Kurtosis = NaN, MValue = 2
-------------------- Histogram --------------------
[27.354 us ; 27.355 us) | @
---------------------------------------------------

// * Summary *

BenchmarkDotNet v0.15.8, Windows 11 (10.0.26200.9168/25H2/2025Update/HudsonValley2)
12th Gen Intel Core i7-12700K 3.60GHz, 1 CPU, 20 logical and 12 physical cores
.NET SDK 10.0.400
  [Host]             : .NET 10.0.11 (10.0.11, 10.0.1126.37416), X64 RyuJIT x86-64-v3
  A_Baseline         : .NET 10.0.11 (10.0.11, 10.0.1126.37416), X64 RyuJIT x86-64-v3
  B_Published        : .NET 10.0.11 (10.0.11, 10.0.1126.37416), X64 RyuJIT x86-64-v3
  C_Candidate        : .NET 10.0.11 (10.0.11, 10.0.1126.37416), X64 RyuJIT x86-64-v3
  D_PublishedControl : .NET 10.0.11 (10.0.11, 10.0.1126.37416), X64 RyuJIT x86-64-v3
  E_BaselineControl  : .NET 10.0.11 (10.0.11, 10.0.1126.37416), X64 RyuJIT x86-64-v3

IterationCount=1  LaunchCount=1  RunStrategy=ColdStart  
UnrollFactor=1  WarmupCount=1  

| Method        | Job                | Arguments                                                                                                   | Mean     | Error | Allocated |
|-------------- |------------------- |------------------------------------------------------------------------------------------------------------ |---------:|------:|----------:|
| ByteArray     | A_Baseline         | /p:ProductDirectory=C:/git/Dekaf-perf-improvements-20260907/pr-3082/baseline,/p:UseSharedCompilation=false  | 30.95 us |    NA |    2300 B |
| RawMemory     | A_Baseline         | /p:ProductDirectory=C:/git/Dekaf-perf-improvements-20260907/pr-3082/baseline,/p:UseSharedCompilation=false  | 31.68 us |    NA |    2400 B |
| StringControl | A_Baseline         | /p:ProductDirectory=C:/git/Dekaf-perf-improvements-20260907/pr-3082/baseline,/p:UseSharedCompilation=false  | 27.76 us |    NA |     557 B |
| ByteArray     | B_Published        | /p:ProductDirectory=C:/git/Dekaf-perf-improvements-20260907/pr-3082/published,/p:UseSharedCompilation=false | 28.36 us |    NA |     557 B |
| RawMemory     | B_Published        | /p:ProductDirectory=C:/git/Dekaf-perf-improvements-20260907/pr-3082/published,/p:UseSharedCompilation=false | 28.20 us |    NA |     597 B |
| StringControl | B_Published        | /p:ProductDirectory=C:/git/Dekaf-perf-improvements-20260907/pr-3082/published,/p:UseSharedCompilation=false | 27.29 us |    NA |     557 B |
| ByteArray     | C_Candidate        | /p:ProductDirectory=C:/git/Dekaf-perf-improvements-20260907/pr-3082/candidate,/p:UseSharedCompilation=false | 29.04 us |    NA |     557 B |
| RawMemory     | C_Candidate        | /p:ProductDirectory=C:/git/Dekaf-perf-improvements-20260907/pr-3082/candidate,/p:UseSharedCompilation=false | 28.84 us |    NA |     597 B |
| StringControl | C_Candidate        | /p:ProductDirectory=C:/git/Dekaf-perf-improvements-20260907/pr-3082/candidate,/p:UseSharedCompilation=false | 29.15 us |    NA |     557 B |
| ByteArray     | D_PublishedControl | /p:ProductDirectory=C:/git/Dekaf-perf-improvements-20260907/pr-3082/published,/p:UseSharedCompilation=false | 28.54 us |    NA |     557 B |
| RawMemory     | D_PublishedControl | /p:ProductDirectory=C:/git/Dekaf-perf-improvements-20260907/pr-3082/published,/p:UseSharedCompilation=false | 27.46 us |    NA |     597 B |
| StringControl | D_PublishedControl | /p:ProductDirectory=C:/git/Dekaf-perf-improvements-20260907/pr-3082/published,/p:UseSharedCompilation=false | 28.12 us |    NA |     557 B |
| ByteArray     | E_BaselineControl  | /p:ProductDirectory=C:/git/Dekaf-perf-improvements-20260907/pr-3082/baseline,/p:UseSharedCompilation=false  | 30.64 us |    NA |    2300 B |
| RawMemory     | E_BaselineControl  | /p:ProductDirectory=C:/git/Dekaf-perf-improvements-20260907/pr-3082/baseline,/p:UseSharedCompilation=false  | 30.60 us |    NA |    2400 B |
| StringControl | E_BaselineControl  | /p:ProductDirectory=C:/git/Dekaf-perf-improvements-20260907/pr-3082/baseline,/p:UseSharedCompilation=false  | 27.35 us |    NA |     557 B |

// * Warnings *
MinIterationTime
  BinaryKeyDispatchBenchmarks.ByteArray: A_Baseline             -> The minimum observed iteration time is 31.688ms which is very small. It's recommended to increase it to at least 100ms using more operations.
  BinaryKeyDispatchBenchmarks.RawMemory: A_Baseline             -> The minimum observed iteration time is 32.436ms which is very small. It's recommended to increase it to at least 100ms using more operations.
  BinaryKeyDispatchBenchmarks.StringControl: A_Baseline         -> The minimum observed iteration time is 28.425ms which is very small. It's recommended to increase it to at least 100ms using more operations.
  BinaryKeyDispatchBenchmarks.ByteArray: B_Published            -> The minimum observed iteration time is 29.046ms which is very small. It's recommended to increase it to at least 100ms using more operations.
  BinaryKeyDispatchBenchmarks.RawMemory: B_Published            -> The minimum observed iteration time is 28.875ms which is very small. It's recommended to increase it to at least 100ms using more operations.
  BinaryKeyDispatchBenchmarks.StringControl: B_Published        -> The minimum observed iteration time is 27.94ms which is very small. It's recommended to increase it to at least 100ms using more operations.
  BinaryKeyDispatchBenchmarks.ByteArray: C_Candidate            -> The minimum observed iteration time is 29.735ms which is very small. It's recommended to increase it to at least 100ms using more operations.
  BinaryKeyDispatchBenchmarks.RawMemory: C_Candidate            -> The minimum observed iteration time is 29.536ms which is very small. It's recommended to increase it to at least 100ms using more operations.
  BinaryKeyDispatchBenchmarks.StringControl: C_Candidate        -> The minimum observed iteration time is 29.846ms which is very small. It's recommended to increase it to at least 100ms using more operations.
  BinaryKeyDispatchBenchmarks.ByteArray: D_PublishedControl     -> The minimum observed iteration time is 29.228ms which is very small. It's recommended to increase it to at least 100ms using more operations.
  BinaryKeyDispatchBenchmarks.RawMemory: D_PublishedControl     -> The minimum observed iteration time is 28.117ms which is very small. It's recommended to increase it to at least 100ms using more operations.
  BinaryKeyDispatchBenchmarks.StringControl: D_PublishedControl -> The minimum observed iteration time is 28.798ms which is very small. It's recommended to increase it to at least 100ms using more operations.
  BinaryKeyDispatchBenchmarks.ByteArray: E_BaselineControl      -> The minimum observed iteration time is 31.379ms which is very small. It's recommended to increase it to at least 100ms using more operations.
  BinaryKeyDispatchBenchmarks.RawMemory: E_BaselineControl      -> The minimum observed iteration time is 31.329ms which is very small. It's recommended to increase it to at least 100ms using more operations.
  BinaryKeyDispatchBenchmarks.StringControl: E_BaselineControl  -> The minimum observed iteration time is 28.011ms which is very small. It's recommended to increase it to at least 100ms using more operations.

// * Legends *
  Mean      : Arithmetic mean of all measurements
  Error     : Half of 99.9% confidence interval
  Allocated : Allocated memory per single operation (managed only, inclusive, 1KB = 1024B)
  1 us      : 1 Microsecond (0.000001 sec)

// * Diagnostic Output - MemoryDiagnoser *


// ***** BenchmarkRunner: End *****
Run time: 00:00:04 (4.17 sec), executed benchmarks: 15

// Found 30 benchmarks:
//   DistinctBinaryKeyDispatchBenchmarks.ByteArray: A_Baseline(Arguments=/p:ProductDirectory=C:/git/Dekaf-perf-improvements-20260907/pr-3082/baseline,/p:UseSharedCompilation=false, IterationCount=1, LaunchCount=1, RunStrategy=ColdStart, UnrollFactor=1, WarmupCount=1) [KeySize=8]
//   DistinctBinaryKeyDispatchBenchmarks.RawMemory: A_Baseline(Arguments=/p:ProductDirectory=C:/git/Dekaf-perf-improvements-20260907/pr-3082/baseline,/p:UseSharedCompilation=false, IterationCount=1, LaunchCount=1, RunStrategy=ColdStart, UnrollFactor=1, WarmupCount=1) [KeySize=8]
//   DistinctBinaryKeyDispatchBenchmarks.ByteArray: B_Published(Arguments=/p:ProductDirectory=C:/git/Dekaf-perf-improvements-20260907/pr-3082/published,/p:UseSharedCompilation=false, IterationCount=1, LaunchCount=1, RunStrategy=ColdStart, UnrollFactor=1, WarmupCount=1) [KeySize=8]
//   DistinctBinaryKeyDispatchBenchmarks.RawMemory: B_Published(Arguments=/p:ProductDirectory=C:/git/Dekaf-perf-improvements-20260907/pr-3082/published,/p:UseSharedCompilation=false, IterationCount=1, LaunchCount=1, RunStrategy=ColdStart, UnrollFactor=1, WarmupCount=1) [KeySize=8]
//   DistinctBinaryKeyDispatchBenchmarks.ByteArray: C_Candidate(Arguments=/p:ProductDirectory=C:/git/Dekaf-perf-improvements-20260907/pr-3082/candidate,/p:UseSharedCompilation=false, IterationCount=1, LaunchCount=1, RunStrategy=ColdStart, UnrollFactor=1, WarmupCount=1) [KeySize=8]
//   DistinctBinaryKeyDispatchBenchmarks.RawMemory: C_Candidate(Arguments=/p:ProductDirectory=C:/git/Dekaf-perf-improvements-20260907/pr-3082/candidate,/p:UseSharedCompilation=false, IterationCount=1, LaunchCount=1, RunStrategy=ColdStart, UnrollFactor=1, WarmupCount=1) [KeySize=8]
//   DistinctBinaryKeyDispatchBenchmarks.ByteArray: D_PublishedControl(Arguments=/p:ProductDirectory=C:/git/Dekaf-perf-improvements-20260907/pr-3082/published,/p:UseSharedCompilation=false, IterationCount=1, LaunchCount=1, RunStrategy=ColdStart, UnrollFactor=1, WarmupCount=1) [KeySize=8]
//   DistinctBinaryKeyDispatchBenchmarks.RawMemory: D_PublishedControl(Arguments=/p:ProductDirectory=C:/git/Dekaf-perf-improvements-20260907/pr-3082/published,/p:UseSharedCompilation=false, IterationCount=1, LaunchCount=1, RunStrategy=ColdStart, UnrollFactor=1, WarmupCount=1) [KeySize=8]
//   DistinctBinaryKeyDispatchBenchmarks.ByteArray: E_BaselineControl(Arguments=/p:ProductDirectory=C:/git/Dekaf-perf-improvements-20260907/pr-3082/baseline,/p:UseSharedCompilation=false, IterationCount=1, LaunchCount=1, RunStrategy=ColdStart, UnrollFactor=1, WarmupCount=1) [KeySize=8]
//   DistinctBinaryKeyDispatchBenchmarks.RawMemory: E_BaselineControl(Arguments=/p:ProductDirectory=C:/git/Dekaf-perf-improvements-20260907/pr-3082/baseline,/p:UseSharedCompilation=false, IterationCount=1, LaunchCount=1, RunStrategy=ColdStart, UnrollFactor=1, WarmupCount=1) [KeySize=8]
//   DistinctBinaryKeyDispatchBenchmarks.ByteArray: A_Baseline(Arguments=/p:ProductDirectory=C:/git/Dekaf-perf-improvements-20260907/pr-3082/baseline,/p:UseSharedCompilation=false, IterationCount=1, LaunchCount=1, RunStrategy=ColdStart, UnrollFactor=1, WarmupCount=1) [KeySize=1024]
//   DistinctBinaryKeyDispatchBenchmarks.RawMemory: A_Baseline(Arguments=/p:ProductDirectory=C:/git/Dekaf-perf-improvements-20260907/pr-3082/baseline,/p:UseSharedCompilation=false, IterationCount=1, LaunchCount=1, RunStrategy=ColdStart, UnrollFactor=1, WarmupCount=1) [KeySize=1024]
//   DistinctBinaryKeyDispatchBenchmarks.ByteArray: B_Published(Arguments=/p:ProductDirectory=C:/git/Dekaf-perf-improvements-20260907/pr-3082/published,/p:UseSharedCompilation=false, IterationCount=1, LaunchCount=1, RunStrategy=ColdStart, UnrollFactor=1, WarmupCount=1) [KeySize=1024]
//   DistinctBinaryKeyDispatchBenchmarks.RawMemory: B_Published(Arguments=/p:ProductDirectory=C:/git/Dekaf-perf-improvements-20260907/pr-3082/published,/p:UseSharedCompilation=false, IterationCount=1, LaunchCount=1, RunStrategy=ColdStart, UnrollFactor=1, WarmupCount=1) [KeySize=1024]
//   DistinctBinaryKeyDispatchBenchmarks.ByteArray: C_Candidate(Arguments=/p:ProductDirectory=C:/git/Dekaf-perf-improvements-20260907/pr-3082/candidate,/p:UseSharedCompilation=false, IterationCount=1, LaunchCount=1, RunStrategy=ColdStart, UnrollFactor=1, WarmupCount=1) [KeySize=1024]
//   DistinctBinaryKeyDispatchBenchmarks.RawMemory: C_Candidate(Arguments=/p:ProductDirectory=C:/git/Dekaf-perf-improvements-20260907/pr-3082/candidate,/p:UseSharedCompilation=false, IterationCount=1, LaunchCount=1, RunStrategy=ColdStart, UnrollFactor=1, WarmupCount=1) [KeySize=1024]
//   DistinctBinaryKeyDispatchBenchmarks.ByteArray: D_PublishedControl(Arguments=/p:ProductDirectory=C:/git/Dekaf-perf-improvements-20260907/pr-3082/published,/p:UseSharedCompilation=false, IterationCount=1, LaunchCount=1, RunStrategy=ColdStart, UnrollFactor=1, WarmupCount=1) [KeySize=1024]
//   DistinctBinaryKeyDispatchBenchmarks.RawMemory: D_PublishedControl(Arguments=/p:ProductDirectory=C:/git/Dekaf-perf-improvements-20260907/pr-3082/published,/p:UseSharedCompilation=false, IterationCount=1, LaunchCount=1, RunStrategy=ColdStart, UnrollFactor=1, WarmupCount=1) [KeySize=1024]
//   DistinctBinaryKeyDispatchBenchmarks.ByteArray: E_BaselineControl(Arguments=/p:ProductDirectory=C:/git/Dekaf-perf-improvements-20260907/pr-3082/baseline,/p:UseSharedCompilation=false, IterationCount=1, LaunchCount=1, RunStrategy=ColdStart, UnrollFactor=1, WarmupCount=1) [KeySize=1024]
//   DistinctBinaryKeyDispatchBenchmarks.RawMemory: E_BaselineControl(Arguments=/p:ProductDirectory=C:/git/Dekaf-perf-improvements-20260907/pr-3082/baseline,/p:UseSharedCompilation=false, IterationCount=1, LaunchCount=1, RunStrategy=ColdStart, UnrollFactor=1, WarmupCount=1) [KeySize=1024]
//   DistinctBinaryKeyDispatchBenchmarks.ByteArray: A_Baseline(Arguments=/p:ProductDirectory=C:/git/Dekaf-perf-improvements-20260907/pr-3082/baseline,/p:UseSharedCompilation=false, IterationCount=1, LaunchCount=1, RunStrategy=ColdStart, UnrollFactor=1, WarmupCount=1) [KeySize=65536]
//   DistinctBinaryKeyDispatchBenchmarks.RawMemory: A_Baseline(Arguments=/p:ProductDirectory=C:/git/Dekaf-perf-improvements-20260907/pr-3082/baseline,/p:UseSharedCompilation=false, IterationCount=1, LaunchCount=1, RunStrategy=ColdStart, UnrollFactor=1, WarmupCount=1) [KeySize=65536]
//   DistinctBinaryKeyDispatchBenchmarks.ByteArray: B_Published(Arguments=/p:ProductDirectory=C:/git/Dekaf-perf-improvements-20260907/pr-3082/published,/p:UseSharedCompilation=false, IterationCount=1, LaunchCount=1, RunStrategy=ColdStart, UnrollFactor=1, WarmupCount=1) [KeySize=65536]
//   DistinctBinaryKeyDispatchBenchmarks.RawMemory: B_Published(Arguments=/p:ProductDirectory=C:/git/Dekaf-perf-improvements-20260907/pr-3082/published,/p:UseSharedCompilation=false, IterationCount=1, LaunchCount=1, RunStrategy=ColdStart, UnrollFactor=1, WarmupCount=1) [KeySize=65536]
//   DistinctBinaryKeyDispatchBenchmarks.ByteArray: C_Candidate(Arguments=/p:ProductDirectory=C:/git/Dekaf-perf-improvements-20260907/pr-3082/candidate,/p:UseSharedCompilation=false, IterationCount=1, LaunchCount=1, RunStrategy=ColdStart, UnrollFactor=1, WarmupCount=1) [KeySize=65536]
//   DistinctBinaryKeyDispatchBenchmarks.RawMemory: C_Candidate(Arguments=/p:ProductDirectory=C:/git/Dekaf-perf-improvements-20260907/pr-3082/candidate,/p:UseSharedCompilation=false, IterationCount=1, LaunchCount=1, RunStrategy=ColdStart, UnrollFactor=1, WarmupCount=1) [KeySize=65536]
//   DistinctBinaryKeyDispatchBenchmarks.ByteArray: D_PublishedControl(Arguments=/p:ProductDirectory=C:/git/Dekaf-perf-improvements-20260907/pr-3082/published,/p:UseSharedCompilation=false, IterationCount=1, LaunchCount=1, RunStrategy=ColdStart, UnrollFactor=1, WarmupCount=1) [KeySize=65536]
//   DistinctBinaryKeyDispatchBenchmarks.RawMemory: D_PublishedControl(Arguments=/p:ProductDirectory=C:/git/Dekaf-perf-improvements-20260907/pr-3082/published,/p:UseSharedCompilation=false, IterationCount=1, LaunchCount=1, RunStrategy=ColdStart, UnrollFactor=1, WarmupCount=1) [KeySize=65536]
//   DistinctBinaryKeyDispatchBenchmarks.ByteArray: E_BaselineControl(Arguments=/p:ProductDirectory=C:/git/Dekaf-perf-improvements-20260907/pr-3082/baseline,/p:UseSharedCompilation=false, IterationCount=1, LaunchCount=1, RunStrategy=ColdStart, UnrollFactor=1, WarmupCount=1) [KeySize=65536]
//   DistinctBinaryKeyDispatchBenchmarks.RawMemory: E_BaselineControl(Arguments=/p:ProductDirectory=C:/git/Dekaf-perf-improvements-20260907/pr-3082/baseline,/p:UseSharedCompilation=false, IterationCount=1, LaunchCount=1, RunStrategy=ColdStart, UnrollFactor=1, WarmupCount=1) [KeySize=65536]

Setup power plan (GUID: 8c5e7fda-e8bf-4a96-9a85-a6e23a8c635c FriendlyName: High performance)
// **************************
// Benchmark: DistinctBinaryKeyDispatchBenchmarks.ByteArray: A_Baseline(Arguments=/p:ProductDirectory=C:/git/Dekaf-perf-improvements-20260907/pr-3082/baseline,/p:UseSharedCompilation=false, IterationCount=1, LaunchCount=1, RunStrategy=ColdStart, UnrollFactor=1, WarmupCount=1) [KeySize=8]
// *** Execute ***
// Launch: 1 / 1
// Execute: dotnet Dekaf.Benchmarks-A_Baseline-1.dll --anonymousPipes 2112 2108 --benchmarkName "Dekaf.Benchmarks.Benchmarks.Unit.DistinctBinaryKeyDispatchBenchmarks.ByteArray(KeySize: 8)" --job A_Baseline --benchmarkId 6 in C:\git\Dekaf-perf-improvements-20260907\pr-3082\comparison\bin\Release\net10.0\Dekaf.Benchmarks-A_Baseline-1\bin\Release\net10.0
// BeforeAnythingElse

// Benchmark Process Environment Information:
// BenchmarkDotNet v0.15.8
// Runtime=.NET 10.0.11 (10.0.11, 10.0.1126.37416), X64 RyuJIT x86-64-v3
// GC=Concurrent Workstation
// HardwareIntrinsics=AVX2+BMI1+BMI2+F16C+FMA+LZCNT+MOVBE,AVX,SSE3+SSSE3+SSE4.1+SSE4.2+POPCNT,X86Base+SSE+SSE2,AES+PCLMUL,AvxVnni,SERIALIZE VectorSize=256
// Job: A_Baseline(IterationCount=1, LaunchCount=1, RunStrategy=ColdStart, UnrollFactor=1, WarmupCount=1)

// BeforeActualRun
WorkloadActual   1: 128 op, 30409200.00 ns, 237.5719 us/op

// AfterActualRun
WorkloadResult   1: 128 op, 30409200.00 ns, 237.5719 us/op
// GC:  0 0 0 289032 128
// Threading:  128 1 128

// AfterAll
// Benchmark Process 52700 has exited with code 0.

Mean = 237.572 us, StdErr = 0.000 us (0.00%), N = 1, StdDev = 0.000 us
Min = 237.572 us, Q1 = 237.572 us, Median = 237.572 us, Q3 = 237.572 us, Max = 237.572 us
IQR = 0.000 us, LowerFence = 237.572 us, UpperFence = 237.572 us
ConfidenceInterval = [NaN us; NaN us] (CI 99.9%), Margin = NaN us (NaN% of Mean)
Skewness = NaN, Kurtosis = NaN, MValue = 2

// ** Remained 29 (64.4%) benchmark(s) to run. Estimated finish 2026-09-07 16:51 (0h 0m from now) **
Setup power plan (GUID: 8c5e7fda-e8bf-4a96-9a85-a6e23a8c635c FriendlyName: High performance)
// **************************
// Benchmark: DistinctBinaryKeyDispatchBenchmarks.RawMemory: A_Baseline(Arguments=/p:ProductDirectory=C:/git/Dekaf-perf-improvements-20260907/pr-3082/baseline,/p:UseSharedCompilation=false, IterationCount=1, LaunchCount=1, RunStrategy=ColdStart, UnrollFactor=1, WarmupCount=1) [KeySize=8]
// *** Execute ***
// Launch: 1 / 1
// Execute: dotnet Dekaf.Benchmarks-A_Baseline-1.dll --anonymousPipes 2128 1816 --benchmarkName "Dekaf.Benchmarks.Benchmarks.Unit.DistinctBinaryKeyDispatchBenchmarks.RawMemory(KeySize: 8)" --job A_Baseline --benchmarkId 7 in C:\git\Dekaf-perf-improvements-20260907\pr-3082\comparison\bin\Release\net10.0\Dekaf.Benchmarks-A_Baseline-1\bin\Release\net10.0
// BeforeAnythingElse

// Benchmark Process Environment Information:
// BenchmarkDotNet v0.15.8
// Runtime=.NET 10.0.11 (10.0.11, 10.0.1126.37416), X64 RyuJIT x86-64-v3
// GC=Concurrent Workstation
// HardwareIntrinsics=AVX2+BMI1+BMI2+F16C+FMA+LZCNT+MOVBE,AVX,SSE3+SSSE3+SSE4.1+SSE4.2+POPCNT,X86Base+SSE+SSE2,AES+PCLMUL,AvxVnni,SERIALIZE VectorSize=256
// Job: A_Baseline(IterationCount=1, LaunchCount=1, RunStrategy=ColdStart, UnrollFactor=1, WarmupCount=1)

// BeforeActualRun
WorkloadActual   1: 128 op, 29013000.00 ns, 226.6641 us/op

// AfterActualRun
WorkloadResult   1: 128 op, 29013000.00 ns, 226.6641 us/op
// GC:  0 0 0 301040 128
// Threading:  128 0 128

// AfterAll
// Benchmark Process 32376 has exited with code 0.

Mean = 226.664 us, StdErr = 0.000 us (0.00%), N = 1, StdDev = 0.000 us
Min = 226.664 us, Q1 = 226.664 us, Median = 226.664 us, Q3 = 226.664 us, Max = 226.664 us
IQR = 0.000 us, LowerFence = 226.664 us, UpperFence = 226.664 us
ConfidenceInterval = [NaN us; NaN us] (CI 99.9%), Margin = NaN us (NaN% of Mean)
Skewness = NaN, Kurtosis = NaN, MValue = 2

// ** Remained 28 (62.2%) benchmark(s) to run. Estimated finish 2026-09-07 16:51 (0h 0m from now) **
Setup power plan (GUID: 8c5e7fda-e8bf-4a96-9a85-a6e23a8c635c FriendlyName: High performance)
// **************************
// Benchmark: DistinctBinaryKeyDispatchBenchmarks.ByteArray: B_Published(Arguments=/p:ProductDirectory=C:/git/Dekaf-perf-improvements-20260907/pr-3082/published,/p:UseSharedCompilation=false, IterationCount=1, LaunchCount=1, RunStrategy=ColdStart, UnrollFactor=1, WarmupCount=1) [KeySize=8]
// *** Execute ***
// Launch: 1 / 1
// Execute: dotnet Dekaf.Benchmarks-B_Published-2.dll --anonymousPipes 1972 2104 --benchmarkName "Dekaf.Benchmarks.Benchmarks.Unit.DistinctBinaryKeyDispatchBenchmarks.ByteArray(KeySize: 8)" --job B_Published --benchmarkId 6 in C:\git\Dekaf-perf-improvements-20260907\pr-3082\comparison\bin\Release\net10.0\Dekaf.Benchmarks-B_Published-2\bin\Release\net10.0
// BeforeAnythingElse

// Benchmark Process Environment Information:
// BenchmarkDotNet v0.15.8
// Runtime=.NET 10.0.11 (10.0.11, 10.0.1126.37416), X64 RyuJIT x86-64-v3
// GC=Concurrent Workstation
// HardwareIntrinsics=AVX2+BMI1+BMI2+F16C+FMA+LZCNT+MOVBE,AVX,SSE3+SSSE3+SSE4.1+SSE4.2+POPCNT,X86Base+SSE+SSE2,AES+PCLMUL,AvxVnni,SERIALIZE VectorSize=256
// Job: B_Published(IterationCount=1, LaunchCount=1, RunStrategy=ColdStart, UnrollFactor=1, WarmupCount=1)

// BeforeActualRun
WorkloadActual   1: 128 op, 30290200.00 ns, 236.6422 us/op

// AfterActualRun
WorkloadResult   1: 128 op, 30290200.00 ns, 236.6422 us/op
// GC:  0 0 0 291320 128
// Threading:  128 1 128

// AfterAll
// Benchmark Process 111388 has exited with code 0.

Mean = 236.642 us, StdErr = 0.000 us (0.00%), N = 1, StdDev = 0.000 us
Min = 236.642 us, Q1 = 236.642 us, Median = 236.642 us, Q3 = 236.642 us, Max = 236.642 us
IQR = 0.000 us, LowerFence = 236.642 us, UpperFence = 236.642 us
ConfidenceInterval = [NaN us; NaN us] (CI 99.9%), Margin = NaN us (NaN% of Mean)
Skewness = NaN, Kurtosis = NaN, MValue = 2

// ** Remained 27 (60.0%) benchmark(s) to run. Estimated finish 2026-09-07 16:51 (0h 0m from now) **
Setup power plan (GUID: 8c5e7fda-e8bf-4a96-9a85-a6e23a8c635c FriendlyName: High performance)
// **************************
// Benchmark: DistinctBinaryKeyDispatchBenchmarks.RawMemory: B_Published(Arguments=/p:ProductDirectory=C:/git/Dekaf-perf-improvements-20260907/pr-3082/published,/p:UseSharedCompilation=false, IterationCount=1, LaunchCount=1, RunStrategy=ColdStart, UnrollFactor=1, WarmupCount=1) [KeySize=8]
// *** Execute ***
// Launch: 1 / 1
// Execute: dotnet Dekaf.Benchmarks-B_Published-2.dll --anonymousPipes 1972 2104 --benchmarkName "Dekaf.Benchmarks.Benchmarks.Unit.DistinctBinaryKeyDispatchBenchmarks.RawMemory(KeySize: 8)" --job B_Published --benchmarkId 7 in C:\git\Dekaf-perf-improvements-20260907\pr-3082\comparison\bin\Release\net10.0\Dekaf.Benchmarks-B_Published-2\bin\Release\net10.0
// BeforeAnythingElse

// Benchmark Process Environment Information:
// BenchmarkDotNet v0.15.8
// Runtime=.NET 10.0.11 (10.0.11, 10.0.1126.37416), X64 RyuJIT x86-64-v3
// GC=Concurrent Workstation
// HardwareIntrinsics=AVX2+BMI1+BMI2+F16C+FMA+LZCNT+MOVBE,AVX,SSE3+SSSE3+SSE4.1+SSE4.2+POPCNT,X86Base+SSE+SSE2,AES+PCLMUL,AvxVnni,SERIALIZE VectorSize=256
// Job: B_Published(IterationCount=1, LaunchCount=1, RunStrategy=ColdStart, UnrollFactor=1, WarmupCount=1)

// BeforeActualRun
WorkloadActual   1: 128 op, 29823500.00 ns, 232.9961 us/op

// AfterActualRun
WorkloadResult   1: 128 op, 29823500.00 ns, 232.9961 us/op
// GC:  0 0 0 302200 128
// Threading:  128 0 128

// AfterAll
// Benchmark Process 72444 has exited with code 0.

Mean = 232.996 us, StdErr = 0.000 us (0.00%), N = 1, StdDev = 0.000 us
Min = 232.996 us, Q1 = 232.996 us, Median = 232.996 us, Q3 = 232.996 us, Max = 232.996 us
IQR = 0.000 us, LowerFence = 232.996 us, UpperFence = 232.996 us
ConfidenceInterval = [NaN us; NaN us] (CI 99.9%), Margin = NaN us (NaN% of Mean)
Skewness = NaN, Kurtosis = NaN, MValue = 2

// ** Remained 26 (57.8%) benchmark(s) to run. Estimated finish 2026-09-07 16:51 (0h 0m from now) **
Setup power plan (GUID: 8c5e7fda-e8bf-4a96-9a85-a6e23a8c635c FriendlyName: High performance)
// **************************
// Benchmark: DistinctBinaryKeyDispatchBenchmarks.ByteArray: C_Candidate(Arguments=/p:ProductDirectory=C:/git/Dekaf-perf-improvements-20260907/pr-3082/candidate,/p:UseSharedCompilation=false, IterationCount=1, LaunchCount=1, RunStrategy=ColdStart, UnrollFactor=1, WarmupCount=1) [KeySize=8]
// *** Execute ***
// Launch: 1 / 1
// Execute: dotnet Dekaf.Benchmarks-C_Candidate-3.dll --anonymousPipes 2152 1956 --benchmarkName "Dekaf.Benchmarks.Benchmarks.Unit.DistinctBinaryKeyDispatchBenchmarks.ByteArray(KeySize: 8)" --job C_Candidate --benchmarkId 3 in C:\git\Dekaf-perf-improvements-20260907\pr-3082\comparison\bin\Release\net10.0\Dekaf.Benchmarks-C_Candidate-3\bin\Release\net10.0
// BeforeAnythingElse

// Benchmark Process Environment Information:
// BenchmarkDotNet v0.15.8
// Runtime=.NET 10.0.11 (10.0.11, 10.0.1126.37416), X64 RyuJIT x86-64-v3
// GC=Concurrent Workstation
// HardwareIntrinsics=AVX2+BMI1+BMI2+F16C+FMA+LZCNT+MOVBE,AVX,SSE3+SSSE3+SSE4.1+SSE4.2+POPCNT,X86Base+SSE+SSE2,AES+PCLMUL,AvxVnni,SERIALIZE VectorSize=256
// Job: C_Candidate(IterationCount=1, LaunchCount=1, RunStrategy=ColdStart, UnrollFactor=1, WarmupCount=1)

// BeforeActualRun
WorkloadActual   1: 128 op, 30077500.00 ns, 234.9805 us/op

// AfterActualRun
WorkloadResult   1: 128 op, 30077500.00 ns, 234.9805 us/op
// GC:  0 0 0 295744 128
// Threading:  128 0 128

// AfterAll
// Benchmark Process 72544 has exited with code 0.

Mean = 234.980 us, StdErr = 0.000 us (0.00%), N = 1, StdDev = 0.000 us
Min = 234.980 us, Q1 = 234.980 us, Median = 234.980 us, Q3 = 234.980 us, Max = 234.980 us
IQR = 0.000 us, LowerFence = 234.980 us, UpperFence = 234.980 us
ConfidenceInterval = [NaN us; NaN us] (CI 99.9%), Margin = NaN us (NaN% of Mean)
Skewness = NaN, Kurtosis = NaN, MValue = 2

// ** Remained 25 (55.6%) benchmark(s) to run. Estimated finish 2026-09-07 16:51 (0h 0m from now) **
Setup power plan (GUID: 8c5e7fda-e8bf-4a96-9a85-a6e23a8c635c FriendlyName: High performance)
// **************************
// Benchmark: DistinctBinaryKeyDispatchBenchmarks.RawMemory: C_Candidate(Arguments=/p:ProductDirectory=C:/git/Dekaf-perf-improvements-20260907/pr-3082/candidate,/p:UseSharedCompilation=false, IterationCount=1, LaunchCount=1, RunStrategy=ColdStart, UnrollFactor=1, WarmupCount=1) [KeySize=8]
// *** Execute ***
// Launch: 1 / 1
// Execute: dotnet Dekaf.Benchmarks-C_Candidate-3.dll --anonymousPipes 1728 1888 --benchmarkName "Dekaf.Benchmarks.Benchmarks.Unit.DistinctBinaryKeyDispatchBenchmarks.RawMemory(KeySize: 8)" --job C_Candidate --benchmarkId 4 in C:\git\Dekaf-perf-improvements-20260907\pr-3082\comparison\bin\Release\net10.0\Dekaf.Benchmarks-C_Candidate-3\bin\Release\net10.0
// BeforeAnythingElse

// Benchmark Process Environment Information:
// BenchmarkDotNet v0.15.8
// Runtime=.NET 10.0.11 (10.0.11, 10.0.1126.37416), X64 RyuJIT x86-64-v3
// GC=Concurrent Workstation
// HardwareIntrinsics=AVX2+BMI1+BMI2+F16C+FMA+LZCNT+MOVBE,AVX,SSE3+SSSE3+SSE4.1+SSE4.2+POPCNT,X86Base+SSE+SSE2,AES+PCLMUL,AvxVnni,SERIALIZE VectorSize=256
// Job: C_Candidate(IterationCount=1, LaunchCount=1, RunStrategy=ColdStart, UnrollFactor=1, WarmupCount=1)

// BeforeActualRun
WorkloadActual   1: 128 op, 29327400.00 ns, 229.1203 us/op

// AfterActualRun
WorkloadResult   1: 128 op, 29327400.00 ns, 229.1203 us/op
// GC:  0 0 0 302200 128
// Threading:  128 1 128

// AfterAll
// Benchmark Process 113120 has exited with code 0.

Mean = 229.120 us, StdErr = 0.000 us (0.00%), N = 1, StdDev = 0.000 us
Min = 229.120 us, Q1 = 229.120 us, Median = 229.120 us, Q3 = 229.120 us, Max = 229.120 us
IQR = 0.000 us, LowerFence = 229.120 us, UpperFence = 229.120 us
ConfidenceInterval = [NaN us; NaN us] (CI 99.9%), Margin = NaN us (NaN% of Mean)
Skewness = NaN, Kurtosis = NaN, MValue = 2

// ** Remained 24 (53.3%) benchmark(s) to run. Estimated finish 2026-09-07 16:51 (0h 0m from now) **
Setup power plan (GUID: 8c5e7fda-e8bf-4a96-9a85-a6e23a8c635c FriendlyName: High performance)
// **************************
// Benchmark: DistinctBinaryKeyDispatchBenchmarks.ByteArray: D_PublishedControl(Arguments=/p:ProductDirectory=C:/git/Dekaf-perf-improvements-20260907/pr-3082/published,/p:UseSharedCompilation=false, IterationCount=1, LaunchCount=1, RunStrategy=ColdStart, UnrollFactor=1, WarmupCount=1) [KeySize=8]
// *** Execute ***
// Launch: 1 / 1
// Execute: dotnet Dekaf.Benchmarks-B_Published-2.dll --anonymousPipes 2148 2120 --benchmarkName "Dekaf.Benchmarks.Benchmarks.Unit.DistinctBinaryKeyDispatchBenchmarks.ByteArray(KeySize: 8)" --job D_PublishedControl --benchmarkId 8 in C:\git\Dekaf-perf-improvements-20260907\pr-3082\comparison\bin\Release\net10.0\Dekaf.Benchmarks-B_Published-2\bin\Release\net10.0
// BeforeAnythingElse

// Benchmark Process Environment Information:
// BenchmarkDotNet v0.15.8
// Runtime=.NET 10.0.11 (10.0.11, 10.0.1126.37416), X64 RyuJIT x86-64-v3
// GC=Concurrent Workstation
// HardwareIntrinsics=AVX2+BMI1+BMI2+F16C+FMA+LZCNT+MOVBE,AVX,SSE3+SSSE3+SSE4.1+SSE4.2+POPCNT,X86Base+SSE+SSE2,AES+PCLMUL,AvxVnni,SERIALIZE VectorSize=256
// Job: D_PublishedControl(IterationCount=1, LaunchCount=1, RunStrategy=ColdStart, UnrollFactor=1, WarmupCount=1)

// BeforeActualRun
WorkloadActual   1: 128 op, 31409500.00 ns, 245.3867 us/op

// AfterActualRun
WorkloadResult   1: 128 op, 31409500.00 ns, 245.3867 us/op
// GC:  0 0 0 290192 128
// Threading:  128 0 128

// AfterAll
// Benchmark Process 72076 has exited with code 0.

Mean = 245.387 us, StdErr = 0.000 us (0.00%), N = 1, StdDev = 0.000 us
Min = 245.387 us, Q1 = 245.387 us, Median = 245.387 us, Q3 = 245.387 us, Max = 245.387 us
IQR = 0.000 us, LowerFence = 245.387 us, UpperFence = 245.387 us
ConfidenceInterval = [NaN us; NaN us] (CI 99.9%), Margin = NaN us (NaN% of Mean)
Skewness = NaN, Kurtosis = NaN, MValue = 2

// ** Remained 23 (51.1%) benchmark(s) to run. Estimated finish 2026-09-07 16:51 (0h 0m from now) **
Setup power plan (GUID: 8c5e7fda-e8bf-4a96-9a85-a6e23a8c635c FriendlyName: High performance)
// **************************
// Benchmark: DistinctBinaryKeyDispatchBenchmarks.RawMemory: D_PublishedControl(Arguments=/p:ProductDirectory=C:/git/Dekaf-perf-improvements-20260907/pr-3082/published,/p:UseSharedCompilation=false, IterationCount=1, LaunchCount=1, RunStrategy=ColdStart, UnrollFactor=1, WarmupCount=1) [KeySize=8]
// *** Execute ***
// Launch: 1 / 1
// Execute: dotnet Dekaf.Benchmarks-B_Published-2.dll --anonymousPipes 1888 2180 --benchmarkName "Dekaf.Benchmarks.Benchmarks.Unit.DistinctBinaryKeyDispatchBenchmarks.RawMemory(KeySize: 8)" --job D_PublishedControl --benchmarkId 9 in C:\git\Dekaf-perf-improvements-20260907\pr-3082\comparison\bin\Release\net10.0\Dekaf.Benchmarks-B_Published-2\bin\Release\net10.0
// BeforeAnythingElse

// Benchmark Process Environment Information:
// BenchmarkDotNet v0.15.8
// Runtime=.NET 10.0.11 (10.0.11, 10.0.1126.37416), X64 RyuJIT x86-64-v3
// GC=Concurrent Workstation
// HardwareIntrinsics=AVX2+BMI1+BMI2+F16C+FMA+LZCNT+MOVBE,AVX,SSE3+SSSE3+SSE4.1+SSE4.2+POPCNT,X86Base+SSE+SSE2,AES+PCLMUL,AvxVnni,SERIALIZE VectorSize=256
// Job: D_PublishedControl(IterationCount=1, LaunchCount=1, RunStrategy=ColdStart, UnrollFactor=1, WarmupCount=1)

// BeforeActualRun
WorkloadActual   1: 128 op, 28186700.00 ns, 220.2086 us/op

// AfterActualRun
WorkloadResult   1: 128 op, 28186700.00 ns, 220.2086 us/op
// GC:  0 0 0 302200 128
// Threading:  128 0 128

// AfterAll
// Benchmark Process 107320 has exited with code 0.

Mean = 220.209 us, StdErr = 0.000 us (0.00%), N = 1, StdDev = 0.000 us
Min = 220.209 us, Q1 = 220.209 us, Median = 220.209 us, Q3 = 220.209 us, Max = 220.209 us
IQR = 0.000 us, LowerFence = 220.209 us, UpperFence = 220.209 us
ConfidenceInterval = [NaN us; NaN us] (CI 99.9%), Margin = NaN us (NaN% of Mean)
Skewness = NaN, Kurtosis = NaN, MValue = 2

// ** Remained 22 (48.9%) benchmark(s) to run. Estimated finish 2026-09-07 16:51 (0h 0m from now) **
Setup power plan (GUID: 8c5e7fda-e8bf-4a96-9a85-a6e23a8c635c FriendlyName: High performance)
// **************************
// Benchmark: DistinctBinaryKeyDispatchBenchmarks.ByteArray: E_BaselineControl(Arguments=/p:ProductDirectory=C:/git/Dekaf-perf-improvements-20260907/pr-3082/baseline,/p:UseSharedCompilation=false, IterationCount=1, LaunchCount=1, RunStrategy=ColdStart, UnrollFactor=1, WarmupCount=1) [KeySize=8]
// *** Execute ***
// Launch: 1 / 1
// Execute: dotnet Dekaf.Benchmarks-A_Baseline-1.dll --anonymousPipes 2148 2120 --benchmarkName "Dekaf.Benchmarks.Benchmarks.Unit.DistinctBinaryKeyDispatchBenchmarks.ByteArray(KeySize: 8)" --job E_BaselineControl --benchmarkId 8 in C:\git\Dekaf-perf-improvements-20260907\pr-3082\comparison\bin\Release\net10.0\Dekaf.Benchmarks-A_Baseline-1\bin\Release\net10.0
// BeforeAnythingElse

// Benchmark Process Environment Information:
// BenchmarkDotNet v0.15.8
// Runtime=.NET 10.0.11 (10.0.11, 10.0.1126.37416), X64 RyuJIT x86-64-v3
// GC=Concurrent Workstation
// HardwareIntrinsics=AVX2+BMI1+BMI2+F16C+FMA+LZCNT+MOVBE,AVX,SSE3+SSSE3+SSE4.1+SSE4.2+POPCNT,X86Base+SSE+SSE2,AES+PCLMUL,AvxVnni,SERIALIZE VectorSize=256
// Job: E_BaselineControl(IterationCount=1, LaunchCount=1, RunStrategy=ColdStart, UnrollFactor=1, WarmupCount=1)

// BeforeActualRun
WorkloadActual   1: 128 op, 28672100.00 ns, 224.0008 us/op

// AfterActualRun
WorkloadResult   1: 128 op, 28672100.00 ns, 224.0008 us/op
// GC:  0 0 0 289032 128
// Threading:  128 0 128

// AfterAll
// Benchmark Process 30788 has exited with code 0.

Mean = 224.001 us, StdErr = 0.000 us (0.00%), N = 1, StdDev = 0.000 us
Min = 224.001 us, Q1 = 224.001 us, Median = 224.001 us, Q3 = 224.001 us, Max = 224.001 us
IQR = 0.000 us, LowerFence = 224.001 us, UpperFence = 224.001 us
ConfidenceInterval = [NaN us; NaN us] (CI 99.9%), Margin = NaN us (NaN% of Mean)
Skewness = NaN, Kurtosis = NaN, MValue = 2

// ** Remained 21 (46.7%) benchmark(s) to run. Estimated finish 2026-09-07 16:51 (0h 0m from now) **
Setup power plan (GUID: 8c5e7fda-e8bf-4a96-9a85-a6e23a8c635c FriendlyName: High performance)
// **************************
// Benchmark: DistinctBinaryKeyDispatchBenchmarks.RawMemory: E_BaselineControl(Arguments=/p:ProductDirectory=C:/git/Dekaf-perf-improvements-20260907/pr-3082/baseline,/p:UseSharedCompilation=false, IterationCount=1, LaunchCount=1, RunStrategy=ColdStart, UnrollFactor=1, WarmupCount=1) [KeySize=8]
// *** Execute ***
// Launch: 1 / 1
// Execute: dotnet Dekaf.Benchmarks-A_Baseline-1.dll --anonymousPipes 2232 2236 --benchmarkName "Dekaf.Benchmarks.Benchmarks.Unit.DistinctBinaryKeyDispatchBenchmarks.RawMemory(KeySize: 8)" --job E_BaselineControl --benchmarkId 9 in C:\git\Dekaf-perf-improvements-20260907\pr-3082\comparison\bin\Release\net10.0\Dekaf.Benchmarks-A_Baseline-1\bin\Release\net10.0
// BeforeAnythingElse

// Benchmark Process Environment Information:
// BenchmarkDotNet v0.15.8
// Runtime=.NET 10.0.11 (10.0.11, 10.0.1126.37416), X64 RyuJIT x86-64-v3
// GC=Concurrent Workstation
// HardwareIntrinsics=AVX2+BMI1+BMI2+F16C+FMA+LZCNT+MOVBE,AVX,SSE3+SSSE3+SSE4.1+SSE4.2+POPCNT,X86Base+SSE+SSE2,AES+PCLMUL,AvxVnni,SERIALIZE VectorSize=256
// Job: E_BaselineControl(IterationCount=1, LaunchCount=1, RunStrategy=ColdStart, UnrollFactor=1, WarmupCount=1)

// BeforeActualRun
WorkloadActual   1: 128 op, 29653400.00 ns, 231.6672 us/op

// AfterActualRun
WorkloadResult   1: 128 op, 29653400.00 ns, 231.6672 us/op
// GC:  0 0 0 301040 128
// Threading:  128 0 128

// AfterAll
// Benchmark Process 111416 has exited with code 0.

Mean = 231.667 us, StdErr = 0.000 us (0.00%), N = 1, StdDev = 0.000 us
Min = 231.667 us, Q1 = 231.667 us, Median = 231.667 us, Q3 = 231.667 us, Max = 231.667 us
IQR = 0.000 us, LowerFence = 231.667 us, UpperFence = 231.667 us
ConfidenceInterval = [NaN us; NaN us] (CI 99.9%), Margin = NaN us (NaN% of Mean)
Skewness = NaN, Kurtosis = NaN, MValue = 2

// ** Remained 20 (44.4%) benchmark(s) to run. Estimated finish 2026-09-07 16:51 (0h 0m from now) **
Setup power plan (GUID: 8c5e7fda-e8bf-4a96-9a85-a6e23a8c635c FriendlyName: High performance)
// **************************
// Benchmark: DistinctBinaryKeyDispatchBenchmarks.ByteArray: A_Baseline(Arguments=/p:ProductDirectory=C:/git/Dekaf-perf-improvements-20260907/pr-3082/baseline,/p:UseSharedCompilation=false, IterationCount=1, LaunchCount=1, RunStrategy=ColdStart, UnrollFactor=1, WarmupCount=1) [KeySize=1024]
// *** Execute ***
// Launch: 1 / 1
// Execute: dotnet Dekaf.Benchmarks-A_Baseline-1.dll --anonymousPipes 2276 2280 --benchmarkName "Dekaf.Benchmarks.Benchmarks.Unit.DistinctBinaryKeyDispatchBenchmarks.ByteArray(KeySize: 1024)" --job A_Baseline --benchmarkId 10 in C:\git\Dekaf-perf-improvements-20260907\pr-3082\comparison\bin\Release\net10.0\Dekaf.Benchmarks-A_Baseline-1\bin\Release\net10.0
// BeforeAnythingElse

// Benchmark Process Environment Information:
// BenchmarkDotNet v0.15.8
// Runtime=.NET 10.0.11 (10.0.11, 10.0.1126.37416), X64 RyuJIT x86-64-v3
// GC=Concurrent Workstation
// HardwareIntrinsics=AVX2+BMI1+BMI2+F16C+FMA+LZCNT+MOVBE,AVX,SSE3+SSSE3+SSE4.1+SSE4.2+POPCNT,X86Base+SSE+SSE2,AES+PCLMUL,AvxVnni,SERIALIZE VectorSize=256
// Job: A_Baseline(IterationCount=1, LaunchCount=1, RunStrategy=ColdStart, UnrollFactor=1, WarmupCount=1)

// BeforeActualRun
WorkloadActual   1: 128 op, 29530200.00 ns, 230.7047 us/op

// AfterActualRun
WorkloadResult   1: 128 op, 29530200.00 ns, 230.7047 us/op
// GC:  0 0 0 289032 128
// Threading:  128 0 128

// AfterAll
// Benchmark Process 38424 has exited with code 0.

Mean = 230.705 us, StdErr = 0.000 us (0.00%), N = 1, StdDev = 0.000 us
Min = 230.705 us, Q1 = 230.705 us, Median = 230.705 us, Q3 = 230.705 us, Max = 230.705 us
IQR = 0.000 us, LowerFence = 230.705 us, UpperFence = 230.705 us
ConfidenceInterval = [NaN us; NaN us] (CI 99.9%), Margin = NaN us (NaN% of Mean)
Skewness = NaN, Kurtosis = NaN, MValue = 2

// ** Remained 19 (42.2%) benchmark(s) to run. Estimated finish 2026-09-07 16:51 (0h 0m from now) **
Setup power plan (GUID: 8c5e7fda-e8bf-4a96-9a85-a6e23a8c635c FriendlyName: High performance)
// **************************
// Benchmark: DistinctBinaryKeyDispatchBenchmarks.RawMemory: A_Baseline(Arguments=/p:ProductDirectory=C:/git/Dekaf-perf-improvements-20260907/pr-3082/baseline,/p:UseSharedCompilation=false, IterationCount=1, LaunchCount=1, RunStrategy=ColdStart, UnrollFactor=1, WarmupCount=1) [KeySize=1024]
// *** Execute ***
// Launch: 1 / 1
// Execute: dotnet Dekaf.Benchmarks-A_Baseline-1.dll --anonymousPipes 2264 2148 --benchmarkName "Dekaf.Benchmarks.Benchmarks.Unit.DistinctBinaryKeyDispatchBenchmarks.RawMemory(KeySize: 1024)" --job A_Baseline --benchmarkId 11 in C:\git\Dekaf-perf-improvements-20260907\pr-3082\comparison\bin\Release\net10.0\Dekaf.Benchmarks-A_Baseline-1\bin\Release\net10.0
// BeforeAnythingElse

// Benchmark Process Environment Information:
// BenchmarkDotNet v0.15.8
// Runtime=.NET 10.0.11 (10.0.11, 10.0.1126.37416), X64 RyuJIT x86-64-v3
// GC=Concurrent Workstation
// HardwareIntrinsics=AVX2+BMI1+BMI2+F16C+FMA+LZCNT+MOVBE,AVX,SSE3+SSSE3+SSE4.1+SSE4.2+POPCNT,X86Base+SSE+SSE2,AES+PCLMUL,AvxVnni,SERIALIZE VectorSize=256
// Job: A_Baseline(IterationCount=1, LaunchCount=1, RunStrategy=ColdStart, UnrollFactor=1, WarmupCount=1)

// BeforeActualRun
WorkloadActual   1: 128 op, 29997200.00 ns, 234.3531 us/op

// AfterActualRun
WorkloadResult   1: 128 op, 29997200.00 ns, 234.3531 us/op
// GC:  0 0 0 301040 128
// Threading:  128 0 128

// AfterAll
// Benchmark Process 93012 has exited with code 0.

Mean = 234.353 us, StdErr = 0.000 us (0.00%), N = 1, StdDev = 0.000 us
Min = 234.353 us, Q1 = 234.353 us, Median = 234.353 us, Q3 = 234.353 us, Max = 234.353 us
IQR = 0.000 us, LowerFence = 234.353 us, UpperFence = 234.353 us
ConfidenceInterval = [NaN us; NaN us] (CI 99.9%), Margin = NaN us (NaN% of Mean)
Skewness = NaN, Kurtosis = NaN, MValue = 2

// ** Remained 18 (40.0%) benchmark(s) to run. Estimated finish 2026-09-07 16:51 (0h 0m from now) **
Setup power plan (GUID: 8c5e7fda-e8bf-4a96-9a85-a6e23a8c635c FriendlyName: High performance)
// **************************
// Benchmark: DistinctBinaryKeyDispatchBenchmarks.ByteArray: B_Published(Arguments=/p:ProductDirectory=C:/git/Dekaf-perf-improvements-20260907/pr-3082/published,/p:UseSharedCompilation=false, IterationCount=1, LaunchCount=1, RunStrategy=ColdStart, UnrollFactor=1, WarmupCount=1) [KeySize=1024]
// *** Execute ***
// Launch: 1 / 1
// Execute: dotnet Dekaf.Benchmarks-B_Published-2.dll --anonymousPipes 2260 2036 --benchmarkName "Dekaf.Benchmarks.Benchmarks.Unit.DistinctBinaryKeyDispatchBenchmarks.ByteArray(KeySize: 1024)" --job B_Published --benchmarkId 10 in C:\git\Dekaf-perf-improvements-20260907\pr-3082\comparison\bin\Release\net10.0\Dekaf.Benchmarks-B_Published-2\bin\Release\net10.0
// BeforeAnythingElse

// Benchmark Process Environment Information:
// BenchmarkDotNet v0.15.8
// Runtime=.NET 10.0.11 (10.0.11, 10.0.1126.37416), X64 RyuJIT x86-64-v3
// GC=Concurrent Workstation
// HardwareIntrinsics=AVX2+BMI1+BMI2+F16C+FMA+LZCNT+MOVBE,AVX,SSE3+SSSE3+SSE4.1+SSE4.2+POPCNT,X86Base+SSE+SSE2,AES+PCLMUL,AvxVnni,SERIALIZE VectorSize=256
// Job: B_Published(IterationCount=1, LaunchCount=1, RunStrategy=ColdStart, UnrollFactor=1, WarmupCount=1)

// BeforeActualRun
WorkloadActual   1: 128 op, 35036900.00 ns, 273.7258 us/op

// AfterActualRun
WorkloadResult   1: 128 op, 35036900.00 ns, 273.7258 us/op
// GC:  0 0 0 290192 128
// Threading:  128 22 128

// AfterAll
// Benchmark Process 102048 has exited with code 0.

Mean = 273.726 us, StdErr = 0.000 us (0.00%), N = 1, StdDev = 0.000 us
Min = 273.726 us, Q1 = 273.726 us, Median = 273.726 us, Q3 = 273.726 us, Max = 273.726 us
IQR = 0.000 us, LowerFence = 273.726 us, UpperFence = 273.726 us
ConfidenceInterval = [NaN us; NaN us] (CI 99.9%), Margin = NaN us (NaN% of Mean)
Skewness = NaN, Kurtosis = NaN, MValue = 2

// ** Remained 17 (37.8%) benchmark(s) to run. Estimated finish 2026-09-07 16:51 (0h 0m from now) **
Setup power plan (GUID: 8c5e7fda-e8bf-4a96-9a85-a6e23a8c635c FriendlyName: High performance)
// **************************
// Benchmark: DistinctBinaryKeyDispatchBenchmarks.RawMemory: B_Published(Arguments=/p:ProductDirectory=C:/git/Dekaf-perf-improvements-20260907/pr-3082/published,/p:UseSharedCompilation=false, IterationCount=1, LaunchCount=1, RunStrategy=ColdStart, UnrollFactor=1, WarmupCount=1) [KeySize=1024]
// *** Execute ***
// Launch: 1 / 1
// Execute: dotnet Dekaf.Benchmarks-B_Published-2.dll --anonymousPipes 2148 2308 --benchmarkName "Dekaf.Benchmarks.Benchmarks.Unit.DistinctBinaryKeyDispatchBenchmarks.RawMemory(KeySize: 1024)" --job B_Published --benchmarkId 11 in C:\git\Dekaf-perf-improvements-20260907\pr-3082\comparison\bin\Release\net10.0\Dekaf.Benchmarks-B_Published-2\bin\Release\net10.0
// BeforeAnythingElse

// Benchmark Process Environment Information:
// BenchmarkDotNet v0.15.8
// Runtime=.NET 10.0.11 (10.0.11, 10.0.1126.37416), X64 RyuJIT x86-64-v3
// GC=Concurrent Workstation
// HardwareIntrinsics=AVX2+BMI1+BMI2+F16C+FMA+LZCNT+MOVBE,AVX,SSE3+SSSE3+SSE4.1+SSE4.2+POPCNT,X86Base+SSE+SSE2,AES+PCLMUL,AvxVnni,SERIALIZE VectorSize=256
// Job: B_Published(IterationCount=1, LaunchCount=1, RunStrategy=ColdStart, UnrollFactor=1, WarmupCount=1)

// BeforeActualRun
WorkloadActual   1: 128 op, 34238900.00 ns, 267.4914 us/op

// AfterActualRun
WorkloadResult   1: 128 op, 34238900.00 ns, 267.4914 us/op
// GC:  0 0 0 302200 128
// Threading:  128 21 128

// AfterAll
// Benchmark Process 110460 has exited with code 0.

Mean = 267.491 us, StdErr = 0.000 us (0.00%), N = 1, StdDev = 0.000 us
Min = 267.491 us, Q1 = 267.491 us, Median = 267.491 us, Q3 = 267.491 us, Max = 267.491 us
IQR = 0.000 us, LowerFence = 267.491 us, UpperFence = 267.491 us
ConfidenceInterval = [NaN us; NaN us] (CI 99.9%), Margin = NaN us (NaN% of Mean)
Skewness = NaN, Kurtosis = NaN, MValue = 2

// ** Remained 16 (35.6%) benchmark(s) to run. Estimated finish 2026-09-07 16:51 (0h 0m from now) **
Setup power plan (GUID: 8c5e7fda-e8bf-4a96-9a85-a6e23a8c635c FriendlyName: High performance)
// **************************
// Benchmark: DistinctBinaryKeyDispatchBenchmarks.ByteArray: C_Candidate(Arguments=/p:ProductDirectory=C:/git/Dekaf-perf-improvements-20260907/pr-3082/candidate,/p:UseSharedCompilation=false, IterationCount=1, LaunchCount=1, RunStrategy=ColdStart, UnrollFactor=1, WarmupCount=1) [KeySize=1024]
// *** Execute ***
// Launch: 1 / 1
// Execute: dotnet Dekaf.Benchmarks-C_Candidate-3.dll --anonymousPipes 2204 2196 --benchmarkName "Dekaf.Benchmarks.Benchmarks.Unit.DistinctBinaryKeyDispatchBenchmarks.ByteArray(KeySize: 1024)" --job C_Candidate --benchmarkId 5 in C:\git\Dekaf-perf-improvements-20260907\pr-3082\comparison\bin\Release\net10.0\Dekaf.Benchmarks-C_Candidate-3\bin\Release\net10.0
// BeforeAnythingElse

// Benchmark Process Environment Information:
// BenchmarkDotNet v0.15.8
// Runtime=.NET 10.0.11 (10.0.11, 10.0.1126.37416), X64 RyuJIT x86-64-v3
// GC=Concurrent Workstation
// HardwareIntrinsics=AVX2+BMI1+BMI2+F16C+FMA+LZCNT+MOVBE,AVX,SSE3+SSSE3+SSE4.1+SSE4.2+POPCNT,X86Base+SSE+SSE2,AES+PCLMUL,AvxVnni,SERIALIZE VectorSize=256
// Job: C_Candidate(IterationCount=1, LaunchCount=1, RunStrategy=ColdStart, UnrollFactor=1, WarmupCount=1)

// BeforeActualRun
WorkloadActual   1: 128 op, 38491200.00 ns, 300.7125 us/op

// AfterActualRun
WorkloadResult   1: 128 op, 38491200.00 ns, 300.7125 us/op
// GC:  0 0 0 290192 128
// Threading:  128 20 128

// AfterAll
// Benchmark Process 106344 has exited with code 0.

Mean = 300.712 us, StdErr = 0.000 us (0.00%), N = 1, StdDev = 0.000 us
Min = 300.712 us, Q1 = 300.712 us, Median = 300.712 us, Q3 = 300.712 us, Max = 300.712 us
IQR = 0.000 us, LowerFence = 300.712 us, UpperFence = 300.712 us
ConfidenceInterval = [NaN us; NaN us] (CI 99.9%), Margin = NaN us (NaN% of Mean)
Skewness = NaN, Kurtosis = NaN, MValue = 2

// ** Remained 15 (33.3%) benchmark(s) to run. Estimated finish 2026-09-07 16:51 (0h 0m from now) **
Setup power plan (GUID: 8c5e7fda-e8bf-4a96-9a85-a6e23a8c635c FriendlyName: High performance)
// **************************
// Benchmark: DistinctBinaryKeyDispatchBenchmarks.RawMemory: C_Candidate(Arguments=/p:ProductDirectory=C:/git/Dekaf-perf-improvements-20260907/pr-3082/candidate,/p:UseSharedCompilation=false, IterationCount=1, LaunchCount=1, RunStrategy=ColdStart, UnrollFactor=1, WarmupCount=1) [KeySize=1024]
// *** Execute ***
// Launch: 1 / 1
// Execute: dotnet Dekaf.Benchmarks-C_Candidate-3.dll --anonymousPipes 2104 2136 --benchmarkName "Dekaf.Benchmarks.Benchmarks.Unit.DistinctBinaryKeyDispatchBenchmarks.RawMemory(KeySize: 1024)" --job C_Candidate --benchmarkId 6 in C:\git\Dekaf-perf-improvements-20260907\pr-3082\comparison\bin\Release\net10.0\Dekaf.Benchmarks-C_Candidate-3\bin\Release\net10.0
// BeforeAnythingElse

// Benchmark Process Environment Information:
// BenchmarkDotNet v0.15.8
// Runtime=.NET 10.0.11 (10.0.11, 10.0.1126.37416), X64 RyuJIT x86-64-v3
// GC=Concurrent Workstation
// HardwareIntrinsics=AVX2+BMI1+BMI2+F16C+FMA+LZCNT+MOVBE,AVX,SSE3+SSSE3+SSE4.1+SSE4.2+POPCNT,X86Base+SSE+SSE2,AES+PCLMUL,AvxVnni,SERIALIZE VectorSize=256
// Job: C_Candidate(IterationCount=1, LaunchCount=1, RunStrategy=ColdStart, UnrollFactor=1, WarmupCount=1)

// BeforeActualRun
WorkloadActual   1: 128 op, 31703700.00 ns, 247.6852 us/op

// AfterActualRun
WorkloadResult   1: 128 op, 31703700.00 ns, 247.6852 us/op
// GC:  0 0 0 302200 128
// Threading:  128 23 128

// AfterAll
// Benchmark Process 112944 has exited with code 0.

Mean = 247.685 us, StdErr = 0.000 us (0.00%), N = 1, StdDev = 0.000 us
Min = 247.685 us, Q1 = 247.685 us, Median = 247.685 us, Q3 = 247.685 us, Max = 247.685 us
IQR = 0.000 us, LowerFence = 247.685 us, UpperFence = 247.685 us
ConfidenceInterval = [NaN us; NaN us] (CI 99.9%), Margin = NaN us (NaN% of Mean)
Skewness = NaN, Kurtosis = NaN, MValue = 2

// ** Remained 14 (31.1%) benchmark(s) to run. Estimated finish 2026-09-07 16:51 (0h 0m from now) **
Setup power plan (GUID: 8c5e7fda-e8bf-4a96-9a85-a6e23a8c635c FriendlyName: High performance)
// **************************
// Benchmark: DistinctBinaryKeyDispatchBenchmarks.ByteArray: D_PublishedControl(Arguments=/p:ProductDirectory=C:/git/Dekaf-perf-improvements-20260907/pr-3082/published,/p:UseSharedCompilation=false, IterationCount=1, LaunchCount=1, RunStrategy=ColdStart, UnrollFactor=1, WarmupCount=1) [KeySize=1024]
// *** Execute ***
// Launch: 1 / 1
// Execute: dotnet Dekaf.Benchmarks-B_Published-2.dll --anonymousPipes 2160 1840 --benchmarkName "Dekaf.Benchmarks.Benchmarks.Unit.DistinctBinaryKeyDispatchBenchmarks.ByteArray(KeySize: 1024)" --job D_PublishedControl --benchmarkId 12 in C:\git\Dekaf-perf-improvements-20260907\pr-3082\comparison\bin\Release\net10.0\Dekaf.Benchmarks-B_Published-2\bin\Release\net10.0
// BeforeAnythingElse

// Benchmark Process Environment Information:
// BenchmarkDotNet v0.15.8
// Runtime=.NET 10.0.11 (10.0.11, 10.0.1126.37416), X64 RyuJIT x86-64-v3
// GC=Concurrent Workstation
// HardwareIntrinsics=AVX2+BMI1+BMI2+F16C+FMA+LZCNT+MOVBE,AVX,SSE3+SSSE3+SSE4.1+SSE4.2+POPCNT,X86Base+SSE+SSE2,AES+PCLMUL,AvxVnni,SERIALIZE VectorSize=256
// Job: D_PublishedControl(IterationCount=1, LaunchCount=1, RunStrategy=ColdStart, UnrollFactor=1, WarmupCount=1)

// BeforeActualRun
WorkloadActual   1: 128 op, 34583100.00 ns, 270.1805 us/op

// AfterActualRun
WorkloadResult   1: 128 op, 34583100.00 ns, 270.1805 us/op
// GC:  0 0 0 290192 128
// Threading:  128 22 128

// AfterAll
// Benchmark Process 28192 has exited with code 0.

Mean = 270.180 us, StdErr = 0.000 us (0.00%), N = 1, StdDev = 0.000 us
Min = 270.180 us, Q1 = 270.180 us, Median = 270.180 us, Q3 = 270.180 us, Max = 270.180 us
IQR = 0.000 us, LowerFence = 270.180 us, UpperFence = 270.180 us
ConfidenceInterval = [NaN us; NaN us] (CI 99.9%), Margin = NaN us (NaN% of Mean)
Skewness = NaN, Kurtosis = NaN, MValue = 2

// ** Remained 13 (28.9%) benchmark(s) to run. Estimated finish 2026-09-07 16:51 (0h 0m from now) **
Setup power plan (GUID: 8c5e7fda-e8bf-4a96-9a85-a6e23a8c635c FriendlyName: High performance)
// **************************
// Benchmark: DistinctBinaryKeyDispatchBenchmarks.RawMemory: D_PublishedControl(Arguments=/p:ProductDirectory=C:/git/Dekaf-perf-improvements-20260907/pr-3082/published,/p:UseSharedCompilation=false, IterationCount=1, LaunchCount=1, RunStrategy=ColdStart, UnrollFactor=1, WarmupCount=1) [KeySize=1024]
// *** Execute ***
// Launch: 1 / 1
// Execute: dotnet Dekaf.Benchmarks-B_Published-2.dll --anonymousPipes 2272 2276 --benchmarkName "Dekaf.Benchmarks.Benchmarks.Unit.DistinctBinaryKeyDispatchBenchmarks.RawMemory(KeySize: 1024)" --job D_PublishedControl --benchmarkId 13 in C:\git\Dekaf-perf-improvements-20260907\pr-3082\comparison\bin\Release\net10.0\Dekaf.Benchmarks-B_Published-2\bin\Release\net10.0
// BeforeAnythingElse

// Benchmark Process Environment Information:
// BenchmarkDotNet v0.15.8
// Runtime=.NET 10.0.11 (10.0.11, 10.0.1126.37416), X64 RyuJIT x86-64-v3
// GC=Concurrent Workstation
// HardwareIntrinsics=AVX2+BMI1+BMI2+F16C+FMA+LZCNT+MOVBE,AVX,SSE3+SSSE3+SSE4.1+SSE4.2+POPCNT,X86Base+SSE+SSE2,AES+PCLMUL,AvxVnni,SERIALIZE VectorSize=256
// Job: D_PublishedControl(IterationCount=1, LaunchCount=1, RunStrategy=ColdStart, UnrollFactor=1, WarmupCount=1)

// BeforeActualRun
WorkloadActual   1: 128 op, 33748100.00 ns, 263.6570 us/op

// AfterActualRun
WorkloadResult   1: 128 op, 33748100.00 ns, 263.6570 us/op
// GC:  0 0 0 305712 128
// Threading:  128 34 128

// AfterAll
// Benchmark Process 110496 has exited with code 0.

Mean = 263.657 us, StdErr = 0.000 us (0.00%), N = 1, StdDev = 0.000 us
Min = 263.657 us, Q1 = 263.657 us, Median = 263.657 us, Q3 = 263.657 us, Max = 263.657 us
IQR = 0.000 us, LowerFence = 263.657 us, UpperFence = 263.657 us
ConfidenceInterval = [NaN us; NaN us] (CI 99.9%), Margin = NaN us (NaN% of Mean)
Skewness = NaN, Kurtosis = NaN, MValue = 2

// ** Remained 12 (26.7%) benchmark(s) to run. Estimated finish 2026-09-07 16:51 (0h 0m from now) **
Setup power plan (GUID: 8c5e7fda-e8bf-4a96-9a85-a6e23a8c635c FriendlyName: High performance)
// **************************
// Benchmark: DistinctBinaryKeyDispatchBenchmarks.ByteArray: E_BaselineControl(Arguments=/p:ProductDirectory=C:/git/Dekaf-perf-improvements-20260907/pr-3082/baseline,/p:UseSharedCompilation=false, IterationCount=1, LaunchCount=1, RunStrategy=ColdStart, UnrollFactor=1, WarmupCount=1) [KeySize=1024]
// *** Execute ***
// Launch: 1 / 1
// Execute: dotnet Dekaf.Benchmarks-A_Baseline-1.dll --anonymousPipes 2324 2136 --benchmarkName "Dekaf.Benchmarks.Benchmarks.Unit.DistinctBinaryKeyDispatchBenchmarks.ByteArray(KeySize: 1024)" --job E_BaselineControl --benchmarkId 12 in C:\git\Dekaf-perf-improvements-20260907\pr-3082\comparison\bin\Release\net10.0\Dekaf.Benchmarks-A_Baseline-1\bin\Release\net10.0
// BeforeAnythingElse

// Benchmark Process Environment Information:
// BenchmarkDotNet v0.15.8
// Runtime=.NET 10.0.11 (10.0.11, 10.0.1126.37416), X64 RyuJIT x86-64-v3
// GC=Concurrent Workstation
// HardwareIntrinsics=AVX2+BMI1+BMI2+F16C+FMA+LZCNT+MOVBE,AVX,SSE3+SSSE3+SSE4.1+SSE4.2+POPCNT,X86Base+SSE+SSE2,AES+PCLMUL,AvxVnni,SERIALIZE VectorSize=256
// Job: E_BaselineControl(IterationCount=1, LaunchCount=1, RunStrategy=ColdStart, UnrollFactor=1, WarmupCount=1)

// BeforeActualRun
WorkloadActual   1: 128 op, 29294300.00 ns, 228.8617 us/op

// AfterActualRun
WorkloadResult   1: 128 op, 29294300.00 ns, 228.8617 us/op
// GC:  0 0 0 289032 128
// Threading:  128 0 128

// AfterAll
// Benchmark Process 13472 has exited with code 0.

Mean = 228.862 us, StdErr = 0.000 us (0.00%), N = 1, StdDev = 0.000 us
Min = 228.862 us, Q1 = 228.862 us, Median = 228.862 us, Q3 = 228.862 us, Max = 228.862 us
IQR = 0.000 us, LowerFence = 228.862 us, UpperFence = 228.862 us
ConfidenceInterval = [NaN us; NaN us] (CI 99.9%), Margin = NaN us (NaN% of Mean)
Skewness = NaN, Kurtosis = NaN, MValue = 2

// ** Remained 11 (24.4%) benchmark(s) to run. Estimated finish 2026-09-07 16:51 (0h 0m from now) **
Setup power plan (GUID: 8c5e7fda-e8bf-4a96-9a85-a6e23a8c635c FriendlyName: High performance)
// **************************
// Benchmark: DistinctBinaryKeyDispatchBenchmarks.RawMemory: E_BaselineControl(Arguments=/p:ProductDirectory=C:/git/Dekaf-perf-improvements-20260907/pr-3082/baseline,/p:UseSharedCompilation=false, IterationCount=1, LaunchCount=1, RunStrategy=ColdStart, UnrollFactor=1, WarmupCount=1) [KeySize=1024]
// *** Execute ***
// Launch: 1 / 1
// Execute: dotnet Dekaf.Benchmarks-A_Baseline-1.dll --anonymousPipes 2288 2280 --benchmarkName "Dekaf.Benchmarks.Benchmarks.Unit.DistinctBinaryKeyDispatchBenchmarks.RawMemory(KeySize: 1024)" --job E_BaselineControl --benchmarkId 13 in C:\git\Dekaf-perf-improvements-20260907\pr-3082\comparison\bin\Release\net10.0\Dekaf.Benchmarks-A_Baseline-1\bin\Release\net10.0
// BeforeAnythingElse

// Benchmark Process Environment Information:
// BenchmarkDotNet v0.15.8
// Runtime=.NET 10.0.11 (10.0.11, 10.0.1126.37416), X64 RyuJIT x86-64-v3
// GC=Concurrent Workstation
// HardwareIntrinsics=AVX2+BMI1+BMI2+F16C+FMA+LZCNT+MOVBE,AVX,SSE3+SSSE3+SSE4.1+SSE4.2+POPCNT,X86Base+SSE+SSE2,AES+PCLMUL,AvxVnni,SERIALIZE VectorSize=256
// Job: E_BaselineControl(IterationCount=1, LaunchCount=1, RunStrategy=ColdStart, UnrollFactor=1, WarmupCount=1)

// BeforeActualRun
WorkloadActual   1: 128 op, 28593300.00 ns, 223.3852 us/op

// AfterActualRun
WorkloadResult   1: 128 op, 28593300.00 ns, 223.3852 us/op
// GC:  0 0 0 301040 128
// Threading:  128 0 128

// AfterAll
// Benchmark Process 9888 has exited with code 0.

Mean = 223.385 us, StdErr = 0.000 us (0.00%), N = 1, StdDev = 0.000 us
Min = 223.385 us, Q1 = 223.385 us, Median = 223.385 us, Q3 = 223.385 us, Max = 223.385 us
IQR = 0.000 us, LowerFence = 223.385 us, UpperFence = 223.385 us
ConfidenceInterval = [NaN us; NaN us] (CI 99.9%), Margin = NaN us (NaN% of Mean)
Skewness = NaN, Kurtosis = NaN, MValue = 2

// ** Remained 10 (22.2%) benchmark(s) to run. Estimated finish 2026-09-07 16:51 (0h 0m from now) **
Setup power plan (GUID: 8c5e7fda-e8bf-4a96-9a85-a6e23a8c635c FriendlyName: High performance)
// **************************
// Benchmark: DistinctBinaryKeyDispatchBenchmarks.ByteArray: A_Baseline(Arguments=/p:ProductDirectory=C:/git/Dekaf-perf-improvements-20260907/pr-3082/baseline,/p:UseSharedCompilation=false, IterationCount=1, LaunchCount=1, RunStrategy=ColdStart, UnrollFactor=1, WarmupCount=1) [KeySize=65536]
// *** Execute ***
// Launch: 1 / 1
// Execute: dotnet Dekaf.Benchmarks-A_Baseline-1.dll --anonymousPipes 1840 2292 --benchmarkName "Dekaf.Benchmarks.Benchmarks.Unit.DistinctBinaryKeyDispatchBenchmarks.ByteArray(KeySize: 65536)" --job A_Baseline --benchmarkId 14 in C:\git\Dekaf-perf-improvements-20260907\pr-3082\comparison\bin\Release\net10.0\Dekaf.Benchmarks-A_Baseline-1\bin\Release\net10.0
// BeforeAnythingElse

// Benchmark Process Environment Information:
// BenchmarkDotNet v0.15.8
// Runtime=.NET 10.0.11 (10.0.11, 10.0.1126.37416), X64 RyuJIT x86-64-v3
// GC=Concurrent Workstation
// HardwareIntrinsics=AVX2+BMI1+BMI2+F16C+FMA+LZCNT+MOVBE,AVX,SSE3+SSSE3+SSE4.1+SSE4.2+POPCNT,X86Base+SSE+SSE2,AES+PCLMUL,AvxVnni,SERIALIZE VectorSize=256
// Job: A_Baseline(IterationCount=1, LaunchCount=1, RunStrategy=ColdStart, UnrollFactor=1, WarmupCount=1)

// BeforeActualRun
WorkloadActual   1: 128 op, 29424000.00 ns, 229.8750 us/op

// AfterActualRun
WorkloadResult   1: 128 op, 29424000.00 ns, 229.8750 us/op
// GC:  0 0 0 289032 128
// Threading:  128 1 128

// AfterAll
// Benchmark Process 103440 has exited with code 0.

Mean = 229.875 us, StdErr = 0.000 us (0.00%), N = 1, StdDev = 0.000 us
Min = 229.875 us, Q1 = 229.875 us, Median = 229.875 us, Q3 = 229.875 us, Max = 229.875 us
IQR = 0.000 us, LowerFence = 229.875 us, UpperFence = 229.875 us
ConfidenceInterval = [NaN us; NaN us] (CI 99.9%), Margin = NaN us (NaN% of Mean)
Skewness = NaN, Kurtosis = NaN, MValue = 2

// ** Remained 9 (20.0%) benchmark(s) to run. Estimated finish 2026-09-07 16:51 (0h 0m from now) **
Setup power plan (GUID: 8c5e7fda-e8bf-4a96-9a85-a6e23a8c635c FriendlyName: High performance)
// **************************
// Benchmark: DistinctBinaryKeyDispatchBenchmarks.RawMemory: A_Baseline(Arguments=/p:ProductDirectory=C:/git/Dekaf-perf-improvements-20260907/pr-3082/baseline,/p:UseSharedCompilation=false, IterationCount=1, LaunchCount=1, RunStrategy=ColdStart, UnrollFactor=1, WarmupCount=1) [KeySize=65536]
// *** Execute ***
// Launch: 1 / 1
// Execute: dotnet Dekaf.Benchmarks-A_Baseline-1.dll --anonymousPipes 2336 2332 --benchmarkName "Dekaf.Benchmarks.Benchmarks.Unit.DistinctBinaryKeyDispatchBenchmarks.RawMemory(KeySize: 65536)" --job A_Baseline --benchmarkId 15 in C:\git\Dekaf-perf-improvements-20260907\pr-3082\comparison\bin\Release\net10.0\Dekaf.Benchmarks-A_Baseline-1\bin\Release\net10.0
// BeforeAnythingElse

// Benchmark Process Environment Information:
// BenchmarkDotNet v0.15.8
// Runtime=.NET 10.0.11 (10.0.11, 10.0.1126.37416), X64 RyuJIT x86-64-v3
// GC=Concurrent Workstation
// HardwareIntrinsics=AVX2+BMI1+BMI2+F16C+FMA+LZCNT+MOVBE,AVX,SSE3+SSSE3+SSE4.1+SSE4.2+POPCNT,X86Base+SSE+SSE2,AES+PCLMUL,AvxVnni,SERIALIZE VectorSize=256
// Job: A_Baseline(IterationCount=1, LaunchCount=1, RunStrategy=ColdStart, UnrollFactor=1, WarmupCount=1)

// BeforeActualRun
WorkloadActual   1: 128 op, 29682400.00 ns, 231.8938 us/op

// AfterActualRun
WorkloadResult   1: 128 op, 29682400.00 ns, 231.8938 us/op
// GC:  0 0 0 301040 128
// Threading:  128 0 128

// AfterAll
// Benchmark Process 31304 has exited with code 0.

Mean = 231.894 us, StdErr = 0.000 us (0.00%), N = 1, StdDev = 0.000 us
Min = 231.894 us, Q1 = 231.894 us, Median = 231.894 us, Q3 = 231.894 us, Max = 231.894 us
IQR = 0.000 us, LowerFence = 231.894 us, UpperFence = 231.894 us
ConfidenceInterval = [NaN us; NaN us] (CI 99.9%), Margin = NaN us (NaN% of Mean)
Skewness = NaN, Kurtosis = NaN, MValue = 2

// ** Remained 8 (17.8%) benchmark(s) to run. Estimated finish 2026-09-07 16:51 (0h 0m from now) **
Setup power plan (GUID: 8c5e7fda-e8bf-4a96-9a85-a6e23a8c635c FriendlyName: High performance)
// **************************
// Benchmark: DistinctBinaryKeyDispatchBenchmarks.ByteArray: B_Published(Arguments=/p:ProductDirectory=C:/git/Dekaf-perf-improvements-20260907/pr-3082/published,/p:UseSharedCompilation=false, IterationCount=1, LaunchCount=1, RunStrategy=ColdStart, UnrollFactor=1, WarmupCount=1) [KeySize=65536]
// *** Execute ***
// Launch: 1 / 1
// Execute: dotnet Dekaf.Benchmarks-B_Published-2.dll --anonymousPipes 2316 2368 --benchmarkName "Dekaf.Benchmarks.Benchmarks.Unit.DistinctBinaryKeyDispatchBenchmarks.ByteArray(KeySize: 65536)" --job B_Published --benchmarkId 14 in C:\git\Dekaf-perf-improvements-20260907\pr-3082\comparison\bin\Release\net10.0\Dekaf.Benchmarks-B_Published-2\bin\Release\net10.0
// BeforeAnythingElse

// Benchmark Process Environment Information:
// BenchmarkDotNet v0.15.8
// Runtime=.NET 10.0.11 (10.0.11, 10.0.1126.37416), X64 RyuJIT x86-64-v3
// GC=Concurrent Workstation
// HardwareIntrinsics=AVX2+BMI1+BMI2+F16C+FMA+LZCNT+MOVBE,AVX,SSE3+SSSE3+SSE4.1+SSE4.2+POPCNT,X86Base+SSE+SSE2,AES+PCLMUL,AvxVnni,SERIALIZE VectorSize=256
// Job: B_Published(IterationCount=1, LaunchCount=1, RunStrategy=ColdStart, UnrollFactor=1, WarmupCount=1)

// BeforeActualRun
WorkloadActual   1: 128 op, 134597100.00 ns, 1.0515 ms/op

// AfterActualRun
WorkloadResult   1: 128 op, 134597100.00 ns, 1.0515 ms/op
// GC:  0 0 0 291424 128
// Threading:  128 110 128

// AfterAll
// Benchmark Process 81900 has exited with code 0.

Mean = 1.052 ms, StdErr = 0.000 ms (0.00%), N = 1, StdDev = 0.000 ms
Min = 1.052 ms, Q1 = 1.052 ms, Median = 1.052 ms, Q3 = 1.052 ms, Max = 1.052 ms
IQR = 0.000 ms, LowerFence = 1.052 ms, UpperFence = 1.052 ms
ConfidenceInterval = [NaN ms; NaN ms] (CI 99.9%), Margin = NaN ms (NaN% of Mean)
Skewness = NaN, Kurtosis = NaN, MValue = 2

// ** Remained 7 (15.6%) benchmark(s) to run. Estimated finish 2026-09-07 16:51 (0h 0m from now) **
Setup power plan (GUID: 8c5e7fda-e8bf-4a96-9a85-a6e23a8c635c FriendlyName: High performance)
// **************************
// Benchmark: DistinctBinaryKeyDispatchBenchmarks.RawMemory: B_Published(Arguments=/p:ProductDirectory=C:/git/Dekaf-perf-improvements-20260907/pr-3082/published,/p:UseSharedCompilation=false, IterationCount=1, LaunchCount=1, RunStrategy=ColdStart, UnrollFactor=1, WarmupCount=1) [KeySize=65536]
// *** Execute ***
// Launch: 1 / 1
// Execute: dotnet Dekaf.Benchmarks-B_Published-2.dll --anonymousPipes 2188 2328 --benchmarkName "Dekaf.Benchmarks.Benchmarks.Unit.DistinctBinaryKeyDispatchBenchmarks.RawMemory(KeySize: 65536)" --job B_Published --benchmarkId 15 in C:\git\Dekaf-perf-improvements-20260907\pr-3082\comparison\bin\Release\net10.0\Dekaf.Benchmarks-B_Published-2\bin\Release\net10.0
// BeforeAnythingElse

// Benchmark Process Environment Information:
// BenchmarkDotNet v0.15.8
// Runtime=.NET 10.0.11 (10.0.11, 10.0.1126.37416), X64 RyuJIT x86-64-v3
// GC=Concurrent Workstation
// HardwareIntrinsics=AVX2+BMI1+BMI2+F16C+FMA+LZCNT+MOVBE,AVX,SSE3+SSSE3+SSE4.1+SSE4.2+POPCNT,X86Base+SSE+SSE2,AES+PCLMUL,AvxVnni,SERIALIZE VectorSize=256
// Job: B_Published(IterationCount=1, LaunchCount=1, RunStrategy=ColdStart, UnrollFactor=1, WarmupCount=1)

// BeforeActualRun
WorkloadActual   1: 128 op, 133572100.00 ns, 1.0435 ms/op

// AfterActualRun
WorkloadResult   1: 128 op, 133572100.00 ns, 1.0435 ms/op
// GC:  0 0 0 303432 128
// Threading:  128 120 128

// AfterAll
// Benchmark Process 49100 has exited with code 0.

Mean = 1.044 ms, StdErr = 0.000 ms (0.00%), N = 1, StdDev = 0.000 ms
Min = 1.044 ms, Q1 = 1.044 ms, Median = 1.044 ms, Q3 = 1.044 ms, Max = 1.044 ms
IQR = 0.000 ms, LowerFence = 1.044 ms, UpperFence = 1.044 ms
ConfidenceInterval = [NaN ms; NaN ms] (CI 99.9%), Margin = NaN ms (NaN% of Mean)
Skewness = NaN, Kurtosis = NaN, MValue = 2

// ** Remained 6 (13.3%) benchmark(s) to run. Estimated finish 2026-09-07 16:51 (0h 0m from now) **
Setup power plan (GUID: 8c5e7fda-e8bf-4a96-9a85-a6e23a8c635c FriendlyName: High performance)
// **************************
// Benchmark: DistinctBinaryKeyDispatchBenchmarks.ByteArray: C_Candidate(Arguments=/p:ProductDirectory=C:/git/Dekaf-perf-improvements-20260907/pr-3082/candidate,/p:UseSharedCompilation=false, IterationCount=1, LaunchCount=1, RunStrategy=ColdStart, UnrollFactor=1, WarmupCount=1) [KeySize=65536]
// *** Execute ***
// Launch: 1 / 1
// Execute: dotnet Dekaf.Benchmarks-C_Candidate-3.dll --anonymousPipes 2320 2368 --benchmarkName "Dekaf.Benchmarks.Benchmarks.Unit.DistinctBinaryKeyDispatchBenchmarks.ByteArray(KeySize: 65536)" --job C_Candidate --benchmarkId 7 in C:\git\Dekaf-perf-improvements-20260907\pr-3082\comparison\bin\Release\net10.0\Dekaf.Benchmarks-C_Candidate-3\bin\Release\net10.0
// BeforeAnythingElse

// Benchmark Process Environment Information:
// BenchmarkDotNet v0.15.8
// Runtime=.NET 10.0.11 (10.0.11, 10.0.1126.37416), X64 RyuJIT x86-64-v3
// GC=Concurrent Workstation
// HardwareIntrinsics=AVX2+BMI1+BMI2+F16C+FMA+LZCNT+MOVBE,AVX,SSE3+SSSE3+SSE4.1+SSE4.2+POPCNT,X86Base+SSE+SSE2,AES+PCLMUL,AvxVnni,SERIALIZE VectorSize=256
// Job: C_Candidate(IterationCount=1, LaunchCount=1, RunStrategy=ColdStart, UnrollFactor=1, WarmupCount=1)

// BeforeActualRun
WorkloadActual   1: 128 op, 108968500.00 ns, 851.3164 us/op

// AfterActualRun
WorkloadResult   1: 128 op, 108968500.00 ns, 851.3164 us/op
// GC:  0 0 0 291424 128
// Threading:  128 112 128

// AfterAll
// Benchmark Process 101880 has exited with code 0.

Mean = 851.316 us, StdErr = 0.000 us (0.00%), N = 1, StdDev = 0.000 us
Min = 851.316 us, Q1 = 851.316 us, Median = 851.316 us, Q3 = 851.316 us, Max = 851.316 us
IQR = 0.000 us, LowerFence = 851.316 us, UpperFence = 851.316 us
ConfidenceInterval = [NaN us; NaN us] (CI 99.9%), Margin = NaN us (NaN% of Mean)
Skewness = NaN, Kurtosis = NaN, MValue = 2

// ** Remained 5 (11.1%) benchmark(s) to run. Estimated finish 2026-09-07 16:51 (0h 0m from now) **
Setup power plan (GUID: 8c5e7fda-e8bf-4a96-9a85-a6e23a8c635c FriendlyName: High performance)
// **************************
// Benchmark: DistinctBinaryKeyDispatchBenchmarks.RawMemory: C_Candidate(Arguments=/p:ProductDirectory=C:/git/Dekaf-perf-improvements-20260907/pr-3082/candidate,/p:UseSharedCompilation=false, IterationCount=1, LaunchCount=1, RunStrategy=ColdStart, UnrollFactor=1, WarmupCount=1) [KeySize=65536]
// *** Execute ***
// Launch: 1 / 1
// Execute: dotnet Dekaf.Benchmarks-C_Candidate-3.dll --anonymousPipes 2380 2336 --benchmarkName "Dekaf.Benchmarks.Benchmarks.Unit.DistinctBinaryKeyDispatchBenchmarks.RawMemory(KeySize: 65536)" --job C_Candidate --benchmarkId 8 in C:\git\Dekaf-perf-improvements-20260907\pr-3082\comparison\bin\Release\net10.0\Dekaf.Benchmarks-C_Candidate-3\bin\Release\net10.0
// BeforeAnythingElse

// Benchmark Process Environment Information:
// BenchmarkDotNet v0.15.8
// Runtime=.NET 10.0.11 (10.0.11, 10.0.1126.37416), X64 RyuJIT x86-64-v3
// GC=Concurrent Workstation
// HardwareIntrinsics=AVX2+BMI1+BMI2+F16C+FMA+LZCNT+MOVBE,AVX,SSE3+SSSE3+SSE4.1+SSE4.2+POPCNT,X86Base+SSE+SSE2,AES+PCLMUL,AvxVnni,SERIALIZE VectorSize=256
// Job: C_Candidate(IterationCount=1, LaunchCount=1, RunStrategy=ColdStart, UnrollFactor=1, WarmupCount=1)

// BeforeActualRun
WorkloadActual   1: 128 op, 108221500.00 ns, 845.4805 us/op

// AfterActualRun
WorkloadResult   1: 128 op, 108221500.00 ns, 845.4805 us/op
// GC:  0 0 0 303432 128
// Threading:  128 121 128

// AfterAll
// Benchmark Process 102208 has exited with code 0.

Mean = 845.480 us, StdErr = 0.000 us (0.00%), N = 1, StdDev = 0.000 us
Min = 845.480 us, Q1 = 845.480 us, Median = 845.480 us, Q3 = 845.480 us, Max = 845.480 us
IQR = 0.000 us, LowerFence = 845.480 us, UpperFence = 845.480 us
ConfidenceInterval = [NaN us; NaN us] (CI 99.9%), Margin = NaN us (NaN% of Mean)
Skewness = NaN, Kurtosis = NaN, MValue = 2

// ** Remained 4 (8.9%) benchmark(s) to run. Estimated finish 2026-09-07 16:51 (0h 0m from now) **
Setup power plan (GUID: 8c5e7fda-e8bf-4a96-9a85-a6e23a8c635c FriendlyName: High performance)
// **************************
// Benchmark: DistinctBinaryKeyDispatchBenchmarks.ByteArray: D_PublishedControl(Arguments=/p:ProductDirectory=C:/git/Dekaf-perf-improvements-20260907/pr-3082/published,/p:UseSharedCompilation=false, IterationCount=1, LaunchCount=1, RunStrategy=ColdStart, UnrollFactor=1, WarmupCount=1) [KeySize=65536]
// *** Execute ***
// Launch: 1 / 1
// Execute: dotnet Dekaf.Benchmarks-B_Published-2.dll --anonymousPipes 2392 2320 --benchmarkName "Dekaf.Benchmarks.Benchmarks.Unit.DistinctBinaryKeyDispatchBenchmarks.ByteArray(KeySize: 65536)" --job D_PublishedControl --benchmarkId 16 in C:\git\Dekaf-perf-improvements-20260907\pr-3082\comparison\bin\Release\net10.0\Dekaf.Benchmarks-B_Published-2\bin\Release\net10.0
// BeforeAnythingElse

// Benchmark Process Environment Information:
// BenchmarkDotNet v0.15.8
// Runtime=.NET 10.0.11 (10.0.11, 10.0.1126.37416), X64 RyuJIT x86-64-v3
// GC=Concurrent Workstation
// HardwareIntrinsics=AVX2+BMI1+BMI2+F16C+FMA+LZCNT+MOVBE,AVX,SSE3+SSSE3+SSE4.1+SSE4.2+POPCNT,X86Base+SSE+SSE2,AES+PCLMUL,AvxVnni,SERIALIZE VectorSize=256
// Job: D_PublishedControl(IterationCount=1, LaunchCount=1, RunStrategy=ColdStart, UnrollFactor=1, WarmupCount=1)

// BeforeActualRun
WorkloadActual   1: 128 op, 134524900.00 ns, 1.0510 ms/op

// AfterActualRun
WorkloadResult   1: 128 op, 134524900.00 ns, 1.0510 ms/op
// GC:  0 0 0 291424 128
// Threading:  128 122 128

// AfterAll
// Benchmark Process 106748 has exited with code 0.

Mean = 1.051 ms, StdErr = 0.000 ms (0.00%), N = 1, StdDev = 0.000 ms
Min = 1.051 ms, Q1 = 1.051 ms, Median = 1.051 ms, Q3 = 1.051 ms, Max = 1.051 ms
IQR = 0.000 ms, LowerFence = 1.051 ms, UpperFence = 1.051 ms
ConfidenceInterval = [NaN ms; NaN ms] (CI 99.9%), Margin = NaN ms (NaN% of Mean)
Skewness = NaN, Kurtosis = NaN, MValue = 2

// ** Remained 3 (6.7%) benchmark(s) to run. Estimated finish 2026-09-07 16:51 (0h 0m from now) **
Setup power plan (GUID: 8c5e7fda-e8bf-4a96-9a85-a6e23a8c635c FriendlyName: High performance)
// **************************
// Benchmark: DistinctBinaryKeyDispatchBenchmarks.RawMemory: D_PublishedControl(Arguments=/p:ProductDirectory=C:/git/Dekaf-perf-improvements-20260907/pr-3082/published,/p:UseSharedCompilation=false, IterationCount=1, LaunchCount=1, RunStrategy=ColdStart, UnrollFactor=1, WarmupCount=1) [KeySize=65536]
// *** Execute ***
// Launch: 1 / 1
// Execute: dotnet Dekaf.Benchmarks-B_Published-2.dll --anonymousPipes 2336 2408 --benchmarkName "Dekaf.Benchmarks.Benchmarks.Unit.DistinctBinaryKeyDispatchBenchmarks.RawMemory(KeySize: 65536)" --job D_PublishedControl --benchmarkId 17 in C:\git\Dekaf-perf-improvements-20260907\pr-3082\comparison\bin\Release\net10.0\Dekaf.Benchmarks-B_Published-2\bin\Release\net10.0
// BeforeAnythingElse

// Benchmark Process Environment Information:
// BenchmarkDotNet v0.15.8
// Runtime=.NET 10.0.11 (10.0.11, 10.0.1126.37416), X64 RyuJIT x86-64-v3
// GC=Concurrent Workstation
// HardwareIntrinsics=AVX2+BMI1+BMI2+F16C+FMA+LZCNT+MOVBE,AVX,SSE3+SSSE3+SSE4.1+SSE4.2+POPCNT,X86Base+SSE+SSE2,AES+PCLMUL,AvxVnni,SERIALIZE VectorSize=256
// Job: D_PublishedControl(IterationCount=1, LaunchCount=1, RunStrategy=ColdStart, UnrollFactor=1, WarmupCount=1)

// BeforeActualRun
WorkloadActual   1: 128 op, 136393800.00 ns, 1.0656 ms/op

// AfterActualRun
WorkloadResult   1: 128 op, 136393800.00 ns, 1.0656 ms/op
// GC:  0 0 0 303432 128
// Threading:  128 111 128

// AfterAll
// Benchmark Process 87716 has exited with code 0.

Mean = 1.066 ms, StdErr = 0.000 ms (0.00%), N = 1, StdDev = 0.000 ms
Min = 1.066 ms, Q1 = 1.066 ms, Median = 1.066 ms, Q3 = 1.066 ms, Max = 1.066 ms
IQR = 0.000 ms, LowerFence = 1.066 ms, UpperFence = 1.066 ms
ConfidenceInterval = [NaN ms; NaN ms] (CI 99.9%), Margin = NaN ms (NaN% of Mean)
Skewness = NaN, Kurtosis = NaN, MValue = 2

// ** Remained 2 (4.4%) benchmark(s) to run. Estimated finish 2026-09-07 16:51 (0h 0m from now) **
Setup power plan (GUID: 8c5e7fda-e8bf-4a96-9a85-a6e23a8c635c FriendlyName: High performance)
// **************************
// Benchmark: DistinctBinaryKeyDispatchBenchmarks.ByteArray: E_BaselineControl(Arguments=/p:ProductDirectory=C:/git/Dekaf-perf-improvements-20260907/pr-3082/baseline,/p:UseSharedCompilation=false, IterationCount=1, LaunchCount=1, RunStrategy=ColdStart, UnrollFactor=1, WarmupCount=1) [KeySize=65536]
// *** Execute ***
// Launch: 1 / 1
// Execute: dotnet Dekaf.Benchmarks-A_Baseline-1.dll --anonymousPipes 2336 2064 --benchmarkName "Dekaf.Benchmarks.Benchmarks.Unit.DistinctBinaryKeyDispatchBenchmarks.ByteArray(KeySize: 65536)" --job E_BaselineControl --benchmarkId 16 in C:\git\Dekaf-perf-improvements-20260907\pr-3082\comparison\bin\Release\net10.0\Dekaf.Benchmarks-A_Baseline-1\bin\Release\net10.0
// BeforeAnythingElse

// Benchmark Process Environment Information:
// BenchmarkDotNet v0.15.8
// Runtime=.NET 10.0.11 (10.0.11, 10.0.1126.37416), X64 RyuJIT x86-64-v3
// GC=Concurrent Workstation
// HardwareIntrinsics=AVX2+BMI1+BMI2+F16C+FMA+LZCNT+MOVBE,AVX,SSE3+SSSE3+SSE4.1+SSE4.2+POPCNT,X86Base+SSE+SSE2,AES+PCLMUL,AvxVnni,SERIALIZE VectorSize=256
// Job: E_BaselineControl(IterationCount=1, LaunchCount=1, RunStrategy=ColdStart, UnrollFactor=1, WarmupCount=1)

// BeforeActualRun
WorkloadActual   1: 128 op, 28916800.00 ns, 225.9125 us/op

// AfterActualRun
WorkloadResult   1: 128 op, 28916800.00 ns, 225.9125 us/op
// GC:  0 0 0 289032 128
// Threading:  128 0 128

// AfterAll
// Benchmark Process 15608 has exited with code 0.

Mean = 225.912 us, StdErr = 0.000 us (0.00%), N = 1, StdDev = 0.000 us
Min = 225.912 us, Q1 = 225.912 us, Median = 225.912 us, Q3 = 225.912 us, Max = 225.912 us
IQR = 0.000 us, LowerFence = 225.912 us, UpperFence = 225.912 us
ConfidenceInterval = [NaN us; NaN us] (CI 99.9%), Margin = NaN us (NaN% of Mean)
Skewness = NaN, Kurtosis = NaN, MValue = 2

// ** Remained 1 (2.2%) benchmark(s) to run. Estimated finish 2026-09-07 16:51 (0h 0m from now) **
Setup power plan (GUID: 8c5e7fda-e8bf-4a96-9a85-a6e23a8c635c FriendlyName: High performance)
// **************************
// Benchmark: DistinctBinaryKeyDispatchBenchmarks.RawMemory: E_BaselineControl(Arguments=/p:ProductDirectory=C:/git/Dekaf-perf-improvements-20260907/pr-3082/baseline,/p:UseSharedCompilation=false, IterationCount=1, LaunchCount=1, RunStrategy=ColdStart, UnrollFactor=1, WarmupCount=1) [KeySize=65536]
// *** Execute ***
// Launch: 1 / 1
// Execute: dotnet Dekaf.Benchmarks-A_Baseline-1.dll --anonymousPipes 2448 2420 --benchmarkName "Dekaf.Benchmarks.Benchmarks.Unit.DistinctBinaryKeyDispatchBenchmarks.RawMemory(KeySize: 65536)" --job E_BaselineControl --benchmarkId 17 in C:\git\Dekaf-perf-improvements-20260907\pr-3082\comparison\bin\Release\net10.0\Dekaf.Benchmarks-A_Baseline-1\bin\Release\net10.0
// BeforeAnythingElse

// Benchmark Process Environment Information:
// BenchmarkDotNet v0.15.8
// Runtime=.NET 10.0.11 (10.0.11, 10.0.1126.37416), X64 RyuJIT x86-64-v3
// GC=Concurrent Workstation
// HardwareIntrinsics=AVX2+BMI1+BMI2+F16C+FMA+LZCNT+MOVBE,AVX,SSE3+SSSE3+SSE4.1+SSE4.2+POPCNT,X86Base+SSE+SSE2,AES+PCLMUL,AvxVnni,SERIALIZE VectorSize=256
// Job: E_BaselineControl(IterationCount=1, LaunchCount=1, RunStrategy=ColdStart, UnrollFactor=1, WarmupCount=1)

// BeforeActualRun
WorkloadActual   1: 128 op, 28648400.00 ns, 223.8156 us/op

// AfterActualRun
WorkloadResult   1: 128 op, 28648400.00 ns, 223.8156 us/op
// GC:  0 0 0 301040 128
// Threading:  128 0 128

// AfterAll
// Benchmark Process 72676 has exited with code 0.

Mean = 223.816 us, StdErr = 0.000 us (0.00%), N = 1, StdDev = 0.000 us
Min = 223.816 us, Q1 = 223.816 us, Median = 223.816 us, Q3 = 223.816 us, Max = 223.816 us
IQR = 0.000 us, LowerFence = 223.816 us, UpperFence = 223.816 us
ConfidenceInterval = [NaN us; NaN us] (CI 99.9%), Margin = NaN us (NaN% of Mean)
Skewness = NaN, Kurtosis = NaN, MValue = 2

// ** Remained 0 (0.0%) benchmark(s) to run. Estimated finish 2026-09-07 16:51 (0h 0m from now) **
Successfully reverted power plan (GUID: 8c5e7fda-e8bf-4a96-9a85-a6e23a8c635c FriendlyName: High performance)
// ***** BenchmarkRunner: Finish  *****

// * Export *
  C:\git\Dekaf-perf-improvements-20260907\pr-3082\dry\results\Dekaf.Benchmarks.Benchmarks.Unit.DistinctBinaryKeyDispatchBenchmarks-report.csv
  C:\git\Dekaf-perf-improvements-20260907\pr-3082\dry\results\Dekaf.Benchmarks.Benchmarks.Unit.DistinctBinaryKeyDispatchBenchmarks-report-github.md
  C:\git\Dekaf-perf-improvements-20260907\pr-3082\dry\results\Dekaf.Benchmarks.Benchmarks.Unit.DistinctBinaryKeyDispatchBenchmarks-report.html
  C:\git\Dekaf-perf-improvements-20260907\pr-3082\dry\results\Dekaf.Benchmarks.Benchmarks.Unit.DistinctBinaryKeyDispatchBenchmarks-report-full.json

// * Detailed results *
DistinctBinaryKeyDispatchBenchmarks.ByteArray: A_Baseline(Arguments=/p:ProductDirectory=C:/git/Dekaf-perf-improvements-20260907/pr-3082/baseline,/p:UseSharedCompilation=false, IterationCount=1, LaunchCount=1, RunStrategy=ColdStart, UnrollFactor=1, WarmupCount=1) [KeySize=8]
Runtime = .NET 10.0.11 (10.0.11, 10.0.1126.37416), X64 RyuJIT x86-64-v3; GC = Concurrent Workstation
Mean = 237.572 us, StdErr = 0.000 us (0.00%), N = 1, StdDev = 0.000 us
Min = 237.572 us, Q1 = 237.572 us, Median = 237.572 us, Q3 = 237.572 us, Max = 237.572 us
IQR = 0.000 us, LowerFence = 237.572 us, UpperFence = 237.572 us
ConfidenceInterval = [NaN us; NaN us] (CI 99.9%), Margin = NaN us (NaN% of Mean)
Skewness = NaN, Kurtosis = NaN, MValue = 2
-------------------- Histogram --------------------
[237.571 us ; 237.572 us) | @
---------------------------------------------------

DistinctBinaryKeyDispatchBenchmarks.RawMemory: A_Baseline(Arguments=/p:ProductDirectory=C:/git/Dekaf-perf-improvements-20260907/pr-3082/baseline,/p:UseSharedCompilation=false, IterationCount=1, LaunchCount=1, RunStrategy=ColdStart, UnrollFactor=1, WarmupCount=1) [KeySize=8]
Runtime = .NET 10.0.11 (10.0.11, 10.0.1126.37416), X64 RyuJIT x86-64-v3; GC = Concurrent Workstation
Mean = 226.664 us, StdErr = 0.000 us (0.00%), N = 1, StdDev = 0.000 us
Min = 226.664 us, Q1 = 226.664 us, Median = 226.664 us, Q3 = 226.664 us, Max = 226.664 us
IQR = 0.000 us, LowerFence = 226.664 us, UpperFence = 226.664 us
ConfidenceInterval = [NaN us; NaN us] (CI 99.9%), Margin = NaN us (NaN% of Mean)
Skewness = NaN, Kurtosis = NaN, MValue = 2
-------------------- Histogram --------------------
[226.664 us ; 226.665 us) | @
---------------------------------------------------

DistinctBinaryKeyDispatchBenchmarks.ByteArray: B_Published(Arguments=/p:ProductDirectory=C:/git/Dekaf-perf-improvements-20260907/pr-3082/published,/p:UseSharedCompilation=false, IterationCount=1, LaunchCount=1, RunStrategy=ColdStart, UnrollFactor=1, WarmupCount=1) [KeySize=8]
Runtime = .NET 10.0.11 (10.0.11, 10.0.1126.37416), X64 RyuJIT x86-64-v3; GC = Concurrent Workstation
Mean = 236.642 us, StdErr = 0.000 us (0.00%), N = 1, StdDev = 0.000 us
Min = 236.642 us, Q1 = 236.642 us, Median = 236.642 us, Q3 = 236.642 us, Max = 236.642 us
IQR = 0.000 us, LowerFence = 236.642 us, UpperFence = 236.642 us
ConfidenceInterval = [NaN us; NaN us] (CI 99.9%), Margin = NaN us (NaN% of Mean)
Skewness = NaN, Kurtosis = NaN, MValue = 2
-------------------- Histogram --------------------
[236.642 us ; 236.643 us) | @
---------------------------------------------------

DistinctBinaryKeyDispatchBenchmarks.RawMemory: B_Published(Arguments=/p:ProductDirectory=C:/git/Dekaf-perf-improvements-20260907/pr-3082/published,/p:UseSharedCompilation=false, IterationCount=1, LaunchCount=1, RunStrategy=ColdStart, UnrollFactor=1, WarmupCount=1) [KeySize=8]
Runtime = .NET 10.0.11 (10.0.11, 10.0.1126.37416), X64 RyuJIT x86-64-v3; GC = Concurrent Workstation
Mean = 232.996 us, StdErr = 0.000 us (0.00%), N = 1, StdDev = 0.000 us
Min = 232.996 us, Q1 = 232.996 us, Median = 232.996 us, Q3 = 232.996 us, Max = 232.996 us
IQR = 0.000 us, LowerFence = 232.996 us, UpperFence = 232.996 us
ConfidenceInterval = [NaN us; NaN us] (CI 99.9%), Margin = NaN us (NaN% of Mean)
Skewness = NaN, Kurtosis = NaN, MValue = 2
-------------------- Histogram --------------------
[232.996 us ; 232.997 us) | @
---------------------------------------------------

DistinctBinaryKeyDispatchBenchmarks.ByteArray: C_Candidate(Arguments=/p:ProductDirectory=C:/git/Dekaf-perf-improvements-20260907/pr-3082/candidate,/p:UseSharedCompilation=false, IterationCount=1, LaunchCount=1, RunStrategy=ColdStart, UnrollFactor=1, WarmupCount=1) [KeySize=8]
Runtime = .NET 10.0.11 (10.0.11, 10.0.1126.37416), X64 RyuJIT x86-64-v3; GC = Concurrent Workstation
Mean = 234.980 us, StdErr = 0.000 us (0.00%), N = 1, StdDev = 0.000 us
Min = 234.980 us, Q1 = 234.980 us, Median = 234.980 us, Q3 = 234.980 us, Max = 234.980 us
IQR = 0.000 us, LowerFence = 234.980 us, UpperFence = 234.980 us
ConfidenceInterval = [NaN us; NaN us] (CI 99.9%), Margin = NaN us (NaN% of Mean)
Skewness = NaN, Kurtosis = NaN, MValue = 2
-------------------- Histogram --------------------
[234.980 us ; 234.981 us) | @
---------------------------------------------------

DistinctBinaryKeyDispatchBenchmarks.RawMemory: C_Candidate(Arguments=/p:ProductDirectory=C:/git/Dekaf-perf-improvements-20260907/pr-3082/candidate,/p:UseSharedCompilation=false, IterationCount=1, LaunchCount=1, RunStrategy=ColdStart, UnrollFactor=1, WarmupCount=1) [KeySize=8]
Runtime = .NET 10.0.11 (10.0.11, 10.0.1126.37416), X64 RyuJIT x86-64-v3; GC = Concurrent Workstation
Mean = 229.120 us, StdErr = 0.000 us (0.00%), N = 1, StdDev = 0.000 us
Min = 229.120 us, Q1 = 229.120 us, Median = 229.120 us, Q3 = 229.120 us, Max = 229.120 us
IQR = 0.000 us, LowerFence = 229.120 us, UpperFence = 229.120 us
ConfidenceInterval = [NaN us; NaN us] (CI 99.9%), Margin = NaN us (NaN% of Mean)
Skewness = NaN, Kurtosis = NaN, MValue = 2
-------------------- Histogram --------------------
[229.120 us ; 229.121 us) | @
---------------------------------------------------

DistinctBinaryKeyDispatchBenchmarks.ByteArray: D_PublishedControl(Arguments=/p:ProductDirectory=C:/git/Dekaf-perf-improvements-20260907/pr-3082/published,/p:UseSharedCompilation=false, IterationCount=1, LaunchCount=1, RunStrategy=ColdStart, UnrollFactor=1, WarmupCount=1) [KeySize=8]
Runtime = .NET 10.0.11 (10.0.11, 10.0.1126.37416), X64 RyuJIT x86-64-v3; GC = Concurrent Workstation
Mean = 245.387 us, StdErr = 0.000 us (0.00%), N = 1, StdDev = 0.000 us
Min = 245.387 us, Q1 = 245.387 us, Median = 245.387 us, Q3 = 245.387 us, Max = 245.387 us
IQR = 0.000 us, LowerFence = 245.387 us, UpperFence = 245.387 us
ConfidenceInterval = [NaN us; NaN us] (CI 99.9%), Margin = NaN us (NaN% of Mean)
Skewness = NaN, Kurtosis = NaN, MValue = 2
-------------------- Histogram --------------------
[245.386 us ; 245.387 us) | @
---------------------------------------------------

DistinctBinaryKeyDispatchBenchmarks.RawMemory: D_PublishedControl(Arguments=/p:ProductDirectory=C:/git/Dekaf-perf-improvements-20260907/pr-3082/published,/p:UseSharedCompilation=false, IterationCount=1, LaunchCount=1, RunStrategy=ColdStart, UnrollFactor=1, WarmupCount=1) [KeySize=8]
Runtime = .NET 10.0.11 (10.0.11, 10.0.1126.37416), X64 RyuJIT x86-64-v3; GC = Concurrent Workstation
Mean = 220.209 us, StdErr = 0.000 us (0.00%), N = 1, StdDev = 0.000 us
Min = 220.209 us, Q1 = 220.209 us, Median = 220.209 us, Q3 = 220.209 us, Max = 220.209 us
IQR = 0.000 us, LowerFence = 220.209 us, UpperFence = 220.209 us
ConfidenceInterval = [NaN us; NaN us] (CI 99.9%), Margin = NaN us (NaN% of Mean)
Skewness = NaN, Kurtosis = NaN, MValue = 2
-------------------- Histogram --------------------
[220.208 us ; 220.209 us) | @
---------------------------------------------------

DistinctBinaryKeyDispatchBenchmarks.ByteArray: E_BaselineControl(Arguments=/p:ProductDirectory=C:/git/Dekaf-perf-improvements-20260907/pr-3082/baseline,/p:UseSharedCompilation=false, IterationCount=1, LaunchCount=1, RunStrategy=ColdStart, UnrollFactor=1, WarmupCount=1) [KeySize=8]
Runtime = .NET 10.0.11 (10.0.11, 10.0.1126.37416), X64 RyuJIT x86-64-v3; GC = Concurrent Workstation
Mean = 224.001 us, StdErr = 0.000 us (0.00%), N = 1, StdDev = 0.000 us
Min = 224.001 us, Q1 = 224.001 us, Median = 224.001 us, Q3 = 224.001 us, Max = 224.001 us
IQR = 0.000 us, LowerFence = 224.001 us, UpperFence = 224.001 us
ConfidenceInterval = [NaN us; NaN us] (CI 99.9%), Margin = NaN us (NaN% of Mean)
Skewness = NaN, Kurtosis = NaN, MValue = 2
-------------------- Histogram --------------------
[224.000 us ; 224.001 us) | @
---------------------------------------------------

DistinctBinaryKeyDispatchBenchmarks.RawMemory: E_BaselineControl(Arguments=/p:ProductDirectory=C:/git/Dekaf-perf-improvements-20260907/pr-3082/baseline,/p:UseSharedCompilation=false, IterationCount=1, LaunchCount=1, RunStrategy=ColdStart, UnrollFactor=1, WarmupCount=1) [KeySize=8]
Runtime = .NET 10.0.11 (10.0.11, 10.0.1126.37416), X64 RyuJIT x86-64-v3; GC = Concurrent Workstation
Mean = 231.667 us, StdErr = 0.000 us (0.00%), N = 1, StdDev = 0.000 us
Min = 231.667 us, Q1 = 231.667 us, Median = 231.667 us, Q3 = 231.667 us, Max = 231.667 us
IQR = 0.000 us, LowerFence = 231.667 us, UpperFence = 231.667 us
ConfidenceInterval = [NaN us; NaN us] (CI 99.9%), Margin = NaN us (NaN% of Mean)
Skewness = NaN, Kurtosis = NaN, MValue = 2
-------------------- Histogram --------------------
[231.667 us ; 231.668 us) | @
---------------------------------------------------

DistinctBinaryKeyDispatchBenchmarks.ByteArray: A_Baseline(Arguments=/p:ProductDirectory=C:/git/Dekaf-perf-improvements-20260907/pr-3082/baseline,/p:UseSharedCompilation=false, IterationCount=1, LaunchCount=1, RunStrategy=ColdStart, UnrollFactor=1, WarmupCount=1) [KeySize=1024]
Runtime = .NET 10.0.11 (10.0.11, 10.0.1126.37416), X64 RyuJIT x86-64-v3; GC = Concurrent Workstation
Mean = 230.705 us, StdErr = 0.000 us (0.00%), N = 1, StdDev = 0.000 us
Min = 230.705 us, Q1 = 230.705 us, Median = 230.705 us, Q3 = 230.705 us, Max = 230.705 us
IQR = 0.000 us, LowerFence = 230.705 us, UpperFence = 230.705 us
ConfidenceInterval = [NaN us; NaN us] (CI 99.9%), Margin = NaN us (NaN% of Mean)
Skewness = NaN, Kurtosis = NaN, MValue = 2
-------------------- Histogram --------------------
[230.704 us ; 230.705 us) | @
---------------------------------------------------

DistinctBinaryKeyDispatchBenchmarks.RawMemory: A_Baseline(Arguments=/p:ProductDirectory=C:/git/Dekaf-perf-improvements-20260907/pr-3082/baseline,/p:UseSharedCompilation=false, IterationCount=1, LaunchCount=1, RunStrategy=ColdStart, UnrollFactor=1, WarmupCount=1) [KeySize=1024]
Runtime = .NET 10.0.11 (10.0.11, 10.0.1126.37416), X64 RyuJIT x86-64-v3; GC = Concurrent Workstation
Mean = 234.353 us, StdErr = 0.000 us (0.00%), N = 1, StdDev = 0.000 us
Min = 234.353 us, Q1 = 234.353 us, Median = 234.353 us, Q3 = 234.353 us, Max = 234.353 us
IQR = 0.000 us, LowerFence = 234.353 us, UpperFence = 234.353 us
ConfidenceInterval = [NaN us; NaN us] (CI 99.9%), Margin = NaN us (NaN% of Mean)
Skewness = NaN, Kurtosis = NaN, MValue = 2
-------------------- Histogram --------------------
[234.353 us ; 234.354 us) | @
---------------------------------------------------

DistinctBinaryKeyDispatchBenchmarks.ByteArray: B_Published(Arguments=/p:ProductDirectory=C:/git/Dekaf-perf-improvements-20260907/pr-3082/published,/p:UseSharedCompilation=false, IterationCount=1, LaunchCount=1, RunStrategy=ColdStart, UnrollFactor=1, WarmupCount=1) [KeySize=1024]
Runtime = .NET 10.0.11 (10.0.11, 10.0.1126.37416), X64 RyuJIT x86-64-v3; GC = Concurrent Workstation
Mean = 273.726 us, StdErr = 0.000 us (0.00%), N = 1, StdDev = 0.000 us
Min = 273.726 us, Q1 = 273.726 us, Median = 273.726 us, Q3 = 273.726 us, Max = 273.726 us
IQR = 0.000 us, LowerFence = 273.726 us, UpperFence = 273.726 us
ConfidenceInterval = [NaN us; NaN us] (CI 99.9%), Margin = NaN us (NaN% of Mean)
Skewness = NaN, Kurtosis = NaN, MValue = 2
-------------------- Histogram --------------------
[273.725 us ; 273.726 us) | @
---------------------------------------------------

DistinctBinaryKeyDispatchBenchmarks.RawMemory: B_Published(Arguments=/p:ProductDirectory=C:/git/Dekaf-perf-improvements-20260907/pr-3082/published,/p:UseSharedCompilation=false, IterationCount=1, LaunchCount=1, RunStrategy=ColdStart, UnrollFactor=1, WarmupCount=1) [KeySize=1024]
Runtime = .NET 10.0.11 (10.0.11, 10.0.1126.37416), X64 RyuJIT x86-64-v3; GC = Concurrent Workstation
Mean = 267.491 us, StdErr = 0.000 us (0.00%), N = 1, StdDev = 0.000 us
Min = 267.491 us, Q1 = 267.491 us, Median = 267.491 us, Q3 = 267.491 us, Max = 267.491 us
IQR = 0.000 us, LowerFence = 267.491 us, UpperFence = 267.491 us
ConfidenceInterval = [NaN us; NaN us] (CI 99.9%), Margin = NaN us (NaN% of Mean)
Skewness = NaN, Kurtosis = NaN, MValue = 2
-------------------- Histogram --------------------
[267.491 us ; 267.492 us) | @
---------------------------------------------------

DistinctBinaryKeyDispatchBenchmarks.ByteArray: C_Candidate(Arguments=/p:ProductDirectory=C:/git/Dekaf-perf-improvements-20260907/pr-3082/candidate,/p:UseSharedCompilation=false, IterationCount=1, LaunchCount=1, RunStrategy=ColdStart, UnrollFactor=1, WarmupCount=1) [KeySize=1024]
Runtime = .NET 10.0.11 (10.0.11, 10.0.1126.37416), X64 RyuJIT x86-64-v3; GC = Concurrent Workstation
Mean = 300.712 us, StdErr = 0.000 us (0.00%), N = 1, StdDev = 0.000 us
Min = 300.712 us, Q1 = 300.712 us, Median = 300.712 us, Q3 = 300.712 us, Max = 300.712 us
IQR = 0.000 us, LowerFence = 300.712 us, UpperFence = 300.712 us
ConfidenceInterval = [NaN us; NaN us] (CI 99.9%), Margin = NaN us (NaN% of Mean)
Skewness = NaN, Kurtosis = NaN, MValue = 2
-------------------- Histogram --------------------
[300.712 us ; 300.713 us) | @
---------------------------------------------------

DistinctBinaryKeyDispatchBenchmarks.RawMemory: C_Candidate(Arguments=/p:ProductDirectory=C:/git/Dekaf-perf-improvements-20260907/pr-3082/candidate,/p:UseSharedCompilation=false, IterationCount=1, LaunchCount=1, RunStrategy=ColdStart, UnrollFactor=1, WarmupCount=1) [KeySize=1024]
Runtime = .NET 10.0.11 (10.0.11, 10.0.1126.37416), X64 RyuJIT x86-64-v3; GC = Concurrent Workstation
Mean = 247.685 us, StdErr = 0.000 us (0.00%), N = 1, StdDev = 0.000 us
Min = 247.685 us, Q1 = 247.685 us, Median = 247.685 us, Q3 = 247.685 us, Max = 247.685 us
IQR = 0.000 us, LowerFence = 247.685 us, UpperFence = 247.685 us
ConfidenceInterval = [NaN us; NaN us] (CI 99.9%), Margin = NaN us (NaN% of Mean)
Skewness = NaN, Kurtosis = NaN, MValue = 2
-------------------- Histogram --------------------
[247.685 us ; 247.686 us) | @
---------------------------------------------------

DistinctBinaryKeyDispatchBenchmarks.ByteArray: D_PublishedControl(Arguments=/p:ProductDirectory=C:/git/Dekaf-perf-improvements-20260907/pr-3082/published,/p:UseSharedCompilation=false, IterationCount=1, LaunchCount=1, RunStrategy=ColdStart, UnrollFactor=1, WarmupCount=1) [KeySize=1024]
Runtime = .NET 10.0.11 (10.0.11, 10.0.1126.37416), X64 RyuJIT x86-64-v3; GC = Concurrent Workstation
Mean = 270.180 us, StdErr = 0.000 us (0.00%), N = 1, StdDev = 0.000 us
Min = 270.180 us, Q1 = 270.180 us, Median = 270.180 us, Q3 = 270.180 us, Max = 270.180 us
IQR = 0.000 us, LowerFence = 270.180 us, UpperFence = 270.180 us
ConfidenceInterval = [NaN us; NaN us] (CI 99.9%), Margin = NaN us (NaN% of Mean)
Skewness = NaN, Kurtosis = NaN, MValue = 2
-------------------- Histogram --------------------
[270.180 us ; 270.181 us) | @
---------------------------------------------------

DistinctBinaryKeyDispatchBenchmarks.RawMemory: D_PublishedControl(Arguments=/p:ProductDirectory=C:/git/Dekaf-perf-improvements-20260907/pr-3082/published,/p:UseSharedCompilation=false, IterationCount=1, LaunchCount=1, RunStrategy=ColdStart, UnrollFactor=1, WarmupCount=1) [KeySize=1024]
Runtime = .NET 10.0.11 (10.0.11, 10.0.1126.37416), X64 RyuJIT x86-64-v3; GC = Concurrent Workstation
Mean = 263.657 us, StdErr = 0.000 us (0.00%), N = 1, StdDev = 0.000 us
Min = 263.657 us, Q1 = 263.657 us, Median = 263.657 us, Q3 = 263.657 us, Max = 263.657 us
IQR = 0.000 us, LowerFence = 263.657 us, UpperFence = 263.657 us
ConfidenceInterval = [NaN us; NaN us] (CI 99.9%), Margin = NaN us (NaN% of Mean)
Skewness = NaN, Kurtosis = NaN, MValue = 2
-------------------- Histogram --------------------
[263.657 us ; 263.658 us) | @
---------------------------------------------------

DistinctBinaryKeyDispatchBenchmarks.ByteArray: E_BaselineControl(Arguments=/p:ProductDirectory=C:/git/Dekaf-perf-improvements-20260907/pr-3082/baseline,/p:UseSharedCompilation=false, IterationCount=1, LaunchCount=1, RunStrategy=ColdStart, UnrollFactor=1, WarmupCount=1) [KeySize=1024]
Runtime = .NET 10.0.11 (10.0.11, 10.0.1126.37416), X64 RyuJIT x86-64-v3; GC = Concurrent Workstation
Mean = 228.862 us, StdErr = 0.000 us (0.00%), N = 1, StdDev = 0.000 us
Min = 228.862 us, Q1 = 228.862 us, Median = 228.862 us, Q3 = 228.862 us, Max = 228.862 us
IQR = 0.000 us, LowerFence = 228.862 us, UpperFence = 228.862 us
ConfidenceInterval = [NaN us; NaN us] (CI 99.9%), Margin = NaN us (NaN% of Mean)
Skewness = NaN, Kurtosis = NaN, MValue = 2
-------------------- Histogram --------------------
[228.861 us ; 228.862 us) | @
---------------------------------------------------

DistinctBinaryKeyDispatchBenchmarks.RawMemory: E_BaselineControl(Arguments=/p:ProductDirectory=C:/git/Dekaf-perf-improvements-20260907/pr-3082/baseline,/p:UseSharedCompilation=false, IterationCount=1, LaunchCount=1, RunStrategy=ColdStart, UnrollFactor=1, WarmupCount=1) [KeySize=1024]
Runtime = .NET 10.0.11 (10.0.11, 10.0.1126.37416), X64 RyuJIT x86-64-v3; GC = Concurrent Workstation
Mean = 223.385 us, StdErr = 0.000 us (0.00%), N = 1, StdDev = 0.000 us
Min = 223.385 us, Q1 = 223.385 us, Median = 223.385 us, Q3 = 223.385 us, Max = 223.385 us
IQR = 0.000 us, LowerFence = 223.385 us, UpperFence = 223.385 us
ConfidenceInterval = [NaN us; NaN us] (CI 99.9%), Margin = NaN us (NaN% of Mean)
Skewness = NaN, Kurtosis = NaN, MValue = 2
-------------------- Histogram --------------------
[223.385 us ; 223.386 us) | @
---------------------------------------------------

DistinctBinaryKeyDispatchBenchmarks.ByteArray: A_Baseline(Arguments=/p:ProductDirectory=C:/git/Dekaf-perf-improvements-20260907/pr-3082/baseline,/p:UseSharedCompilation=false, IterationCount=1, LaunchCount=1, RunStrategy=ColdStart, UnrollFactor=1, WarmupCount=1) [KeySize=65536]
Runtime = .NET 10.0.11 (10.0.11, 10.0.1126.37416), X64 RyuJIT x86-64-v3; GC = Concurrent Workstation
Mean = 229.875 us, StdErr = 0.000 us (0.00%), N = 1, StdDev = 0.000 us
Min = 229.875 us, Q1 = 229.875 us, Median = 229.875 us, Q3 = 229.875 us, Max = 229.875 us
IQR = 0.000 us, LowerFence = 229.875 us, UpperFence = 229.875 us
ConfidenceInterval = [NaN us; NaN us] (CI 99.9%), Margin = NaN us (NaN% of Mean)
Skewness = NaN, Kurtosis = NaN, MValue = 2
-------------------- Histogram --------------------
[229.875 us ; 229.875 us) | @
---------------------------------------------------

DistinctBinaryKeyDispatchBenchmarks.RawMemory: A_Baseline(Arguments=/p:ProductDirectory=C:/git/Dekaf-perf-improvements-20260907/pr-3082/baseline,/p:UseSharedCompilation=false, IterationCount=1, LaunchCount=1, RunStrategy=ColdStart, UnrollFactor=1, WarmupCount=1) [KeySize=65536]
Runtime = .NET 10.0.11 (10.0.11, 10.0.1126.37416), X64 RyuJIT x86-64-v3; GC = Concurrent Workstation
Mean = 231.894 us, StdErr = 0.000 us (0.00%), N = 1, StdDev = 0.000 us
Min = 231.894 us, Q1 = 231.894 us, Median = 231.894 us, Q3 = 231.894 us, Max = 231.894 us
IQR = 0.000 us, LowerFence = 231.894 us, UpperFence = 231.894 us
ConfidenceInterval = [NaN us; NaN us] (CI 99.9%), Margin = NaN us (NaN% of Mean)
Skewness = NaN, Kurtosis = NaN, MValue = 2
-------------------- Histogram --------------------
[231.893 us ; 231.894 us) | @
---------------------------------------------------

DistinctBinaryKeyDispatchBenchmarks.ByteArray: B_Published(Arguments=/p:ProductDirectory=C:/git/Dekaf-perf-improvements-20260907/pr-3082/published,/p:UseSharedCompilation=false, IterationCount=1, LaunchCount=1, RunStrategy=ColdStart, UnrollFactor=1, WarmupCount=1) [KeySize=65536]
Runtime = .NET 10.0.11 (10.0.11, 10.0.1126.37416), X64 RyuJIT x86-64-v3; GC = Concurrent Workstation
Mean = 1.052 ms, StdErr = 0.000 ms (0.00%), N = 1, StdDev = 0.000 ms
Min = 1.052 ms, Q1 = 1.052 ms, Median = 1.052 ms, Q3 = 1.052 ms, Max = 1.052 ms
IQR = 0.000 ms, LowerFence = 1.052 ms, UpperFence = 1.052 ms
ConfidenceInterval = [NaN ms; NaN ms] (CI 99.9%), Margin = NaN ms (NaN% of Mean)
Skewness = NaN, Kurtosis = NaN, MValue = 2
-------------------- Histogram --------------------
[1.052 ms ; 1.052 ms) | @
---------------------------------------------------

DistinctBinaryKeyDispatchBenchmarks.RawMemory: B_Published(Arguments=/p:ProductDirectory=C:/git/Dekaf-perf-improvements-20260907/pr-3082/published,/p:UseSharedCompilation=false, IterationCount=1, LaunchCount=1, RunStrategy=ColdStart, UnrollFactor=1, WarmupCount=1) [KeySize=65536]
Runtime = .NET 10.0.11 (10.0.11, 10.0.1126.37416), X64 RyuJIT x86-64-v3; GC = Concurrent Workstation
Mean = 1.044 ms, StdErr = 0.000 ms (0.00%), N = 1, StdDev = 0.000 ms
Min = 1.044 ms, Q1 = 1.044 ms, Median = 1.044 ms, Q3 = 1.044 ms, Max = 1.044 ms
IQR = 0.000 ms, LowerFence = 1.044 ms, UpperFence = 1.044 ms
ConfidenceInterval = [NaN ms; NaN ms] (CI 99.9%), Margin = NaN ms (NaN% of Mean)
Skewness = NaN, Kurtosis = NaN, MValue = 2
-------------------- Histogram --------------------
[1.044 ms ; 1.044 ms) | @
---------------------------------------------------

DistinctBinaryKeyDispatchBenchmarks.ByteArray: C_Candidate(Arguments=/p:ProductDirectory=C:/git/Dekaf-perf-improvements-20260907/pr-3082/candidate,/p:UseSharedCompilation=false, IterationCount=1, LaunchCount=1, RunStrategy=ColdStart, UnrollFactor=1, WarmupCount=1) [KeySize=65536]
Runtime = .NET 10.0.11 (10.0.11, 10.0.1126.37416), X64 RyuJIT x86-64-v3; GC = Concurrent Workstation
Mean = 851.316 us, StdErr = 0.000 us (0.00%), N = 1, StdDev = 0.000 us
Min = 851.316 us, Q1 = 851.316 us, Median = 851.316 us, Q3 = 851.316 us, Max = 851.316 us
IQR = 0.000 us, LowerFence = 851.316 us, UpperFence = 851.316 us
ConfidenceInterval = [NaN us; NaN us] (CI 99.9%), Margin = NaN us (NaN% of Mean)
Skewness = NaN, Kurtosis = NaN, MValue = 2
-------------------- Histogram --------------------
[851.316 us ; 851.317 us) | @
---------------------------------------------------

DistinctBinaryKeyDispatchBenchmarks.RawMemory: C_Candidate(Arguments=/p:ProductDirectory=C:/git/Dekaf-perf-improvements-20260907/pr-3082/candidate,/p:UseSharedCompilation=false, IterationCount=1, LaunchCount=1, RunStrategy=ColdStart, UnrollFactor=1, WarmupCount=1) [KeySize=65536]
Runtime = .NET 10.0.11 (10.0.11, 10.0.1126.37416), X64 RyuJIT x86-64-v3; GC = Concurrent Workstation
Mean = 845.480 us, StdErr = 0.000 us (0.00%), N = 1, StdDev = 0.000 us
Min = 845.480 us, Q1 = 845.480 us, Median = 845.480 us, Q3 = 845.480 us, Max = 845.480 us
IQR = 0.000 us, LowerFence = 845.480 us, UpperFence = 845.480 us
ConfidenceInterval = [NaN us; NaN us] (CI 99.9%), Margin = NaN us (NaN% of Mean)
Skewness = NaN, Kurtosis = NaN, MValue = 2
-------------------- Histogram --------------------
[845.480 us ; 845.481 us) | @
---------------------------------------------------

DistinctBinaryKeyDispatchBenchmarks.ByteArray: D_PublishedControl(Arguments=/p:ProductDirectory=C:/git/Dekaf-perf-improvements-20260907/pr-3082/published,/p:UseSharedCompilation=false, IterationCount=1, LaunchCount=1, RunStrategy=ColdStart, UnrollFactor=1, WarmupCount=1) [KeySize=65536]
Runtime = .NET 10.0.11 (10.0.11, 10.0.1126.37416), X64 RyuJIT x86-64-v3; GC = Concurrent Workstation
Mean = 1.051 ms, StdErr = 0.000 ms (0.00%), N = 1, StdDev = 0.000 ms
Min = 1.051 ms, Q1 = 1.051 ms, Median = 1.051 ms, Q3 = 1.051 ms, Max = 1.051 ms
IQR = 0.000 ms, LowerFence = 1.051 ms, UpperFence = 1.051 ms
ConfidenceInterval = [NaN ms; NaN ms] (CI 99.9%), Margin = NaN ms (NaN% of Mean)
Skewness = NaN, Kurtosis = NaN, MValue = 2
-------------------- Histogram --------------------
[1.051 ms ; 1.051 ms) | @
---------------------------------------------------

DistinctBinaryKeyDispatchBenchmarks.RawMemory: D_PublishedControl(Arguments=/p:ProductDirectory=C:/git/Dekaf-perf-improvements-20260907/pr-3082/published,/p:UseSharedCompilation=false, IterationCount=1, LaunchCount=1, RunStrategy=ColdStart, UnrollFactor=1, WarmupCount=1) [KeySize=65536]
Runtime = .NET 10.0.11 (10.0.11, 10.0.1126.37416), X64 RyuJIT x86-64-v3; GC = Concurrent Workstation
Mean = 1.066 ms, StdErr = 0.000 ms (0.00%), N = 1, StdDev = 0.000 ms
Min = 1.066 ms, Q1 = 1.066 ms, Median = 1.066 ms, Q3 = 1.066 ms, Max = 1.066 ms
IQR = 0.000 ms, LowerFence = 1.066 ms, UpperFence = 1.066 ms
ConfidenceInterval = [NaN ms; NaN ms] (CI 99.9%), Margin = NaN ms (NaN% of Mean)
Skewness = NaN, Kurtosis = NaN, MValue = 2
-------------------- Histogram --------------------
[1.066 ms ; 1.066 ms) | @
---------------------------------------------------

DistinctBinaryKeyDispatchBenchmarks.ByteArray: E_BaselineControl(Arguments=/p:ProductDirectory=C:/git/Dekaf-perf-improvements-20260907/pr-3082/baseline,/p:UseSharedCompilation=false, IterationCount=1, LaunchCount=1, RunStrategy=ColdStart, UnrollFactor=1, WarmupCount=1) [KeySize=65536]
Runtime = .NET 10.0.11 (10.0.11, 10.0.1126.37416), X64 RyuJIT x86-64-v3; GC = Concurrent Workstation
Mean = 225.912 us, StdErr = 0.000 us (0.00%), N = 1, StdDev = 0.000 us
Min = 225.912 us, Q1 = 225.912 us, Median = 225.912 us, Q3 = 225.912 us, Max = 225.912 us
IQR = 0.000 us, LowerFence = 225.912 us, UpperFence = 225.912 us
ConfidenceInterval = [NaN us; NaN us] (CI 99.9%), Margin = NaN us (NaN% of Mean)
Skewness = NaN, Kurtosis = NaN, MValue = 2
-------------------- Histogram --------------------
[225.912 us ; 225.913 us) | @
---------------------------------------------------

DistinctBinaryKeyDispatchBenchmarks.RawMemory: E_BaselineControl(Arguments=/p:ProductDirectory=C:/git/Dekaf-perf-improvements-20260907/pr-3082/baseline,/p:UseSharedCompilation=false, IterationCount=1, LaunchCount=1, RunStrategy=ColdStart, UnrollFactor=1, WarmupCount=1) [KeySize=65536]
Runtime = .NET 10.0.11 (10.0.11, 10.0.1126.37416), X64 RyuJIT x86-64-v3; GC = Concurrent Workstation
Mean = 223.816 us, StdErr = 0.000 us (0.00%), N = 1, StdDev = 0.000 us
Min = 223.816 us, Q1 = 223.816 us, Median = 223.816 us, Q3 = 223.816 us, Max = 223.816 us
IQR = 0.000 us, LowerFence = 223.816 us, UpperFence = 223.816 us
ConfidenceInterval = [NaN us; NaN us] (CI 99.9%), Margin = NaN us (NaN% of Mean)
Skewness = NaN, Kurtosis = NaN, MValue = 2
-------------------- Histogram --------------------
[223.815 us ; 223.816 us) | @
---------------------------------------------------

// * Summary *

BenchmarkDotNet v0.15.8, Windows 11 (10.0.26200.9168/25H2/2025Update/HudsonValley2)
12th Gen Intel Core i7-12700K 3.60GHz, 1 CPU, 20 logical and 12 physical cores
.NET SDK 10.0.400
  [Host]             : .NET 10.0.11 (10.0.11, 10.0.1126.37416), X64 RyuJIT x86-64-v3
  A_Baseline         : .NET 10.0.11 (10.0.11, 10.0.1126.37416), X64 RyuJIT x86-64-v3
  B_Published        : .NET 10.0.11 (10.0.11, 10.0.1126.37416), X64 RyuJIT x86-64-v3
  C_Candidate        : .NET 10.0.11 (10.0.11, 10.0.1126.37416), X64 RyuJIT x86-64-v3
  D_PublishedControl : .NET 10.0.11 (10.0.11, 10.0.1126.37416), X64 RyuJIT x86-64-v3
  E_BaselineControl  : .NET 10.0.11 (10.0.11, 10.0.1126.37416), X64 RyuJIT x86-64-v3

IterationCount=1  LaunchCount=1  RunStrategy=ColdStart  
UnrollFactor=1  WarmupCount=1  

| Method    | Job                | Arguments                                                                                                   | KeySize | Mean       | Error | Allocated |
|---------- |------------------- |------------------------------------------------------------------------------------------------------------ |-------- |-----------:|------:|----------:|
| ByteArray | A_Baseline         | /p:ProductDirectory=C:/git/Dekaf-perf-improvements-20260907/pr-3082/baseline,/p:UseSharedCompilation=false  | 8       |   237.6 us |    NA |   2.21 KB |
| RawMemory | A_Baseline         | /p:ProductDirectory=C:/git/Dekaf-perf-improvements-20260907/pr-3082/baseline,/p:UseSharedCompilation=false  | 8       |   226.7 us |    NA |    2.3 KB |
| ByteArray | B_Published        | /p:ProductDirectory=C:/git/Dekaf-perf-improvements-20260907/pr-3082/published,/p:UseSharedCompilation=false | 8       |   236.6 us |    NA |   2.22 KB |
| RawMemory | B_Published        | /p:ProductDirectory=C:/git/Dekaf-perf-improvements-20260907/pr-3082/published,/p:UseSharedCompilation=false | 8       |   233.0 us |    NA |   2.31 KB |
| ByteArray | C_Candidate        | /p:ProductDirectory=C:/git/Dekaf-perf-improvements-20260907/pr-3082/candidate,/p:UseSharedCompilation=false | 8       |   235.0 us |    NA |   2.26 KB |
| RawMemory | C_Candidate        | /p:ProductDirectory=C:/git/Dekaf-perf-improvements-20260907/pr-3082/candidate,/p:UseSharedCompilation=false | 8       |   229.1 us |    NA |   2.31 KB |
| ByteArray | D_PublishedControl | /p:ProductDirectory=C:/git/Dekaf-perf-improvements-20260907/pr-3082/published,/p:UseSharedCompilation=false | 8       |   245.4 us |    NA |   2.21 KB |
| RawMemory | D_PublishedControl | /p:ProductDirectory=C:/git/Dekaf-perf-improvements-20260907/pr-3082/published,/p:UseSharedCompilation=false | 8       |   220.2 us |    NA |   2.31 KB |
| ByteArray | E_BaselineControl  | /p:ProductDirectory=C:/git/Dekaf-perf-improvements-20260907/pr-3082/baseline,/p:UseSharedCompilation=false  | 8       |   224.0 us |    NA |   2.21 KB |
| RawMemory | E_BaselineControl  | /p:ProductDirectory=C:/git/Dekaf-perf-improvements-20260907/pr-3082/baseline,/p:UseSharedCompilation=false  | 8       |   231.7 us |    NA |    2.3 KB |
| ByteArray | A_Baseline         | /p:ProductDirectory=C:/git/Dekaf-perf-improvements-20260907/pr-3082/baseline,/p:UseSharedCompilation=false  | 1024    |   230.7 us |    NA |   2.21 KB |
| RawMemory | A_Baseline         | /p:ProductDirectory=C:/git/Dekaf-perf-improvements-20260907/pr-3082/baseline,/p:UseSharedCompilation=false  | 1024    |   234.4 us |    NA |    2.3 KB |
| ByteArray | B_Published        | /p:ProductDirectory=C:/git/Dekaf-perf-improvements-20260907/pr-3082/published,/p:UseSharedCompilation=false | 1024    |   273.7 us |    NA |   2.21 KB |
| RawMemory | B_Published        | /p:ProductDirectory=C:/git/Dekaf-perf-improvements-20260907/pr-3082/published,/p:UseSharedCompilation=false | 1024    |   267.5 us |    NA |   2.31 KB |
| ByteArray | C_Candidate        | /p:ProductDirectory=C:/git/Dekaf-perf-improvements-20260907/pr-3082/candidate,/p:UseSharedCompilation=false | 1024    |   300.7 us |    NA |   2.21 KB |
| RawMemory | C_Candidate        | /p:ProductDirectory=C:/git/Dekaf-perf-improvements-20260907/pr-3082/candidate,/p:UseSharedCompilation=false | 1024    |   247.7 us |    NA |   2.31 KB |
| ByteArray | D_PublishedControl | /p:ProductDirectory=C:/git/Dekaf-perf-improvements-20260907/pr-3082/published,/p:UseSharedCompilation=false | 1024    |   270.2 us |    NA |   2.21 KB |
| RawMemory | D_PublishedControl | /p:ProductDirectory=C:/git/Dekaf-perf-improvements-20260907/pr-3082/published,/p:UseSharedCompilation=false | 1024    |   263.7 us |    NA |   2.33 KB |
| ByteArray | E_BaselineControl  | /p:ProductDirectory=C:/git/Dekaf-perf-improvements-20260907/pr-3082/baseline,/p:UseSharedCompilation=false  | 1024    |   228.9 us |    NA |   2.21 KB |
| RawMemory | E_BaselineControl  | /p:ProductDirectory=C:/git/Dekaf-perf-improvements-20260907/pr-3082/baseline,/p:UseSharedCompilation=false  | 1024    |   223.4 us |    NA |    2.3 KB |
| ByteArray | A_Baseline         | /p:ProductDirectory=C:/git/Dekaf-perf-improvements-20260907/pr-3082/baseline,/p:UseSharedCompilation=false  | 65536   |   229.9 us |    NA |   2.21 KB |
| RawMemory | A_Baseline         | /p:ProductDirectory=C:/git/Dekaf-perf-improvements-20260907/pr-3082/baseline,/p:UseSharedCompilation=false  | 65536   |   231.9 us |    NA |    2.3 KB |
| ByteArray | B_Published        | /p:ProductDirectory=C:/git/Dekaf-perf-improvements-20260907/pr-3082/published,/p:UseSharedCompilation=false | 65536   | 1,051.5 us |    NA |   2.22 KB |
| RawMemory | B_Published        | /p:ProductDirectory=C:/git/Dekaf-perf-improvements-20260907/pr-3082/published,/p:UseSharedCompilation=false | 65536   | 1,043.5 us |    NA |   2.32 KB |
| ByteArray | C_Candidate        | /p:ProductDirectory=C:/git/Dekaf-perf-improvements-20260907/pr-3082/candidate,/p:UseSharedCompilation=false | 65536   |   851.3 us |    NA |   2.22 KB |
| RawMemory | C_Candidate        | /p:ProductDirectory=C:/git/Dekaf-perf-improvements-20260907/pr-3082/candidate,/p:UseSharedCompilation=false | 65536   |   845.5 us |    NA |   2.32 KB |
| ByteArray | D_PublishedControl | /p:ProductDirectory=C:/git/Dekaf-perf-improvements-20260907/pr-3082/published,/p:UseSharedCompilation=false | 65536   | 1,051.0 us |    NA |   2.22 KB |
| RawMemory | D_PublishedControl | /p:ProductDirectory=C:/git/Dekaf-perf-improvements-20260907/pr-3082/published,/p:UseSharedCompilation=false | 65536   | 1,065.6 us |    NA |   2.32 KB |
| ByteArray | E_BaselineControl  | /p:ProductDirectory=C:/git/Dekaf-perf-improvements-20260907/pr-3082/baseline,/p:UseSharedCompilation=false  | 65536   |   225.9 us |    NA |   2.21 KB |
| RawMemory | E_BaselineControl  | /p:ProductDirectory=C:/git/Dekaf-perf-improvements-20260907/pr-3082/baseline,/p:UseSharedCompilation=false  | 65536   |   223.8 us |    NA |    2.3 KB |

// * Warnings *
MinIterationTime
  DistinctBinaryKeyDispatchBenchmarks.ByteArray: A_Baseline         -> The minimum observed iteration time is 30.409ms which is very small. It's recommended to increase it to at least 100ms using more operations.
  DistinctBinaryKeyDispatchBenchmarks.RawMemory: A_Baseline         -> The minimum observed iteration time is 29.013ms which is very small. It's recommended to increase it to at least 100ms using more operations.
  DistinctBinaryKeyDispatchBenchmarks.ByteArray: B_Published        -> The minimum observed iteration time is 30.29ms which is very small. It's recommended to increase it to at least 100ms using more operations.
  DistinctBinaryKeyDispatchBenchmarks.RawMemory: B_Published        -> The minimum observed iteration time is 29.824ms which is very small. It's recommended to increase it to at least 100ms using more operations.
  DistinctBinaryKeyDispatchBenchmarks.ByteArray: C_Candidate        -> The minimum observed iteration time is 30.078ms which is very small. It's recommended to increase it to at least 100ms using more operations.
  DistinctBinaryKeyDispatchBenchmarks.RawMemory: C_Candidate        -> The minimum observed iteration time is 29.327ms which is very small. It's recommended to increase it to at least 100ms using more operations.
  DistinctBinaryKeyDispatchBenchmarks.ByteArray: D_PublishedControl -> The minimum observed iteration time is 31.41ms which is very small. It's recommended to increase it to at least 100ms using more operations.
  DistinctBinaryKeyDispatchBenchmarks.RawMemory: D_PublishedControl -> The minimum observed iteration time is 28.187ms which is very small. It's recommended to increase it to at least 100ms using more operations.
  DistinctBinaryKeyDispatchBenchmarks.ByteArray: E_BaselineControl  -> The minimum observed iteration time is 28.672ms which is very small. It's recommended to increase it to at least 100ms using more operations.
  DistinctBinaryKeyDispatchBenchmarks.RawMemory: E_BaselineControl  -> The minimum observed iteration time is 29.653ms which is very small. It's recommended to increase it to at least 100ms using more operations.
  DistinctBinaryKeyDispatchBenchmarks.ByteArray: A_Baseline         -> The minimum observed iteration time is 29.53ms which is very small. It's recommended to increase it to at least 100ms using more operations.
  DistinctBinaryKeyDispatchBenchmarks.RawMemory: A_Baseline         -> The minimum observed iteration time is 29.997ms which is very small. It's recommended to increase it to at least 100ms using more operations.
  DistinctBinaryKeyDispatchBenchmarks.ByteArray: B_Published        -> The minimum observed iteration time is 35.037ms which is very small. It's recommended to increase it to at least 100ms using more operations.
  DistinctBinaryKeyDispatchBenchmarks.RawMemory: B_Published        -> The minimum observed iteration time is 34.239ms which is very small. It's recommended to increase it to at least 100ms using more operations.
  DistinctBinaryKeyDispatchBenchmarks.ByteArray: C_Candidate        -> The minimum observed iteration time is 38.491ms which is very small. It's recommended to increase it to at least 100ms using more operations.
  DistinctBinaryKeyDispatchBenchmarks.RawMemory: C_Candidate        -> The minimum observed iteration time is 31.704ms which is very small. It's recommended to increase it to at least 100ms using more operations.
  DistinctBinaryKeyDispatchBenchmarks.ByteArray: D_PublishedControl -> The minimum observed iteration time is 34.583ms which is very small. It's recommended to increase it to at least 100ms using more operations.
  DistinctBinaryKeyDispatchBenchmarks.RawMemory: D_PublishedControl -> The minimum observed iteration time is 33.748ms which is very small. It's recommended to increase it to at least 100ms using more operations.
  DistinctBinaryKeyDispatchBenchmarks.ByteArray: E_BaselineControl  -> The minimum observed iteration time is 29.294ms which is very small. It's recommended to increase it to at least 100ms using more operations.
  DistinctBinaryKeyDispatchBenchmarks.RawMemory: E_BaselineControl  -> The minimum observed iteration time is 28.593ms which is very small. It's recommended to increase it to at least 100ms using more operations.
  DistinctBinaryKeyDispatchBenchmarks.ByteArray: A_Baseline         -> The minimum observed iteration time is 29.424ms which is very small. It's recommended to increase it to at least 100ms using more operations.
  DistinctBinaryKeyDispatchBenchmarks.RawMemory: A_Baseline         -> The minimum observed iteration time is 29.682ms which is very small. It's recommended to increase it to at least 100ms using more operations.
  DistinctBinaryKeyDispatchBenchmarks.ByteArray: E_BaselineControl  -> The minimum observed iteration time is 28.917ms which is very small. It's recommended to increase it to at least 100ms using more operations.
  DistinctBinaryKeyDispatchBenchmarks.RawMemory: E_BaselineControl  -> The minimum observed iteration time is 28.648ms which is very small. It's recommended to increase it to at least 100ms using more operations.

// * Legends *
  KeySize   : Value of the 'KeySize' parameter
  Mean      : Arithmetic mean of all measurements
  Error     : Half of 99.9% confidence interval
  Allocated : Allocated memory per single operation (managed only, inclusive, 1KB = 1024B)
  1 us      : 1 Microsecond (0.000001 sec)

// * Diagnostic Output - MemoryDiagnoser *


// ***** BenchmarkRunner: End *****
Run time: 00:00:08 (8.84 sec), executed benchmarks: 30

Global total time: 00:00:19 (19.03 sec), executed benchmarks: 45
// * Artifacts cleanup *
Artifacts cleanup is finished
