// Validating benchmarks:
// ***** BenchmarkRunner: Start   *****
// ***** Found 45 benchmark(s) in total *****
// ***** Building 3 exe(s) in Parallel: Start   *****
// ***** Done, took 00:00:03 (3.31 sec)   *****
// Found 15 benchmarks:
//   BinaryKeyDispatchBenchmarks.ByteArray: A_Baseline(Arguments=/p:ProductDirectory=C:/git/Dekaf-perf-improvements-20260907/pr-3082/baseline,/p:UseSharedCompilation=false, IterationCount=15, IterationTime=200ms, WarmupCount=5)
//   BinaryKeyDispatchBenchmarks.RawMemory: A_Baseline(Arguments=/p:ProductDirectory=C:/git/Dekaf-perf-improvements-20260907/pr-3082/baseline,/p:UseSharedCompilation=false, IterationCount=15, IterationTime=200ms, WarmupCount=5)
//   BinaryKeyDispatchBenchmarks.StringControl: A_Baseline(Arguments=/p:ProductDirectory=C:/git/Dekaf-perf-improvements-20260907/pr-3082/baseline,/p:UseSharedCompilation=false, IterationCount=15, IterationTime=200ms, WarmupCount=5)
//   BinaryKeyDispatchBenchmarks.ByteArray: B_Published(Arguments=/p:ProductDirectory=C:/git/Dekaf-perf-improvements-20260907/pr-3082/published,/p:UseSharedCompilation=false, IterationCount=15, IterationTime=200ms, WarmupCount=5)
//   BinaryKeyDispatchBenchmarks.RawMemory: B_Published(Arguments=/p:ProductDirectory=C:/git/Dekaf-perf-improvements-20260907/pr-3082/published,/p:UseSharedCompilation=false, IterationCount=15, IterationTime=200ms, WarmupCount=5)
//   BinaryKeyDispatchBenchmarks.StringControl: B_Published(Arguments=/p:ProductDirectory=C:/git/Dekaf-perf-improvements-20260907/pr-3082/published,/p:UseSharedCompilation=false, IterationCount=15, IterationTime=200ms, WarmupCount=5)
//   BinaryKeyDispatchBenchmarks.ByteArray: C_Candidate(Arguments=/p:ProductDirectory=C:/git/Dekaf-perf-improvements-20260907/pr-3082/candidate,/p:UseSharedCompilation=false, IterationCount=15, IterationTime=200ms, WarmupCount=5)
//   BinaryKeyDispatchBenchmarks.RawMemory: C_Candidate(Arguments=/p:ProductDirectory=C:/git/Dekaf-perf-improvements-20260907/pr-3082/candidate,/p:UseSharedCompilation=false, IterationCount=15, IterationTime=200ms, WarmupCount=5)
//   BinaryKeyDispatchBenchmarks.StringControl: C_Candidate(Arguments=/p:ProductDirectory=C:/git/Dekaf-perf-improvements-20260907/pr-3082/candidate,/p:UseSharedCompilation=false, IterationCount=15, IterationTime=200ms, WarmupCount=5)
//   BinaryKeyDispatchBenchmarks.ByteArray: D_PublishedControl(Arguments=/p:ProductDirectory=C:/git/Dekaf-perf-improvements-20260907/pr-3082/published,/p:UseSharedCompilation=false, IterationCount=15, IterationTime=200ms, WarmupCount=5)
//   BinaryKeyDispatchBenchmarks.RawMemory: D_PublishedControl(Arguments=/p:ProductDirectory=C:/git/Dekaf-perf-improvements-20260907/pr-3082/published,/p:UseSharedCompilation=false, IterationCount=15, IterationTime=200ms, WarmupCount=5)
//   BinaryKeyDispatchBenchmarks.StringControl: D_PublishedControl(Arguments=/p:ProductDirectory=C:/git/Dekaf-perf-improvements-20260907/pr-3082/published,/p:UseSharedCompilation=false, IterationCount=15, IterationTime=200ms, WarmupCount=5)
//   BinaryKeyDispatchBenchmarks.ByteArray: E_BaselineControl(Arguments=/p:ProductDirectory=C:/git/Dekaf-perf-improvements-20260907/pr-3082/baseline,/p:UseSharedCompilation=false, IterationCount=15, IterationTime=200ms, WarmupCount=5)
//   BinaryKeyDispatchBenchmarks.RawMemory: E_BaselineControl(Arguments=/p:ProductDirectory=C:/git/Dekaf-perf-improvements-20260907/pr-3082/baseline,/p:UseSharedCompilation=false, IterationCount=15, IterationTime=200ms, WarmupCount=5)
//   BinaryKeyDispatchBenchmarks.StringControl: E_BaselineControl(Arguments=/p:ProductDirectory=C:/git/Dekaf-perf-improvements-20260907/pr-3082/baseline,/p:UseSharedCompilation=false, IterationCount=15, IterationTime=200ms, WarmupCount=5)

Setup power plan (GUID: 8c5e7fda-e8bf-4a96-9a85-a6e23a8c635c FriendlyName: High performance)
// **************************
// Benchmark: BinaryKeyDispatchBenchmarks.ByteArray: A_Baseline(Arguments=/p:ProductDirectory=C:/git/Dekaf-perf-improvements-20260907/pr-3082/baseline,/p:UseSharedCompilation=false, IterationCount=15, IterationTime=200ms, WarmupCount=5)
// *** Execute ***
// Launch: 1 / 1
// Execute: dotnet Dekaf.Benchmarks-A_Baseline-1.dll --anonymousPipes 1348 1504 --benchmarkName Dekaf.Benchmarks.Benchmarks.Unit.BinaryKeyDispatchBenchmarks.ByteArray --job A_Baseline --benchmarkId 0 in C:\git\Dekaf-perf-improvements-20260907\pr-3082\comparison\bin\Release\net10.0\Dekaf.Benchmarks-A_Baseline-1\bin\Release\net10.0
// BeforeAnythingElse

// Benchmark Process Environment Information:
// BenchmarkDotNet v0.15.8
// Runtime=.NET 10.0.11 (10.0.11, 10.0.1126.37416), X64 RyuJIT x86-64-v3
// GC=Concurrent Workstation
// HardwareIntrinsics=AVX2+BMI1+BMI2+F16C+FMA+LZCNT+MOVBE,AVX,SSE3+SSSE3+SSE4.1+SSE4.2+POPCNT,X86Base+SSE+SSE2,AES+PCLMUL,AvxVnni,SERIALIZE VectorSize=256
// Job: A_Baseline(IterationCount=15, IterationTime=200ms, WarmupCount=5)

OverheadJitting  1: 1024 op, 117700.00 ns, 114.9414 ns/op
WorkloadJitting  1: 1024 op, 33070000.00 ns, 32.2949 us/op

WorkloadPilot    1: 4096 op, 11725300.00 ns, 2.8626 us/op
WorkloadPilot    2: 69632 op, 194713000.00 ns, 2.7963 us/op
WorkloadPilot    3: 71680 op, 243077400.00 ns, 3.3911 us/op
WorkloadPilot    4: 59392 op, 185650200.00 ns, 3.1258 us/op
WorkloadPilot    5: 63488 op, 175556700.00 ns, 2.7652 us/op
WorkloadPilot    6: 72704 op, 160476700.00 ns, 2.2073 us/op
WorkloadPilot    7: 90112 op, 192135000.00 ns, 2.1322 us/op
WorkloadPilot    8: 94208 op, 183203700.00 ns, 1.9447 us/op
WorkloadPilot    9: 102400 op, 196099100.00 ns, 1.9150 us/op
WorkloadPilot   10: 104448 op, 153661100.00 ns, 1.4712 us/op
WorkloadPilot   11: 136192 op, 203128800.00 ns, 1.4915 us/op
WorkloadPilot   12: 134144 op, 198341200.00 ns, 1.4786 us/op

WorkloadWarmup   1: 134144 op, 202047400.00 ns, 1.5062 us/op
WorkloadWarmup   2: 134144 op, 202773500.00 ns, 1.5116 us/op
WorkloadWarmup   3: 134144 op, 192669200.00 ns, 1.4363 us/op
WorkloadWarmup   4: 134144 op, 192033900.00 ns, 1.4316 us/op
WorkloadWarmup   5: 134144 op, 188906200.00 ns, 1.4082 us/op

// BeforeActualRun
WorkloadActual   1: 134144 op, 200488500.00 ns, 1.4946 us/op
WorkloadActual   2: 134144 op, 204125900.00 ns, 1.5217 us/op
WorkloadActual   3: 134144 op, 195697500.00 ns, 1.4589 us/op
WorkloadActual   4: 134144 op, 189642700.00 ns, 1.4137 us/op
WorkloadActual   5: 134144 op, 198172900.00 ns, 1.4773 us/op
WorkloadActual   6: 134144 op, 193206000.00 ns, 1.4403 us/op
WorkloadActual   7: 134144 op, 191109400.00 ns, 1.4247 us/op
WorkloadActual   8: 134144 op, 192527800.00 ns, 1.4352 us/op
WorkloadActual   9: 134144 op, 188518000.00 ns, 1.4053 us/op
WorkloadActual  10: 134144 op, 194606900.00 ns, 1.4507 us/op
WorkloadActual  11: 134144 op, 194974200.00 ns, 1.4535 us/op
WorkloadActual  12: 134144 op, 222748200.00 ns, 1.6605 us/op
WorkloadActual  13: 134144 op, 214342600.00 ns, 1.5979 us/op
WorkloadActual  14: 134144 op, 191382800.00 ns, 1.4267 us/op
WorkloadActual  15: 134144 op, 197228900.00 ns, 1.4703 us/op

// AfterActualRun
WorkloadResult   1: 134144 op, 200488500.00 ns, 1.4946 us/op
WorkloadResult   2: 134144 op, 204125900.00 ns, 1.5217 us/op
WorkloadResult   3: 134144 op, 195697500.00 ns, 1.4589 us/op
WorkloadResult   4: 134144 op, 189642700.00 ns, 1.4137 us/op
WorkloadResult   5: 134144 op, 198172900.00 ns, 1.4773 us/op
WorkloadResult   6: 134144 op, 193206000.00 ns, 1.4403 us/op
WorkloadResult   7: 134144 op, 191109400.00 ns, 1.4247 us/op
WorkloadResult   8: 134144 op, 192527800.00 ns, 1.4352 us/op
WorkloadResult   9: 134144 op, 188518000.00 ns, 1.4053 us/op
WorkloadResult  10: 134144 op, 194606900.00 ns, 1.4507 us/op
WorkloadResult  11: 134144 op, 194974200.00 ns, 1.4535 us/op
WorkloadResult  12: 134144 op, 191382800.00 ns, 1.4267 us/op
WorkloadResult  13: 134144 op, 197228900.00 ns, 1.4703 us/op
// GC:  24 20 4 304794704 134144
// Threading:  134144 40 134144

// AfterAll
// Benchmark Process 40028 has exited with code 0.

Mean = 1.452 us, StdErr = 0.009 us (0.63%), N = 13, StdDev = 0.033 us
Min = 1.405 us, Q1 = 1.427 us, Median = 1.451 us, Q3 = 1.470 us, Max = 1.522 us
IQR = 0.044 us, LowerFence = 1.361 us, UpperFence = 1.536 us
ConfidenceInterval = [1.412 us; 1.491 us] (CI 99.9%), Margin = 0.040 us (2.73% of Mean)
Skewness = 0.52, Kurtosis = 2.28, MValue = 2

// ** Remained 44 (97.8%) benchmark(s) to run. Estimated finish 2026-09-07 16:56 (0h 4m from now) **
Setup power plan (GUID: 8c5e7fda-e8bf-4a96-9a85-a6e23a8c635c FriendlyName: High performance)
// **************************
// Benchmark: BinaryKeyDispatchBenchmarks.RawMemory: A_Baseline(Arguments=/p:ProductDirectory=C:/git/Dekaf-perf-improvements-20260907/pr-3082/baseline,/p:UseSharedCompilation=false, IterationCount=15, IterationTime=200ms, WarmupCount=5)
// *** Execute ***
// Launch: 1 / 1
// Execute: dotnet Dekaf.Benchmarks-A_Baseline-1.dll --anonymousPipes 1608 1524 --benchmarkName Dekaf.Benchmarks.Benchmarks.Unit.BinaryKeyDispatchBenchmarks.RawMemory --job A_Baseline --benchmarkId 1 in C:\git\Dekaf-perf-improvements-20260907\pr-3082\comparison\bin\Release\net10.0\Dekaf.Benchmarks-A_Baseline-1\bin\Release\net10.0
// BeforeAnythingElse

// Benchmark Process Environment Information:
// BenchmarkDotNet v0.15.8
// Runtime=.NET 10.0.11 (10.0.11, 10.0.1126.37416), X64 RyuJIT x86-64-v3
// GC=Concurrent Workstation
// HardwareIntrinsics=AVX2+BMI1+BMI2+F16C+FMA+LZCNT+MOVBE,AVX,SSE3+SSSE3+SSE4.1+SSE4.2+POPCNT,X86Base+SSE+SSE2,AES+PCLMUL,AvxVnni,SERIALIZE VectorSize=256
// Job: A_Baseline(IterationCount=15, IterationTime=200ms, WarmupCount=5)

OverheadJitting  1: 1024 op, 123500.00 ns, 120.6055 ns/op
WorkloadJitting  1: 1024 op, 32564900.00 ns, 31.8017 us/op

WorkloadPilot    1: 4096 op, 12815100.00 ns, 3.1287 us/op
WorkloadPilot    2: 63488 op, 175235600.00 ns, 2.7601 us/op
WorkloadPilot    3: 72704 op, 203026700.00 ns, 2.7925 us/op

WorkloadWarmup   1: 72704 op, 259815700.00 ns, 3.5736 us/op
WorkloadWarmup   2: 72704 op, 231388500.00 ns, 3.1826 us/op
WorkloadWarmup   3: 72704 op, 193160500.00 ns, 2.6568 us/op
WorkloadWarmup   4: 72704 op, 184481800.00 ns, 2.5374 us/op
WorkloadWarmup   5: 72704 op, 153868300.00 ns, 2.1164 us/op

// BeforeActualRun
WorkloadActual   1: 72704 op, 135458800.00 ns, 1.8632 us/op
WorkloadActual   2: 72704 op, 149850900.00 ns, 2.0611 us/op
WorkloadActual   3: 72704 op, 113989100.00 ns, 1.5679 us/op
WorkloadActual   4: 72704 op, 111616900.00 ns, 1.5352 us/op
WorkloadActual   5: 72704 op, 115611000.00 ns, 1.5902 us/op
WorkloadActual   6: 72704 op, 109988300.00 ns, 1.5128 us/op
WorkloadActual   7: 72704 op, 110104300.00 ns, 1.5144 us/op
WorkloadActual   8: 72704 op, 110657800.00 ns, 1.5220 us/op
WorkloadActual   9: 72704 op, 123148300.00 ns, 1.6938 us/op
WorkloadActual  10: 72704 op, 131169900.00 ns, 1.8042 us/op
WorkloadActual  11: 72704 op, 108380500.00 ns, 1.4907 us/op
WorkloadActual  12: 72704 op, 106078900.00 ns, 1.4591 us/op
WorkloadActual  13: 72704 op, 107960800.00 ns, 1.4849 us/op
WorkloadActual  14: 72704 op, 105677400.00 ns, 1.4535 us/op
WorkloadActual  15: 72704 op, 104079200.00 ns, 1.4315 us/op

// AfterActualRun
WorkloadResult   1: 72704 op, 135458800.00 ns, 1.8632 us/op
WorkloadResult   2: 72704 op, 113989100.00 ns, 1.5679 us/op
WorkloadResult   3: 72704 op, 111616900.00 ns, 1.5352 us/op
WorkloadResult   4: 72704 op, 115611000.00 ns, 1.5902 us/op
WorkloadResult   5: 72704 op, 109988300.00 ns, 1.5128 us/op
WorkloadResult   6: 72704 op, 110104300.00 ns, 1.5144 us/op
WorkloadResult   7: 72704 op, 110657800.00 ns, 1.5220 us/op
WorkloadResult   8: 72704 op, 123148300.00 ns, 1.6938 us/op
WorkloadResult   9: 72704 op, 131169900.00 ns, 1.8042 us/op
WorkloadResult  10: 72704 op, 108380500.00 ns, 1.4907 us/op
WorkloadResult  11: 72704 op, 106078900.00 ns, 1.4591 us/op
WorkloadResult  12: 72704 op, 107960800.00 ns, 1.4849 us/op
WorkloadResult  13: 72704 op, 105677400.00 ns, 1.4535 us/op
WorkloadResult  14: 72704 op, 104079200.00 ns, 1.4315 us/op
// GC:  13 10 2 172998744 72704
// Threading:  72704 19 72704

// AfterAll
// Benchmark Process 99720 has exited with code 0.

Mean = 1.566 us, StdErr = 0.035 us (2.24%), N = 14, StdDev = 0.131 us
Min = 1.432 us, Q1 = 1.486 us, Median = 1.518 us, Q3 = 1.585 us, Max = 1.863 us
IQR = 0.098 us, LowerFence = 1.339 us, UpperFence = 1.732 us
ConfidenceInterval = [1.418 us; 1.714 us] (CI 99.9%), Margin = 0.148 us (9.47% of Mean)
Skewness = 1.11, Kurtosis = 2.87, MValue = 2.29

// ** Remained 43 (95.6%) benchmark(s) to run. Estimated finish 2026-09-07 16:55 (0h 3m from now) **
Setup power plan (GUID: 8c5e7fda-e8bf-4a96-9a85-a6e23a8c635c FriendlyName: High performance)
// **************************
// Benchmark: BinaryKeyDispatchBenchmarks.StringControl: A_Baseline(Arguments=/p:ProductDirectory=C:/git/Dekaf-perf-improvements-20260907/pr-3082/baseline,/p:UseSharedCompilation=false, IterationCount=15, IterationTime=200ms, WarmupCount=5)
// *** Execute ***
// Launch: 1 / 1
// Execute: dotnet Dekaf.Benchmarks-A_Baseline-1.dll --anonymousPipes 1588 1224 --benchmarkName Dekaf.Benchmarks.Benchmarks.Unit.BinaryKeyDispatchBenchmarks.StringControl --job A_Baseline --benchmarkId 2 in C:\git\Dekaf-perf-improvements-20260907\pr-3082\comparison\bin\Release\net10.0\Dekaf.Benchmarks-A_Baseline-1\bin\Release\net10.0
// BeforeAnythingElse

// Benchmark Process Environment Information:
// BenchmarkDotNet v0.15.8
// Runtime=.NET 10.0.11 (10.0.11, 10.0.1126.37416), X64 RyuJIT x86-64-v3
// GC=Concurrent Workstation
// HardwareIntrinsics=AVX2+BMI1+BMI2+F16C+FMA+LZCNT+MOVBE,AVX,SSE3+SSSE3+SSE4.1+SSE4.2+POPCNT,X86Base+SSE+SSE2,AES+PCLMUL,AvxVnni,SERIALIZE VectorSize=256
// Job: A_Baseline(IterationCount=15, IterationTime=200ms, WarmupCount=5)

OverheadJitting  1: 1024 op, 115600.00 ns, 112.8906 ns/op
WorkloadJitting  1: 1024 op, 29080000.00 ns, 28.3984 us/op

WorkloadPilot    1: 4096 op, 5854200.00 ns, 1.4292 us/op
WorkloadPilot    2: 140288 op, 124678600.00 ns, 888.7332 ns/op
WorkloadPilot    3: 225280 op, 175935200.00 ns, 780.9624 ns/op
WorkloadPilot    4: 256000 op, 224913400.00 ns, 878.5680 ns/op
WorkloadPilot    5: 227328 op, 215806100.00 ns, 949.3160 ns/op
WorkloadPilot    6: 210944 op, 181818500.00 ns, 861.9278 ns/op
WorkloadPilot    7: 232448 op, 126334200.00 ns, 543.4945 ns/op
WorkloadPilot    8: 367616 op, 162292400.00 ns, 441.4726 ns/op
WorkloadPilot    9: 452608 op, 175153200.00 ns, 386.9865 ns/op
WorkloadPilot   10: 517120 op, 162104800.00 ns, 313.4762 ns/op
WorkloadPilot   11: 637952 op, 197797600.00 ns, 310.0509 ns/op
WorkloadPilot   12: 645120 op, 202207600.00 ns, 313.4418 ns/op

WorkloadWarmup   1: 645120 op, 199193200.00 ns, 308.7692 ns/op
WorkloadWarmup   2: 645120 op, 199406700.00 ns, 309.1002 ns/op
WorkloadWarmup   3: 645120 op, 195232100.00 ns, 302.6291 ns/op
WorkloadWarmup   4: 645120 op, 193006100.00 ns, 299.1786 ns/op
WorkloadWarmup   5: 645120 op, 193286000.00 ns, 299.6125 ns/op

// BeforeActualRun
WorkloadActual   1: 645120 op, 196975200.00 ns, 305.3311 ns/op
WorkloadActual   2: 645120 op, 207110700.00 ns, 321.0421 ns/op
WorkloadActual   3: 645120 op, 200922300.00 ns, 311.4495 ns/op
WorkloadActual   4: 645120 op, 200827500.00 ns, 311.3025 ns/op
WorkloadActual   5: 645120 op, 201309100.00 ns, 312.0491 ns/op
WorkloadActual   6: 645120 op, 199279900.00 ns, 308.9036 ns/op
WorkloadActual   7: 645120 op, 200567800.00 ns, 310.9000 ns/op
WorkloadActual   8: 645120 op, 197586100.00 ns, 306.2781 ns/op
WorkloadActual   9: 645120 op, 199492700.00 ns, 309.2335 ns/op
WorkloadActual  10: 645120 op, 202929400.00 ns, 314.5607 ns/op
WorkloadActual  11: 645120 op, 200144200.00 ns, 310.2434 ns/op
WorkloadActual  12: 645120 op, 243301500.00 ns, 377.1415 ns/op
WorkloadActual  13: 645120 op, 202348800.00 ns, 313.6607 ns/op
WorkloadActual  14: 645120 op, 204880700.00 ns, 317.5854 ns/op
WorkloadActual  15: 645120 op, 201541100.00 ns, 312.4087 ns/op

// AfterActualRun
WorkloadResult   1: 645120 op, 196975200.00 ns, 305.3311 ns/op
WorkloadResult   2: 645120 op, 200922300.00 ns, 311.4495 ns/op
WorkloadResult   3: 645120 op, 200827500.00 ns, 311.3025 ns/op
WorkloadResult   4: 645120 op, 201309100.00 ns, 312.0491 ns/op
WorkloadResult   5: 645120 op, 199279900.00 ns, 308.9036 ns/op
WorkloadResult   6: 645120 op, 200567800.00 ns, 310.9000 ns/op
WorkloadResult   7: 645120 op, 197586100.00 ns, 306.2781 ns/op
WorkloadResult   8: 645120 op, 199492700.00 ns, 309.2335 ns/op
WorkloadResult   9: 645120 op, 202929400.00 ns, 314.5607 ns/op
WorkloadResult  10: 645120 op, 200144200.00 ns, 310.2434 ns/op
WorkloadResult  11: 645120 op, 202348800.00 ns, 313.6607 ns/op
WorkloadResult  12: 645120 op, 204880700.00 ns, 317.5854 ns/op
WorkloadResult  13: 645120 op, 201541100.00 ns, 312.4087 ns/op
// GC:  39 39 39 359370528 645120
// Threading:  630 3 645120

// AfterAll
// Benchmark Process 109608 has exited with code 0.

Mean = 311.070 ns, StdErr = 0.909 ns (0.29%), N = 13, StdDev = 3.278 ns
Min = 305.331 ns, Q1 = 309.233 ns, Median = 311.303 ns, Q3 = 312.409 ns, Max = 317.585 ns
IQR = 3.175 ns, LowerFence = 304.471 ns, UpperFence = 317.172 ns
ConfidenceInterval = [307.144 ns; 314.996 ns] (CI 99.9%), Margin = 3.926 ns (1.26% of Mean)
Skewness = 0.05, Kurtosis = 2.43, MValue = 2

// ** Remained 42 (93.3%) benchmark(s) to run. Estimated finish 2026-09-07 16:55 (0h 3m from now) **
Setup power plan (GUID: 8c5e7fda-e8bf-4a96-9a85-a6e23a8c635c FriendlyName: High performance)
// **************************
// Benchmark: BinaryKeyDispatchBenchmarks.ByteArray: B_Published(Arguments=/p:ProductDirectory=C:/git/Dekaf-perf-improvements-20260907/pr-3082/published,/p:UseSharedCompilation=false, IterationCount=15, IterationTime=200ms, WarmupCount=5)
// *** Execute ***
// Launch: 1 / 1
// Execute: dotnet Dekaf.Benchmarks-B_Published-2.dll --anonymousPipes 1304 1280 --benchmarkName Dekaf.Benchmarks.Benchmarks.Unit.BinaryKeyDispatchBenchmarks.ByteArray --job B_Published --benchmarkId 0 in C:\git\Dekaf-perf-improvements-20260907\pr-3082\comparison\bin\Release\net10.0\Dekaf.Benchmarks-B_Published-2\bin\Release\net10.0
// BeforeAnythingElse

// Benchmark Process Environment Information:
// BenchmarkDotNet v0.15.8
// Runtime=.NET 10.0.11 (10.0.11, 10.0.1126.37416), X64 RyuJIT x86-64-v3
// GC=Concurrent Workstation
// HardwareIntrinsics=AVX2+BMI1+BMI2+F16C+FMA+LZCNT+MOVBE,AVX,SSE3+SSSE3+SSE4.1+SSE4.2+POPCNT,X86Base+SSE+SSE2,AES+PCLMUL,AvxVnni,SERIALIZE VectorSize=256
// Job: B_Published(IterationCount=15, IterationTime=200ms, WarmupCount=5)

OverheadJitting  1: 1024 op, 111800.00 ns, 109.1797 ns/op
WorkloadJitting  1: 1024 op, 29683600.00 ns, 28.9879 us/op

WorkloadPilot    1: 4096 op, 5255900.00 ns, 1.2832 us/op
WorkloadPilot    2: 155648 op, 120730400.00 ns, 775.6630 ns/op
WorkloadPilot    3: 258048 op, 169657700.00 ns, 657.4657 ns/op
WorkloadPilot    4: 304128 op, 257163900.00 ns, 845.5778 ns/op
WorkloadPilot    5: 236544 op, 105554000.00 ns, 446.2341 ns/op
WorkloadPilot    6: 448512 op, 231491500.00 ns, 516.1322 ns/op
WorkloadPilot    7: 387072 op, 137317900.00 ns, 354.7606 ns/op
WorkloadPilot    8: 564224 op, 190857400.00 ns, 338.2653 ns/op
WorkloadPilot    9: 590848 op, 176197300.00 ns, 298.2109 ns/op
WorkloadPilot   10: 670720 op, 204198300.00 ns, 304.4464 ns/op

WorkloadWarmup   1: 670720 op, 220796100.00 ns, 329.1927 ns/op
WorkloadWarmup   2: 670720 op, 212947600.00 ns, 317.4911 ns/op
WorkloadWarmup   3: 670720 op, 209559400.00 ns, 312.4395 ns/op
WorkloadWarmup   4: 670720 op, 251982000.00 ns, 375.6888 ns/op
WorkloadWarmup   5: 670720 op, 206514000.00 ns, 307.8990 ns/op

// BeforeActualRun
WorkloadActual   1: 670720 op, 208198900.00 ns, 310.4111 ns/op
WorkloadActual   2: 670720 op, 201496900.00 ns, 300.4188 ns/op
WorkloadActual   3: 670720 op, 196799600.00 ns, 293.4154 ns/op
WorkloadActual   4: 670720 op, 196626300.00 ns, 293.1571 ns/op
WorkloadActual   5: 670720 op, 203896800.00 ns, 303.9969 ns/op
WorkloadActual   6: 670720 op, 211318900.00 ns, 315.0628 ns/op
WorkloadActual   7: 670720 op, 203315900.00 ns, 303.1308 ns/op
WorkloadActual   8: 670720 op, 202320000.00 ns, 301.6460 ns/op
WorkloadActual   9: 670720 op, 201568200.00 ns, 300.5251 ns/op
WorkloadActual  10: 670720 op, 200535900.00 ns, 298.9860 ns/op
WorkloadActual  11: 670720 op, 198721000.00 ns, 296.2801 ns/op
WorkloadActual  12: 670720 op, 203802600.00 ns, 303.8565 ns/op
WorkloadActual  13: 670720 op, 198784000.00 ns, 296.3740 ns/op
WorkloadActual  14: 670720 op, 203810700.00 ns, 303.8685 ns/op
WorkloadActual  15: 670720 op, 201906600.00 ns, 301.0296 ns/op

// AfterActualRun
WorkloadResult   1: 670720 op, 208198900.00 ns, 310.4111 ns/op
WorkloadResult   2: 670720 op, 201496900.00 ns, 300.4188 ns/op
WorkloadResult   3: 670720 op, 196799600.00 ns, 293.4154 ns/op
WorkloadResult   4: 670720 op, 196626300.00 ns, 293.1571 ns/op
WorkloadResult   5: 670720 op, 203896800.00 ns, 303.9969 ns/op
WorkloadResult   6: 670720 op, 203315900.00 ns, 303.1308 ns/op
WorkloadResult   7: 670720 op, 202320000.00 ns, 301.6460 ns/op
WorkloadResult   8: 670720 op, 201568200.00 ns, 300.5251 ns/op
WorkloadResult   9: 670720 op, 200535900.00 ns, 298.9860 ns/op
WorkloadResult  10: 670720 op, 198721000.00 ns, 296.2801 ns/op
WorkloadResult  11: 670720 op, 203802600.00 ns, 303.8565 ns/op
WorkloadResult  12: 670720 op, 198784000.00 ns, 296.3740 ns/op
WorkloadResult  13: 670720 op, 203810700.00 ns, 303.8685 ns/op
WorkloadResult  14: 670720 op, 201906600.00 ns, 301.0296 ns/op
// GC:  40 40 40 373630952 670720
// Threading:  655 12 670720

// AfterAll
// Benchmark Process 5644 has exited with code 0.

Mean = 300.507 ns, StdErr = 1.247 ns (0.41%), N = 14, StdDev = 4.664 ns
Min = 293.157 ns, Q1 = 297.027 ns, Median = 300.777 ns, Q3 = 303.675 ns, Max = 310.411 ns
IQR = 6.648 ns, LowerFence = 287.055 ns, UpperFence = 313.647 ns
ConfidenceInterval = [295.245 ns; 305.768 ns] (CI 99.9%), Margin = 5.262 ns (1.75% of Mean)
Skewness = 0.15, Kurtosis = 2.44, MValue = 2

// ** Remained 41 (91.1%) benchmark(s) to run. Estimated finish 2026-09-07 16:55 (0h 3m from now) **
Setup power plan (GUID: 8c5e7fda-e8bf-4a96-9a85-a6e23a8c635c FriendlyName: High performance)
// **************************
// Benchmark: BinaryKeyDispatchBenchmarks.RawMemory: B_Published(Arguments=/p:ProductDirectory=C:/git/Dekaf-perf-improvements-20260907/pr-3082/published,/p:UseSharedCompilation=false, IterationCount=15, IterationTime=200ms, WarmupCount=5)
// *** Execute ***
// Launch: 1 / 1
// Execute: dotnet Dekaf.Benchmarks-B_Published-2.dll --anonymousPipes 1324 1572 --benchmarkName Dekaf.Benchmarks.Benchmarks.Unit.BinaryKeyDispatchBenchmarks.RawMemory --job B_Published --benchmarkId 1 in C:\git\Dekaf-perf-improvements-20260907\pr-3082\comparison\bin\Release\net10.0\Dekaf.Benchmarks-B_Published-2\bin\Release\net10.0
// BeforeAnythingElse

// Benchmark Process Environment Information:
// BenchmarkDotNet v0.15.8
// Runtime=.NET 10.0.11 (10.0.11, 10.0.1126.37416), X64 RyuJIT x86-64-v3
// GC=Concurrent Workstation
// HardwareIntrinsics=AVX2+BMI1+BMI2+F16C+FMA+LZCNT+MOVBE,AVX,SSE3+SSSE3+SSE4.1+SSE4.2+POPCNT,X86Base+SSE+SSE2,AES+PCLMUL,AvxVnni,SERIALIZE VectorSize=256
// Job: B_Published(IterationCount=15, IterationTime=200ms, WarmupCount=5)

OverheadJitting  1: 1024 op, 112000.00 ns, 109.3750 ns/op
WorkloadJitting  1: 1024 op, 28963800.00 ns, 28.2850 us/op

WorkloadPilot    1: 4096 op, 5509100.00 ns, 1.3450 us/op
WorkloadPilot    2: 148480 op, 118279300.00 ns, 796.6009 ns/op
WorkloadPilot    3: 250880 op, 184323100.00 ns, 734.7062 ns/op
WorkloadPilot    4: 272384 op, 241439200.00 ns, 886.3927 ns/op
WorkloadPilot    5: 225280 op, 159939500.00 ns, 709.9587 ns/op
WorkloadPilot    6: 281600 op, 121124400.00 ns, 430.1293 ns/op
WorkloadPilot    7: 464896 op, 154951100.00 ns, 333.3027 ns/op
WorkloadPilot    8: 600064 op, 192656200.00 ns, 321.0594 ns/op
WorkloadPilot    9: 622592 op, 198237300.00 ns, 318.4064 ns/op
WorkloadPilot   10: 627712 op, 204384900.00 ns, 325.6030 ns/op
WorkloadPilot   11: 614400 op, 200991500.00 ns, 327.1346 ns/op

WorkloadWarmup   1: 614400 op, 201513700.00 ns, 327.9845 ns/op
WorkloadWarmup   2: 614400 op, 193603000.00 ns, 315.1090 ns/op
WorkloadWarmup   3: 614400 op, 198100200.00 ns, 322.4287 ns/op
WorkloadWarmup   4: 614400 op, 243394000.00 ns, 396.1491 ns/op
WorkloadWarmup   5: 614400 op, 199310700.00 ns, 324.3989 ns/op

// BeforeActualRun
WorkloadActual   1: 614400 op, 203194100.00 ns, 330.7196 ns/op
WorkloadActual   2: 614400 op, 195919400.00 ns, 318.8792 ns/op
WorkloadActual   3: 614400 op, 195469700.00 ns, 318.1473 ns/op
WorkloadActual   4: 614400 op, 201643600.00 ns, 328.1960 ns/op
WorkloadActual   5: 614400 op, 197594500.00 ns, 321.6056 ns/op
WorkloadActual   6: 614400 op, 195543100.00 ns, 318.2668 ns/op
WorkloadActual   7: 614400 op, 232755100.00 ns, 378.8332 ns/op
WorkloadActual   8: 614400 op, 206108500.00 ns, 335.4631 ns/op
WorkloadActual   9: 614400 op, 206813200.00 ns, 336.6100 ns/op
WorkloadActual  10: 614400 op, 195809000.00 ns, 318.6995 ns/op
WorkloadActual  11: 614400 op, 192838400.00 ns, 313.8646 ns/op
WorkloadActual  12: 614400 op, 194585700.00 ns, 316.7085 ns/op
WorkloadActual  13: 614400 op, 202300800.00 ns, 329.2656 ns/op
WorkloadActual  14: 614400 op, 222225800.00 ns, 361.6956 ns/op
WorkloadActual  15: 614400 op, 213885000.00 ns, 348.1201 ns/op

// AfterActualRun
WorkloadResult   1: 614400 op, 203194100.00 ns, 330.7196 ns/op
WorkloadResult   2: 614400 op, 195919400.00 ns, 318.8792 ns/op
WorkloadResult   3: 614400 op, 195469700.00 ns, 318.1473 ns/op
WorkloadResult   4: 614400 op, 201643600.00 ns, 328.1960 ns/op
WorkloadResult   5: 614400 op, 197594500.00 ns, 321.6056 ns/op
WorkloadResult   6: 614400 op, 195543100.00 ns, 318.2668 ns/op
WorkloadResult   7: 614400 op, 206108500.00 ns, 335.4631 ns/op
WorkloadResult   8: 614400 op, 206813200.00 ns, 336.6100 ns/op
WorkloadResult   9: 614400 op, 195809000.00 ns, 318.6995 ns/op
WorkloadResult  10: 614400 op, 192838400.00 ns, 313.8646 ns/op
WorkloadResult  11: 614400 op, 194585700.00 ns, 316.7085 ns/op
WorkloadResult  12: 614400 op, 202300800.00 ns, 329.2656 ns/op
WorkloadResult  13: 614400 op, 222225800.00 ns, 361.6956 ns/op
WorkloadResult  14: 614400 op, 213885000.00 ns, 348.1201 ns/op
// GC:  39 39 39 366835152 614400
// Threading:  600 16 614400

// AfterAll
// Benchmark Process 105456 has exited with code 0.

Mean = 328.303 ns, StdErr = 3.637 ns (1.11%), N = 14, StdDev = 13.609 ns
Min = 313.865 ns, Q1 = 318.375 ns, Median = 324.901 ns, Q3 = 334.277 ns, Max = 361.696 ns
IQR = 15.902 ns, LowerFence = 294.522 ns, UpperFence = 358.131 ns
ConfidenceInterval = [312.952 ns; 343.654 ns] (CI 99.9%), Margin = 15.351 ns (4.68% of Mean)
Skewness = 1.06, Kurtosis = 3.14, MValue = 2

// ** Remained 40 (88.9%) benchmark(s) to run. Estimated finish 2026-09-07 16:55 (0h 3m from now) **
Setup power plan (GUID: 8c5e7fda-e8bf-4a96-9a85-a6e23a8c635c FriendlyName: High performance)
// **************************
// Benchmark: BinaryKeyDispatchBenchmarks.StringControl: B_Published(Arguments=/p:ProductDirectory=C:/git/Dekaf-perf-improvements-20260907/pr-3082/published,/p:UseSharedCompilation=false, IterationCount=15, IterationTime=200ms, WarmupCount=5)
// *** Execute ***
// Launch: 1 / 1
// Execute: dotnet Dekaf.Benchmarks-B_Published-2.dll --anonymousPipes 1212 1560 --benchmarkName Dekaf.Benchmarks.Benchmarks.Unit.BinaryKeyDispatchBenchmarks.StringControl --job B_Published --benchmarkId 2 in C:\git\Dekaf-perf-improvements-20260907\pr-3082\comparison\bin\Release\net10.0\Dekaf.Benchmarks-B_Published-2\bin\Release\net10.0
// BeforeAnythingElse

// Benchmark Process Environment Information:
// BenchmarkDotNet v0.15.8
// Runtime=.NET 10.0.11 (10.0.11, 10.0.1126.37416), X64 RyuJIT x86-64-v3
// GC=Concurrent Workstation
// HardwareIntrinsics=AVX2+BMI1+BMI2+F16C+FMA+LZCNT+MOVBE,AVX,SSE3+SSSE3+SSE4.1+SSE4.2+POPCNT,X86Base+SSE+SSE2,AES+PCLMUL,AvxVnni,SERIALIZE VectorSize=256
// Job: B_Published(IterationCount=15, IterationTime=200ms, WarmupCount=5)

OverheadJitting  1: 1024 op, 116500.00 ns, 113.7695 ns/op
WorkloadJitting  1: 1024 op, 31171000.00 ns, 30.4404 us/op

WorkloadPilot    1: 4096 op, 5969900.00 ns, 1.4575 us/op
WorkloadPilot    2: 137216 op, 125843300.00 ns, 917.1183 ns/op
WorkloadPilot    3: 218112 op, 162662100.00 ns, 745.7733 ns/op
WorkloadPilot    4: 268288 op, 227513800.00 ns, 848.0208 ns/op
WorkloadPilot    5: 235520 op, 222023000.00 ns, 942.6928 ns/op
WorkloadPilot    6: 211968 op, 140275300.00 ns, 661.7758 ns/op
WorkloadPilot    7: 302080 op, 106747600.00 ns, 353.3753 ns/op
WorkloadPilot    8: 566272 op, 205853000.00 ns, 363.5232 ns/op

WorkloadWarmup   1: 566272 op, 179701100.00 ns, 317.3406 ns/op
WorkloadWarmup   2: 566272 op, 173956800.00 ns, 307.1965 ns/op
WorkloadWarmup   3: 566272 op, 174500200.00 ns, 308.1562 ns/op
WorkloadWarmup   4: 566272 op, 170590000.00 ns, 301.2510 ns/op
WorkloadWarmup   5: 566272 op, 169368600.00 ns, 299.0941 ns/op

// BeforeActualRun
WorkloadActual   1: 566272 op, 178288100.00 ns, 314.8453 ns/op
WorkloadActual   2: 566272 op, 175963000.00 ns, 310.7394 ns/op
WorkloadActual   3: 566272 op, 173854000.00 ns, 307.0150 ns/op
WorkloadActual   4: 566272 op, 172407600.00 ns, 304.4608 ns/op
WorkloadActual   5: 566272 op, 178106300.00 ns, 314.5243 ns/op
WorkloadActual   6: 566272 op, 181239600.00 ns, 320.0575 ns/op
WorkloadActual   7: 566272 op, 178664500.00 ns, 315.5100 ns/op
WorkloadActual   8: 566272 op, 184400400.00 ns, 325.6393 ns/op
WorkloadActual   9: 566272 op, 176652200.00 ns, 311.9564 ns/op
WorkloadActual  10: 566272 op, 176111800.00 ns, 311.0021 ns/op
WorkloadActual  11: 566272 op, 177857000.00 ns, 314.0840 ns/op
WorkloadActual  12: 566272 op, 181689000.00 ns, 320.8511 ns/op
WorkloadActual  13: 566272 op, 176534900.00 ns, 311.7493 ns/op
WorkloadActual  14: 566272 op, 172933800.00 ns, 305.3900 ns/op
WorkloadActual  15: 566272 op, 177043300.00 ns, 312.6471 ns/op

// AfterActualRun
WorkloadResult   1: 566272 op, 178288100.00 ns, 314.8453 ns/op
WorkloadResult   2: 566272 op, 175963000.00 ns, 310.7394 ns/op
WorkloadResult   3: 566272 op, 173854000.00 ns, 307.0150 ns/op
WorkloadResult   4: 566272 op, 172407600.00 ns, 304.4608 ns/op
WorkloadResult   5: 566272 op, 178106300.00 ns, 314.5243 ns/op
WorkloadResult   6: 566272 op, 181239600.00 ns, 320.0575 ns/op
WorkloadResult   7: 566272 op, 178664500.00 ns, 315.5100 ns/op
WorkloadResult   8: 566272 op, 176652200.00 ns, 311.9564 ns/op
WorkloadResult   9: 566272 op, 176111800.00 ns, 311.0021 ns/op
WorkloadResult  10: 566272 op, 177857000.00 ns, 314.0840 ns/op
WorkloadResult  11: 566272 op, 181689000.00 ns, 320.8511 ns/op
WorkloadResult  12: 566272 op, 176534900.00 ns, 311.7493 ns/op
WorkloadResult  13: 566272 op, 172933800.00 ns, 305.3900 ns/op
WorkloadResult  14: 566272 op, 177043300.00 ns, 312.6471 ns/op
// GC:  34 34 34 315447416 566272
// Threading:  553 10 566272

// AfterAll
// Benchmark Process 104480 has exited with code 0.

Mean = 312.488 ns, StdErr = 1.283 ns (0.41%), N = 14, StdDev = 4.800 ns
Min = 304.461 ns, Q1 = 310.805 ns, Median = 312.302 ns, Q3 = 314.765 ns, Max = 320.851 ns
IQR = 3.960 ns, LowerFence = 304.865 ns, UpperFence = 320.705 ns
ConfidenceInterval = [307.073 ns; 317.903 ns] (CI 99.9%), Margin = 5.415 ns (1.73% of Mean)
Skewness = 0.02, Kurtosis = 2.14, MValue = 2

// ** Remained 39 (86.7%) benchmark(s) to run. Estimated finish 2026-09-07 16:55 (0h 3m from now) **
Setup power plan (GUID: 8c5e7fda-e8bf-4a96-9a85-a6e23a8c635c FriendlyName: High performance)
// **************************
// Benchmark: BinaryKeyDispatchBenchmarks.ByteArray: C_Candidate(Arguments=/p:ProductDirectory=C:/git/Dekaf-perf-improvements-20260907/pr-3082/candidate,/p:UseSharedCompilation=false, IterationCount=15, IterationTime=200ms, WarmupCount=5)
// *** Execute ***
// Launch: 1 / 1
// Execute: dotnet Dekaf.Benchmarks-C_Candidate-3.dll --anonymousPipes 1280 1236 --benchmarkName Dekaf.Benchmarks.Benchmarks.Unit.BinaryKeyDispatchBenchmarks.ByteArray --job C_Candidate --benchmarkId 0 in C:\git\Dekaf-perf-improvements-20260907\pr-3082\comparison\bin\Release\net10.0\Dekaf.Benchmarks-C_Candidate-3\bin\Release\net10.0
// BeforeAnythingElse

// Benchmark Process Environment Information:
// BenchmarkDotNet v0.15.8
// Runtime=.NET 10.0.11 (10.0.11, 10.0.1126.37416), X64 RyuJIT x86-64-v3
// GC=Concurrent Workstation
// HardwareIntrinsics=AVX2+BMI1+BMI2+F16C+FMA+LZCNT+MOVBE,AVX,SSE3+SSSE3+SSE4.1+SSE4.2+POPCNT,X86Base+SSE+SSE2,AES+PCLMUL,AvxVnni,SERIALIZE VectorSize=256
// Job: C_Candidate(IterationCount=15, IterationTime=200ms, WarmupCount=5)

OverheadJitting  1: 1024 op, 110300.00 ns, 107.7148 ns/op
WorkloadJitting  1: 1024 op, 30187900.00 ns, 29.4804 us/op

WorkloadPilot    1: 4096 op, 5303200.00 ns, 1.2947 us/op
WorkloadPilot    2: 154624 op, 122531500.00 ns, 792.4481 ns/op
WorkloadPilot    3: 251904 op, 188287700.00 ns, 747.4582 ns/op
WorkloadPilot    4: 267264 op, 236098600.00 ns, 883.3910 ns/op
WorkloadPilot    5: 226304 op, 158563100.00 ns, 700.6642 ns/op
WorkloadPilot    6: 285696 op, 162486000.00 ns, 568.7374 ns/op
WorkloadPilot    7: 351232 op, 143271200.00 ns, 407.9104 ns/op
WorkloadPilot    8: 490496 op, 152739900.00 ns, 311.3989 ns/op
WorkloadPilot    9: 642048 op, 195519700.00 ns, 304.5251 ns/op
WorkloadPilot   10: 656384 op, 204788100.00 ns, 311.9944 ns/op
WorkloadPilot   11: 641024 op, 202105300.00 ns, 315.2851 ns/op

WorkloadWarmup   1: 641024 op, 199913100.00 ns, 311.8652 ns/op
WorkloadWarmup   2: 641024 op, 190747000.00 ns, 297.5661 ns/op
WorkloadWarmup   3: 641024 op, 189091200.00 ns, 294.9830 ns/op
WorkloadWarmup   4: 641024 op, 219005700.00 ns, 341.6498 ns/op
WorkloadWarmup   5: 641024 op, 212056000.00 ns, 330.8082 ns/op

// BeforeActualRun
WorkloadActual   1: 641024 op, 202073200.00 ns, 315.2350 ns/op
WorkloadActual   2: 641024 op, 191962400.00 ns, 299.4621 ns/op
WorkloadActual   3: 641024 op, 190373300.00 ns, 296.9831 ns/op
WorkloadActual   4: 641024 op, 186219300.00 ns, 290.5029 ns/op
WorkloadActual   5: 641024 op, 188517800.00 ns, 294.0885 ns/op
WorkloadActual   6: 641024 op, 206336800.00 ns, 321.8862 ns/op
WorkloadActual   7: 641024 op, 197899200.00 ns, 308.7235 ns/op
WorkloadActual   8: 641024 op, 199507300.00 ns, 311.2322 ns/op
WorkloadActual   9: 641024 op, 234473700.00 ns, 365.7799 ns/op
WorkloadActual  10: 641024 op, 200293300.00 ns, 312.4583 ns/op
WorkloadActual  11: 641024 op, 195891200.00 ns, 305.5911 ns/op
WorkloadActual  12: 641024 op, 186386600.00 ns, 290.7638 ns/op
WorkloadActual  13: 641024 op, 193176700.00 ns, 301.3564 ns/op
WorkloadActual  14: 641024 op, 204876600.00 ns, 319.6083 ns/op
WorkloadActual  15: 641024 op, 216872700.00 ns, 338.3223 ns/op

// AfterActualRun
WorkloadResult   1: 641024 op, 202073200.00 ns, 315.2350 ns/op
WorkloadResult   2: 641024 op, 191962400.00 ns, 299.4621 ns/op
WorkloadResult   3: 641024 op, 190373300.00 ns, 296.9831 ns/op
WorkloadResult   4: 641024 op, 186219300.00 ns, 290.5029 ns/op
WorkloadResult   5: 641024 op, 188517800.00 ns, 294.0885 ns/op
WorkloadResult   6: 641024 op, 206336800.00 ns, 321.8862 ns/op
WorkloadResult   7: 641024 op, 197899200.00 ns, 308.7235 ns/op
WorkloadResult   8: 641024 op, 199507300.00 ns, 311.2322 ns/op
WorkloadResult   9: 641024 op, 200293300.00 ns, 312.4583 ns/op
WorkloadResult  10: 641024 op, 195891200.00 ns, 305.5911 ns/op
WorkloadResult  11: 641024 op, 186386600.00 ns, 290.7638 ns/op
WorkloadResult  12: 641024 op, 193176700.00 ns, 301.3564 ns/op
WorkloadResult  13: 641024 op, 204876600.00 ns, 319.6083 ns/op
WorkloadResult  14: 641024 op, 216872700.00 ns, 338.3223 ns/op
// GC:  39 39 39 357089408 641024
// Threading:  626 5 641024

// AfterAll
// Benchmark Process 111828 has exited with code 0.

Mean = 307.587 ns, StdErr = 3.608 ns (1.17%), N = 14, StdDev = 13.499 ns
Min = 290.503 ns, Q1 = 297.603 ns, Median = 307.157 ns, Q3 = 314.541 ns, Max = 338.322 ns
IQR = 16.938 ns, LowerFence = 272.196 ns, UpperFence = 339.948 ns
ConfidenceInterval = [292.359 ns; 322.814 ns] (CI 99.9%), Margin = 15.227 ns (4.95% of Mean)
Skewness = 0.58, Kurtosis = 2.53, MValue = 2.29

// ** Remained 38 (84.4%) benchmark(s) to run. Estimated finish 2026-09-07 16:55 (0h 3m from now) **
Setup power plan (GUID: 8c5e7fda-e8bf-4a96-9a85-a6e23a8c635c FriendlyName: High performance)
// **************************
// Benchmark: BinaryKeyDispatchBenchmarks.RawMemory: C_Candidate(Arguments=/p:ProductDirectory=C:/git/Dekaf-perf-improvements-20260907/pr-3082/candidate,/p:UseSharedCompilation=false, IterationCount=15, IterationTime=200ms, WarmupCount=5)
// *** Execute ***
// Launch: 1 / 1
// Execute: dotnet Dekaf.Benchmarks-C_Candidate-3.dll --anonymousPipes 1284 1308 --benchmarkName Dekaf.Benchmarks.Benchmarks.Unit.BinaryKeyDispatchBenchmarks.RawMemory --job C_Candidate --benchmarkId 1 in C:\git\Dekaf-perf-improvements-20260907\pr-3082\comparison\bin\Release\net10.0\Dekaf.Benchmarks-C_Candidate-3\bin\Release\net10.0
// BeforeAnythingElse

// Benchmark Process Environment Information:
// BenchmarkDotNet v0.15.8
// Runtime=.NET 10.0.11 (10.0.11, 10.0.1126.37416), X64 RyuJIT x86-64-v3
// GC=Concurrent Workstation
// HardwareIntrinsics=AVX2+BMI1+BMI2+F16C+FMA+LZCNT+MOVBE,AVX,SSE3+SSSE3+SSE4.1+SSE4.2+POPCNT,X86Base+SSE+SSE2,AES+PCLMUL,AvxVnni,SERIALIZE VectorSize=256
// Job: C_Candidate(IterationCount=15, IterationTime=200ms, WarmupCount=5)

OverheadJitting  1: 1024 op, 132400.00 ns, 129.2969 ns/op
WorkloadJitting  1: 1024 op, 28578700.00 ns, 27.9089 us/op

WorkloadPilot    1: 4096 op, 5663200.00 ns, 1.3826 us/op
WorkloadPilot    2: 144384 op, 117979000.00 ns, 817.1196 ns/op
WorkloadPilot    3: 244736 op, 162283000.00 ns, 663.0941 ns/op
WorkloadPilot    4: 302080 op, 208312900.00 ns, 689.5951 ns/op
WorkloadPilot    5: 289792 op, 243098800.00 ns, 838.8734 ns/op
WorkloadPilot    6: 238592 op, 148580100.00 ns, 622.7371 ns/op
WorkloadPilot    7: 321536 op, 107938800.00 ns, 335.6974 ns/op
WorkloadPilot    8: 595968 op, 186177700.00 ns, 312.3955 ns/op
WorkloadPilot    9: 640000 op, 210008500.00 ns, 328.1383 ns/op

WorkloadWarmup   1: 640000 op, 199434000.00 ns, 311.6156 ns/op
WorkloadWarmup   2: 640000 op, 196519000.00 ns, 307.0609 ns/op
WorkloadWarmup   3: 640000 op, 197508100.00 ns, 308.6064 ns/op
WorkloadWarmup   4: 640000 op, 195091700.00 ns, 304.8308 ns/op
WorkloadWarmup   5: 640000 op, 199966800.00 ns, 312.4481 ns/op

// BeforeActualRun
WorkloadActual   1: 640000 op, 200932800.00 ns, 313.9575 ns/op
WorkloadActual   2: 640000 op, 207543300.00 ns, 324.2864 ns/op
WorkloadActual   3: 640000 op, 197873500.00 ns, 309.1773 ns/op
WorkloadActual   4: 640000 op, 196490700.00 ns, 307.0167 ns/op
WorkloadActual   5: 640000 op, 198768900.00 ns, 310.5764 ns/op
WorkloadActual   6: 640000 op, 196211100.00 ns, 306.5798 ns/op
WorkloadActual   7: 640000 op, 197205200.00 ns, 308.1331 ns/op
WorkloadActual   8: 640000 op, 197437100.00 ns, 308.4955 ns/op
WorkloadActual   9: 640000 op, 198466800.00 ns, 310.1044 ns/op
WorkloadActual  10: 640000 op, 199731300.00 ns, 312.0802 ns/op
WorkloadActual  11: 640000 op, 248793700.00 ns, 388.7402 ns/op
WorkloadActual  12: 640000 op, 208621500.00 ns, 325.9711 ns/op
WorkloadActual  13: 640000 op, 200959800.00 ns, 313.9997 ns/op
WorkloadActual  14: 640000 op, 204094300.00 ns, 318.8973 ns/op
WorkloadActual  15: 640000 op, 199452500.00 ns, 311.6445 ns/op

// AfterActualRun
WorkloadResult   1: 640000 op, 200932800.00 ns, 313.9575 ns/op
WorkloadResult   2: 640000 op, 207543300.00 ns, 324.2864 ns/op
WorkloadResult   3: 640000 op, 197873500.00 ns, 309.1773 ns/op
WorkloadResult   4: 640000 op, 196490700.00 ns, 307.0167 ns/op
WorkloadResult   5: 640000 op, 198768900.00 ns, 310.5764 ns/op
WorkloadResult   6: 640000 op, 196211100.00 ns, 306.5798 ns/op
WorkloadResult   7: 640000 op, 197205200.00 ns, 308.1331 ns/op
WorkloadResult   8: 640000 op, 197437100.00 ns, 308.4955 ns/op
WorkloadResult   9: 640000 op, 198466800.00 ns, 310.1044 ns/op
WorkloadResult  10: 640000 op, 199731300.00 ns, 312.0802 ns/op
WorkloadResult  11: 640000 op, 208621500.00 ns, 325.9711 ns/op
WorkloadResult  12: 640000 op, 200959800.00 ns, 313.9997 ns/op
WorkloadResult  13: 640000 op, 204094300.00 ns, 318.8973 ns/op
WorkloadResult  14: 640000 op, 199452500.00 ns, 311.6445 ns/op
// GC:  41 41 41 382120520 640000
// Threading:  625 5 640000

// AfterAll
// Benchmark Process 96876 has exited with code 0.

Mean = 312.923 ns, StdErr = 1.632 ns (0.52%), N = 14, StdDev = 6.107 ns
Min = 306.580 ns, Q1 = 308.666 ns, Median = 311.110 ns, Q3 = 313.989 ns, Max = 325.971 ns
IQR = 5.323 ns, LowerFence = 300.681 ns, UpperFence = 321.974 ns
ConfidenceInterval = [306.034 ns; 319.812 ns] (CI 99.9%), Margin = 6.889 ns (2.20% of Mean)
Skewness = 0.99, Kurtosis = 2.62, MValue = 2

// ** Remained 37 (82.2%) benchmark(s) to run. Estimated finish 2026-09-07 16:55 (0h 3m from now) **
Setup power plan (GUID: 8c5e7fda-e8bf-4a96-9a85-a6e23a8c635c FriendlyName: High performance)
// **************************
// Benchmark: BinaryKeyDispatchBenchmarks.StringControl: C_Candidate(Arguments=/p:ProductDirectory=C:/git/Dekaf-perf-improvements-20260907/pr-3082/candidate,/p:UseSharedCompilation=false, IterationCount=15, IterationTime=200ms, WarmupCount=5)
// *** Execute ***
// Launch: 1 / 1
// Execute: dotnet Dekaf.Benchmarks-C_Candidate-3.dll --anonymousPipes 1240 1592 --benchmarkName Dekaf.Benchmarks.Benchmarks.Unit.BinaryKeyDispatchBenchmarks.StringControl --job C_Candidate --benchmarkId 2 in C:\git\Dekaf-perf-improvements-20260907\pr-3082\comparison\bin\Release\net10.0\Dekaf.Benchmarks-C_Candidate-3\bin\Release\net10.0
// BeforeAnythingElse

// Benchmark Process Environment Information:
// BenchmarkDotNet v0.15.8
// Runtime=.NET 10.0.11 (10.0.11, 10.0.1126.37416), X64 RyuJIT x86-64-v3
// GC=Concurrent Workstation
// HardwareIntrinsics=AVX2+BMI1+BMI2+F16C+FMA+LZCNT+MOVBE,AVX,SSE3+SSSE3+SSE4.1+SSE4.2+POPCNT,X86Base+SSE+SSE2,AES+PCLMUL,AvxVnni,SERIALIZE VectorSize=256
// Job: C_Candidate(IterationCount=15, IterationTime=200ms, WarmupCount=5)

OverheadJitting  1: 1024 op, 113700.00 ns, 111.0352 ns/op
WorkloadJitting  1: 1024 op, 28725400.00 ns, 28.0521 us/op

WorkloadPilot    1: 4096 op, 5467100.00 ns, 1.3347 us/op
WorkloadPilot    2: 149504 op, 123645700.00 ns, 827.0394 ns/op
WorkloadPilot    3: 241664 op, 174126200.00 ns, 720.5302 ns/op
WorkloadPilot    4: 277504 op, 272462400.00 ns, 981.8323 ns/op
WorkloadPilot    5: 203776 op, 191209500.00 ns, 938.3318 ns/op
WorkloadPilot    6: 212992 op, 126032200.00 ns, 591.7227 ns/op
WorkloadPilot    7: 337920 op, 110999300.00 ns, 328.4780 ns/op
WorkloadPilot    8: 609280 op, 195543900.00 ns, 320.9426 ns/op
WorkloadPilot    9: 623616 op, 191470200.00 ns, 307.0322 ns/op
WorkloadPilot   10: 651264 op, 205768300.00 ns, 315.9522 ns/op
WorkloadPilot   11: 632832 op, 214862300.00 ns, 339.5250 ns/op

WorkloadWarmup   1: 632832 op, 211815800.00 ns, 334.7110 ns/op
WorkloadWarmup   2: 632832 op, 200615500.00 ns, 317.0123 ns/op
WorkloadWarmup   3: 632832 op, 236170600.00 ns, 373.1964 ns/op
WorkloadWarmup   4: 632832 op, 200322800.00 ns, 316.5497 ns/op
WorkloadWarmup   5: 632832 op, 197258300.00 ns, 311.7072 ns/op

// BeforeActualRun
WorkloadActual   1: 632832 op, 195944000.00 ns, 309.6304 ns/op
WorkloadActual   2: 632832 op, 194388800.00 ns, 307.1728 ns/op
WorkloadActual   3: 632832 op, 190404700.00 ns, 300.8772 ns/op
WorkloadActual   4: 632832 op, 193820100.00 ns, 306.2742 ns/op
WorkloadActual   5: 632832 op, 199683800.00 ns, 315.5400 ns/op
WorkloadActual   6: 632832 op, 190823300.00 ns, 301.5386 ns/op
WorkloadActual   7: 632832 op, 199328600.00 ns, 314.9787 ns/op
WorkloadActual   8: 632832 op, 191236100.00 ns, 302.1909 ns/op
WorkloadActual   9: 632832 op, 189184900.00 ns, 298.9496 ns/op
WorkloadActual  10: 632832 op, 189664600.00 ns, 299.7077 ns/op
WorkloadActual  11: 632832 op, 188409300.00 ns, 297.7240 ns/op
WorkloadActual  12: 632832 op, 189016400.00 ns, 298.6834 ns/op
WorkloadActual  13: 632832 op, 200611200.00 ns, 317.0055 ns/op
WorkloadActual  14: 632832 op, 196722600.00 ns, 310.8607 ns/op
WorkloadActual  15: 632832 op, 194440900.00 ns, 307.2552 ns/op

// AfterActualRun
WorkloadResult   1: 632832 op, 195944000.00 ns, 309.6304 ns/op
WorkloadResult   2: 632832 op, 194388800.00 ns, 307.1728 ns/op
WorkloadResult   3: 632832 op, 190404700.00 ns, 300.8772 ns/op
WorkloadResult   4: 632832 op, 193820100.00 ns, 306.2742 ns/op
WorkloadResult   5: 632832 op, 199683800.00 ns, 315.5400 ns/op
WorkloadResult   6: 632832 op, 190823300.00 ns, 301.5386 ns/op
WorkloadResult   7: 632832 op, 199328600.00 ns, 314.9787 ns/op
WorkloadResult   8: 632832 op, 191236100.00 ns, 302.1909 ns/op
WorkloadResult   9: 632832 op, 189184900.00 ns, 298.9496 ns/op
WorkloadResult  10: 632832 op, 189664600.00 ns, 299.7077 ns/op
WorkloadResult  11: 632832 op, 188409300.00 ns, 297.7240 ns/op
WorkloadResult  12: 632832 op, 189016400.00 ns, 298.6834 ns/op
WorkloadResult  13: 632832 op, 200611200.00 ns, 317.0055 ns/op
WorkloadResult  14: 632832 op, 196722600.00 ns, 310.8607 ns/op
WorkloadResult  15: 632832 op, 194440900.00 ns, 307.2552 ns/op
// GC:  38 38 38 352526568 632832
// Threading:  618 17 632832

// AfterAll
// Benchmark Process 106616 has exited with code 0.

Mean = 305.893 ns, StdErr = 1.696 ns (0.55%), N = 15, StdDev = 6.570 ns
Min = 297.724 ns, Q1 = 300.292 ns, Median = 306.274 ns, Q3 = 310.246 ns, Max = 317.005 ns
IQR = 9.953 ns, LowerFence = 285.363 ns, UpperFence = 325.175 ns
ConfidenceInterval = [298.868 ns; 312.917 ns] (CI 99.9%), Margin = 7.024 ns (2.30% of Mean)
Skewness = 0.34, Kurtosis = 1.56, MValue = 2

// ** Remained 36 (80.0%) benchmark(s) to run. Estimated finish 2026-09-07 16:55 (0h 3m from now) **
Setup power plan (GUID: 8c5e7fda-e8bf-4a96-9a85-a6e23a8c635c FriendlyName: High performance)
// **************************
// Benchmark: BinaryKeyDispatchBenchmarks.ByteArray: D_PublishedControl(Arguments=/p:ProductDirectory=C:/git/Dekaf-perf-improvements-20260907/pr-3082/published,/p:UseSharedCompilation=false, IterationCount=15, IterationTime=200ms, WarmupCount=5)
// *** Execute ***
// Launch: 1 / 1
// Execute: dotnet Dekaf.Benchmarks-B_Published-2.dll --anonymousPipes 1544 1284 --benchmarkName Dekaf.Benchmarks.Benchmarks.Unit.BinaryKeyDispatchBenchmarks.ByteArray --job D_PublishedControl --benchmarkId 3 in C:\git\Dekaf-perf-improvements-20260907\pr-3082\comparison\bin\Release\net10.0\Dekaf.Benchmarks-B_Published-2\bin\Release\net10.0
// BeforeAnythingElse

// Benchmark Process Environment Information:
// BenchmarkDotNet v0.15.8
// Runtime=.NET 10.0.11 (10.0.11, 10.0.1126.37416), X64 RyuJIT x86-64-v3
// GC=Concurrent Workstation
// HardwareIntrinsics=AVX2+BMI1+BMI2+F16C+FMA+LZCNT+MOVBE,AVX,SSE3+SSSE3+SSE4.1+SSE4.2+POPCNT,X86Base+SSE+SSE2,AES+PCLMUL,AvxVnni,SERIALIZE VectorSize=256
// Job: D_PublishedControl(IterationCount=15, IterationTime=200ms, WarmupCount=5)

OverheadJitting  1: 1024 op, 113100.00 ns, 110.4492 ns/op
WorkloadJitting  1: 1024 op, 29684300.00 ns, 28.9886 us/op

WorkloadPilot    1: 4096 op, 5233200.00 ns, 1.2776 us/op
WorkloadPilot    2: 156672 op, 118389800.00 ns, 755.6539 ns/op
WorkloadPilot    3: 264192 op, 170541100.00 ns, 645.5195 ns/op
WorkloadPilot    4: 310272 op, 222680300.00 ns, 717.6938 ns/op
WorkloadPilot    5: 278528 op, 243600500.00 ns, 874.5997 ns/op
WorkloadPilot    6: 228352 op, 122903100.00 ns, 538.2178 ns/op
WorkloadPilot    7: 371712 op, 123949300.00 ns, 333.4552 ns/op
WorkloadPilot    8: 600064 op, 187997400.00 ns, 313.2956 ns/op
WorkloadPilot    9: 637952 op, 187896500.00 ns, 294.5308 ns/op
WorkloadPilot   10: 678912 op, 206477700.00 ns, 304.1303 ns/op

WorkloadWarmup   1: 678912 op, 205152500.00 ns, 302.1783 ns/op
WorkloadWarmup   2: 678912 op, 203595200.00 ns, 299.8845 ns/op
WorkloadWarmup   3: 678912 op, 204128600.00 ns, 300.6702 ns/op
WorkloadWarmup   4: 678912 op, 239286000.00 ns, 352.4551 ns/op
WorkloadWarmup   5: 678912 op, 232066700.00 ns, 341.8215 ns/op

// BeforeActualRun
WorkloadActual   1: 678912 op, 212091600.00 ns, 312.3993 ns/op
WorkloadActual   2: 678912 op, 206978800.00 ns, 304.8684 ns/op
WorkloadActual   3: 678912 op, 199123700.00 ns, 293.2982 ns/op
WorkloadActual   4: 678912 op, 206287300.00 ns, 303.8498 ns/op
WorkloadActual   5: 678912 op, 203567300.00 ns, 299.8434 ns/op
WorkloadActual   6: 678912 op, 203804100.00 ns, 300.1922 ns/op
WorkloadActual   7: 678912 op, 229089100.00 ns, 337.4356 ns/op
WorkloadActual   8: 678912 op, 235625000.00 ns, 347.0627 ns/op
WorkloadActual   9: 678912 op, 218583600.00 ns, 321.9616 ns/op
WorkloadActual  10: 678912 op, 206538800.00 ns, 304.2203 ns/op
WorkloadActual  11: 678912 op, 204527400.00 ns, 301.2576 ns/op
WorkloadActual  12: 678912 op, 205806400.00 ns, 303.1415 ns/op
WorkloadActual  13: 678912 op, 200510500.00 ns, 295.3409 ns/op
WorkloadActual  14: 678912 op, 228790900.00 ns, 336.9964 ns/op
WorkloadActual  15: 678912 op, 217628100.00 ns, 320.5542 ns/op

// AfterActualRun
WorkloadResult   1: 678912 op, 212091600.00 ns, 312.3993 ns/op
WorkloadResult   2: 678912 op, 206978800.00 ns, 304.8684 ns/op
WorkloadResult   3: 678912 op, 199123700.00 ns, 293.2982 ns/op
WorkloadResult   4: 678912 op, 206287300.00 ns, 303.8498 ns/op
WorkloadResult   5: 678912 op, 203567300.00 ns, 299.8434 ns/op
WorkloadResult   6: 678912 op, 203804100.00 ns, 300.1922 ns/op
WorkloadResult   7: 678912 op, 229089100.00 ns, 337.4356 ns/op
WorkloadResult   8: 678912 op, 235625000.00 ns, 347.0627 ns/op
WorkloadResult   9: 678912 op, 218583600.00 ns, 321.9616 ns/op
WorkloadResult  10: 678912 op, 206538800.00 ns, 304.2203 ns/op
WorkloadResult  11: 678912 op, 204527400.00 ns, 301.2576 ns/op
WorkloadResult  12: 678912 op, 205806400.00 ns, 303.1415 ns/op
WorkloadResult  13: 678912 op, 200510500.00 ns, 295.3409 ns/op
WorkloadResult  14: 678912 op, 228790900.00 ns, 336.9964 ns/op
WorkloadResult  15: 678912 op, 217628100.00 ns, 320.5542 ns/op
// GC:  41 41 41 378195416 678912
// Threading:  663 19 678912

// AfterAll
// Benchmark Process 113856 has exited with code 0.

Mean = 312.161 ns, StdErr = 4.342 ns (1.39%), N = 15, StdDev = 16.817 ns
Min = 293.298 ns, Q1 = 300.725 ns, Median = 304.220 ns, Q3 = 321.258 ns, Max = 347.063 ns
IQR = 20.533 ns, LowerFence = 269.925 ns, UpperFence = 352.057 ns
ConfidenceInterval = [294.183 ns; 330.140 ns] (CI 99.9%), Margin = 17.979 ns (5.76% of Mean)
Skewness = 0.8, Kurtosis = 2.14, MValue = 2.67

// ** Remained 35 (77.8%) benchmark(s) to run. Estimated finish 2026-09-07 16:55 (0h 3m from now) **
Setup power plan (GUID: 8c5e7fda-e8bf-4a96-9a85-a6e23a8c635c FriendlyName: High performance)
// **************************
// Benchmark: BinaryKeyDispatchBenchmarks.RawMemory: D_PublishedControl(Arguments=/p:ProductDirectory=C:/git/Dekaf-perf-improvements-20260907/pr-3082/published,/p:UseSharedCompilation=false, IterationCount=15, IterationTime=200ms, WarmupCount=5)
// *** Execute ***
// Launch: 1 / 1
// Execute: dotnet Dekaf.Benchmarks-B_Published-2.dll --anonymousPipes 1568 1128 --benchmarkName Dekaf.Benchmarks.Benchmarks.Unit.BinaryKeyDispatchBenchmarks.RawMemory --job D_PublishedControl --benchmarkId 4 in C:\git\Dekaf-perf-improvements-20260907\pr-3082\comparison\bin\Release\net10.0\Dekaf.Benchmarks-B_Published-2\bin\Release\net10.0
// BeforeAnythingElse

// Benchmark Process Environment Information:
// BenchmarkDotNet v0.15.8
// Runtime=.NET 10.0.11 (10.0.11, 10.0.1126.37416), X64 RyuJIT x86-64-v3
// GC=Concurrent Workstation
// HardwareIntrinsics=AVX2+BMI1+BMI2+F16C+FMA+LZCNT+MOVBE,AVX,SSE3+SSSE3+SSE4.1+SSE4.2+POPCNT,X86Base+SSE+SSE2,AES+PCLMUL,AvxVnni,SERIALIZE VectorSize=256
// Job: D_PublishedControl(IterationCount=15, IterationTime=200ms, WarmupCount=5)

OverheadJitting  1: 1024 op, 105700.00 ns, 103.2227 ns/op
WorkloadJitting  1: 1024 op, 29923300.00 ns, 29.2220 us/op

WorkloadPilot    1: 4096 op, 5393800.00 ns, 1.3168 us/op
WorkloadPilot    2: 151552 op, 125278000.00 ns, 826.6338 ns/op
WorkloadPilot    3: 241664 op, 165975400.00 ns, 686.8023 ns/op
WorkloadPilot    4: 290816 op, 250582700.00 ns, 861.6538 ns/op
WorkloadPilot    5: 232448 op, 164186400.00 ns, 706.3360 ns/op
WorkloadPilot    6: 283648 op, 111695500.00 ns, 393.7821 ns/op
WorkloadPilot    7: 507904 op, 165724900.00 ns, 326.2918 ns/op
WorkloadPilot    8: 613376 op, 202794600.00 ns, 330.6204 ns/op
WorkloadPilot    9: 605184 op, 182524100.00 ns, 301.6010 ns/op
WorkloadPilot   10: 663552 op, 206720800.00 ns, 311.5367 ns/op

WorkloadWarmup   1: 663552 op, 203790600.00 ns, 307.1208 ns/op
WorkloadWarmup   2: 663552 op, 204678100.00 ns, 308.4583 ns/op
WorkloadWarmup   3: 663552 op, 206567400.00 ns, 311.3055 ns/op
WorkloadWarmup   4: 663552 op, 205767000.00 ns, 310.0993 ns/op
WorkloadWarmup   5: 663552 op, 205459600.00 ns, 309.6360 ns/op

// BeforeActualRun
WorkloadActual   1: 663552 op, 203528900.00 ns, 306.7264 ns/op
WorkloadActual   2: 663552 op, 202887000.00 ns, 305.7590 ns/op
WorkloadActual   3: 663552 op, 200418400.00 ns, 302.0387 ns/op
WorkloadActual   4: 663552 op, 200578400.00 ns, 302.2799 ns/op
WorkloadActual   5: 663552 op, 199440000.00 ns, 300.5642 ns/op
WorkloadActual   6: 663552 op, 199987500.00 ns, 301.3893 ns/op
WorkloadActual   7: 663552 op, 199093700.00 ns, 300.0423 ns/op
WorkloadActual   8: 663552 op, 202011700.00 ns, 304.4399 ns/op
WorkloadActual   9: 663552 op, 207697500.00 ns, 313.0086 ns/op
WorkloadActual  10: 663552 op, 198432300.00 ns, 299.0456 ns/op
WorkloadActual  11: 663552 op, 198132300.00 ns, 298.5935 ns/op
WorkloadActual  12: 663552 op, 201250200.00 ns, 303.2923 ns/op
WorkloadActual  13: 663552 op, 204683600.00 ns, 308.4666 ns/op
WorkloadActual  14: 663552 op, 203347900.00 ns, 306.4536 ns/op
WorkloadActual  15: 663552 op, 208100000.00 ns, 313.6152 ns/op

// AfterActualRun
WorkloadResult   1: 663552 op, 203528900.00 ns, 306.7264 ns/op
WorkloadResult   2: 663552 op, 202887000.00 ns, 305.7590 ns/op
WorkloadResult   3: 663552 op, 200418400.00 ns, 302.0387 ns/op
WorkloadResult   4: 663552 op, 200578400.00 ns, 302.2799 ns/op
WorkloadResult   5: 663552 op, 199440000.00 ns, 300.5642 ns/op
WorkloadResult   6: 663552 op, 199987500.00 ns, 301.3893 ns/op
WorkloadResult   7: 663552 op, 199093700.00 ns, 300.0423 ns/op
WorkloadResult   8: 663552 op, 202011700.00 ns, 304.4399 ns/op
WorkloadResult   9: 663552 op, 207697500.00 ns, 313.0086 ns/op
WorkloadResult  10: 663552 op, 198432300.00 ns, 299.0456 ns/op
WorkloadResult  11: 663552 op, 198132300.00 ns, 298.5935 ns/op
WorkloadResult  12: 663552 op, 201250200.00 ns, 303.2923 ns/op
WorkloadResult  13: 663552 op, 204683600.00 ns, 308.4666 ns/op
WorkloadResult  14: 663552 op, 203347900.00 ns, 306.4536 ns/op
WorkloadResult  15: 663552 op, 208100000.00 ns, 313.6152 ns/op
// GC:  43 43 43 396182672 663552
// Threading:  648 7 663552

// AfterAll
// Benchmark Process 56496 has exited with code 0.

Mean = 304.381 ns, StdErr = 1.202 ns (0.39%), N = 15, StdDev = 4.656 ns
Min = 298.593 ns, Q1 = 300.977 ns, Median = 303.292 ns, Q3 = 306.590 ns, Max = 313.615 ns
IQR = 5.613 ns, LowerFence = 292.557 ns, UpperFence = 315.010 ns
ConfidenceInterval = [299.404 ns; 309.358 ns] (CI 99.9%), Margin = 4.977 ns (1.64% of Mean)
Skewness = 0.65, Kurtosis = 2.24, MValue = 2

// ** Remained 34 (75.6%) benchmark(s) to run. Estimated finish 2026-09-07 16:55 (0h 3m from now) **
Setup power plan (GUID: 8c5e7fda-e8bf-4a96-9a85-a6e23a8c635c FriendlyName: High performance)
// **************************
// Benchmark: BinaryKeyDispatchBenchmarks.StringControl: D_PublishedControl(Arguments=/p:ProductDirectory=C:/git/Dekaf-perf-improvements-20260907/pr-3082/published,/p:UseSharedCompilation=false, IterationCount=15, IterationTime=200ms, WarmupCount=5)
// *** Execute ***
// Launch: 1 / 1
// Execute: dotnet Dekaf.Benchmarks-B_Published-2.dll --anonymousPipes 1544 1676 --benchmarkName Dekaf.Benchmarks.Benchmarks.Unit.BinaryKeyDispatchBenchmarks.StringControl --job D_PublishedControl --benchmarkId 5 in C:\git\Dekaf-perf-improvements-20260907\pr-3082\comparison\bin\Release\net10.0\Dekaf.Benchmarks-B_Published-2\bin\Release\net10.0
// BeforeAnythingElse

// Benchmark Process Environment Information:
// BenchmarkDotNet v0.15.8
// Runtime=.NET 10.0.11 (10.0.11, 10.0.1126.37416), X64 RyuJIT x86-64-v3
// GC=Concurrent Workstation
// HardwareIntrinsics=AVX2+BMI1+BMI2+F16C+FMA+LZCNT+MOVBE,AVX,SSE3+SSSE3+SSE4.1+SSE4.2+POPCNT,X86Base+SSE+SSE2,AES+PCLMUL,AvxVnni,SERIALIZE VectorSize=256
// Job: D_PublishedControl(IterationCount=15, IterationTime=200ms, WarmupCount=5)

OverheadJitting  1: 1024 op, 113400.00 ns, 110.7422 ns/op
WorkloadJitting  1: 1024 op, 31236100.00 ns, 30.5040 us/op

WorkloadPilot    1: 4096 op, 6117800.00 ns, 1.4936 us/op
WorkloadPilot    2: 134144 op, 116954200.00 ns, 871.8556 ns/op
WorkloadPilot    3: 229376 op, 175989400.00 ns, 767.2529 ns/op
WorkloadPilot    4: 261120 op, 222373400.00 ns, 851.6138 ns/op
WorkloadPilot    5: 234496 op, 224228500.00 ns, 956.2146 ns/op
WorkloadPilot    6: 208896 op, 135569000.00 ns, 648.9784 ns/op
WorkloadPilot    7: 308224 op, 120592400.00 ns, 391.2492 ns/op
WorkloadPilot    8: 510976 op, 161795100.00 ns, 316.6393 ns/op
WorkloadPilot    9: 631808 op, 183655000.00 ns, 290.6817 ns/op
WorkloadPilot   10: 688128 op, 221608600.00 ns, 322.0456 ns/op

WorkloadWarmup   1: 688128 op, 245138700.00 ns, 356.2400 ns/op
WorkloadWarmup   2: 688128 op, 221255200.00 ns, 321.5320 ns/op
WorkloadWarmup   3: 688128 op, 211703800.00 ns, 307.6518 ns/op
WorkloadWarmup   4: 688128 op, 204782100.00 ns, 297.5930 ns/op
WorkloadWarmup   5: 688128 op, 208914100.00 ns, 303.5977 ns/op

// BeforeActualRun
WorkloadActual   1: 688128 op, 208434000.00 ns, 302.9000 ns/op
WorkloadActual   2: 688128 op, 216396000.00 ns, 314.4706 ns/op
WorkloadActual   3: 688128 op, 220984500.00 ns, 321.1387 ns/op
WorkloadActual   4: 688128 op, 227616700.00 ns, 330.7767 ns/op
WorkloadActual   5: 688128 op, 239261600.00 ns, 347.6993 ns/op
WorkloadActual   6: 688128 op, 212615500.00 ns, 308.9767 ns/op
WorkloadActual   7: 688128 op, 212281000.00 ns, 308.4906 ns/op
WorkloadActual   8: 688128 op, 212025800.00 ns, 308.1197 ns/op
WorkloadActual   9: 688128 op, 208260800.00 ns, 302.6483 ns/op
WorkloadActual  10: 688128 op, 206558600.00 ns, 300.1747 ns/op
WorkloadActual  11: 688128 op, 218554500.00 ns, 317.6073 ns/op
WorkloadActual  12: 688128 op, 211168000.00 ns, 306.8731 ns/op
WorkloadActual  13: 688128 op, 203777000.00 ns, 296.1324 ns/op
WorkloadActual  14: 688128 op, 205573400.00 ns, 298.7430 ns/op
WorkloadActual  15: 688128 op, 203676200.00 ns, 295.9859 ns/op

// AfterActualRun
WorkloadResult   1: 688128 op, 208434000.00 ns, 302.9000 ns/op
WorkloadResult   2: 688128 op, 216396000.00 ns, 314.4706 ns/op
WorkloadResult   3: 688128 op, 220984500.00 ns, 321.1387 ns/op
WorkloadResult   4: 688128 op, 227616700.00 ns, 330.7767 ns/op
WorkloadResult   5: 688128 op, 212615500.00 ns, 308.9767 ns/op
WorkloadResult   6: 688128 op, 212281000.00 ns, 308.4906 ns/op
WorkloadResult   7: 688128 op, 212025800.00 ns, 308.1197 ns/op
WorkloadResult   8: 688128 op, 208260800.00 ns, 302.6483 ns/op
WorkloadResult   9: 688128 op, 206558600.00 ns, 300.1747 ns/op
WorkloadResult  10: 688128 op, 218554500.00 ns, 317.6073 ns/op
WorkloadResult  11: 688128 op, 211168000.00 ns, 306.8731 ns/op
WorkloadResult  12: 688128 op, 203777000.00 ns, 296.1324 ns/op
WorkloadResult  13: 688128 op, 205573400.00 ns, 298.7430 ns/op
WorkloadResult  14: 688128 op, 203676200.00 ns, 295.9859 ns/op
// GC:  41 41 41 383328304 688128
// Threading:  672 13 688128

// AfterAll
// Benchmark Process 85996 has exited with code 0.

Mean = 308.074 ns, StdErr = 2.688 ns (0.87%), N = 14, StdDev = 10.056 ns
Min = 295.986 ns, Q1 = 300.793 ns, Median = 307.496 ns, Q3 = 313.097 ns, Max = 330.777 ns
IQR = 12.304 ns, LowerFence = 282.337 ns, UpperFence = 331.553 ns
ConfidenceInterval = [296.730 ns; 319.418 ns] (CI 99.9%), Margin = 11.344 ns (3.68% of Mean)
Skewness = 0.7, Kurtosis = 2.51, MValue = 2

// ** Remained 33 (73.3%) benchmark(s) to run. Estimated finish 2026-09-07 16:55 (0h 3m from now) **
Setup power plan (GUID: 8c5e7fda-e8bf-4a96-9a85-a6e23a8c635c FriendlyName: High performance)
// **************************
// Benchmark: BinaryKeyDispatchBenchmarks.ByteArray: E_BaselineControl(Arguments=/p:ProductDirectory=C:/git/Dekaf-perf-improvements-20260907/pr-3082/baseline,/p:UseSharedCompilation=false, IterationCount=15, IterationTime=200ms, WarmupCount=5)
// *** Execute ***
// Launch: 1 / 1
// Execute: dotnet Dekaf.Benchmarks-A_Baseline-1.dll --anonymousPipes 1656 1700 --benchmarkName Dekaf.Benchmarks.Benchmarks.Unit.BinaryKeyDispatchBenchmarks.ByteArray --job E_BaselineControl --benchmarkId 3 in C:\git\Dekaf-perf-improvements-20260907\pr-3082\comparison\bin\Release\net10.0\Dekaf.Benchmarks-A_Baseline-1\bin\Release\net10.0
// BeforeAnythingElse

// Benchmark Process Environment Information:
// BenchmarkDotNet v0.15.8
// Runtime=.NET 10.0.11 (10.0.11, 10.0.1126.37416), X64 RyuJIT x86-64-v3
// GC=Concurrent Workstation
// HardwareIntrinsics=AVX2+BMI1+BMI2+F16C+FMA+LZCNT+MOVBE,AVX,SSE3+SSSE3+SSE4.1+SSE4.2+POPCNT,X86Base+SSE+SSE2,AES+PCLMUL,AvxVnni,SERIALIZE VectorSize=256
// Job: E_BaselineControl(IterationCount=15, IterationTime=200ms, WarmupCount=5)

OverheadJitting  1: 1024 op, 103200.00 ns, 100.7813 ns/op
WorkloadJitting  1: 1024 op, 32101700.00 ns, 31.3493 us/op

WorkloadPilot    1: 4096 op, 13507500.00 ns, 3.2977 us/op
WorkloadPilot    2: 60416 op, 164351500.00 ns, 2.7203 us/op
WorkloadPilot    3: 73728 op, 237594900.00 ns, 3.2226 us/op
WorkloadPilot    4: 62464 op, 194052700.00 ns, 3.1066 us/op
WorkloadPilot    5: 64512 op, 195529800.00 ns, 3.0309 us/op

WorkloadWarmup   1: 64512 op, 210481300.00 ns, 3.2627 us/op
WorkloadWarmup   2: 64512 op, 189814200.00 ns, 2.9423 us/op
WorkloadWarmup   3: 64512 op, 169829400.00 ns, 2.6325 us/op
WorkloadWarmup   4: 64512 op, 102676400.00 ns, 1.5916 us/op
WorkloadWarmup   5: 64512 op, 106159800.00 ns, 1.6456 us/op

// BeforeActualRun
WorkloadActual   1: 64512 op, 111401500.00 ns, 1.7268 us/op
WorkloadActual   2: 64512 op, 105868500.00 ns, 1.6411 us/op
WorkloadActual   3: 64512 op, 97400700.00 ns, 1.5098 us/op
WorkloadActual   4: 64512 op, 96188200.00 ns, 1.4910 us/op
WorkloadActual   5: 64512 op, 91911700.00 ns, 1.4247 us/op
WorkloadActual   6: 64512 op, 90077900.00 ns, 1.3963 us/op
WorkloadActual   7: 64512 op, 92430600.00 ns, 1.4328 us/op
WorkloadActual   8: 64512 op, 95694000.00 ns, 1.4834 us/op
WorkloadActual   9: 64512 op, 93015800.00 ns, 1.4418 us/op
WorkloadActual  10: 64512 op, 97246900.00 ns, 1.5074 us/op
WorkloadActual  11: 64512 op, 96434200.00 ns, 1.4948 us/op
WorkloadActual  12: 64512 op, 92753700.00 ns, 1.4378 us/op
WorkloadActual  13: 64512 op, 91179600.00 ns, 1.4134 us/op
WorkloadActual  14: 64512 op, 92764600.00 ns, 1.4379 us/op
WorkloadActual  15: 64512 op, 91059900.00 ns, 1.4115 us/op

// AfterActualRun
WorkloadResult   1: 64512 op, 97400700.00 ns, 1.5098 us/op
WorkloadResult   2: 64512 op, 96188200.00 ns, 1.4910 us/op
WorkloadResult   3: 64512 op, 91911700.00 ns, 1.4247 us/op
WorkloadResult   4: 64512 op, 90077900.00 ns, 1.3963 us/op
WorkloadResult   5: 64512 op, 92430600.00 ns, 1.4328 us/op
WorkloadResult   6: 64512 op, 95694000.00 ns, 1.4834 us/op
WorkloadResult   7: 64512 op, 93015800.00 ns, 1.4418 us/op
WorkloadResult   8: 64512 op, 97246900.00 ns, 1.5074 us/op
WorkloadResult   9: 64512 op, 96434200.00 ns, 1.4948 us/op
WorkloadResult  10: 64512 op, 92753700.00 ns, 1.4378 us/op
WorkloadResult  11: 64512 op, 91179600.00 ns, 1.4134 us/op
WorkloadResult  12: 64512 op, 92764600.00 ns, 1.4379 us/op
WorkloadResult  13: 64512 op, 91059900.00 ns, 1.4115 us/op
// GC:  11 9 1 146821312 64512
// Threading:  64512 4 64512

// AfterAll
// Benchmark Process 21568 has exited with code 0.

Mean = 1.453 us, StdErr = 0.011 us (0.75%), N = 13, StdDev = 0.039 us
Min = 1.396 us, Q1 = 1.425 us, Median = 1.438 us, Q3 = 1.491 us, Max = 1.510 us
IQR = 0.066 us, LowerFence = 1.325 us, UpperFence = 1.590 us
ConfidenceInterval = [1.405 us; 1.500 us] (CI 99.9%), Margin = 0.047 us (3.25% of Mean)
Skewness = 0.22, Kurtosis = 1.35, MValue = 2

// ** Remained 32 (71.1%) benchmark(s) to run. Estimated finish 2026-09-07 16:55 (0h 3m from now) **
Setup power plan (GUID: 8c5e7fda-e8bf-4a96-9a85-a6e23a8c635c FriendlyName: High performance)
// **************************
// Benchmark: BinaryKeyDispatchBenchmarks.RawMemory: E_BaselineControl(Arguments=/p:ProductDirectory=C:/git/Dekaf-perf-improvements-20260907/pr-3082/baseline,/p:UseSharedCompilation=false, IterationCount=15, IterationTime=200ms, WarmupCount=5)
// *** Execute ***
// Launch: 1 / 1
// Execute: dotnet Dekaf.Benchmarks-A_Baseline-1.dll --anonymousPipes 1728 1740 --benchmarkName Dekaf.Benchmarks.Benchmarks.Unit.BinaryKeyDispatchBenchmarks.RawMemory --job E_BaselineControl --benchmarkId 4 in C:\git\Dekaf-perf-improvements-20260907\pr-3082\comparison\bin\Release\net10.0\Dekaf.Benchmarks-A_Baseline-1\bin\Release\net10.0
// BeforeAnythingElse

// Benchmark Process Environment Information:
// BenchmarkDotNet v0.15.8
// Runtime=.NET 10.0.11 (10.0.11, 10.0.1126.37416), X64 RyuJIT x86-64-v3
// GC=Concurrent Workstation
// HardwareIntrinsics=AVX2+BMI1+BMI2+F16C+FMA+LZCNT+MOVBE,AVX,SSE3+SSSE3+SSE4.1+SSE4.2+POPCNT,X86Base+SSE+SSE2,AES+PCLMUL,AvxVnni,SERIALIZE VectorSize=256
// Job: E_BaselineControl(IterationCount=15, IterationTime=200ms, WarmupCount=5)

OverheadJitting  1: 1024 op, 106500.00 ns, 104.0039 ns/op
WorkloadJitting  1: 1024 op, 31912000.00 ns, 31.1641 us/op

WorkloadPilot    1: 4096 op, 13906800.00 ns, 3.3952 us/op
WorkloadPilot    2: 59392 op, 222209900.00 ns, 3.7414 us/op
WorkloadPilot    3: 53248 op, 181578400.00 ns, 3.4101 us/op
WorkloadPilot    4: 58368 op, 174876500.00 ns, 2.9961 us/op
WorkloadPilot    5: 66560 op, 176910100.00 ns, 2.6579 us/op
WorkloadPilot    6: 74752 op, 165499900.00 ns, 2.2140 us/op
WorkloadPilot    7: 90112 op, 168992600.00 ns, 1.8754 us/op
WorkloadPilot    8: 106496 op, 206741400.00 ns, 1.9413 us/op
WorkloadPilot    9: 103424 op, 155152100.00 ns, 1.5002 us/op
WorkloadPilot   10: 133120 op, 196414300.00 ns, 1.4755 us/op
WorkloadPilot   11: 135168 op, 220711200.00 ns, 1.6329 us/op

WorkloadWarmup   1: 135168 op, 209357500.00 ns, 1.5489 us/op
WorkloadWarmup   2: 135168 op, 199478400.00 ns, 1.4758 us/op
WorkloadWarmup   3: 135168 op, 187487000.00 ns, 1.3871 us/op
WorkloadWarmup   4: 135168 op, 185165500.00 ns, 1.3699 us/op
WorkloadWarmup   5: 135168 op, 187040500.00 ns, 1.3838 us/op

// BeforeActualRun
WorkloadActual   1: 135168 op, 189869100.00 ns, 1.4047 us/op
WorkloadActual   2: 135168 op, 199552100.00 ns, 1.4763 us/op
WorkloadActual   3: 135168 op, 205969900.00 ns, 1.5238 us/op
WorkloadActual   4: 135168 op, 204054500.00 ns, 1.5096 us/op
WorkloadActual   5: 135168 op, 230471100.00 ns, 1.7051 us/op
WorkloadActual   6: 135168 op, 199786300.00 ns, 1.4781 us/op
WorkloadActual   7: 135168 op, 198450900.00 ns, 1.4682 us/op
WorkloadActual   8: 135168 op, 192795300.00 ns, 1.4263 us/op
WorkloadActual   9: 135168 op, 187504200.00 ns, 1.3872 us/op
WorkloadActual  10: 135168 op, 192175000.00 ns, 1.4217 us/op
WorkloadActual  11: 135168 op, 190670100.00 ns, 1.4106 us/op
WorkloadActual  12: 135168 op, 198316100.00 ns, 1.4672 us/op
WorkloadActual  13: 135168 op, 197425300.00 ns, 1.4606 us/op
WorkloadActual  14: 135168 op, 192185700.00 ns, 1.4218 us/op
WorkloadActual  15: 135168 op, 196344500.00 ns, 1.4526 us/op

// AfterActualRun
WorkloadResult   1: 135168 op, 189869100.00 ns, 1.4047 us/op
WorkloadResult   2: 135168 op, 199552100.00 ns, 1.4763 us/op
WorkloadResult   3: 135168 op, 205969900.00 ns, 1.5238 us/op
WorkloadResult   4: 135168 op, 204054500.00 ns, 1.5096 us/op
WorkloadResult   5: 135168 op, 199786300.00 ns, 1.4781 us/op
WorkloadResult   6: 135168 op, 198450900.00 ns, 1.4682 us/op
WorkloadResult   7: 135168 op, 192795300.00 ns, 1.4263 us/op
WorkloadResult   8: 135168 op, 187504200.00 ns, 1.3872 us/op
WorkloadResult   9: 135168 op, 192175000.00 ns, 1.4217 us/op
WorkloadResult  10: 135168 op, 190670100.00 ns, 1.4106 us/op
WorkloadResult  11: 135168 op, 198316100.00 ns, 1.4672 us/op
WorkloadResult  12: 135168 op, 197425300.00 ns, 1.4606 us/op
WorkloadResult  13: 135168 op, 192185700.00 ns, 1.4218 us/op
WorkloadResult  14: 135168 op, 196344500.00 ns, 1.4526 us/op
// GC:  26 20 4 319288864 135168
// Threading:  135168 15 135168

// AfterAll
// Benchmark Process 114588 has exited with code 0.

Mean = 1.451 us, StdErr = 0.011 us (0.74%), N = 14, StdDev = 0.040 us
Min = 1.387 us, Q1 = 1.422 us, Median = 1.457 us, Q3 = 1.474 us, Max = 1.524 us
IQR = 0.053 us, LowerFence = 1.343 us, UpperFence = 1.553 us
ConfidenceInterval = [1.405 us; 1.496 us] (CI 99.9%), Margin = 0.045 us (3.12% of Mean)
Skewness = 0.19, Kurtosis = 1.85, MValue = 2

// ** Remained 31 (68.9%) benchmark(s) to run. Estimated finish 2026-09-07 16:55 (0h 3m from now) **
Setup power plan (GUID: 8c5e7fda-e8bf-4a96-9a85-a6e23a8c635c FriendlyName: High performance)
// **************************
// Benchmark: BinaryKeyDispatchBenchmarks.StringControl: E_BaselineControl(Arguments=/p:ProductDirectory=C:/git/Dekaf-perf-improvements-20260907/pr-3082/baseline,/p:UseSharedCompilation=false, IterationCount=15, IterationTime=200ms, WarmupCount=5)
// *** Execute ***
// Launch: 1 / 1
// Execute: dotnet Dekaf.Benchmarks-A_Baseline-1.dll --anonymousPipes 1772 1692 --benchmarkName Dekaf.Benchmarks.Benchmarks.Unit.BinaryKeyDispatchBenchmarks.StringControl --job E_BaselineControl --benchmarkId 5 in C:\git\Dekaf-perf-improvements-20260907\pr-3082\comparison\bin\Release\net10.0\Dekaf.Benchmarks-A_Baseline-1\bin\Release\net10.0
// BeforeAnythingElse

// Benchmark Process Environment Information:
// BenchmarkDotNet v0.15.8
// Runtime=.NET 10.0.11 (10.0.11, 10.0.1126.37416), X64 RyuJIT x86-64-v3
// GC=Concurrent Workstation
// HardwareIntrinsics=AVX2+BMI1+BMI2+F16C+FMA+LZCNT+MOVBE,AVX,SSE3+SSSE3+SSE4.1+SSE4.2+POPCNT,X86Base+SSE+SSE2,AES+PCLMUL,AvxVnni,SERIALIZE VectorSize=256
// Job: E_BaselineControl(IterationCount=15, IterationTime=200ms, WarmupCount=5)

OverheadJitting  1: 1024 op, 109100.00 ns, 106.5430 ns/op
WorkloadJitting  1: 1024 op, 28383700.00 ns, 27.7185 us/op

WorkloadPilot    1: 4096 op, 5822600.00 ns, 1.4215 us/op
WorkloadPilot    2: 140288 op, 120988400.00 ns, 862.4287 ns/op
WorkloadPilot    3: 231424 op, 180202600.00 ns, 778.6686 ns/op
WorkloadPilot    4: 257024 op, 215960700.00 ns, 840.2355 ns/op
WorkloadPilot    5: 237568 op, 224498700.00 ns, 944.9871 ns/op
WorkloadPilot    6: 211968 op, 142164500.00 ns, 670.6885 ns/op
WorkloadPilot    7: 297984 op, 116535000.00 ns, 391.0780 ns/op
WorkloadPilot    8: 510976 op, 169371200.00 ns, 331.4661 ns/op
WorkloadPilot    9: 603136 op, 187208200.00 ns, 310.3914 ns/op
WorkloadPilot   10: 644096 op, 199397300.00 ns, 309.5770 ns/op
WorkloadPilot   11: 646144 op, 196289200.00 ns, 303.7855 ns/op
WorkloadPilot   12: 658432 op, 203271500.00 ns, 308.7206 ns/op

WorkloadWarmup   1: 658432 op, 205738200.00 ns, 312.4669 ns/op
WorkloadWarmup   2: 658432 op, 205316400.00 ns, 311.8263 ns/op
WorkloadWarmup   3: 658432 op, 198819000.00 ns, 301.9583 ns/op
WorkloadWarmup   4: 658432 op, 194510100.00 ns, 295.4141 ns/op
WorkloadWarmup   5: 658432 op, 194431300.00 ns, 295.2944 ns/op

// BeforeActualRun
WorkloadActual   1: 658432 op, 202048900.00 ns, 306.8637 ns/op
WorkloadActual   2: 658432 op, 202105400.00 ns, 306.9495 ns/op
WorkloadActual   3: 658432 op, 206881300.00 ns, 314.2030 ns/op
WorkloadActual   4: 658432 op, 227235100.00 ns, 345.1155 ns/op
WorkloadActual   5: 658432 op, 241509300.00 ns, 366.7946 ns/op
WorkloadActual   6: 658432 op, 212071000.00 ns, 322.0849 ns/op
WorkloadActual   7: 658432 op, 209415500.00 ns, 318.0518 ns/op
WorkloadActual   8: 658432 op, 206010900.00 ns, 312.8811 ns/op
WorkloadActual   9: 658432 op, 208522500.00 ns, 316.6956 ns/op
WorkloadActual  10: 658432 op, 201639500.00 ns, 306.2420 ns/op
WorkloadActual  11: 658432 op, 200350200.00 ns, 304.2838 ns/op
WorkloadActual  12: 658432 op, 221642400.00 ns, 336.6215 ns/op
WorkloadActual  13: 658432 op, 237345500.00 ns, 360.4708 ns/op
WorkloadActual  14: 658432 op, 211768300.00 ns, 321.6252 ns/op
WorkloadActual  15: 658432 op, 205745500.00 ns, 312.4780 ns/op

// AfterActualRun
WorkloadResult   1: 658432 op, 202048900.00 ns, 306.8637 ns/op
WorkloadResult   2: 658432 op, 202105400.00 ns, 306.9495 ns/op
WorkloadResult   3: 658432 op, 206881300.00 ns, 314.2030 ns/op
WorkloadResult   4: 658432 op, 227235100.00 ns, 345.1155 ns/op
WorkloadResult   5: 658432 op, 212071000.00 ns, 322.0849 ns/op
WorkloadResult   6: 658432 op, 209415500.00 ns, 318.0518 ns/op
WorkloadResult   7: 658432 op, 206010900.00 ns, 312.8811 ns/op
WorkloadResult   8: 658432 op, 208522500.00 ns, 316.6956 ns/op
WorkloadResult   9: 658432 op, 201639500.00 ns, 306.2420 ns/op
WorkloadResult  10: 658432 op, 200350200.00 ns, 304.2838 ns/op
WorkloadResult  11: 658432 op, 221642400.00 ns, 336.6215 ns/op
WorkloadResult  12: 658432 op, 211768300.00 ns, 321.6252 ns/op
WorkloadResult  13: 658432 op, 205745500.00 ns, 312.4780 ns/op
// GC:  40 40 40 366786312 658432
// Threading:  643 11 658432

// AfterAll
// Benchmark Process 84508 has exited with code 0.

Mean = 317.238 ns, StdErr = 3.349 ns (1.06%), N = 13, StdDev = 12.075 ns
Min = 304.284 ns, Q1 = 306.950 ns, Median = 314.203 ns, Q3 = 321.625 ns, Max = 345.116 ns
IQR = 14.676 ns, LowerFence = 284.936 ns, UpperFence = 343.639 ns
ConfidenceInterval = [302.778 ns; 331.698 ns] (CI 99.9%), Margin = 14.460 ns (4.56% of Mean)
Skewness = 1.01, Kurtosis = 2.94, MValue = 2.29

// ** Remained 30 (66.7%) benchmark(s) to run. Estimated finish 2026-09-07 16:55 (0h 2m from now) **
Successfully reverted power plan (GUID: 8c5e7fda-e8bf-4a96-9a85-a6e23a8c635c FriendlyName: High performance)
// ***** BenchmarkRunner: Finish  *****

// * Export *
  C:\git\Dekaf-perf-improvements-20260907\pr-3082\timing\results\Dekaf.Benchmarks.Benchmarks.Unit.BinaryKeyDispatchBenchmarks-report.csv
  C:\git\Dekaf-perf-improvements-20260907\pr-3082\timing\results\Dekaf.Benchmarks.Benchmarks.Unit.BinaryKeyDispatchBenchmarks-report-github.md
  C:\git\Dekaf-perf-improvements-20260907\pr-3082\timing\results\Dekaf.Benchmarks.Benchmarks.Unit.BinaryKeyDispatchBenchmarks-report.html
  C:\git\Dekaf-perf-improvements-20260907\pr-3082\timing\results\Dekaf.Benchmarks.Benchmarks.Unit.BinaryKeyDispatchBenchmarks-report-full.json

// * Detailed results *
BinaryKeyDispatchBenchmarks.ByteArray: A_Baseline(Arguments=/p:ProductDirectory=C:/git/Dekaf-perf-improvements-20260907/pr-3082/baseline,/p:UseSharedCompilation=false, IterationCount=15, IterationTime=200ms, WarmupCount=5)
Runtime = .NET 10.0.11 (10.0.11, 10.0.1126.37416), X64 RyuJIT x86-64-v3; GC = Concurrent Workstation
Mean = 1.452 us, StdErr = 0.009 us (0.63%), N = 13, StdDev = 0.033 us
Min = 1.405 us, Q1 = 1.427 us, Median = 1.451 us, Q3 = 1.470 us, Max = 1.522 us
IQR = 0.044 us, LowerFence = 1.361 us, UpperFence = 1.536 us
ConfidenceInterval = [1.412 us; 1.491 us] (CI 99.9%), Margin = 0.040 us (2.73% of Mean)
Skewness = 0.52, Kurtosis = 2.28, MValue = 2
-------------------- Histogram --------------------
[1.387 us ; 1.423 us) | @@
[1.423 us ; 1.460 us) | @@@@@@@
[1.460 us ; 1.501 us) | @@@
[1.501 us ; 1.540 us) | @
---------------------------------------------------

BinaryKeyDispatchBenchmarks.RawMemory: A_Baseline(Arguments=/p:ProductDirectory=C:/git/Dekaf-perf-improvements-20260907/pr-3082/baseline,/p:UseSharedCompilation=false, IterationCount=15, IterationTime=200ms, WarmupCount=5)
Runtime = .NET 10.0.11 (10.0.11, 10.0.1126.37416), X64 RyuJIT x86-64-v3; GC = Concurrent Workstation
Mean = 1.566 us, StdErr = 0.035 us (2.24%), N = 14, StdDev = 0.131 us
Min = 1.432 us, Q1 = 1.486 us, Median = 1.518 us, Q3 = 1.585 us, Max = 1.863 us
IQR = 0.098 us, LowerFence = 1.339 us, UpperFence = 1.732 us
ConfidenceInterval = [1.418 us; 1.714 us] (CI 99.9%), Margin = 0.148 us (9.47% of Mean)
Skewness = 1.11, Kurtosis = 2.87, MValue = 2.29
-------------------- Histogram --------------------
[1.428 us ; 1.571 us) | @@@@@@@@@@
[1.571 us ; 1.714 us) | @@
[1.714 us ; 1.762 us) | 
[1.762 us ; 1.905 us) | @@
---------------------------------------------------

BinaryKeyDispatchBenchmarks.StringControl: A_Baseline(Arguments=/p:ProductDirectory=C:/git/Dekaf-perf-improvements-20260907/pr-3082/baseline,/p:UseSharedCompilation=false, IterationCount=15, IterationTime=200ms, WarmupCount=5)
Runtime = .NET 10.0.11 (10.0.11, 10.0.1126.37416), X64 RyuJIT x86-64-v3; GC = Concurrent Workstation
Mean = 311.070 ns, StdErr = 0.909 ns (0.29%), N = 13, StdDev = 3.278 ns
Min = 305.331 ns, Q1 = 309.233 ns, Median = 311.303 ns, Q3 = 312.409 ns, Max = 317.585 ns
IQR = 3.175 ns, LowerFence = 304.471 ns, UpperFence = 317.172 ns
ConfidenceInterval = [307.144 ns; 314.996 ns] (CI 99.9%), Margin = 3.926 ns (1.26% of Mean)
Skewness = 0.05, Kurtosis = 2.43, MValue = 2
-------------------- Histogram --------------------
[303.501 ns ; 319.416 ns) | @@@@@@@@@@@@@
---------------------------------------------------

BinaryKeyDispatchBenchmarks.ByteArray: B_Published(Arguments=/p:ProductDirectory=C:/git/Dekaf-perf-improvements-20260907/pr-3082/published,/p:UseSharedCompilation=false, IterationCount=15, IterationTime=200ms, WarmupCount=5)
Runtime = .NET 10.0.11 (10.0.11, 10.0.1126.37416), X64 RyuJIT x86-64-v3; GC = Concurrent Workstation
Mean = 300.507 ns, StdErr = 1.247 ns (0.41%), N = 14, StdDev = 4.664 ns
Min = 293.157 ns, Q1 = 297.027 ns, Median = 300.777 ns, Q3 = 303.675 ns, Max = 310.411 ns
IQR = 6.648 ns, LowerFence = 287.055 ns, UpperFence = 313.647 ns
ConfidenceInterval = [295.245 ns; 305.768 ns] (CI 99.9%), Margin = 5.262 ns (1.75% of Mean)
Skewness = 0.15, Kurtosis = 2.44, MValue = 2
-------------------- Histogram --------------------
[291.818 ns ; 298.476 ns) | @@@@
[298.476 ns ; 312.951 ns) | @@@@@@@@@@
---------------------------------------------------

BinaryKeyDispatchBenchmarks.RawMemory: B_Published(Arguments=/p:ProductDirectory=C:/git/Dekaf-perf-improvements-20260907/pr-3082/published,/p:UseSharedCompilation=false, IterationCount=15, IterationTime=200ms, WarmupCount=5)
Runtime = .NET 10.0.11 (10.0.11, 10.0.1126.37416), X64 RyuJIT x86-64-v3; GC = Concurrent Workstation
Mean = 328.303 ns, StdErr = 3.637 ns (1.11%), N = 14, StdDev = 13.609 ns
Min = 313.865 ns, Q1 = 318.375 ns, Median = 324.901 ns, Q3 = 334.277 ns, Max = 361.696 ns
IQR = 15.902 ns, LowerFence = 294.522 ns, UpperFence = 358.131 ns
ConfidenceInterval = [312.952 ns; 343.654 ns] (CI 99.9%), Margin = 15.351 ns (4.68% of Mean)
Skewness = 1.06, Kurtosis = 3.14, MValue = 2
-------------------- Histogram --------------------
[306.454 ns ; 316.303 ns) | @
[316.303 ns ; 334.381 ns) | @@@@@@@@@
[334.381 ns ; 354.285 ns) | @@@
[354.285 ns ; 369.107 ns) | @
---------------------------------------------------

BinaryKeyDispatchBenchmarks.StringControl: B_Published(Arguments=/p:ProductDirectory=C:/git/Dekaf-perf-improvements-20260907/pr-3082/published,/p:UseSharedCompilation=false, IterationCount=15, IterationTime=200ms, WarmupCount=5)
Runtime = .NET 10.0.11 (10.0.11, 10.0.1126.37416), X64 RyuJIT x86-64-v3; GC = Concurrent Workstation
Mean = 312.488 ns, StdErr = 1.283 ns (0.41%), N = 14, StdDev = 4.800 ns
Min = 304.461 ns, Q1 = 310.805 ns, Median = 312.302 ns, Q3 = 314.765 ns, Max = 320.851 ns
IQR = 3.960 ns, LowerFence = 304.865 ns, UpperFence = 320.705 ns
ConfidenceInterval = [307.073 ns; 317.903 ns] (CI 99.9%), Margin = 5.415 ns (1.73% of Mean)
Skewness = 0.02, Kurtosis = 2.14, MValue = 2
-------------------- Histogram --------------------
[302.680 ns ; 309.993 ns) | @@@
[309.993 ns ; 323.465 ns) | @@@@@@@@@@@
---------------------------------------------------

BinaryKeyDispatchBenchmarks.ByteArray: C_Candidate(Arguments=/p:ProductDirectory=C:/git/Dekaf-perf-improvements-20260907/pr-3082/candidate,/p:UseSharedCompilation=false, IterationCount=15, IterationTime=200ms, WarmupCount=5)
Runtime = .NET 10.0.11 (10.0.11, 10.0.1126.37416), X64 RyuJIT x86-64-v3; GC = Concurrent Workstation
Mean = 307.587 ns, StdErr = 3.608 ns (1.17%), N = 14, StdDev = 13.499 ns
Min = 290.503 ns, Q1 = 297.603 ns, Median = 307.157 ns, Q3 = 314.541 ns, Max = 338.322 ns
IQR = 16.938 ns, LowerFence = 272.196 ns, UpperFence = 339.948 ns
ConfidenceInterval = [292.359 ns; 322.814 ns] (CI 99.9%), Margin = 15.227 ns (4.95% of Mean)
Skewness = 0.58, Kurtosis = 2.53, MValue = 2.29
-------------------- Histogram --------------------
[288.579 ns ; 307.954 ns) | @@@@@@@
[307.954 ns ; 322.656 ns) | @@@@@@
[322.656 ns ; 330.971 ns) | 
[330.971 ns ; 345.673 ns) | @
---------------------------------------------------

BinaryKeyDispatchBenchmarks.RawMemory: C_Candidate(Arguments=/p:ProductDirectory=C:/git/Dekaf-perf-improvements-20260907/pr-3082/candidate,/p:UseSharedCompilation=false, IterationCount=15, IterationTime=200ms, WarmupCount=5)
Runtime = .NET 10.0.11 (10.0.11, 10.0.1126.37416), X64 RyuJIT x86-64-v3; GC = Concurrent Workstation
Mean = 312.923 ns, StdErr = 1.632 ns (0.52%), N = 14, StdDev = 6.107 ns
Min = 306.580 ns, Q1 = 308.666 ns, Median = 311.110 ns, Q3 = 313.989 ns, Max = 325.971 ns
IQR = 5.323 ns, LowerFence = 300.681 ns, UpperFence = 321.974 ns
ConfidenceInterval = [306.034 ns; 319.812 ns] (CI 99.9%), Margin = 6.889 ns (2.20% of Mean)
Skewness = 0.99, Kurtosis = 2.62, MValue = 2
-------------------- Histogram --------------------
[306.004 ns ; 312.656 ns) | @@@@@@@@@
[312.656 ns ; 321.803 ns) | @@@
[321.803 ns ; 329.297 ns) | @@
---------------------------------------------------

BinaryKeyDispatchBenchmarks.StringControl: C_Candidate(Arguments=/p:ProductDirectory=C:/git/Dekaf-perf-improvements-20260907/pr-3082/candidate,/p:UseSharedCompilation=false, IterationCount=15, IterationTime=200ms, WarmupCount=5)
Runtime = .NET 10.0.11 (10.0.11, 10.0.1126.37416), X64 RyuJIT x86-64-v3; GC = Concurrent Workstation
Mean = 305.893 ns, StdErr = 1.696 ns (0.55%), N = 15, StdDev = 6.570 ns
Min = 297.724 ns, Q1 = 300.292 ns, Median = 306.274 ns, Q3 = 310.246 ns, Max = 317.005 ns
IQR = 9.953 ns, LowerFence = 285.363 ns, UpperFence = 325.175 ns
ConfidenceInterval = [298.868 ns; 312.917 ns] (CI 99.9%), Margin = 7.024 ns (2.30% of Mean)
Skewness = 0.34, Kurtosis = 1.56, MValue = 2
-------------------- Histogram --------------------
[296.461 ns ; 303.454 ns) | @@@@@@@
[303.454 ns ; 312.064 ns) | @@@@@
[312.064 ns ; 319.489 ns) | @@@
---------------------------------------------------

BinaryKeyDispatchBenchmarks.ByteArray: D_PublishedControl(Arguments=/p:ProductDirectory=C:/git/Dekaf-perf-improvements-20260907/pr-3082/published,/p:UseSharedCompilation=false, IterationCount=15, IterationTime=200ms, WarmupCount=5)
Runtime = .NET 10.0.11 (10.0.11, 10.0.1126.37416), X64 RyuJIT x86-64-v3; GC = Concurrent Workstation
Mean = 312.161 ns, StdErr = 4.342 ns (1.39%), N = 15, StdDev = 16.817 ns
Min = 293.298 ns, Q1 = 300.725 ns, Median = 304.220 ns, Q3 = 321.258 ns, Max = 347.063 ns
IQR = 20.533 ns, LowerFence = 269.925 ns, UpperFence = 352.057 ns
ConfidenceInterval = [294.183 ns; 330.140 ns] (CI 99.9%), Margin = 17.979 ns (5.76% of Mean)
Skewness = 0.8, Kurtosis = 2.14, MValue = 2.67
-------------------- Histogram --------------------
[290.133 ns ; 308.033 ns) | @@@@@@@@@
[308.033 ns ; 320.045 ns) | @
[320.045 ns ; 337.945 ns) | @@@@
[337.945 ns ; 356.013 ns) | @
---------------------------------------------------

BinaryKeyDispatchBenchmarks.RawMemory: D_PublishedControl(Arguments=/p:ProductDirectory=C:/git/Dekaf-perf-improvements-20260907/pr-3082/published,/p:UseSharedCompilation=false, IterationCount=15, IterationTime=200ms, WarmupCount=5)
Runtime = .NET 10.0.11 (10.0.11, 10.0.1126.37416), X64 RyuJIT x86-64-v3; GC = Concurrent Workstation
Mean = 304.381 ns, StdErr = 1.202 ns (0.39%), N = 15, StdDev = 4.656 ns
Min = 298.593 ns, Q1 = 300.977 ns, Median = 303.292 ns, Q3 = 306.590 ns, Max = 313.615 ns
IQR = 5.613 ns, LowerFence = 292.557 ns, UpperFence = 315.010 ns
ConfidenceInterval = [299.404 ns; 309.358 ns] (CI 99.9%), Margin = 4.977 ns (1.64% of Mean)
Skewness = 0.65, Kurtosis = 2.24, MValue = 2
-------------------- Histogram --------------------
[297.933 ns ; 309.518 ns) | @@@@@@@@@@@@@
[309.518 ns ; 316.093 ns) | @@
---------------------------------------------------

BinaryKeyDispatchBenchmarks.StringControl: D_PublishedControl(Arguments=/p:ProductDirectory=C:/git/Dekaf-perf-improvements-20260907/pr-3082/published,/p:UseSharedCompilation=false, IterationCount=15, IterationTime=200ms, WarmupCount=5)
Runtime = .NET 10.0.11 (10.0.11, 10.0.1126.37416), X64 RyuJIT x86-64-v3; GC = Concurrent Workstation
Mean = 308.074 ns, StdErr = 2.688 ns (0.87%), N = 14, StdDev = 10.056 ns
Min = 295.986 ns, Q1 = 300.793 ns, Median = 307.496 ns, Q3 = 313.097 ns, Max = 330.777 ns
IQR = 12.304 ns, LowerFence = 282.337 ns, UpperFence = 331.553 ns
ConfidenceInterval = [296.730 ns; 319.418 ns] (CI 99.9%), Margin = 11.344 ns (3.68% of Mean)
Skewness = 0.7, Kurtosis = 2.51, MValue = 2
-------------------- Histogram --------------------
[290.509 ns ; 298.383 ns) | @@
[298.383 ns ; 312.328 ns) | @@@@@@@@
[312.328 ns ; 323.281 ns) | @@@
[323.281 ns ; 336.253 ns) | @
---------------------------------------------------

BinaryKeyDispatchBenchmarks.ByteArray: E_BaselineControl(Arguments=/p:ProductDirectory=C:/git/Dekaf-perf-improvements-20260907/pr-3082/baseline,/p:UseSharedCompilation=false, IterationCount=15, IterationTime=200ms, WarmupCount=5)
Runtime = .NET 10.0.11 (10.0.11, 10.0.1126.37416), X64 RyuJIT x86-64-v3; GC = Concurrent Workstation
Mean = 1.453 us, StdErr = 0.011 us (0.75%), N = 13, StdDev = 0.039 us
Min = 1.396 us, Q1 = 1.425 us, Median = 1.438 us, Q3 = 1.491 us, Max = 1.510 us
IQR = 0.066 us, LowerFence = 1.325 us, UpperFence = 1.590 us
ConfidenceInterval = [1.405 us; 1.500 us] (CI 99.9%), Margin = 0.047 us (3.25% of Mean)
Skewness = 0.22, Kurtosis = 1.35, MValue = 2
-------------------- Histogram --------------------
[1.374 us ; 1.405 us) | @
[1.405 us ; 1.449 us) | @@@@@@@
[1.449 us ; 1.519 us) | @@@@@
---------------------------------------------------

BinaryKeyDispatchBenchmarks.RawMemory: E_BaselineControl(Arguments=/p:ProductDirectory=C:/git/Dekaf-perf-improvements-20260907/pr-3082/baseline,/p:UseSharedCompilation=false, IterationCount=15, IterationTime=200ms, WarmupCount=5)
Runtime = .NET 10.0.11 (10.0.11, 10.0.1126.37416), X64 RyuJIT x86-64-v3; GC = Concurrent Workstation
Mean = 1.451 us, StdErr = 0.011 us (0.74%), N = 14, StdDev = 0.040 us
Min = 1.387 us, Q1 = 1.422 us, Median = 1.457 us, Q3 = 1.474 us, Max = 1.524 us
IQR = 0.053 us, LowerFence = 1.343 us, UpperFence = 1.553 us
ConfidenceInterval = [1.405 us; 1.496 us] (CI 99.9%), Margin = 0.045 us (3.12% of Mean)
Skewness = 0.19, Kurtosis = 1.85, MValue = 2
-------------------- Histogram --------------------
[1.385 us ; 1.429 us) | @@@@@@
[1.429 us ; 1.487 us) | @@@@@@
[1.487 us ; 1.546 us) | @@
---------------------------------------------------

BinaryKeyDispatchBenchmarks.StringControl: E_BaselineControl(Arguments=/p:ProductDirectory=C:/git/Dekaf-perf-improvements-20260907/pr-3082/baseline,/p:UseSharedCompilation=false, IterationCount=15, IterationTime=200ms, WarmupCount=5)
Runtime = .NET 10.0.11 (10.0.11, 10.0.1126.37416), X64 RyuJIT x86-64-v3; GC = Concurrent Workstation
Mean = 317.238 ns, StdErr = 3.349 ns (1.06%), N = 13, StdDev = 12.075 ns
Min = 304.284 ns, Q1 = 306.950 ns, Median = 314.203 ns, Q3 = 321.625 ns, Max = 345.116 ns
IQR = 14.676 ns, LowerFence = 284.936 ns, UpperFence = 343.639 ns
ConfidenceInterval = [302.778 ns; 331.698 ns] (CI 99.9%), Margin = 14.460 ns (4.56% of Mean)
Skewness = 1.01, Kurtosis = 2.94, MValue = 2.29
-------------------- Histogram --------------------
[297.544 ns ; 305.407 ns) | @
[305.407 ns ; 318.887 ns) | @@@@@@@@
[318.887 ns ; 334.128 ns) | @@
[334.128 ns ; 347.609 ns) | @@
---------------------------------------------------

// * Summary *

BenchmarkDotNet v0.15.8, Windows 11 (10.0.26200.9168/25H2/2025Update/HudsonValley2)
12th Gen Intel Core i7-12700K 3.60GHz, 1 CPU, 20 logical and 12 physical cores
.NET SDK 10.0.400
  [Host]             : .NET 10.0.11 (10.0.11, 10.0.1126.37416), X64 RyuJIT x86-64-v3
  A_Baseline         : .NET 10.0.11 (10.0.11, 10.0.1126.37416), X64 RyuJIT x86-64-v3
  B_Published        : .NET 10.0.11 (10.0.11, 10.0.1126.37416), X64 RyuJIT x86-64-v3
  C_Candidate        : .NET 10.0.11 (10.0.11, 10.0.1126.37416), X64 RyuJIT x86-64-v3
  D_PublishedControl : .NET 10.0.11 (10.0.11, 10.0.1126.37416), X64 RyuJIT x86-64-v3
  E_BaselineControl  : .NET 10.0.11 (10.0.11, 10.0.1126.37416), X64 RyuJIT x86-64-v3

IterationCount=15  IterationTime=200ms  WarmupCount=5  

| Method        | Job                | Arguments                                                                                                   | Mean       | Error     | StdDev    | Gen0   | Gen1   | Gen2   | Allocated |
|-------------- |------------------- |------------------------------------------------------------------------------------------------------------ |-----------:|----------:|----------:|-------:|-------:|-------:|----------:|
| ByteArray     | A_Baseline         | /p:ProductDirectory=C:/git/Dekaf-perf-improvements-20260907/pr-3082/baseline,/p:UseSharedCompilation=false  | 1,451.8 ns |  39.63 ns |  33.09 ns | 0.1789 | 0.1491 | 0.0298 |    2272 B |
| RawMemory     | A_Baseline         | /p:ProductDirectory=C:/git/Dekaf-perf-improvements-20260907/pr-3082/baseline,/p:UseSharedCompilation=false  | 1,566.0 ns | 148.32 ns | 131.48 ns | 0.1788 | 0.1375 | 0.0275 |    2379 B |
| StringControl | A_Baseline         | /p:ProductDirectory=C:/git/Dekaf-perf-improvements-20260907/pr-3082/baseline,/p:UseSharedCompilation=false  |   311.1 ns |   3.93 ns |   3.28 ns | 0.0605 | 0.0605 | 0.0605 |     557 B |
| ByteArray     | B_Published        | /p:ProductDirectory=C:/git/Dekaf-perf-improvements-20260907/pr-3082/published,/p:UseSharedCompilation=false |   300.5 ns |   5.26 ns |   4.66 ns | 0.0596 | 0.0596 | 0.0596 |     557 B |
| RawMemory     | B_Published        | /p:ProductDirectory=C:/git/Dekaf-perf-improvements-20260907/pr-3082/published,/p:UseSharedCompilation=false |   328.3 ns |  15.35 ns |  13.61 ns | 0.0635 | 0.0635 | 0.0635 |     597 B |
| StringControl | B_Published        | /p:ProductDirectory=C:/git/Dekaf-perf-improvements-20260907/pr-3082/published,/p:UseSharedCompilation=false |   312.5 ns |   5.41 ns |   4.80 ns | 0.0600 | 0.0600 | 0.0600 |     557 B |
| ByteArray     | C_Candidate        | /p:ProductDirectory=C:/git/Dekaf-perf-improvements-20260907/pr-3082/candidate,/p:UseSharedCompilation=false |   307.6 ns |  15.23 ns |  13.50 ns | 0.0608 | 0.0608 | 0.0608 |     557 B |
| RawMemory     | C_Candidate        | /p:ProductDirectory=C:/git/Dekaf-perf-improvements-20260907/pr-3082/candidate,/p:UseSharedCompilation=false |   312.9 ns |   6.89 ns |   6.11 ns | 0.0641 | 0.0641 | 0.0641 |     597 B |
| StringControl | C_Candidate        | /p:ProductDirectory=C:/git/Dekaf-perf-improvements-20260907/pr-3082/candidate,/p:UseSharedCompilation=false |   305.9 ns |   7.02 ns |   6.57 ns | 0.0600 | 0.0600 | 0.0600 |     557 B |
| ByteArray     | D_PublishedControl | /p:ProductDirectory=C:/git/Dekaf-perf-improvements-20260907/pr-3082/published,/p:UseSharedCompilation=false |   312.2 ns |  17.98 ns |  16.82 ns | 0.0604 | 0.0604 | 0.0604 |     557 B |
| RawMemory     | D_PublishedControl | /p:ProductDirectory=C:/git/Dekaf-perf-improvements-20260907/pr-3082/published,/p:UseSharedCompilation=false |   304.4 ns |   4.98 ns |   4.66 ns | 0.0648 | 0.0648 | 0.0648 |     597 B |
| StringControl | D_PublishedControl | /p:ProductDirectory=C:/git/Dekaf-perf-improvements-20260907/pr-3082/published,/p:UseSharedCompilation=false |   308.1 ns |  11.34 ns |  10.06 ns | 0.0596 | 0.0596 | 0.0596 |     557 B |
| ByteArray     | E_BaselineControl  | /p:ProductDirectory=C:/git/Dekaf-perf-improvements-20260907/pr-3082/baseline,/p:UseSharedCompilation=false  | 1,452.5 ns |  47.15 ns |  39.37 ns | 0.1705 | 0.1395 | 0.0155 |    2276 B |
| RawMemory     | E_BaselineControl  | /p:ProductDirectory=C:/git/Dekaf-perf-improvements-20260907/pr-3082/baseline,/p:UseSharedCompilation=false  | 1,450.6 ns |  45.26 ns |  40.12 ns | 0.1924 | 0.1480 | 0.0296 |    2362 B |
| StringControl | E_BaselineControl  | /p:ProductDirectory=C:/git/Dekaf-perf-improvements-20260907/pr-3082/baseline,/p:UseSharedCompilation=false  |   317.2 ns |  14.46 ns |  12.07 ns | 0.0608 | 0.0608 | 0.0608 |     557 B |

// * Warnings *
MinIterationTime
  BinaryKeyDispatchBenchmarks.ByteArray: E_BaselineControl -> The minimum observed iteration time is 90.078ms which is very small. It's recommended to increase it to at least 100ms using more operations.

// * Hints *
Outliers
  BinaryKeyDispatchBenchmarks.ByteArray: A_Baseline             -> 2 outliers were removed (1.60 us, 1.66 us)
  BinaryKeyDispatchBenchmarks.RawMemory: A_Baseline             -> 1 outlier  was  removed (2.06 us)
  BinaryKeyDispatchBenchmarks.StringControl: A_Baseline         -> 2 outliers were removed (321.04 ns, 377.14 ns)
  BinaryKeyDispatchBenchmarks.ByteArray: B_Published            -> 1 outlier  was  removed (315.06 ns)
  BinaryKeyDispatchBenchmarks.RawMemory: B_Published            -> 1 outlier  was  removed (378.83 ns)
  BinaryKeyDispatchBenchmarks.StringControl: B_Published        -> 1 outlier  was  removed (325.64 ns)
  BinaryKeyDispatchBenchmarks.ByteArray: C_Candidate            -> 1 outlier  was  removed (365.78 ns)
  BinaryKeyDispatchBenchmarks.RawMemory: C_Candidate            -> 1 outlier  was  removed (388.74 ns)
  BinaryKeyDispatchBenchmarks.StringControl: D_PublishedControl -> 1 outlier  was  removed (347.70 ns)
  BinaryKeyDispatchBenchmarks.ByteArray: E_BaselineControl      -> 2 outliers were removed (1.64 us, 1.73 us)
  BinaryKeyDispatchBenchmarks.RawMemory: E_BaselineControl      -> 1 outlier  was  removed (1.71 us)
  BinaryKeyDispatchBenchmarks.StringControl: E_BaselineControl  -> 2 outliers were removed (360.47 ns, 366.79 ns)

// * Legends *
  Mean      : Arithmetic mean of all measurements
  Error     : Half of 99.9% confidence interval
  StdDev    : Standard deviation of all measurements
  Gen0      : GC Generation 0 collects per 1000 operations
  Gen1      : GC Generation 1 collects per 1000 operations
  Gen2      : GC Generation 2 collects per 1000 operations
  Allocated : Allocated memory per single operation (managed only, inclusive, 1KB = 1024B)
  1 ns      : 1 Nanosecond (0.000000001 sec)

// * Diagnostic Output - MemoryDiagnoser *


// ***** BenchmarkRunner: End *****
Run time: 00:01:28 (88.54 sec), executed benchmarks: 15

// Found 30 benchmarks:
//   DistinctBinaryKeyDispatchBenchmarks.ByteArray: A_Baseline(Arguments=/p:ProductDirectory=C:/git/Dekaf-perf-improvements-20260907/pr-3082/baseline,/p:UseSharedCompilation=false, IterationCount=15, IterationTime=200ms, WarmupCount=5) [KeySize=8]
//   DistinctBinaryKeyDispatchBenchmarks.RawMemory: A_Baseline(Arguments=/p:ProductDirectory=C:/git/Dekaf-perf-improvements-20260907/pr-3082/baseline,/p:UseSharedCompilation=false, IterationCount=15, IterationTime=200ms, WarmupCount=5) [KeySize=8]
//   DistinctBinaryKeyDispatchBenchmarks.ByteArray: B_Published(Arguments=/p:ProductDirectory=C:/git/Dekaf-perf-improvements-20260907/pr-3082/published,/p:UseSharedCompilation=false, IterationCount=15, IterationTime=200ms, WarmupCount=5) [KeySize=8]
//   DistinctBinaryKeyDispatchBenchmarks.RawMemory: B_Published(Arguments=/p:ProductDirectory=C:/git/Dekaf-perf-improvements-20260907/pr-3082/published,/p:UseSharedCompilation=false, IterationCount=15, IterationTime=200ms, WarmupCount=5) [KeySize=8]
//   DistinctBinaryKeyDispatchBenchmarks.ByteArray: C_Candidate(Arguments=/p:ProductDirectory=C:/git/Dekaf-perf-improvements-20260907/pr-3082/candidate,/p:UseSharedCompilation=false, IterationCount=15, IterationTime=200ms, WarmupCount=5) [KeySize=8]
//   DistinctBinaryKeyDispatchBenchmarks.RawMemory: C_Candidate(Arguments=/p:ProductDirectory=C:/git/Dekaf-perf-improvements-20260907/pr-3082/candidate,/p:UseSharedCompilation=false, IterationCount=15, IterationTime=200ms, WarmupCount=5) [KeySize=8]
//   DistinctBinaryKeyDispatchBenchmarks.ByteArray: D_PublishedControl(Arguments=/p:ProductDirectory=C:/git/Dekaf-perf-improvements-20260907/pr-3082/published,/p:UseSharedCompilation=false, IterationCount=15, IterationTime=200ms, WarmupCount=5) [KeySize=8]
//   DistinctBinaryKeyDispatchBenchmarks.RawMemory: D_PublishedControl(Arguments=/p:ProductDirectory=C:/git/Dekaf-perf-improvements-20260907/pr-3082/published,/p:UseSharedCompilation=false, IterationCount=15, IterationTime=200ms, WarmupCount=5) [KeySize=8]
//   DistinctBinaryKeyDispatchBenchmarks.ByteArray: E_BaselineControl(Arguments=/p:ProductDirectory=C:/git/Dekaf-perf-improvements-20260907/pr-3082/baseline,/p:UseSharedCompilation=false, IterationCount=15, IterationTime=200ms, WarmupCount=5) [KeySize=8]
//   DistinctBinaryKeyDispatchBenchmarks.RawMemory: E_BaselineControl(Arguments=/p:ProductDirectory=C:/git/Dekaf-perf-improvements-20260907/pr-3082/baseline,/p:UseSharedCompilation=false, IterationCount=15, IterationTime=200ms, WarmupCount=5) [KeySize=8]
//   DistinctBinaryKeyDispatchBenchmarks.ByteArray: A_Baseline(Arguments=/p:ProductDirectory=C:/git/Dekaf-perf-improvements-20260907/pr-3082/baseline,/p:UseSharedCompilation=false, IterationCount=15, IterationTime=200ms, WarmupCount=5) [KeySize=1024]
//   DistinctBinaryKeyDispatchBenchmarks.RawMemory: A_Baseline(Arguments=/p:ProductDirectory=C:/git/Dekaf-perf-improvements-20260907/pr-3082/baseline,/p:UseSharedCompilation=false, IterationCount=15, IterationTime=200ms, WarmupCount=5) [KeySize=1024]
//   DistinctBinaryKeyDispatchBenchmarks.ByteArray: B_Published(Arguments=/p:ProductDirectory=C:/git/Dekaf-perf-improvements-20260907/pr-3082/published,/p:UseSharedCompilation=false, IterationCount=15, IterationTime=200ms, WarmupCount=5) [KeySize=1024]
//   DistinctBinaryKeyDispatchBenchmarks.RawMemory: B_Published(Arguments=/p:ProductDirectory=C:/git/Dekaf-perf-improvements-20260907/pr-3082/published,/p:UseSharedCompilation=false, IterationCount=15, IterationTime=200ms, WarmupCount=5) [KeySize=1024]
//   DistinctBinaryKeyDispatchBenchmarks.ByteArray: C_Candidate(Arguments=/p:ProductDirectory=C:/git/Dekaf-perf-improvements-20260907/pr-3082/candidate,/p:UseSharedCompilation=false, IterationCount=15, IterationTime=200ms, WarmupCount=5) [KeySize=1024]
//   DistinctBinaryKeyDispatchBenchmarks.RawMemory: C_Candidate(Arguments=/p:ProductDirectory=C:/git/Dekaf-perf-improvements-20260907/pr-3082/candidate,/p:UseSharedCompilation=false, IterationCount=15, IterationTime=200ms, WarmupCount=5) [KeySize=1024]
//   DistinctBinaryKeyDispatchBenchmarks.ByteArray: D_PublishedControl(Arguments=/p:ProductDirectory=C:/git/Dekaf-perf-improvements-20260907/pr-3082/published,/p:UseSharedCompilation=false, IterationCount=15, IterationTime=200ms, WarmupCount=5) [KeySize=1024]
//   DistinctBinaryKeyDispatchBenchmarks.RawMemory: D_PublishedControl(Arguments=/p:ProductDirectory=C:/git/Dekaf-perf-improvements-20260907/pr-3082/published,/p:UseSharedCompilation=false, IterationCount=15, IterationTime=200ms, WarmupCount=5) [KeySize=1024]
//   DistinctBinaryKeyDispatchBenchmarks.ByteArray: E_BaselineControl(Arguments=/p:ProductDirectory=C:/git/Dekaf-perf-improvements-20260907/pr-3082/baseline,/p:UseSharedCompilation=false, IterationCount=15, IterationTime=200ms, WarmupCount=5) [KeySize=1024]
//   DistinctBinaryKeyDispatchBenchmarks.RawMemory: E_BaselineControl(Arguments=/p:ProductDirectory=C:/git/Dekaf-perf-improvements-20260907/pr-3082/baseline,/p:UseSharedCompilation=false, IterationCount=15, IterationTime=200ms, WarmupCount=5) [KeySize=1024]
//   DistinctBinaryKeyDispatchBenchmarks.ByteArray: A_Baseline(Arguments=/p:ProductDirectory=C:/git/Dekaf-perf-improvements-20260907/pr-3082/baseline,/p:UseSharedCompilation=false, IterationCount=15, IterationTime=200ms, WarmupCount=5) [KeySize=65536]
//   DistinctBinaryKeyDispatchBenchmarks.RawMemory: A_Baseline(Arguments=/p:ProductDirectory=C:/git/Dekaf-perf-improvements-20260907/pr-3082/baseline,/p:UseSharedCompilation=false, IterationCount=15, IterationTime=200ms, WarmupCount=5) [KeySize=65536]
//   DistinctBinaryKeyDispatchBenchmarks.ByteArray: B_Published(Arguments=/p:ProductDirectory=C:/git/Dekaf-perf-improvements-20260907/pr-3082/published,/p:UseSharedCompilation=false, IterationCount=15, IterationTime=200ms, WarmupCount=5) [KeySize=65536]
//   DistinctBinaryKeyDispatchBenchmarks.RawMemory: B_Published(Arguments=/p:ProductDirectory=C:/git/Dekaf-perf-improvements-20260907/pr-3082/published,/p:UseSharedCompilation=false, IterationCount=15, IterationTime=200ms, WarmupCount=5) [KeySize=65536]
//   DistinctBinaryKeyDispatchBenchmarks.ByteArray: C_Candidate(Arguments=/p:ProductDirectory=C:/git/Dekaf-perf-improvements-20260907/pr-3082/candidate,/p:UseSharedCompilation=false, IterationCount=15, IterationTime=200ms, WarmupCount=5) [KeySize=65536]
//   DistinctBinaryKeyDispatchBenchmarks.RawMemory: C_Candidate(Arguments=/p:ProductDirectory=C:/git/Dekaf-perf-improvements-20260907/pr-3082/candidate,/p:UseSharedCompilation=false, IterationCount=15, IterationTime=200ms, WarmupCount=5) [KeySize=65536]
//   DistinctBinaryKeyDispatchBenchmarks.ByteArray: D_PublishedControl(Arguments=/p:ProductDirectory=C:/git/Dekaf-perf-improvements-20260907/pr-3082/published,/p:UseSharedCompilation=false, IterationCount=15, IterationTime=200ms, WarmupCount=5) [KeySize=65536]
//   DistinctBinaryKeyDispatchBenchmarks.RawMemory: D_PublishedControl(Arguments=/p:ProductDirectory=C:/git/Dekaf-perf-improvements-20260907/pr-3082/published,/p:UseSharedCompilation=false, IterationCount=15, IterationTime=200ms, WarmupCount=5) [KeySize=65536]
//   DistinctBinaryKeyDispatchBenchmarks.ByteArray: E_BaselineControl(Arguments=/p:ProductDirectory=C:/git/Dekaf-perf-improvements-20260907/pr-3082/baseline,/p:UseSharedCompilation=false, IterationCount=15, IterationTime=200ms, WarmupCount=5) [KeySize=65536]
//   DistinctBinaryKeyDispatchBenchmarks.RawMemory: E_BaselineControl(Arguments=/p:ProductDirectory=C:/git/Dekaf-perf-improvements-20260907/pr-3082/baseline,/p:UseSharedCompilation=false, IterationCount=15, IterationTime=200ms, WarmupCount=5) [KeySize=65536]

Setup power plan (GUID: 8c5e7fda-e8bf-4a96-9a85-a6e23a8c635c FriendlyName: High performance)
// **************************
// Benchmark: DistinctBinaryKeyDispatchBenchmarks.ByteArray: A_Baseline(Arguments=/p:ProductDirectory=C:/git/Dekaf-perf-improvements-20260907/pr-3082/baseline,/p:UseSharedCompilation=false, IterationCount=15, IterationTime=200ms, WarmupCount=5) [KeySize=8]
// *** Execute ***
// Launch: 1 / 1
// Execute: dotnet Dekaf.Benchmarks-A_Baseline-1.dll --anonymousPipes 1908 1924 --benchmarkName "Dekaf.Benchmarks.Benchmarks.Unit.DistinctBinaryKeyDispatchBenchmarks.ByteArray(KeySize: 8)" --job A_Baseline --benchmarkId 6 in C:\git\Dekaf-perf-improvements-20260907\pr-3082\comparison\bin\Release\net10.0\Dekaf.Benchmarks-A_Baseline-1\bin\Release\net10.0
// BeforeAnythingElse

// Benchmark Process Environment Information:
// BenchmarkDotNet v0.15.8
// Runtime=.NET 10.0.11 (10.0.11, 10.0.1126.37416), X64 RyuJIT x86-64-v3
// GC=Concurrent Workstation
// HardwareIntrinsics=AVX2+BMI1+BMI2+F16C+FMA+LZCNT+MOVBE,AVX,SSE3+SSSE3+SSE4.1+SSE4.2+POPCNT,X86Base+SSE+SSE2,AES+PCLMUL,AvxVnni,SERIALIZE VectorSize=256
// Job: A_Baseline(IterationCount=15, IterationTime=200ms, WarmupCount=5)

OverheadJitting  1: 128 op, 117200.00 ns, 915.6250 ns/op
WorkloadJitting  1: 128 op, 30966400.00 ns, 241.9250 us/op

WorkloadPilot    1: 512 op, 1673900.00 ns, 3.2693 us/op
WorkloadPilot    2: 61184 op, 190255900.00 ns, 3.1096 us/op
WorkloadPilot    3: 64256 op, 285015200.00 ns, 4.4356 us/op
WorkloadPilot    4: 45056 op, 170237900.00 ns, 3.7784 us/op
WorkloadPilot    5: 52992 op, 143462900.00 ns, 2.7073 us/op
WorkloadPilot    6: 73856 op, 183670200.00 ns, 2.4869 us/op
WorkloadPilot    7: 80384 op, 177479200.00 ns, 2.2079 us/op
WorkloadPilot    8: 90624 op, 156804400.00 ns, 1.7303 us/op
WorkloadPilot    9: 115584 op, 176488000.00 ns, 1.5269 us/op
WorkloadPilot   10: 130944 op, 195983100.00 ns, 1.4967 us/op
WorkloadPilot   11: 133632 op, 208088000.00 ns, 1.5572 us/op
WorkloadPilot   12: 128384 op, 197320500.00 ns, 1.5370 us/op
WorkloadPilot   13: 130176 op, 197640500.00 ns, 1.5183 us/op
WorkloadPilot   14: 131712 op, 197575900.00 ns, 1.5001 us/op
WorkloadPilot   15: 133376 op, 202467600.00 ns, 1.5180 us/op

WorkloadWarmup   1: 133376 op, 204228200.00 ns, 1.5312 us/op
WorkloadWarmup   2: 133376 op, 205067100.00 ns, 1.5375 us/op
WorkloadWarmup   3: 133376 op, 201875900.00 ns, 1.5136 us/op
WorkloadWarmup   4: 133376 op, 198526700.00 ns, 1.4885 us/op
WorkloadWarmup   5: 133376 op, 202356900.00 ns, 1.5172 us/op

// BeforeActualRun
WorkloadActual   1: 133376 op, 200364200.00 ns, 1.5023 us/op
WorkloadActual   2: 133376 op, 212925600.00 ns, 1.5964 us/op
WorkloadActual   3: 133376 op, 201854000.00 ns, 1.5134 us/op
WorkloadActual   4: 133376 op, 200593100.00 ns, 1.5040 us/op
WorkloadActual   5: 133376 op, 200900100.00 ns, 1.5063 us/op
WorkloadActual   6: 133376 op, 197596600.00 ns, 1.4815 us/op
WorkloadActual   7: 133376 op, 207286000.00 ns, 1.5541 us/op
WorkloadActual   8: 133376 op, 202244300.00 ns, 1.5163 us/op
WorkloadActual   9: 133376 op, 201013200.00 ns, 1.5071 us/op
WorkloadActual  10: 133376 op, 203022600.00 ns, 1.5222 us/op
WorkloadActual  11: 133376 op, 205039900.00 ns, 1.5373 us/op
WorkloadActual  12: 133376 op, 213444700.00 ns, 1.6003 us/op
WorkloadActual  13: 133376 op, 207161800.00 ns, 1.5532 us/op
WorkloadActual  14: 133376 op, 201467200.00 ns, 1.5105 us/op
WorkloadActual  15: 133376 op, 256639400.00 ns, 1.9242 us/op

// AfterActualRun
WorkloadResult   1: 133376 op, 200364200.00 ns, 1.5023 us/op
WorkloadResult   2: 133376 op, 212925600.00 ns, 1.5964 us/op
WorkloadResult   3: 133376 op, 201854000.00 ns, 1.5134 us/op
WorkloadResult   4: 133376 op, 200593100.00 ns, 1.5040 us/op
WorkloadResult   5: 133376 op, 200900100.00 ns, 1.5063 us/op
WorkloadResult   6: 133376 op, 197596600.00 ns, 1.4815 us/op
WorkloadResult   7: 133376 op, 207286000.00 ns, 1.5541 us/op
WorkloadResult   8: 133376 op, 202244300.00 ns, 1.5163 us/op
WorkloadResult   9: 133376 op, 201013200.00 ns, 1.5071 us/op
WorkloadResult  10: 133376 op, 203022600.00 ns, 1.5222 us/op
WorkloadResult  11: 133376 op, 205039900.00 ns, 1.5373 us/op
WorkloadResult  12: 133376 op, 213444700.00 ns, 1.6003 us/op
WorkloadResult  13: 133376 op, 207161800.00 ns, 1.5532 us/op
WorkloadResult  14: 133376 op, 201467200.00 ns, 1.5105 us/op
// GC:  23 9 0 307213744 133376
// Threading:  133376 40 133376

// AfterAll
// Benchmark Process 101444 has exited with code 0.

Mean = 1.529 us, StdErr = 0.009 us (0.62%), N = 14, StdDev = 0.035 us
Min = 1.482 us, Q1 = 1.506 us, Median = 1.515 us, Q3 = 1.549 us, Max = 1.600 us
IQR = 0.043 us, LowerFence = 1.442 us, UpperFence = 1.613 us
ConfidenceInterval = [1.489 us; 1.569 us] (CI 99.9%), Margin = 0.040 us (2.61% of Mean)
Skewness = 0.85, Kurtosis = 2.46, MValue = 2

// ** Remained 29 (64.4%) benchmark(s) to run. Estimated finish 2026-09-07 16:55 (0h 2m from now) **
Setup power plan (GUID: 8c5e7fda-e8bf-4a96-9a85-a6e23a8c635c FriendlyName: High performance)
// **************************
// Benchmark: DistinctBinaryKeyDispatchBenchmarks.RawMemory: A_Baseline(Arguments=/p:ProductDirectory=C:/git/Dekaf-perf-improvements-20260907/pr-3082/baseline,/p:UseSharedCompilation=false, IterationCount=15, IterationTime=200ms, WarmupCount=5) [KeySize=8]
// *** Execute ***
// Launch: 1 / 1
// Execute: dotnet Dekaf.Benchmarks-A_Baseline-1.dll --anonymousPipes 1980 1972 --benchmarkName "Dekaf.Benchmarks.Benchmarks.Unit.DistinctBinaryKeyDispatchBenchmarks.RawMemory(KeySize: 8)" --job A_Baseline --benchmarkId 7 in C:\git\Dekaf-perf-improvements-20260907\pr-3082\comparison\bin\Release\net10.0\Dekaf.Benchmarks-A_Baseline-1\bin\Release\net10.0
// BeforeAnythingElse

// Benchmark Process Environment Information:
// BenchmarkDotNet v0.15.8
// Runtime=.NET 10.0.11 (10.0.11, 10.0.1126.37416), X64 RyuJIT x86-64-v3
// GC=Concurrent Workstation
// HardwareIntrinsics=AVX2+BMI1+BMI2+F16C+FMA+LZCNT+MOVBE,AVX,SSE3+SSSE3+SSE4.1+SSE4.2+POPCNT,X86Base+SSE+SSE2,AES+PCLMUL,AvxVnni,SERIALIZE VectorSize=256
// Job: A_Baseline(IterationCount=15, IterationTime=200ms, WarmupCount=5)

OverheadJitting  1: 128 op, 131000.00 ns, 1.0234 us/op
WorkloadJitting  1: 128 op, 28645300.00 ns, 223.7914 us/op

WorkloadPilot    1: 512 op, 1678000.00 ns, 3.2773 us/op
WorkloadPilot    2: 61056 op, 184118300.00 ns, 3.0156 us/op
WorkloadPilot    3: 66304 op, 242238000.00 ns, 3.6534 us/op
WorkloadPilot    4: 54784 op, 181478100.00 ns, 3.3126 us/op
WorkloadPilot    5: 60416 op, 188329900.00 ns, 3.1172 us/op
WorkloadPilot    6: 64128 op, 149383800.00 ns, 2.3295 us/op
WorkloadPilot    7: 85888 op, 165018400.00 ns, 1.9213 us/op
WorkloadPilot    8: 104064 op, 214438100.00 ns, 2.0606 us/op
WorkloadPilot    9: 97024 op, 150666300.00 ns, 1.5529 us/op
WorkloadPilot   10: 128768 op, 199784200.00 ns, 1.5515 us/op

WorkloadWarmup   1: 128768 op, 194597500.00 ns, 1.5112 us/op
WorkloadWarmup   2: 128768 op, 191605200.00 ns, 1.4880 us/op
WorkloadWarmup   3: 128768 op, 190771200.00 ns, 1.4815 us/op
WorkloadWarmup   4: 128768 op, 194131600.00 ns, 1.5076 us/op
WorkloadWarmup   5: 128768 op, 213233400.00 ns, 1.6560 us/op

// BeforeActualRun
WorkloadActual   1: 128768 op, 215676400.00 ns, 1.6749 us/op
WorkloadActual   2: 128768 op, 219922700.00 ns, 1.7079 us/op
WorkloadActual   3: 128768 op, 230725600.00 ns, 1.7918 us/op
WorkloadActual   4: 128768 op, 196392600.00 ns, 1.5252 us/op
WorkloadActual   5: 128768 op, 193152600.00 ns, 1.5000 us/op
WorkloadActual   6: 128768 op, 192026200.00 ns, 1.4913 us/op
WorkloadActual   7: 128768 op, 193538700.00 ns, 1.5030 us/op
WorkloadActual   8: 128768 op, 191784000.00 ns, 1.4894 us/op
WorkloadActual   9: 128768 op, 198596400.00 ns, 1.5423 us/op
WorkloadActual  10: 128768 op, 198752200.00 ns, 1.5435 us/op
WorkloadActual  11: 128768 op, 196748400.00 ns, 1.5279 us/op
WorkloadActual  12: 128768 op, 196408300.00 ns, 1.5253 us/op
WorkloadActual  13: 128768 op, 191344400.00 ns, 1.4860 us/op
WorkloadActual  14: 128768 op, 189011600.00 ns, 1.4678 us/op
WorkloadActual  15: 128768 op, 194990000.00 ns, 1.5143 us/op

// AfterActualRun
WorkloadResult   1: 128768 op, 196392600.00 ns, 1.5252 us/op
WorkloadResult   2: 128768 op, 193152600.00 ns, 1.5000 us/op
WorkloadResult   3: 128768 op, 192026200.00 ns, 1.4913 us/op
WorkloadResult   4: 128768 op, 193538700.00 ns, 1.5030 us/op
WorkloadResult   5: 128768 op, 191784000.00 ns, 1.4894 us/op
WorkloadResult   6: 128768 op, 198596400.00 ns, 1.5423 us/op
WorkloadResult   7: 128768 op, 198752200.00 ns, 1.5435 us/op
WorkloadResult   8: 128768 op, 196748400.00 ns, 1.5279 us/op
WorkloadResult   9: 128768 op, 196408300.00 ns, 1.5253 us/op
WorkloadResult  10: 128768 op, 191344400.00 ns, 1.4860 us/op
WorkloadResult  11: 128768 op, 189011600.00 ns, 1.4678 us/op
WorkloadResult  12: 128768 op, 194990000.00 ns, 1.5143 us/op
// GC:  23 9 0 308801544 128768
// Threading:  128768 55 128768

// AfterAll
// Benchmark Process 65300 has exited with code 0.

Mean = 1.510 us, StdErr = 0.007 us (0.46%), N = 12, StdDev = 0.024 us
Min = 1.468 us, Q1 = 1.491 us, Median = 1.509 us, Q3 = 1.526 us, Max = 1.543 us
IQR = 0.035 us, LowerFence = 1.438 us, UpperFence = 1.579 us
ConfidenceInterval = [1.479 us; 1.540 us] (CI 99.9%), Margin = 0.031 us (2.02% of Mean)
Skewness = -0.09, Kurtosis = 1.64, MValue = 2

// ** Remained 28 (62.2%) benchmark(s) to run. Estimated finish 2026-09-07 16:55 (0h 2m from now) **
Setup power plan (GUID: 8c5e7fda-e8bf-4a96-9a85-a6e23a8c635c FriendlyName: High performance)
// **************************
// Benchmark: DistinctBinaryKeyDispatchBenchmarks.ByteArray: B_Published(Arguments=/p:ProductDirectory=C:/git/Dekaf-perf-improvements-20260907/pr-3082/published,/p:UseSharedCompilation=false, IterationCount=15, IterationTime=200ms, WarmupCount=5) [KeySize=8]
// *** Execute ***
// Launch: 1 / 1
// Execute: dotnet Dekaf.Benchmarks-B_Published-2.dll --anonymousPipes 564 1996 --benchmarkName "Dekaf.Benchmarks.Benchmarks.Unit.DistinctBinaryKeyDispatchBenchmarks.ByteArray(KeySize: 8)" --job B_Published --benchmarkId 6 in C:\git\Dekaf-perf-improvements-20260907\pr-3082\comparison\bin\Release\net10.0\Dekaf.Benchmarks-B_Published-2\bin\Release\net10.0
// BeforeAnythingElse

// Benchmark Process Environment Information:
// BenchmarkDotNet v0.15.8
// Runtime=.NET 10.0.11 (10.0.11, 10.0.1126.37416), X64 RyuJIT x86-64-v3
// GC=Concurrent Workstation
// HardwareIntrinsics=AVX2+BMI1+BMI2+F16C+FMA+LZCNT+MOVBE,AVX,SSE3+SSSE3+SSE4.1+SSE4.2+POPCNT,X86Base+SSE+SSE2,AES+PCLMUL,AvxVnni,SERIALIZE VectorSize=256
// Job: B_Published(IterationCount=15, IterationTime=200ms, WarmupCount=5)

OverheadJitting  1: 128 op, 148000.00 ns, 1.1563 us/op
WorkloadJitting  1: 128 op, 29481700.00 ns, 230.3258 us/op

WorkloadPilot    1: 512 op, 1544300.00 ns, 3.0162 us/op
WorkloadPilot    2: 66304 op, 194198900.00 ns, 2.9289 us/op
WorkloadPilot    3: 68224 op, 245618500.00 ns, 3.6002 us/op
WorkloadPilot    4: 55552 op, 187090900.00 ns, 3.3679 us/op
WorkloadPilot    5: 59392 op, 182813000.00 ns, 3.0781 us/op
WorkloadPilot    6: 65024 op, 148741700.00 ns, 2.2875 us/op
WorkloadPilot    7: 87424 op, 151346100.00 ns, 1.7312 us/op
WorkloadPilot    8: 115584 op, 190163700.00 ns, 1.6452 us/op
WorkloadPilot    9: 121600 op, 183198900.00 ns, 1.5066 us/op
WorkloadPilot   10: 132736 op, 202096000.00 ns, 1.5225 us/op
WorkloadPilot   11: 131328 op, 205899900.00 ns, 1.5678 us/op

WorkloadWarmup   1: 131328 op, 195992800.00 ns, 1.4924 us/op
WorkloadWarmup   2: 131328 op, 199026400.00 ns, 1.5155 us/op
WorkloadWarmup   3: 131328 op, 200620700.00 ns, 1.5276 us/op
WorkloadWarmup   4: 131328 op, 198013500.00 ns, 1.5078 us/op
WorkloadWarmup   5: 131328 op, 199220400.00 ns, 1.5170 us/op

// BeforeActualRun
WorkloadActual   1: 131328 op, 198794200.00 ns, 1.5137 us/op
WorkloadActual   2: 131328 op, 244220500.00 ns, 1.8596 us/op
WorkloadActual   3: 131328 op, 218848700.00 ns, 1.6664 us/op
WorkloadActual   4: 131328 op, 201550500.00 ns, 1.5347 us/op
WorkloadActual   5: 131328 op, 203499400.00 ns, 1.5496 us/op
WorkloadActual   6: 131328 op, 200342300.00 ns, 1.5255 us/op
WorkloadActual   7: 131328 op, 201352400.00 ns, 1.5332 us/op
WorkloadActual   8: 131328 op, 200751800.00 ns, 1.5286 us/op
WorkloadActual   9: 131328 op, 198130500.00 ns, 1.5087 us/op
WorkloadActual  10: 131328 op, 222034800.00 ns, 1.6907 us/op
WorkloadActual  11: 131328 op, 239304200.00 ns, 1.8222 us/op
WorkloadActual  12: 131328 op, 207231600.00 ns, 1.5780 us/op
WorkloadActual  13: 131328 op, 198374300.00 ns, 1.5105 us/op
WorkloadActual  14: 131328 op, 198012600.00 ns, 1.5078 us/op
WorkloadActual  15: 131328 op, 200530000.00 ns, 1.5269 us/op

// AfterActualRun
WorkloadResult   1: 131328 op, 198794200.00 ns, 1.5137 us/op
WorkloadResult   2: 131328 op, 218848700.00 ns, 1.6664 us/op
WorkloadResult   3: 131328 op, 201550500.00 ns, 1.5347 us/op
WorkloadResult   4: 131328 op, 203499400.00 ns, 1.5496 us/op
WorkloadResult   5: 131328 op, 200342300.00 ns, 1.5255 us/op
WorkloadResult   6: 131328 op, 201352400.00 ns, 1.5332 us/op
WorkloadResult   7: 131328 op, 200751800.00 ns, 1.5286 us/op
WorkloadResult   8: 131328 op, 198130500.00 ns, 1.5087 us/op
WorkloadResult   9: 131328 op, 222034800.00 ns, 1.6907 us/op
WorkloadResult  10: 131328 op, 207231600.00 ns, 1.5780 us/op
WorkloadResult  11: 131328 op, 198374300.00 ns, 1.5105 us/op
WorkloadResult  12: 131328 op, 198012600.00 ns, 1.5078 us/op
WorkloadResult  13: 131328 op, 200530000.00 ns, 1.5269 us/op
// GC:  23 8 0 302712496 131328
// Threading:  131328 50 131328

// AfterAll
// Benchmark Process 110008 has exited with code 0.

Mean = 1.552 us, StdErr = 0.017 us (1.06%), N = 13, StdDev = 0.060 us
Min = 1.508 us, Q1 = 1.514 us, Median = 1.529 us, Q3 = 1.550 us, Max = 1.691 us
IQR = 0.036 us, LowerFence = 1.460 us, UpperFence = 1.603 us
ConfidenceInterval = [1.481 us; 1.623 us] (CI 99.9%), Margin = 0.071 us (4.60% of Mean)
Skewness = 1.4, Kurtosis = 3.41, MValue = 2

// ** Remained 27 (60.0%) benchmark(s) to run. Estimated finish 2026-09-07 16:55 (0h 2m from now) **
Setup power plan (GUID: 8c5e7fda-e8bf-4a96-9a85-a6e23a8c635c FriendlyName: High performance)
// **************************
// Benchmark: DistinctBinaryKeyDispatchBenchmarks.RawMemory: B_Published(Arguments=/p:ProductDirectory=C:/git/Dekaf-perf-improvements-20260907/pr-3082/published,/p:UseSharedCompilation=false, IterationCount=15, IterationTime=200ms, WarmupCount=5) [KeySize=8]
// *** Execute ***
// Launch: 1 / 1
// Execute: dotnet Dekaf.Benchmarks-B_Published-2.dll --anonymousPipes 1200 1964 --benchmarkName "Dekaf.Benchmarks.Benchmarks.Unit.DistinctBinaryKeyDispatchBenchmarks.RawMemory(KeySize: 8)" --job B_Published --benchmarkId 7 in C:\git\Dekaf-perf-improvements-20260907\pr-3082\comparison\bin\Release\net10.0\Dekaf.Benchmarks-B_Published-2\bin\Release\net10.0
// BeforeAnythingElse

// Benchmark Process Environment Information:
// BenchmarkDotNet v0.15.8
// Runtime=.NET 10.0.11 (10.0.11, 10.0.1126.37416), X64 RyuJIT x86-64-v3
// GC=Concurrent Workstation
// HardwareIntrinsics=AVX2+BMI1+BMI2+F16C+FMA+LZCNT+MOVBE,AVX,SSE3+SSSE3+SSE4.1+SSE4.2+POPCNT,X86Base+SSE+SSE2,AES+PCLMUL,AvxVnni,SERIALIZE VectorSize=256
// Job: B_Published(IterationCount=15, IterationTime=200ms, WarmupCount=5)

OverheadJitting  1: 128 op, 105900.00 ns, 827.3438 ns/op
WorkloadJitting  1: 128 op, 31692300.00 ns, 247.5961 us/op

WorkloadPilot    1: 512 op, 1872100.00 ns, 3.6564 us/op
WorkloadPilot    2: 54656 op, 171699200.00 ns, 3.1415 us/op
WorkloadPilot    3: 63616 op, 214752300.00 ns, 3.3758 us/op
WorkloadPilot    4: 59264 op, 262845000.00 ns, 4.4352 us/op
WorkloadPilot    5: 45056 op, 144424100.00 ns, 3.2054 us/op
WorkloadPilot    6: 62336 op, 156918300.00 ns, 2.5173 us/op
WorkloadPilot    7: 79488 op, 186179300.00 ns, 2.3422 us/op
WorkloadPilot    8: 85376 op, 151178700.00 ns, 1.7707 us/op
WorkloadPilot    9: 112896 op, 187862300.00 ns, 1.6640 us/op
WorkloadPilot   10: 120192 op, 179831900.00 ns, 1.4962 us/op
WorkloadPilot   11: 133632 op, 200263800.00 ns, 1.4986 us/op

WorkloadWarmup   1: 133632 op, 208592500.00 ns, 1.5609 us/op
WorkloadWarmup   2: 133632 op, 203325600.00 ns, 1.5215 us/op
WorkloadWarmup   3: 133632 op, 206359700.00 ns, 1.5442 us/op
WorkloadWarmup   4: 133632 op, 199400500.00 ns, 1.4922 us/op
WorkloadWarmup   5: 133632 op, 211436600.00 ns, 1.5822 us/op

// BeforeActualRun
WorkloadActual   1: 133632 op, 200585400.00 ns, 1.5010 us/op
WorkloadActual   2: 133632 op, 200301700.00 ns, 1.4989 us/op
WorkloadActual   3: 133632 op, 199863700.00 ns, 1.4956 us/op
WorkloadActual   4: 133632 op, 210109900.00 ns, 1.5723 us/op
WorkloadActual   5: 133632 op, 201147300.00 ns, 1.5052 us/op
WorkloadActual   6: 133632 op, 202194100.00 ns, 1.5131 us/op
WorkloadActual   7: 133632 op, 202260900.00 ns, 1.5136 us/op
WorkloadActual   8: 133632 op, 199765700.00 ns, 1.4949 us/op
WorkloadActual   9: 133632 op, 199535600.00 ns, 1.4932 us/op
WorkloadActual  10: 133632 op, 199744300.00 ns, 1.4947 us/op
WorkloadActual  11: 133632 op, 198917300.00 ns, 1.4885 us/op
WorkloadActual  12: 133632 op, 206093200.00 ns, 1.5422 us/op
WorkloadActual  13: 133632 op, 197815900.00 ns, 1.4803 us/op
WorkloadActual  14: 133632 op, 197956300.00 ns, 1.4814 us/op
WorkloadActual  15: 133632 op, 198461300.00 ns, 1.4851 us/op

// AfterActualRun
WorkloadResult   1: 133632 op, 200585400.00 ns, 1.5010 us/op
WorkloadResult   2: 133632 op, 200301700.00 ns, 1.4989 us/op
WorkloadResult   3: 133632 op, 199863700.00 ns, 1.4956 us/op
WorkloadResult   4: 133632 op, 201147300.00 ns, 1.5052 us/op
WorkloadResult   5: 133632 op, 202194100.00 ns, 1.5131 us/op
WorkloadResult   6: 133632 op, 202260900.00 ns, 1.5136 us/op
WorkloadResult   7: 133632 op, 199765700.00 ns, 1.4949 us/op
WorkloadResult   8: 133632 op, 199535600.00 ns, 1.4932 us/op
WorkloadResult   9: 133632 op, 199744300.00 ns, 1.4947 us/op
WorkloadResult  10: 133632 op, 198917300.00 ns, 1.4885 us/op
WorkloadResult  11: 133632 op, 197815900.00 ns, 1.4803 us/op
WorkloadResult  12: 133632 op, 197956300.00 ns, 1.4814 us/op
WorkloadResult  13: 133632 op, 198461300.00 ns, 1.4851 us/op
// GC:  24 9 0 320301144 133632
// Threading:  133632 46 133632

// AfterAll
// Benchmark Process 95488 has exited with code 0.

Mean = 1.496 us, StdErr = 0.003 us (0.20%), N = 13, StdDev = 0.011 us
Min = 1.480 us, Q1 = 1.489 us, Median = 1.495 us, Q3 = 1.501 us, Max = 1.514 us
IQR = 0.012 us, LowerFence = 1.470 us, UpperFence = 1.520 us
ConfidenceInterval = [1.483 us; 1.509 us] (CI 99.9%), Margin = 0.013 us (0.85% of Mean)
Skewness = 0.21, Kurtosis = 1.87, MValue = 2

// ** Remained 26 (57.8%) benchmark(s) to run. Estimated finish 2026-09-07 16:55 (0h 2m from now) **
Setup power plan (GUID: 8c5e7fda-e8bf-4a96-9a85-a6e23a8c635c FriendlyName: High performance)
// **************************
// Benchmark: DistinctBinaryKeyDispatchBenchmarks.ByteArray: C_Candidate(Arguments=/p:ProductDirectory=C:/git/Dekaf-perf-improvements-20260907/pr-3082/candidate,/p:UseSharedCompilation=false, IterationCount=15, IterationTime=200ms, WarmupCount=5) [KeySize=8]
// *** Execute ***
// Launch: 1 / 1
// Execute: dotnet Dekaf.Benchmarks-C_Candidate-3.dll --anonymousPipes 1932 1892 --benchmarkName "Dekaf.Benchmarks.Benchmarks.Unit.DistinctBinaryKeyDispatchBenchmarks.ByteArray(KeySize: 8)" --job C_Candidate --benchmarkId 3 in C:\git\Dekaf-perf-improvements-20260907\pr-3082\comparison\bin\Release\net10.0\Dekaf.Benchmarks-C_Candidate-3\bin\Release\net10.0
// BeforeAnythingElse

// Benchmark Process Environment Information:
// BenchmarkDotNet v0.15.8
// Runtime=.NET 10.0.11 (10.0.11, 10.0.1126.37416), X64 RyuJIT x86-64-v3
// GC=Concurrent Workstation
// HardwareIntrinsics=AVX2+BMI1+BMI2+F16C+FMA+LZCNT+MOVBE,AVX,SSE3+SSSE3+SSE4.1+SSE4.2+POPCNT,X86Base+SSE+SSE2,AES+PCLMUL,AvxVnni,SERIALIZE VectorSize=256
// Job: C_Candidate(IterationCount=15, IterationTime=200ms, WarmupCount=5)

OverheadJitting  1: 128 op, 112900.00 ns, 882.0313 ns/op
WorkloadJitting  1: 128 op, 30637200.00 ns, 239.3531 us/op

WorkloadPilot    1: 512 op, 1538200.00 ns, 3.0043 us/op
WorkloadPilot    2: 66560 op, 187552000.00 ns, 2.8178 us/op
WorkloadPilot    3: 71040 op, 278787200.00 ns, 3.9244 us/op
WorkloadPilot    4: 50944 op, 191738900.00 ns, 3.7637 us/op
WorkloadPilot    5: 53120 op, 166662700.00 ns, 3.1375 us/op
WorkloadPilot    6: 63744 op, 173305800.00 ns, 2.7188 us/op
WorkloadPilot    7: 73600 op, 126792300.00 ns, 1.7227 us/op
WorkloadPilot    8: 116096 op, 176677000.00 ns, 1.5218 us/op
WorkloadPilot    9: 131456 op, 207663900.00 ns, 1.5797 us/op
WorkloadPilot   10: 126592 op, 192696100.00 ns, 1.5222 us/op
WorkloadPilot   11: 131328 op, 196979700.00 ns, 1.4999 us/op
WorkloadPilot   12: 133376 op, 234616800.00 ns, 1.7591 us/op

WorkloadWarmup   1: 133376 op, 222082200.00 ns, 1.6651 us/op
WorkloadWarmup   2: 133376 op, 206607800.00 ns, 1.5491 us/op
WorkloadWarmup   3: 133376 op, 201121800.00 ns, 1.5079 us/op
WorkloadWarmup   4: 133376 op, 196007800.00 ns, 1.4696 us/op
WorkloadWarmup   5: 133376 op, 198283900.00 ns, 1.4867 us/op

// BeforeActualRun
WorkloadActual   1: 133376 op, 201179300.00 ns, 1.5084 us/op
WorkloadActual   2: 133376 op, 213775600.00 ns, 1.6028 us/op
WorkloadActual   3: 133376 op, 216061400.00 ns, 1.6199 us/op
WorkloadActual   4: 133376 op, 219409700.00 ns, 1.6450 us/op
WorkloadActual   5: 133376 op, 256589400.00 ns, 1.9238 us/op
WorkloadActual   6: 133376 op, 202111100.00 ns, 1.5153 us/op
WorkloadActual   7: 133376 op, 201931700.00 ns, 1.5140 us/op
WorkloadActual   8: 133376 op, 201727000.00 ns, 1.5125 us/op
WorkloadActual   9: 133376 op, 195386100.00 ns, 1.4649 us/op
WorkloadActual  10: 133376 op, 197372700.00 ns, 1.4798 us/op
WorkloadActual  11: 133376 op, 203637800.00 ns, 1.5268 us/op
WorkloadActual  12: 133376 op, 214085200.00 ns, 1.6051 us/op
WorkloadActual  13: 133376 op, 204882900.00 ns, 1.5361 us/op
WorkloadActual  14: 133376 op, 200515400.00 ns, 1.5034 us/op
WorkloadActual  15: 133376 op, 201883000.00 ns, 1.5136 us/op

// AfterActualRun
WorkloadResult   1: 133376 op, 201179300.00 ns, 1.5084 us/op
WorkloadResult   2: 133376 op, 213775600.00 ns, 1.6028 us/op
WorkloadResult   3: 133376 op, 216061400.00 ns, 1.6199 us/op
WorkloadResult   4: 133376 op, 219409700.00 ns, 1.6450 us/op
WorkloadResult   5: 133376 op, 202111100.00 ns, 1.5153 us/op
WorkloadResult   6: 133376 op, 201931700.00 ns, 1.5140 us/op
WorkloadResult   7: 133376 op, 201727000.00 ns, 1.5125 us/op
WorkloadResult   8: 133376 op, 195386100.00 ns, 1.4649 us/op
WorkloadResult   9: 133376 op, 197372700.00 ns, 1.4798 us/op
WorkloadResult  10: 133376 op, 203637800.00 ns, 1.5268 us/op
WorkloadResult  11: 133376 op, 214085200.00 ns, 1.6051 us/op
WorkloadResult  12: 133376 op, 204882900.00 ns, 1.5361 us/op
WorkloadResult  13: 133376 op, 200515400.00 ns, 1.5034 us/op
WorkloadResult  14: 133376 op, 201883000.00 ns, 1.5136 us/op
// GC:  23 7 0 307710384 133376
// Threading:  133376 56 133376

// AfterAll
// Benchmark Process 98332 has exited with code 0.

Mean = 1.539 us, StdErr = 0.015 us (0.96%), N = 14, StdDev = 0.056 us
Min = 1.465 us, Q1 = 1.509 us, Median = 1.515 us, Q3 = 1.586 us, Max = 1.645 us
IQR = 0.077 us, LowerFence = 1.394 us, UpperFence = 1.701 us
ConfidenceInterval = [1.476 us; 1.602 us] (CI 99.9%), Margin = 0.063 us (4.07% of Mean)
Skewness = 0.63, Kurtosis = 1.88, MValue = 2.89

// ** Remained 25 (55.6%) benchmark(s) to run. Estimated finish 2026-09-07 16:56 (0h 2m from now) **
Setup power plan (GUID: 8c5e7fda-e8bf-4a96-9a85-a6e23a8c635c FriendlyName: High performance)
// **************************
// Benchmark: DistinctBinaryKeyDispatchBenchmarks.RawMemory: C_Candidate(Arguments=/p:ProductDirectory=C:/git/Dekaf-perf-improvements-20260907/pr-3082/candidate,/p:UseSharedCompilation=false, IterationCount=15, IterationTime=200ms, WarmupCount=5) [KeySize=8]
// *** Execute ***
// Launch: 1 / 1
// Execute: dotnet Dekaf.Benchmarks-C_Candidate-3.dll --anonymousPipes 1904 1884 --benchmarkName "Dekaf.Benchmarks.Benchmarks.Unit.DistinctBinaryKeyDispatchBenchmarks.RawMemory(KeySize: 8)" --job C_Candidate --benchmarkId 4 in C:\git\Dekaf-perf-improvements-20260907\pr-3082\comparison\bin\Release\net10.0\Dekaf.Benchmarks-C_Candidate-3\bin\Release\net10.0
// BeforeAnythingElse

// Benchmark Process Environment Information:
// BenchmarkDotNet v0.15.8
// Runtime=.NET 10.0.11 (10.0.11, 10.0.1126.37416), X64 RyuJIT x86-64-v3
// GC=Concurrent Workstation
// HardwareIntrinsics=AVX2+BMI1+BMI2+F16C+FMA+LZCNT+MOVBE,AVX,SSE3+SSSE3+SSE4.1+SSE4.2+POPCNT,X86Base+SSE+SSE2,AES+PCLMUL,AvxVnni,SERIALIZE VectorSize=256
// Job: C_Candidate(IterationCount=15, IterationTime=200ms, WarmupCount=5)

OverheadJitting  1: 128 op, 101800.00 ns, 795.3125 ns/op
WorkloadJitting  1: 128 op, 29280600.00 ns, 228.7547 us/op

WorkloadPilot    1: 512 op, 1479700.00 ns, 2.8900 us/op
WorkloadPilot    2: 69248 op, 196824800.00 ns, 2.8423 us/op
WorkloadPilot    3: 70400 op, 219163800.00 ns, 3.1131 us/op
WorkloadPilot    4: 64256 op, 220768600.00 ns, 3.4358 us/op
WorkloadPilot    5: 58240 op, 191540500.00 ns, 3.2888 us/op
WorkloadPilot    6: 60800 op, 162967800.00 ns, 2.6804 us/op
WorkloadPilot    7: 74624 op, 144810800.00 ns, 1.9405 us/op
WorkloadPilot    8: 103040 op, 176468700.00 ns, 1.7126 us/op
WorkloadPilot    9: 116736 op, 179227900.00 ns, 1.5353 us/op
WorkloadPilot   10: 130304 op, 196041000.00 ns, 1.5045 us/op
WorkloadPilot   11: 132992 op, 200625900.00 ns, 1.5086 us/op

WorkloadWarmup   1: 132992 op, 207728100.00 ns, 1.5620 us/op
WorkloadWarmup   2: 132992 op, 208198100.00 ns, 1.5655 us/op
WorkloadWarmup   3: 132992 op, 198001600.00 ns, 1.4888 us/op
WorkloadWarmup   4: 132992 op, 197678800.00 ns, 1.4864 us/op
WorkloadWarmup   5: 132992 op, 199073100.00 ns, 1.4969 us/op

// BeforeActualRun
WorkloadActual   1: 132992 op, 202562800.00 ns, 1.5231 us/op
WorkloadActual   2: 132992 op, 201487500.00 ns, 1.5150 us/op
WorkloadActual   3: 132992 op, 205968200.00 ns, 1.5487 us/op
WorkloadActual   4: 132992 op, 253363000.00 ns, 1.9051 us/op
WorkloadActual   5: 132992 op, 204574900.00 ns, 1.5382 us/op
WorkloadActual   6: 132992 op, 202728600.00 ns, 1.5244 us/op
WorkloadActual   7: 132992 op, 199904100.00 ns, 1.5031 us/op
WorkloadActual   8: 132992 op, 201871200.00 ns, 1.5179 us/op
WorkloadActual   9: 132992 op, 206143600.00 ns, 1.5500 us/op
WorkloadActual  10: 132992 op, 201027900.00 ns, 1.5116 us/op
WorkloadActual  11: 132992 op, 202153000.00 ns, 1.5200 us/op
WorkloadActual  12: 132992 op, 254498600.00 ns, 1.9136 us/op
WorkloadActual  13: 132992 op, 200089300.00 ns, 1.5045 us/op
WorkloadActual  14: 132992 op, 205776200.00 ns, 1.5473 us/op
WorkloadActual  15: 132992 op, 201487000.00 ns, 1.5150 us/op

// AfterActualRun
WorkloadResult   1: 132992 op, 202562800.00 ns, 1.5231 us/op
WorkloadResult   2: 132992 op, 201487500.00 ns, 1.5150 us/op
WorkloadResult   3: 132992 op, 205968200.00 ns, 1.5487 us/op
WorkloadResult   4: 132992 op, 204574900.00 ns, 1.5382 us/op
WorkloadResult   5: 132992 op, 202728600.00 ns, 1.5244 us/op
WorkloadResult   6: 132992 op, 199904100.00 ns, 1.5031 us/op
WorkloadResult   7: 132992 op, 201871200.00 ns, 1.5179 us/op
WorkloadResult   8: 132992 op, 206143600.00 ns, 1.5500 us/op
WorkloadResult   9: 132992 op, 201027900.00 ns, 1.5116 us/op
WorkloadResult  10: 132992 op, 202153000.00 ns, 1.5200 us/op
WorkloadResult  11: 132992 op, 200089300.00 ns, 1.5045 us/op
WorkloadResult  12: 132992 op, 205776200.00 ns, 1.5473 us/op
WorkloadResult  13: 132992 op, 201487000.00 ns, 1.5150 us/op
// GC:  24 10 0 319333592 132992
// Threading:  132992 61 132992

// AfterAll
// Benchmark Process 11900 has exited with code 0.

Mean = 1.525 us, StdErr = 0.005 us (0.30%), N = 13, StdDev = 0.016 us
Min = 1.503 us, Q1 = 1.515 us, Median = 1.520 us, Q3 = 1.538 us, Max = 1.550 us
IQR = 0.023 us, LowerFence = 1.480 us, UpperFence = 1.573 us
ConfidenceInterval = [1.505 us; 1.544 us] (CI 99.9%), Margin = 0.020 us (1.29% of Mean)
Skewness = 0.4, Kurtosis = 1.59, MValue = 2

// ** Remained 24 (53.3%) benchmark(s) to run. Estimated finish 2026-09-07 16:56 (0h 2m from now) **
Setup power plan (GUID: 8c5e7fda-e8bf-4a96-9a85-a6e23a8c635c FriendlyName: High performance)
// **************************
// Benchmark: DistinctBinaryKeyDispatchBenchmarks.ByteArray: D_PublishedControl(Arguments=/p:ProductDirectory=C:/git/Dekaf-perf-improvements-20260907/pr-3082/published,/p:UseSharedCompilation=false, IterationCount=15, IterationTime=200ms, WarmupCount=5) [KeySize=8]
// *** Execute ***
// Launch: 1 / 1
// Execute: dotnet Dekaf.Benchmarks-B_Published-2.dll --anonymousPipes 2028 2024 --benchmarkName "Dekaf.Benchmarks.Benchmarks.Unit.DistinctBinaryKeyDispatchBenchmarks.ByteArray(KeySize: 8)" --job D_PublishedControl --benchmarkId 8 in C:\git\Dekaf-perf-improvements-20260907\pr-3082\comparison\bin\Release\net10.0\Dekaf.Benchmarks-B_Published-2\bin\Release\net10.0
// BeforeAnythingElse

// Benchmark Process Environment Information:
// BenchmarkDotNet v0.15.8
// Runtime=.NET 10.0.11 (10.0.11, 10.0.1126.37416), X64 RyuJIT x86-64-v3
// GC=Concurrent Workstation
// HardwareIntrinsics=AVX2+BMI1+BMI2+F16C+FMA+LZCNT+MOVBE,AVX,SSE3+SSSE3+SSE4.1+SSE4.2+POPCNT,X86Base+SSE+SSE2,AES+PCLMUL,AvxVnni,SERIALIZE VectorSize=256
// Job: D_PublishedControl(IterationCount=15, IterationTime=200ms, WarmupCount=5)

OverheadJitting  1: 128 op, 107000.00 ns, 835.9375 ns/op
WorkloadJitting  1: 128 op, 30388600.00 ns, 237.4109 us/op

WorkloadPilot    1: 512 op, 1939500.00 ns, 3.7881 us/op
WorkloadPilot    2: 52736 op, 160297000.00 ns, 3.0396 us/op
WorkloadPilot    3: 65792 op, 233827300.00 ns, 3.5540 us/op
WorkloadPilot    4: 56320 op, 205508800.00 ns, 3.6489 us/op
WorkloadPilot    5: 54784 op, 221148600.00 ns, 4.0367 us/op

WorkloadWarmup   1: 54784 op, 167236100.00 ns, 3.0526 us/op
WorkloadWarmup   2: 54784 op, 121771800.00 ns, 2.2228 us/op
WorkloadWarmup   3: 54784 op, 95852000.00 ns, 1.7496 us/op
WorkloadWarmup   4: 54784 op, 92756900.00 ns, 1.6931 us/op
WorkloadWarmup   5: 54784 op, 87016800.00 ns, 1.5884 us/op

// BeforeActualRun
WorkloadActual   1: 54784 op, 84121500.00 ns, 1.5355 us/op
WorkloadActual   2: 54784 op, 83656900.00 ns, 1.5270 us/op
WorkloadActual   3: 54784 op, 82796900.00 ns, 1.5113 us/op
WorkloadActual   4: 54784 op, 83637100.00 ns, 1.5267 us/op
WorkloadActual   5: 54784 op, 84114700.00 ns, 1.5354 us/op
WorkloadActual   6: 54784 op, 83055300.00 ns, 1.5161 us/op
WorkloadActual   7: 54784 op, 84224500.00 ns, 1.5374 us/op
WorkloadActual   8: 54784 op, 87132200.00 ns, 1.5905 us/op
WorkloadActual   9: 54784 op, 84874000.00 ns, 1.5492 us/op
WorkloadActual  10: 54784 op, 86910300.00 ns, 1.5864 us/op
WorkloadActual  11: 54784 op, 81947100.00 ns, 1.4958 us/op
WorkloadActual  12: 54784 op, 82818900.00 ns, 1.5117 us/op
WorkloadActual  13: 54784 op, 82455100.00 ns, 1.5051 us/op
WorkloadActual  14: 54784 op, 84903200.00 ns, 1.5498 us/op
WorkloadActual  15: 54784 op, 82277400.00 ns, 1.5019 us/op

// AfterActualRun
WorkloadResult   1: 54784 op, 84121500.00 ns, 1.5355 us/op
WorkloadResult   2: 54784 op, 83656900.00 ns, 1.5270 us/op
WorkloadResult   3: 54784 op, 82796900.00 ns, 1.5113 us/op
WorkloadResult   4: 54784 op, 83637100.00 ns, 1.5267 us/op
WorkloadResult   5: 54784 op, 84114700.00 ns, 1.5354 us/op
WorkloadResult   6: 54784 op, 83055300.00 ns, 1.5161 us/op
WorkloadResult   7: 54784 op, 84224500.00 ns, 1.5374 us/op
WorkloadResult   8: 54784 op, 87132200.00 ns, 1.5905 us/op
WorkloadResult   9: 54784 op, 84874000.00 ns, 1.5492 us/op
WorkloadResult  10: 54784 op, 86910300.00 ns, 1.5864 us/op
WorkloadResult  11: 54784 op, 81947100.00 ns, 1.4958 us/op
WorkloadResult  12: 54784 op, 82818900.00 ns, 1.5117 us/op
WorkloadResult  13: 54784 op, 82455100.00 ns, 1.5051 us/op
WorkloadResult  14: 54784 op, 84903200.00 ns, 1.5498 us/op
WorkloadResult  15: 54784 op, 82277400.00 ns, 1.5019 us/op
// GC:  9 4 0 126529088 54784
// Threading:  54784 10 54784

// AfterAll
// Benchmark Process 33180 has exited with code 0.

Mean = 1.532 us, StdErr = 0.007 us (0.48%), N = 15, StdDev = 0.028 us
Min = 1.496 us, Q1 = 1.512 us, Median = 1.527 us, Q3 = 1.543 us, Max = 1.590 us
IQR = 0.032 us, LowerFence = 1.464 us, UpperFence = 1.591 us
ConfidenceInterval = [1.502 us; 1.562 us] (CI 99.9%), Margin = 0.030 us (1.97% of Mean)
Skewness = 0.76, Kurtosis = 2.54, MValue = 2

// ** Remained 23 (51.1%) benchmark(s) to run. Estimated finish 2026-09-07 16:55 (0h 2m from now) **
Setup power plan (GUID: 8c5e7fda-e8bf-4a96-9a85-a6e23a8c635c FriendlyName: High performance)
// **************************
// Benchmark: DistinctBinaryKeyDispatchBenchmarks.RawMemory: D_PublishedControl(Arguments=/p:ProductDirectory=C:/git/Dekaf-perf-improvements-20260907/pr-3082/published,/p:UseSharedCompilation=false, IterationCount=15, IterationTime=200ms, WarmupCount=5) [KeySize=8]
// *** Execute ***
// Launch: 1 / 1
// Execute: dotnet Dekaf.Benchmarks-B_Published-2.dll --anonymousPipes 1228 2028 --benchmarkName "Dekaf.Benchmarks.Benchmarks.Unit.DistinctBinaryKeyDispatchBenchmarks.RawMemory(KeySize: 8)" --job D_PublishedControl --benchmarkId 9 in C:\git\Dekaf-perf-improvements-20260907\pr-3082\comparison\bin\Release\net10.0\Dekaf.Benchmarks-B_Published-2\bin\Release\net10.0
// BeforeAnythingElse

// Benchmark Process Environment Information:
// BenchmarkDotNet v0.15.8
// Runtime=.NET 10.0.11 (10.0.11, 10.0.1126.37416), X64 RyuJIT x86-64-v3
// GC=Concurrent Workstation
// HardwareIntrinsics=AVX2+BMI1+BMI2+F16C+FMA+LZCNT+MOVBE,AVX,SSE3+SSSE3+SSE4.1+SSE4.2+POPCNT,X86Base+SSE+SSE2,AES+PCLMUL,AvxVnni,SERIALIZE VectorSize=256
// Job: D_PublishedControl(IterationCount=15, IterationTime=200ms, WarmupCount=5)

OverheadJitting  1: 128 op, 102700.00 ns, 802.3438 ns/op
WorkloadJitting  1: 128 op, 29232500.00 ns, 228.3789 us/op

WorkloadPilot    1: 512 op, 1664400.00 ns, 3.2508 us/op
WorkloadPilot    2: 61568 op, 179208300.00 ns, 2.9107 us/op
WorkloadPilot    3: 68736 op, 239499400.00 ns, 3.4843 us/op
WorkloadPilot    4: 57344 op, 205735800.00 ns, 3.5877 us/op
WorkloadPilot    5: 55808 op, 150190700.00 ns, 2.6912 us/op
WorkloadPilot    6: 74368 op, 183574400.00 ns, 2.4685 us/op
WorkloadPilot    7: 81024 op, 197266500.00 ns, 2.4347 us/op
WorkloadPilot    8: 82176 op, 147767200.00 ns, 1.7982 us/op
WorkloadPilot    9: 111232 op, 198780900.00 ns, 1.7871 us/op
WorkloadPilot   10: 111872 op, 175012400.00 ns, 1.5644 us/op
WorkloadPilot   11: 127872 op, 193314200.00 ns, 1.5118 us/op
WorkloadPilot   12: 132352 op, 196834500.00 ns, 1.4872 us/op
WorkloadPilot   13: 134528 op, 201481800.00 ns, 1.4977 us/op

WorkloadWarmup   1: 134528 op, 198302600.00 ns, 1.4741 us/op
WorkloadWarmup   2: 134528 op, 207152100.00 ns, 1.5398 us/op
WorkloadWarmup   3: 134528 op, 203239000.00 ns, 1.5108 us/op
WorkloadWarmup   4: 134528 op, 200414100.00 ns, 1.4898 us/op
WorkloadWarmup   5: 134528 op, 201232300.00 ns, 1.4958 us/op

// BeforeActualRun
WorkloadActual   1: 134528 op, 199788000.00 ns, 1.4851 us/op
WorkloadActual   2: 134528 op, 199762900.00 ns, 1.4849 us/op
WorkloadActual   3: 134528 op, 205399800.00 ns, 1.5268 us/op
WorkloadActual   4: 134528 op, 244660200.00 ns, 1.8187 us/op
WorkloadActual   5: 134528 op, 217185900.00 ns, 1.6144 us/op
WorkloadActual   6: 134528 op, 200452400.00 ns, 1.4900 us/op
WorkloadActual   7: 134528 op, 202973900.00 ns, 1.5088 us/op
WorkloadActual   8: 134528 op, 205538000.00 ns, 1.5278 us/op
WorkloadActual   9: 134528 op, 209479800.00 ns, 1.5571 us/op
WorkloadActual  10: 134528 op, 199629200.00 ns, 1.4839 us/op
WorkloadActual  11: 134528 op, 199522100.00 ns, 1.4831 us/op
WorkloadActual  12: 134528 op, 239069700.00 ns, 1.7771 us/op
WorkloadActual  13: 134528 op, 223349600.00 ns, 1.6602 us/op
WorkloadActual  14: 134528 op, 214235700.00 ns, 1.5925 us/op
WorkloadActual  15: 134528 op, 207314500.00 ns, 1.5411 us/op

// AfterActualRun
WorkloadResult   1: 134528 op, 199788000.00 ns, 1.4851 us/op
WorkloadResult   2: 134528 op, 199762900.00 ns, 1.4849 us/op
WorkloadResult   3: 134528 op, 205399800.00 ns, 1.5268 us/op
WorkloadResult   4: 134528 op, 217185900.00 ns, 1.6144 us/op
WorkloadResult   5: 134528 op, 200452400.00 ns, 1.4900 us/op
WorkloadResult   6: 134528 op, 202973900.00 ns, 1.5088 us/op
WorkloadResult   7: 134528 op, 205538000.00 ns, 1.5278 us/op
WorkloadResult   8: 134528 op, 209479800.00 ns, 1.5571 us/op
WorkloadResult   9: 134528 op, 199629200.00 ns, 1.4839 us/op
WorkloadResult  10: 134528 op, 199522100.00 ns, 1.4831 us/op
WorkloadResult  11: 134528 op, 239069700.00 ns, 1.7771 us/op
WorkloadResult  12: 134528 op, 223349600.00 ns, 1.6602 us/op
WorkloadResult  13: 134528 op, 214235700.00 ns, 1.5925 us/op
WorkloadResult  14: 134528 op, 207314500.00 ns, 1.5411 us/op
// GC:  24 9 0 322856888 134528
// Threading:  134528 46 134528

// AfterAll
// Benchmark Process 97096 has exited with code 0.

Mean = 1.552 us, StdErr = 0.023 us (1.46%), N = 14, StdDev = 0.085 us
Min = 1.483 us, Q1 = 1.486 us, Median = 1.527 us, Q3 = 1.584 us, Max = 1.777 us
IQR = 0.097 us, LowerFence = 1.340 us, UpperFence = 1.730 us
ConfidenceInterval = [1.457 us; 1.648 us] (CI 99.9%), Margin = 0.096 us (6.16% of Mean)
Skewness = 1.33, Kurtosis = 3.89, MValue = 2

// ** Remained 22 (48.9%) benchmark(s) to run. Estimated finish 2026-09-07 16:55 (0h 2m from now) **
Setup power plan (GUID: 8c5e7fda-e8bf-4a96-9a85-a6e23a8c635c FriendlyName: High performance)
// **************************
// Benchmark: DistinctBinaryKeyDispatchBenchmarks.ByteArray: E_BaselineControl(Arguments=/p:ProductDirectory=C:/git/Dekaf-perf-improvements-20260907/pr-3082/baseline,/p:UseSharedCompilation=false, IterationCount=15, IterationTime=200ms, WarmupCount=5) [KeySize=8]
// *** Execute ***
// Launch: 1 / 1
// Execute: dotnet Dekaf.Benchmarks-A_Baseline-1.dll --anonymousPipes 1628 2072 --benchmarkName "Dekaf.Benchmarks.Benchmarks.Unit.DistinctBinaryKeyDispatchBenchmarks.ByteArray(KeySize: 8)" --job E_BaselineControl --benchmarkId 8 in C:\git\Dekaf-perf-improvements-20260907\pr-3082\comparison\bin\Release\net10.0\Dekaf.Benchmarks-A_Baseline-1\bin\Release\net10.0
// BeforeAnythingElse

// Benchmark Process Environment Information:
// BenchmarkDotNet v0.15.8
// Runtime=.NET 10.0.11 (10.0.11, 10.0.1126.37416), X64 RyuJIT x86-64-v3
// GC=Concurrent Workstation
// HardwareIntrinsics=AVX2+BMI1+BMI2+F16C+FMA+LZCNT+MOVBE,AVX,SSE3+SSSE3+SSE4.1+SSE4.2+POPCNT,X86Base+SSE+SSE2,AES+PCLMUL,AvxVnni,SERIALIZE VectorSize=256
// Job: E_BaselineControl(IterationCount=15, IterationTime=200ms, WarmupCount=5)

OverheadJitting  1: 128 op, 113400.00 ns, 885.9375 ns/op
WorkloadJitting  1: 128 op, 29442500.00 ns, 230.0195 us/op

WorkloadPilot    1: 512 op, 1781500.00 ns, 3.4795 us/op
WorkloadPilot    2: 57472 op, 165634500.00 ns, 2.8820 us/op
WorkloadPilot    3: 69376 op, 219643700.00 ns, 3.1660 us/op
WorkloadPilot    4: 63232 op, 218178700.00 ns, 3.4504 us/op
WorkloadPilot    5: 57984 op, 211579100.00 ns, 3.6489 us/op

WorkloadWarmup   1: 57984 op, 168560200.00 ns, 2.9070 us/op
WorkloadWarmup   2: 57984 op, 113532400.00 ns, 1.9580 us/op
WorkloadWarmup   3: 57984 op, 97484100.00 ns, 1.6812 us/op
WorkloadWarmup   4: 57984 op, 97725700.00 ns, 1.6854 us/op
WorkloadWarmup   5: 57984 op, 88462000.00 ns, 1.5256 us/op

// BeforeActualRun
WorkloadActual   1: 57984 op, 88751000.00 ns, 1.5306 us/op
WorkloadActual   2: 57984 op, 88645000.00 ns, 1.5288 us/op
WorkloadActual   3: 57984 op, 88652000.00 ns, 1.5289 us/op
WorkloadActual   4: 57984 op, 88654700.00 ns, 1.5290 us/op
WorkloadActual   5: 57984 op, 88362300.00 ns, 1.5239 us/op
WorkloadActual   6: 57984 op, 89240000.00 ns, 1.5390 us/op
WorkloadActual   7: 57984 op, 88773500.00 ns, 1.5310 us/op
WorkloadActual   8: 57984 op, 92088400.00 ns, 1.5882 us/op
WorkloadActual   9: 57984 op, 93149700.00 ns, 1.6065 us/op
WorkloadActual  10: 57984 op, 92724400.00 ns, 1.5991 us/op
WorkloadActual  11: 57984 op, 88142300.00 ns, 1.5201 us/op
WorkloadActual  12: 57984 op, 88842700.00 ns, 1.5322 us/op
WorkloadActual  13: 57984 op, 87785800.00 ns, 1.5140 us/op
WorkloadActual  14: 57984 op, 92747800.00 ns, 1.5995 us/op
WorkloadActual  15: 57984 op, 88147200.00 ns, 1.5202 us/op

// AfterActualRun
WorkloadResult   1: 57984 op, 88751000.00 ns, 1.5306 us/op
WorkloadResult   2: 57984 op, 88645000.00 ns, 1.5288 us/op
WorkloadResult   3: 57984 op, 88652000.00 ns, 1.5289 us/op
WorkloadResult   4: 57984 op, 88654700.00 ns, 1.5290 us/op
WorkloadResult   5: 57984 op, 88362300.00 ns, 1.5239 us/op
WorkloadResult   6: 57984 op, 89240000.00 ns, 1.5390 us/op
WorkloadResult   7: 57984 op, 88773500.00 ns, 1.5310 us/op
WorkloadResult   8: 57984 op, 92088400.00 ns, 1.5882 us/op
WorkloadResult   9: 57984 op, 93149700.00 ns, 1.6065 us/op
WorkloadResult  10: 57984 op, 92724400.00 ns, 1.5991 us/op
WorkloadResult  11: 57984 op, 88142300.00 ns, 1.5201 us/op
WorkloadResult  12: 57984 op, 88842700.00 ns, 1.5322 us/op
WorkloadResult  13: 57984 op, 87785800.00 ns, 1.5140 us/op
WorkloadResult  14: 57984 op, 92747800.00 ns, 1.5995 us/op
WorkloadResult  15: 57984 op, 88147200.00 ns, 1.5202 us/op
// GC:  10 3 0 133617480 57984
// Threading:  57984 17 57984

// AfterAll
// Benchmark Process 93016 has exited with code 0.

Mean = 1.546 us, StdErr = 0.009 us (0.56%), N = 15, StdDev = 0.033 us
Min = 1.514 us, Q1 = 1.526 us, Median = 1.531 us, Q3 = 1.564 us, Max = 1.606 us
IQR = 0.037 us, LowerFence = 1.470 us, UpperFence = 1.619 us
ConfidenceInterval = [1.510 us; 1.582 us] (CI 99.9%), Margin = 0.036 us (2.30% of Mean)
Skewness = 0.89, Kurtosis = 1.9, MValue = 2.73

// ** Remained 21 (46.7%) benchmark(s) to run. Estimated finish 2026-09-07 16:55 (0h 2m from now) **
Setup power plan (GUID: 8c5e7fda-e8bf-4a96-9a85-a6e23a8c635c FriendlyName: High performance)
// **************************
// Benchmark: DistinctBinaryKeyDispatchBenchmarks.RawMemory: E_BaselineControl(Arguments=/p:ProductDirectory=C:/git/Dekaf-perf-improvements-20260907/pr-3082/baseline,/p:UseSharedCompilation=false, IterationCount=15, IterationTime=200ms, WarmupCount=5) [KeySize=8]
// *** Execute ***
// Launch: 1 / 1
// Execute: dotnet Dekaf.Benchmarks-A_Baseline-1.dll --anonymousPipes 1560 1240 --benchmarkName "Dekaf.Benchmarks.Benchmarks.Unit.DistinctBinaryKeyDispatchBenchmarks.RawMemory(KeySize: 8)" --job E_BaselineControl --benchmarkId 9 in C:\git\Dekaf-perf-improvements-20260907\pr-3082\comparison\bin\Release\net10.0\Dekaf.Benchmarks-A_Baseline-1\bin\Release\net10.0
// BeforeAnythingElse

// Benchmark Process Environment Information:
// BenchmarkDotNet v0.15.8
// Runtime=.NET 10.0.11 (10.0.11, 10.0.1126.37416), X64 RyuJIT x86-64-v3
// GC=Concurrent Workstation
// HardwareIntrinsics=AVX2+BMI1+BMI2+F16C+FMA+LZCNT+MOVBE,AVX,SSE3+SSSE3+SSE4.1+SSE4.2+POPCNT,X86Base+SSE+SSE2,AES+PCLMUL,AvxVnni,SERIALIZE VectorSize=256
// Job: E_BaselineControl(IterationCount=15, IterationTime=200ms, WarmupCount=5)

OverheadJitting  1: 128 op, 108400.00 ns, 846.8750 ns/op
WorkloadJitting  1: 128 op, 29399800.00 ns, 229.6859 us/op

WorkloadPilot    1: 512 op, 1528700.00 ns, 2.9857 us/op
WorkloadPilot    2: 66944 op, 193637000.00 ns, 2.8925 us/op
WorkloadPilot    3: 69120 op, 212198800.00 ns, 3.0700 us/op
WorkloadPilot    4: 65152 op, 210962400.00 ns, 3.2380 us/op
WorkloadPilot    5: 61824 op, 213273800.00 ns, 3.4497 us/op

WorkloadWarmup   1: 61824 op, 190845200.00 ns, 3.0869 us/op
WorkloadWarmup   2: 61824 op, 159156800.00 ns, 2.5744 us/op
WorkloadWarmup   3: 61824 op, 108734700.00 ns, 1.7588 us/op
WorkloadWarmup   4: 61824 op, 102615100.00 ns, 1.6598 us/op
WorkloadWarmup   5: 61824 op, 101478200.00 ns, 1.6414 us/op

// BeforeActualRun
WorkloadActual   1: 61824 op, 96511200.00 ns, 1.5611 us/op
WorkloadActual   2: 61824 op, 96351600.00 ns, 1.5585 us/op
WorkloadActual   3: 61824 op, 96701300.00 ns, 1.5641 us/op
WorkloadActual   4: 61824 op, 93470200.00 ns, 1.5119 us/op
WorkloadActual   5: 61824 op, 95754800.00 ns, 1.5488 us/op
WorkloadActual   6: 61824 op, 96853500.00 ns, 1.5666 us/op
WorkloadActual   7: 61824 op, 94616700.00 ns, 1.5304 us/op
WorkloadActual   8: 61824 op, 94956100.00 ns, 1.5359 us/op
WorkloadActual   9: 61824 op, 95712700.00 ns, 1.5481 us/op
WorkloadActual  10: 61824 op, 95258000.00 ns, 1.5408 us/op
WorkloadActual  11: 61824 op, 94322400.00 ns, 1.5257 us/op
WorkloadActual  12: 61824 op, 97491600.00 ns, 1.5769 us/op
WorkloadActual  13: 61824 op, 106486100.00 ns, 1.7224 us/op
WorkloadActual  14: 61824 op, 100985500.00 ns, 1.6334 us/op
WorkloadActual  15: 61824 op, 94687000.00 ns, 1.5316 us/op

// AfterActualRun
WorkloadResult   1: 61824 op, 96511200.00 ns, 1.5611 us/op
WorkloadResult   2: 61824 op, 96351600.00 ns, 1.5585 us/op
WorkloadResult   3: 61824 op, 96701300.00 ns, 1.5641 us/op
WorkloadResult   4: 61824 op, 93470200.00 ns, 1.5119 us/op
WorkloadResult   5: 61824 op, 95754800.00 ns, 1.5488 us/op
WorkloadResult   6: 61824 op, 96853500.00 ns, 1.5666 us/op
WorkloadResult   7: 61824 op, 94616700.00 ns, 1.5304 us/op
WorkloadResult   8: 61824 op, 94956100.00 ns, 1.5359 us/op
WorkloadResult   9: 61824 op, 95712700.00 ns, 1.5481 us/op
WorkloadResult  10: 61824 op, 95258000.00 ns, 1.5408 us/op
WorkloadResult  11: 61824 op, 94322400.00 ns, 1.5257 us/op
WorkloadResult  12: 61824 op, 97491600.00 ns, 1.5769 us/op
WorkloadResult  13: 61824 op, 94687000.00 ns, 1.5316 us/op
// GC:  11 4 0 148147080 61824
// Threading:  61824 12 61824

// AfterAll
// Benchmark Process 109504 has exited with code 0.

Mean = 1.546 us, StdErr = 0.005 us (0.34%), N = 13, StdDev = 0.019 us
Min = 1.512 us, Q1 = 1.532 us, Median = 1.548 us, Q3 = 1.561 us, Max = 1.577 us
IQR = 0.030 us, LowerFence = 1.487 us, UpperFence = 1.605 us
ConfidenceInterval = [1.524 us; 1.569 us] (CI 99.9%), Margin = 0.023 us (1.46% of Mean)
Skewness = -0.1, Kurtosis = 1.78, MValue = 2

// ** Remained 20 (44.4%) benchmark(s) to run. Estimated finish 2026-09-07 16:55 (0h 1m from now) **
Setup power plan (GUID: 8c5e7fda-e8bf-4a96-9a85-a6e23a8c635c FriendlyName: High performance)
// **************************
// Benchmark: DistinctBinaryKeyDispatchBenchmarks.ByteArray: A_Baseline(Arguments=/p:ProductDirectory=C:/git/Dekaf-perf-improvements-20260907/pr-3082/baseline,/p:UseSharedCompilation=false, IterationCount=15, IterationTime=200ms, WarmupCount=5) [KeySize=1024]
// *** Execute ***
// Launch: 1 / 1
// Execute: dotnet Dekaf.Benchmarks-A_Baseline-1.dll --anonymousPipes 1628 1152 --benchmarkName "Dekaf.Benchmarks.Benchmarks.Unit.DistinctBinaryKeyDispatchBenchmarks.ByteArray(KeySize: 1024)" --job A_Baseline --benchmarkId 10 in C:\git\Dekaf-perf-improvements-20260907\pr-3082\comparison\bin\Release\net10.0\Dekaf.Benchmarks-A_Baseline-1\bin\Release\net10.0
// BeforeAnythingElse

// Benchmark Process Environment Information:
// BenchmarkDotNet v0.15.8
// Runtime=.NET 10.0.11 (10.0.11, 10.0.1126.37416), X64 RyuJIT x86-64-v3
// GC=Concurrent Workstation
// HardwareIntrinsics=AVX2+BMI1+BMI2+F16C+FMA+LZCNT+MOVBE,AVX,SSE3+SSSE3+SSE4.1+SSE4.2+POPCNT,X86Base+SSE+SSE2,AES+PCLMUL,AvxVnni,SERIALIZE VectorSize=256
// Job: A_Baseline(IterationCount=15, IterationTime=200ms, WarmupCount=5)

OverheadJitting  1: 128 op, 116800.00 ns, 912.5000 ns/op
WorkloadJitting  1: 128 op, 28700400.00 ns, 224.2219 us/op

WorkloadPilot    1: 512 op, 1571500.00 ns, 3.0693 us/op
WorkloadPilot    2: 65152 op, 181713100.00 ns, 2.7891 us/op
WorkloadPilot    3: 71680 op, 220135800.00 ns, 3.0711 us/op
WorkloadPilot    4: 65152 op, 230780000.00 ns, 3.5422 us/op
WorkloadPilot    5: 56448 op, 219465500.00 ns, 3.8879 us/op

WorkloadWarmup   1: 56448 op, 148100000.00 ns, 2.6237 us/op
WorkloadWarmup   2: 56448 op, 104375900.00 ns, 1.8491 us/op
WorkloadWarmup   3: 56448 op, 88601100.00 ns, 1.5696 us/op
WorkloadWarmup   4: 56448 op, 87625700.00 ns, 1.5523 us/op
WorkloadWarmup   5: 56448 op, 84367100.00 ns, 1.4946 us/op

// BeforeActualRun
WorkloadActual   1: 56448 op, 85018200.00 ns, 1.5061 us/op
WorkloadActual   2: 56448 op, 85464300.00 ns, 1.5140 us/op
WorkloadActual   3: 56448 op, 85917000.00 ns, 1.5221 us/op
WorkloadActual   4: 56448 op, 83831300.00 ns, 1.4851 us/op
WorkloadActual   5: 56448 op, 83357700.00 ns, 1.4767 us/op
WorkloadActual   6: 56448 op, 89662400.00 ns, 1.5884 us/op
WorkloadActual   7: 56448 op, 84393700.00 ns, 1.4951 us/op
WorkloadActual   8: 56448 op, 81792700.00 ns, 1.4490 us/op
WorkloadActual   9: 56448 op, 82545800.00 ns, 1.4623 us/op
WorkloadActual  10: 56448 op, 84625000.00 ns, 1.4992 us/op
WorkloadActual  11: 56448 op, 86620200.00 ns, 1.5345 us/op
WorkloadActual  12: 56448 op, 95476000.00 ns, 1.6914 us/op
WorkloadActual  13: 56448 op, 119629400.00 ns, 2.1193 us/op
WorkloadActual  14: 56448 op, 98224200.00 ns, 1.7401 us/op
WorkloadActual  15: 56448 op, 86242400.00 ns, 1.5278 us/op

// AfterActualRun
WorkloadResult   1: 56448 op, 85018200.00 ns, 1.5061 us/op
WorkloadResult   2: 56448 op, 85464300.00 ns, 1.5140 us/op
WorkloadResult   3: 56448 op, 85917000.00 ns, 1.5221 us/op
WorkloadResult   4: 56448 op, 83831300.00 ns, 1.4851 us/op
WorkloadResult   5: 56448 op, 83357700.00 ns, 1.4767 us/op
WorkloadResult   6: 56448 op, 89662400.00 ns, 1.5884 us/op
WorkloadResult   7: 56448 op, 84393700.00 ns, 1.4951 us/op
WorkloadResult   8: 56448 op, 81792700.00 ns, 1.4490 us/op
WorkloadResult   9: 56448 op, 82545800.00 ns, 1.4623 us/op
WorkloadResult  10: 56448 op, 84625000.00 ns, 1.4992 us/op
WorkloadResult  11: 56448 op, 86620200.00 ns, 1.5345 us/op
WorkloadResult  12: 56448 op, 86242400.00 ns, 1.5278 us/op
// GC:  10 3 0 130065768 56448
// Threading:  56448 26 56448

// AfterAll
// Benchmark Process 33080 has exited with code 0.

Mean = 1.505 us, StdErr = 0.011 us (0.71%), N = 12, StdDev = 0.037 us
Min = 1.449 us, Q1 = 1.483 us, Median = 1.503 us, Q3 = 1.523 us, Max = 1.588 us
IQR = 0.040 us, LowerFence = 1.422 us, UpperFence = 1.584 us
ConfidenceInterval = [1.458 us; 1.552 us] (CI 99.9%), Margin = 0.047 us (3.14% of Mean)
Skewness = 0.56, Kurtosis = 2.84, MValue = 2

// ** Remained 19 (42.2%) benchmark(s) to run. Estimated finish 2026-09-07 16:55 (0h 1m from now) **
Setup power plan (GUID: 8c5e7fda-e8bf-4a96-9a85-a6e23a8c635c FriendlyName: High performance)
// **************************
// Benchmark: DistinctBinaryKeyDispatchBenchmarks.RawMemory: A_Baseline(Arguments=/p:ProductDirectory=C:/git/Dekaf-perf-improvements-20260907/pr-3082/baseline,/p:UseSharedCompilation=false, IterationCount=15, IterationTime=200ms, WarmupCount=5) [KeySize=1024]
// *** Execute ***
// Launch: 1 / 1
// Execute: dotnet Dekaf.Benchmarks-A_Baseline-1.dll --anonymousPipes 1628 2096 --benchmarkName "Dekaf.Benchmarks.Benchmarks.Unit.DistinctBinaryKeyDispatchBenchmarks.RawMemory(KeySize: 1024)" --job A_Baseline --benchmarkId 11 in C:\git\Dekaf-perf-improvements-20260907\pr-3082\comparison\bin\Release\net10.0\Dekaf.Benchmarks-A_Baseline-1\bin\Release\net10.0
// BeforeAnythingElse

// Benchmark Process Environment Information:
// BenchmarkDotNet v0.15.8
// Runtime=.NET 10.0.11 (10.0.11, 10.0.1126.37416), X64 RyuJIT x86-64-v3
// GC=Concurrent Workstation
// HardwareIntrinsics=AVX2+BMI1+BMI2+F16C+FMA+LZCNT+MOVBE,AVX,SSE3+SSSE3+SSE4.1+SSE4.2+POPCNT,X86Base+SSE+SSE2,AES+PCLMUL,AvxVnni,SERIALIZE VectorSize=256
// Job: A_Baseline(IterationCount=15, IterationTime=200ms, WarmupCount=5)

OverheadJitting  1: 128 op, 104300.00 ns, 814.8438 ns/op
WorkloadJitting  1: 128 op, 30472400.00 ns, 238.0656 us/op

WorkloadPilot    1: 512 op, 1540900.00 ns, 3.0096 us/op
WorkloadPilot    2: 66432 op, 207836100.00 ns, 3.1286 us/op
WorkloadPilot    3: 63872 op, 210925400.00 ns, 3.3023 us/op
WorkloadPilot    4: 60544 op, 199387600.00 ns, 3.2933 us/op

WorkloadWarmup   1: 60544 op, 206206600.00 ns, 3.4059 us/op
WorkloadWarmup   2: 60544 op, 171809400.00 ns, 2.8378 us/op
WorkloadWarmup   3: 60544 op, 142115100.00 ns, 2.3473 us/op
WorkloadWarmup   4: 60544 op, 135376400.00 ns, 2.2360 us/op
WorkloadWarmup   5: 60544 op, 137328300.00 ns, 2.2682 us/op

// BeforeActualRun
WorkloadActual   1: 60544 op, 113439200.00 ns, 1.8737 us/op
WorkloadActual   2: 60544 op, 96273400.00 ns, 1.5901 us/op
WorkloadActual   3: 60544 op, 96637500.00 ns, 1.5962 us/op
WorkloadActual   4: 60544 op, 95293100.00 ns, 1.5739 us/op
WorkloadActual   5: 60544 op, 90866100.00 ns, 1.5008 us/op
WorkloadActual   6: 60544 op, 92230800.00 ns, 1.5234 us/op
WorkloadActual   7: 60544 op, 92002800.00 ns, 1.5196 us/op
WorkloadActual   8: 60544 op, 90291500.00 ns, 1.4913 us/op
WorkloadActual   9: 60544 op, 95006500.00 ns, 1.5692 us/op
WorkloadActual  10: 60544 op, 93511000.00 ns, 1.5445 us/op
WorkloadActual  11: 60544 op, 92488300.00 ns, 1.5276 us/op
WorkloadActual  12: 60544 op, 90968000.00 ns, 1.5025 us/op
WorkloadActual  13: 60544 op, 90915300.00 ns, 1.5016 us/op
WorkloadActual  14: 60544 op, 91482100.00 ns, 1.5110 us/op
WorkloadActual  15: 60544 op, 98865300.00 ns, 1.6329 us/op

// AfterActualRun
WorkloadResult   1: 60544 op, 96273400.00 ns, 1.5901 us/op
WorkloadResult   2: 60544 op, 96637500.00 ns, 1.5962 us/op
WorkloadResult   3: 60544 op, 95293100.00 ns, 1.5739 us/op
WorkloadResult   4: 60544 op, 90866100.00 ns, 1.5008 us/op
WorkloadResult   5: 60544 op, 92230800.00 ns, 1.5234 us/op
WorkloadResult   6: 60544 op, 92002800.00 ns, 1.5196 us/op
WorkloadResult   7: 60544 op, 90291500.00 ns, 1.4913 us/op
WorkloadResult   8: 60544 op, 95006500.00 ns, 1.5692 us/op
WorkloadResult   9: 60544 op, 93511000.00 ns, 1.5445 us/op
WorkloadResult  10: 60544 op, 92488300.00 ns, 1.5276 us/op
WorkloadResult  11: 60544 op, 90968000.00 ns, 1.5025 us/op
WorkloadResult  12: 60544 op, 90915300.00 ns, 1.5016 us/op
WorkloadResult  13: 60544 op, 91482100.00 ns, 1.5110 us/op
WorkloadResult  14: 60544 op, 98865300.00 ns, 1.6329 us/op
// GC:  11 3 0 145246160 60544
// Threading:  60544 13 60544

// AfterAll
// Benchmark Process 75400 has exited with code 0.

Mean = 1.542 us, StdErr = 0.012 us (0.76%), N = 14, StdDev = 0.044 us
Min = 1.491 us, Q1 = 1.505 us, Median = 1.525 us, Q3 = 1.573 us, Max = 1.633 us
IQR = 0.068 us, LowerFence = 1.402 us, UpperFence = 1.675 us
ConfidenceInterval = [1.493 us; 1.591 us] (CI 99.9%), Margin = 0.049 us (3.19% of Mean)
Skewness = 0.61, Kurtosis = 1.98, MValue = 2

// ** Remained 18 (40.0%) benchmark(s) to run. Estimated finish 2026-09-07 16:55 (0h 1m from now) **
Setup power plan (GUID: 8c5e7fda-e8bf-4a96-9a85-a6e23a8c635c FriendlyName: High performance)
// **************************
// Benchmark: DistinctBinaryKeyDispatchBenchmarks.ByteArray: B_Published(Arguments=/p:ProductDirectory=C:/git/Dekaf-perf-improvements-20260907/pr-3082/published,/p:UseSharedCompilation=false, IterationCount=15, IterationTime=200ms, WarmupCount=5) [KeySize=1024]
// *** Execute ***
// Launch: 1 / 1
// Execute: dotnet Dekaf.Benchmarks-B_Published-2.dll --anonymousPipes 2108 2124 --benchmarkName "Dekaf.Benchmarks.Benchmarks.Unit.DistinctBinaryKeyDispatchBenchmarks.ByteArray(KeySize: 1024)" --job B_Published --benchmarkId 10 in C:\git\Dekaf-perf-improvements-20260907\pr-3082\comparison\bin\Release\net10.0\Dekaf.Benchmarks-B_Published-2\bin\Release\net10.0
// BeforeAnythingElse

// Benchmark Process Environment Information:
// BenchmarkDotNet v0.15.8
// Runtime=.NET 10.0.11 (10.0.11, 10.0.1126.37416), X64 RyuJIT x86-64-v3
// GC=Concurrent Workstation
// HardwareIntrinsics=AVX2+BMI1+BMI2+F16C+FMA+LZCNT+MOVBE,AVX,SSE3+SSSE3+SSE4.1+SSE4.2+POPCNT,X86Base+SSE+SSE2,AES+PCLMUL,AvxVnni,SERIALIZE VectorSize=256
// Job: B_Published(IterationCount=15, IterationTime=200ms, WarmupCount=5)

OverheadJitting  1: 128 op, 104700.00 ns, 817.9688 ns/op
WorkloadJitting  1: 128 op, 34304000.00 ns, 268.0000 us/op

WorkloadPilot    1: 512 op, 10937700.00 ns, 21.3627 us/op
WorkloadPilot    2: 9344 op, 187228100.00 ns, 20.0373 us/op
WorkloadPilot    3: 9984 op, 199438800.00 ns, 19.9758 us/op

WorkloadWarmup   1: 9984 op, 196262000.00 ns, 19.6577 us/op
WorkloadWarmup   2: 9984 op, 180235100.00 ns, 18.0524 us/op
WorkloadWarmup   3: 9984 op, 43776500.00 ns, 4.3847 us/op
WorkloadWarmup   4: 9984 op, 44049600.00 ns, 4.4120 us/op
WorkloadWarmup   5: 9984 op, 43204800.00 ns, 4.3274 us/op

// BeforeActualRun
WorkloadActual   1: 9984 op, 42249500.00 ns, 4.2317 us/op
WorkloadActual   2: 9984 op, 41106700.00 ns, 4.1173 us/op
WorkloadActual   3: 9984 op, 40550700.00 ns, 4.0616 us/op
WorkloadActual   4: 9984 op, 39134400.00 ns, 3.9197 us/op
WorkloadActual   5: 9984 op, 39767900.00 ns, 3.9832 us/op
WorkloadActual   6: 9984 op, 39873700.00 ns, 3.9938 us/op
WorkloadActual   7: 9984 op, 40231300.00 ns, 4.0296 us/op
WorkloadActual   8: 9984 op, 40009000.00 ns, 4.0073 us/op
WorkloadActual   9: 9984 op, 36539400.00 ns, 3.6598 us/op
WorkloadActual  10: 9984 op, 32413200.00 ns, 3.2465 us/op
WorkloadActual  11: 9984 op, 28436800.00 ns, 2.8482 us/op
WorkloadActual  12: 9984 op, 25904400.00 ns, 2.5946 us/op
WorkloadActual  13: 9984 op, 26375900.00 ns, 2.6418 us/op
WorkloadActual  14: 9984 op, 25902100.00 ns, 2.5944 us/op
WorkloadActual  15: 9984 op, 26479000.00 ns, 2.6521 us/op

// AfterActualRun
WorkloadResult   1: 9984 op, 42249500.00 ns, 4.2317 us/op
WorkloadResult   2: 9984 op, 41106700.00 ns, 4.1173 us/op
WorkloadResult   3: 9984 op, 40550700.00 ns, 4.0616 us/op
WorkloadResult   4: 9984 op, 39134400.00 ns, 3.9197 us/op
WorkloadResult   5: 9984 op, 39767900.00 ns, 3.9832 us/op
WorkloadResult   6: 9984 op, 39873700.00 ns, 3.9938 us/op
WorkloadResult   7: 9984 op, 40231300.00 ns, 4.0296 us/op
WorkloadResult   8: 9984 op, 40009000.00 ns, 4.0073 us/op
WorkloadResult   9: 9984 op, 36539400.00 ns, 3.6598 us/op
WorkloadResult  10: 9984 op, 32413200.00 ns, 3.2465 us/op
WorkloadResult  11: 9984 op, 28436800.00 ns, 2.8482 us/op
WorkloadResult  12: 9984 op, 25904400.00 ns, 2.5946 us/op
WorkloadResult  13: 9984 op, 26375900.00 ns, 2.6418 us/op
WorkloadResult  14: 9984 op, 25902100.00 ns, 2.5944 us/op
WorkloadResult  15: 9984 op, 26479000.00 ns, 2.6521 us/op
// GC:  1 0 0 23031648 9984
// Threading:  9984 8 9984

// AfterAll
// Benchmark Process 105608 has exited with code 0.

Mean = 3.505 us, StdErr = 0.169 us (4.83%), N = 15, StdDev = 0.656 us
Min = 2.594 us, Q1 = 2.750 us, Median = 3.920 us, Q3 = 4.018 us, Max = 4.232 us
IQR = 1.268 us, LowerFence = 0.848 us, UpperFence = 5.921 us
ConfidenceInterval = [2.804 us; 4.207 us] (CI 99.9%), Margin = 0.702 us (20.02% of Mean)
Skewness = -0.41, Kurtosis = 1.24, MValue = 3.33

// ** Remained 17 (37.8%) benchmark(s) to run. Estimated finish 2026-09-07 16:55 (0h 1m from now) **
Setup power plan (GUID: 8c5e7fda-e8bf-4a96-9a85-a6e23a8c635c FriendlyName: High performance)
// **************************
// Benchmark: DistinctBinaryKeyDispatchBenchmarks.RawMemory: B_Published(Arguments=/p:ProductDirectory=C:/git/Dekaf-perf-improvements-20260907/pr-3082/published,/p:UseSharedCompilation=false, IterationCount=15, IterationTime=200ms, WarmupCount=5) [KeySize=1024]
// *** Execute ***
// Launch: 1 / 1
// Execute: dotnet Dekaf.Benchmarks-B_Published-2.dll --anonymousPipes 2168 2164 --benchmarkName "Dekaf.Benchmarks.Benchmarks.Unit.DistinctBinaryKeyDispatchBenchmarks.RawMemory(KeySize: 1024)" --job B_Published --benchmarkId 11 in C:\git\Dekaf-perf-improvements-20260907\pr-3082\comparison\bin\Release\net10.0\Dekaf.Benchmarks-B_Published-2\bin\Release\net10.0
// BeforeAnythingElse

// Benchmark Process Environment Information:
// BenchmarkDotNet v0.15.8
// Runtime=.NET 10.0.11 (10.0.11, 10.0.1126.37416), X64 RyuJIT x86-64-v3
// GC=Concurrent Workstation
// HardwareIntrinsics=AVX2+BMI1+BMI2+F16C+FMA+LZCNT+MOVBE,AVX,SSE3+SSSE3+SSE4.1+SSE4.2+POPCNT,X86Base+SSE+SSE2,AES+PCLMUL,AvxVnni,SERIALIZE VectorSize=256
// Job: B_Published(IterationCount=15, IterationTime=200ms, WarmupCount=5)

OverheadJitting  1: 128 op, 112800.00 ns, 881.2500 ns/op
WorkloadJitting  1: 128 op, 34816500.00 ns, 272.0039 us/op

WorkloadPilot    1: 512 op, 10530300.00 ns, 20.5670 us/op
WorkloadPilot    2: 9728 op, 200686700.00 ns, 20.6298 us/op

WorkloadWarmup   1: 9728 op, 48147600.00 ns, 4.9494 us/op
WorkloadWarmup   2: 9728 op, 43102600.00 ns, 4.4308 us/op
WorkloadWarmup   3: 9728 op, 42665500.00 ns, 4.3858 us/op
WorkloadWarmup   4: 9728 op, 42811000.00 ns, 4.4008 us/op
WorkloadWarmup   5: 9728 op, 42082100.00 ns, 4.3259 us/op

// BeforeActualRun
WorkloadActual   1: 9728 op, 41568600.00 ns, 4.2731 us/op
WorkloadActual   2: 9728 op, 39946000.00 ns, 4.1063 us/op
WorkloadActual   3: 9728 op, 39932600.00 ns, 4.1049 us/op
WorkloadActual   4: 9728 op, 39780000.00 ns, 4.0892 us/op
WorkloadActual   5: 9728 op, 39776800.00 ns, 4.0889 us/op
WorkloadActual   6: 9728 op, 41642800.00 ns, 4.2807 us/op
WorkloadActual   7: 9728 op, 42934800.00 ns, 4.4135 us/op
WorkloadActual   8: 9728 op, 41430700.00 ns, 4.2589 us/op
WorkloadActual   9: 9728 op, 40556900.00 ns, 4.1691 us/op
WorkloadActual  10: 9728 op, 39765100.00 ns, 4.0877 us/op
WorkloadActual  11: 9728 op, 28647100.00 ns, 2.9448 us/op
WorkloadActual  12: 9728 op, 25010600.00 ns, 2.5710 us/op
WorkloadActual  13: 9728 op, 24040800.00 ns, 2.4713 us/op
WorkloadActual  14: 9728 op, 23512100.00 ns, 2.4170 us/op
WorkloadActual  15: 9728 op, 23420600.00 ns, 2.4075 us/op

// AfterActualRun
WorkloadResult   1: 9728 op, 41568600.00 ns, 4.2731 us/op
WorkloadResult   2: 9728 op, 39946000.00 ns, 4.1063 us/op
WorkloadResult   3: 9728 op, 39932600.00 ns, 4.1049 us/op
WorkloadResult   4: 9728 op, 39780000.00 ns, 4.0892 us/op
WorkloadResult   5: 9728 op, 39776800.00 ns, 4.0889 us/op
WorkloadResult   6: 9728 op, 41642800.00 ns, 4.2807 us/op
WorkloadResult   7: 9728 op, 42934800.00 ns, 4.4135 us/op
WorkloadResult   8: 9728 op, 41430700.00 ns, 4.2589 us/op
WorkloadResult   9: 9728 op, 40556900.00 ns, 4.1691 us/op
WorkloadResult  10: 9728 op, 39765100.00 ns, 4.0877 us/op
WorkloadResult  11: 9728 op, 28647100.00 ns, 2.9448 us/op
WorkloadResult  12: 9728 op, 25010600.00 ns, 2.5710 us/op
WorkloadResult  13: 9728 op, 24040800.00 ns, 2.4713 us/op
WorkloadResult  14: 9728 op, 23512100.00 ns, 2.4170 us/op
WorkloadResult  15: 9728 op, 23420600.00 ns, 2.4075 us/op
// GC:  1 0 0 23285376 9728
// Threading:  9728 3 9728

// AfterAll
// Benchmark Process 73336 has exited with code 0.

Mean = 3.646 us, StdErr = 0.208 us (5.72%), N = 15, StdDev = 0.807 us
Min = 2.408 us, Q1 = 2.758 us, Median = 4.089 us, Q3 = 4.214 us, Max = 4.414 us
IQR = 1.456 us, LowerFence = 0.574 us, UpperFence = 6.398 us
ConfidenceInterval = [2.783 us; 4.508 us] (CI 99.9%), Margin = 0.863 us (23.66% of Mean)
Skewness = -0.66, Kurtosis = 1.45, MValue = 3

// ** Remained 16 (35.6%) benchmark(s) to run. Estimated finish 2026-09-07 16:55 (0h 1m from now) **
Setup power plan (GUID: 8c5e7fda-e8bf-4a96-9a85-a6e23a8c635c FriendlyName: High performance)
// **************************
// Benchmark: DistinctBinaryKeyDispatchBenchmarks.ByteArray: C_Candidate(Arguments=/p:ProductDirectory=C:/git/Dekaf-perf-improvements-20260907/pr-3082/candidate,/p:UseSharedCompilation=false, IterationCount=15, IterationTime=200ms, WarmupCount=5) [KeySize=1024]
// *** Execute ***
// Launch: 1 / 1
// Execute: dotnet Dekaf.Benchmarks-C_Candidate-3.dll --anonymousPipes 2160 1952 --benchmarkName "Dekaf.Benchmarks.Benchmarks.Unit.DistinctBinaryKeyDispatchBenchmarks.ByteArray(KeySize: 1024)" --job C_Candidate --benchmarkId 5 in C:\git\Dekaf-perf-improvements-20260907\pr-3082\comparison\bin\Release\net10.0\Dekaf.Benchmarks-C_Candidate-3\bin\Release\net10.0
// BeforeAnythingElse

// Benchmark Process Environment Information:
// BenchmarkDotNet v0.15.8
// Runtime=.NET 10.0.11 (10.0.11, 10.0.1126.37416), X64 RyuJIT x86-64-v3
// GC=Concurrent Workstation
// HardwareIntrinsics=AVX2+BMI1+BMI2+F16C+FMA+LZCNT+MOVBE,AVX,SSE3+SSSE3+SSE4.1+SSE4.2+POPCNT,X86Base+SSE+SSE2,AES+PCLMUL,AvxVnni,SERIALIZE VectorSize=256
// Job: C_Candidate(IterationCount=15, IterationTime=200ms, WarmupCount=5)

OverheadJitting  1: 128 op, 99500.00 ns, 777.3438 ns/op
WorkloadJitting  1: 128 op, 33970200.00 ns, 265.3922 us/op

WorkloadPilot    1: 512 op, 8015300.00 ns, 15.6549 us/op
WorkloadPilot    2: 12800 op, 210888600.00 ns, 16.4757 us/op
WorkloadPilot    3: 12160 op, 58470800.00 ns, 4.8085 us/op
WorkloadPilot    4: 41600 op, 167713500.00 ns, 4.0316 us/op
WorkloadPilot    5: 49664 op, 185749000.00 ns, 3.7401 us/op
WorkloadPilot    6: 53504 op, 199993400.00 ns, 3.7379 us/op

WorkloadWarmup   1: 53504 op, 182386000.00 ns, 3.4088 us/op
WorkloadWarmup   2: 53504 op, 152029300.00 ns, 2.8415 us/op
WorkloadWarmup   3: 53504 op, 132181400.00 ns, 2.4705 us/op
WorkloadWarmup   4: 53504 op, 150589500.00 ns, 2.8145 us/op
WorkloadWarmup   5: 53504 op, 139043000.00 ns, 2.5987 us/op

// BeforeActualRun
WorkloadActual   1: 53504 op, 117174900.00 ns, 2.1900 us/op
WorkloadActual   2: 53504 op, 112909900.00 ns, 2.1103 us/op
WorkloadActual   3: 53504 op, 96639200.00 ns, 1.8062 us/op
WorkloadActual   4: 53504 op, 91162800.00 ns, 1.7039 us/op
WorkloadActual   5: 53504 op, 84869000.00 ns, 1.5862 us/op
WorkloadActual   6: 53504 op, 84306300.00 ns, 1.5757 us/op
WorkloadActual   7: 53504 op, 80732000.00 ns, 1.5089 us/op
WorkloadActual   8: 53504 op, 83541300.00 ns, 1.5614 us/op
WorkloadActual   9: 53504 op, 82016200.00 ns, 1.5329 us/op
WorkloadActual  10: 53504 op, 85417300.00 ns, 1.5965 us/op
WorkloadActual  11: 53504 op, 82202400.00 ns, 1.5364 us/op
WorkloadActual  12: 53504 op, 83300200.00 ns, 1.5569 us/op
WorkloadActual  13: 53504 op, 82545900.00 ns, 1.5428 us/op
WorkloadActual  14: 53504 op, 81925700.00 ns, 1.5312 us/op
WorkloadActual  15: 53504 op, 82730800.00 ns, 1.5463 us/op

// AfterActualRun
WorkloadResult   1: 53504 op, 96639200.00 ns, 1.8062 us/op
WorkloadResult   2: 53504 op, 91162800.00 ns, 1.7039 us/op
WorkloadResult   3: 53504 op, 84869000.00 ns, 1.5862 us/op
WorkloadResult   4: 53504 op, 84306300.00 ns, 1.5757 us/op
WorkloadResult   5: 53504 op, 80732000.00 ns, 1.5089 us/op
WorkloadResult   6: 53504 op, 83541300.00 ns, 1.5614 us/op
WorkloadResult   7: 53504 op, 82016200.00 ns, 1.5329 us/op
WorkloadResult   8: 53504 op, 85417300.00 ns, 1.5965 us/op
WorkloadResult   9: 53504 op, 82202400.00 ns, 1.5364 us/op
WorkloadResult  10: 53504 op, 83300200.00 ns, 1.5569 us/op
WorkloadResult  11: 53504 op, 82545900.00 ns, 1.5428 us/op
WorkloadResult  12: 53504 op, 81925700.00 ns, 1.5312 us/op
WorkloadResult  13: 53504 op, 82730800.00 ns, 1.5463 us/op
// GC:  9 3 0 123388760 53504
// Threading:  53504 19 53504

// AfterAll
// Benchmark Process 107344 has exited with code 0.

Mean = 1.583 us, StdErr = 0.023 us (1.44%), N = 13, StdDev = 0.082 us
Min = 1.509 us, Q1 = 1.536 us, Median = 1.557 us, Q3 = 1.586 us, Max = 1.806 us
IQR = 0.050 us, LowerFence = 1.462 us, UpperFence = 1.661 us
ConfidenceInterval = [1.485 us; 1.682 us] (CI 99.9%), Margin = 0.099 us (6.24% of Mean)
Skewness = 1.63, Kurtosis = 4.53, MValue = 2

// ** Remained 15 (33.3%) benchmark(s) to run. Estimated finish 2026-09-07 16:55 (0h 1m from now) **
Setup power plan (GUID: 8c5e7fda-e8bf-4a96-9a85-a6e23a8c635c FriendlyName: High performance)
// **************************
// Benchmark: DistinctBinaryKeyDispatchBenchmarks.RawMemory: C_Candidate(Arguments=/p:ProductDirectory=C:/git/Dekaf-perf-improvements-20260907/pr-3082/candidate,/p:UseSharedCompilation=false, IterationCount=15, IterationTime=200ms, WarmupCount=5) [KeySize=1024]
// *** Execute ***
// Launch: 1 / 1
// Execute: dotnet Dekaf.Benchmarks-C_Candidate-3.dll --anonymousPipes 2064 2132 --benchmarkName "Dekaf.Benchmarks.Benchmarks.Unit.DistinctBinaryKeyDispatchBenchmarks.RawMemory(KeySize: 1024)" --job C_Candidate --benchmarkId 6 in C:\git\Dekaf-perf-improvements-20260907\pr-3082\comparison\bin\Release\net10.0\Dekaf.Benchmarks-C_Candidate-3\bin\Release\net10.0
// BeforeAnythingElse

// Benchmark Process Environment Information:
// BenchmarkDotNet v0.15.8
// Runtime=.NET 10.0.11 (10.0.11, 10.0.1126.37416), X64 RyuJIT x86-64-v3
// GC=Concurrent Workstation
// HardwareIntrinsics=AVX2+BMI1+BMI2+F16C+FMA+LZCNT+MOVBE,AVX,SSE3+SSSE3+SSE4.1+SSE4.2+POPCNT,X86Base+SSE+SSE2,AES+PCLMUL,AvxVnni,SERIALIZE VectorSize=256
// Job: C_Candidate(IterationCount=15, IterationTime=200ms, WarmupCount=5)

OverheadJitting  1: 128 op, 108800.00 ns, 850.0000 ns/op
WorkloadJitting  1: 128 op, 34079000.00 ns, 266.2422 us/op

WorkloadPilot    1: 512 op, 8464200.00 ns, 16.5316 us/op
WorkloadPilot    2: 12160 op, 194464600.00 ns, 15.9922 us/op
WorkloadPilot    3: 12544 op, 59571800.00 ns, 4.7490 us/op
WorkloadPilot    4: 42112 op, 168384500.00 ns, 3.9985 us/op
WorkloadPilot    5: 50048 op, 190394900.00 ns, 3.8042 us/op
WorkloadPilot    6: 52608 op, 173920200.00 ns, 3.3060 us/op
WorkloadPilot    7: 60544 op, 148568800.00 ns, 2.4539 us/op
WorkloadPilot    8: 81536 op, 184455100.00 ns, 2.2623 us/op
WorkloadPilot    9: 88448 op, 166580600.00 ns, 1.8834 us/op
WorkloadPilot   10: 106240 op, 177138100.00 ns, 1.6673 us/op
WorkloadPilot   11: 119936 op, 195311100.00 ns, 1.6285 us/op
WorkloadPilot   12: 122752 op, 245082600.00 ns, 1.9966 us/op
WorkloadPilot   13: 100224 op, 154734800.00 ns, 1.5439 us/op
WorkloadPilot   14: 129536 op, 206025200.00 ns, 1.5905 us/op
WorkloadPilot   15: 125696 op, 201215800.00 ns, 1.6008 us/op

WorkloadWarmup   1: 125696 op, 192357200.00 ns, 1.5303 us/op
WorkloadWarmup   2: 125696 op, 195045400.00 ns, 1.5517 us/op
WorkloadWarmup   3: 125696 op, 196270000.00 ns, 1.5615 us/op
WorkloadWarmup   4: 125696 op, 204062000.00 ns, 1.6235 us/op
WorkloadWarmup   5: 125696 op, 202845100.00 ns, 1.6138 us/op

// BeforeActualRun
WorkloadActual   1: 125696 op, 194369300.00 ns, 1.5463 us/op
WorkloadActual   2: 125696 op, 194111200.00 ns, 1.5443 us/op
WorkloadActual   3: 125696 op, 193647100.00 ns, 1.5406 us/op
WorkloadActual   4: 125696 op, 192921900.00 ns, 1.5348 us/op
WorkloadActual   5: 125696 op, 193294800.00 ns, 1.5378 us/op
WorkloadActual   6: 125696 op, 192530500.00 ns, 1.5317 us/op
WorkloadActual   7: 125696 op, 194778700.00 ns, 1.5496 us/op
WorkloadActual   8: 125696 op, 193218300.00 ns, 1.5372 us/op
WorkloadActual   9: 125696 op, 194038500.00 ns, 1.5437 us/op
WorkloadActual  10: 125696 op, 200959600.00 ns, 1.5988 us/op
WorkloadActual  11: 125696 op, 193645000.00 ns, 1.5406 us/op
WorkloadActual  12: 125696 op, 192802400.00 ns, 1.5339 us/op
WorkloadActual  13: 125696 op, 198159800.00 ns, 1.5765 us/op
WorkloadActual  14: 125696 op, 191160000.00 ns, 1.5208 us/op
WorkloadActual  15: 125696 op, 194022600.00 ns, 1.5436 us/op

// AfterActualRun
WorkloadResult   1: 125696 op, 194369300.00 ns, 1.5463 us/op
WorkloadResult   2: 125696 op, 194111200.00 ns, 1.5443 us/op
WorkloadResult   3: 125696 op, 193647100.00 ns, 1.5406 us/op
WorkloadResult   4: 125696 op, 192921900.00 ns, 1.5348 us/op
WorkloadResult   5: 125696 op, 193294800.00 ns, 1.5378 us/op
WorkloadResult   6: 125696 op, 192530500.00 ns, 1.5317 us/op
WorkloadResult   7: 125696 op, 194778700.00 ns, 1.5496 us/op
WorkloadResult   8: 125696 op, 193218300.00 ns, 1.5372 us/op
WorkloadResult   9: 125696 op, 194038500.00 ns, 1.5437 us/op
WorkloadResult  10: 125696 op, 193645000.00 ns, 1.5406 us/op
WorkloadResult  11: 125696 op, 192802400.00 ns, 1.5339 us/op
WorkloadResult  12: 125696 op, 191160000.00 ns, 1.5208 us/op
WorkloadResult  13: 125696 op, 194022600.00 ns, 1.5436 us/op
// GC:  23 9 0 301862520 125696
// Threading:  125696 77 125696

// AfterAll
// Benchmark Process 106860 has exited with code 0.

Mean = 1.539 us, StdErr = 0.002 us (0.14%), N = 13, StdDev = 0.007 us
Min = 1.521 us, Q1 = 1.535 us, Median = 1.541 us, Q3 = 1.544 us, Max = 1.550 us
IQR = 0.009 us, LowerFence = 1.522 us, UpperFence = 1.557 us
ConfidenceInterval = [1.530 us; 1.548 us] (CI 99.9%), Margin = 0.009 us (0.58% of Mean)
Skewness = -0.79, Kurtosis = 3.11, MValue = 2

// ** Remained 14 (31.1%) benchmark(s) to run. Estimated finish 2026-09-07 16:55 (0h 1m from now) **
Setup power plan (GUID: 8c5e7fda-e8bf-4a96-9a85-a6e23a8c635c FriendlyName: High performance)
// **************************
// Benchmark: DistinctBinaryKeyDispatchBenchmarks.ByteArray: D_PublishedControl(Arguments=/p:ProductDirectory=C:/git/Dekaf-perf-improvements-20260907/pr-3082/published,/p:UseSharedCompilation=false, IterationCount=15, IterationTime=200ms, WarmupCount=5) [KeySize=1024]
// *** Execute ***
// Launch: 1 / 1
// Execute: dotnet Dekaf.Benchmarks-B_Published-2.dll --anonymousPipes 1592 1664 --benchmarkName "Dekaf.Benchmarks.Benchmarks.Unit.DistinctBinaryKeyDispatchBenchmarks.ByteArray(KeySize: 1024)" --job D_PublishedControl --benchmarkId 12 in C:\git\Dekaf-perf-improvements-20260907\pr-3082\comparison\bin\Release\net10.0\Dekaf.Benchmarks-B_Published-2\bin\Release\net10.0
// BeforeAnythingElse

// Benchmark Process Environment Information:
// BenchmarkDotNet v0.15.8
// Runtime=.NET 10.0.11 (10.0.11, 10.0.1126.37416), X64 RyuJIT x86-64-v3
// GC=Concurrent Workstation
// HardwareIntrinsics=AVX2+BMI1+BMI2+F16C+FMA+LZCNT+MOVBE,AVX,SSE3+SSSE3+SSE4.1+SSE4.2+POPCNT,X86Base+SSE+SSE2,AES+PCLMUL,AvxVnni,SERIALIZE VectorSize=256
// Job: D_PublishedControl(IterationCount=15, IterationTime=200ms, WarmupCount=5)

OverheadJitting  1: 128 op, 101000.00 ns, 789.0625 ns/op
WorkloadJitting  1: 128 op, 35348200.00 ns, 276.1578 us/op

WorkloadPilot    1: 512 op, 10707100.00 ns, 20.9123 us/op
WorkloadPilot    2: 9600 op, 194469700.00 ns, 20.2573 us/op
WorkloadPilot    3: 9856 op, 53107800.00 ns, 5.3884 us/op
WorkloadPilot    4: 37120 op, 187764300.00 ns, 5.0583 us/op
WorkloadPilot    5: 39552 op, 159854200.00 ns, 4.0416 us/op
WorkloadPilot    6: 49536 op, 188728500.00 ns, 3.8099 us/op
WorkloadPilot    7: 52480 op, 195436400.00 ns, 3.7240 us/op
WorkloadPilot    8: 53760 op, 150715100.00 ns, 2.8035 us/op
WorkloadPilot    9: 71296 op, 201308400.00 ns, 2.8236 us/op
WorkloadPilot   10: 70784 op, 118845900.00 ns, 1.6790 us/op
WorkloadPilot   11: 119168 op, 188664600.00 ns, 1.5832 us/op
WorkloadPilot   12: 126336 op, 198750000.00 ns, 1.5732 us/op
WorkloadPilot   13: 127104 op, 198554000.00 ns, 1.5621 us/op
WorkloadPilot   14: 128000 op, 197290300.00 ns, 1.5413 us/op
WorkloadPilot   15: 129792 op, 209036500.00 ns, 1.6105 us/op
WorkloadPilot   16: 124160 op, 194776200.00 ns, 1.5688 us/op
WorkloadPilot   17: 127488 op, 205185900.00 ns, 1.6095 us/op

WorkloadWarmup   1: 127488 op, 253509000.00 ns, 1.9885 us/op
WorkloadWarmup   2: 127488 op, 210195800.00 ns, 1.6487 us/op
WorkloadWarmup   3: 127488 op, 204625300.00 ns, 1.6051 us/op
WorkloadWarmup   4: 127488 op, 198330400.00 ns, 1.5557 us/op
WorkloadWarmup   5: 127488 op, 198671000.00 ns, 1.5584 us/op

// BeforeActualRun
WorkloadActual   1: 127488 op, 202793400.00 ns, 1.5907 us/op
WorkloadActual   2: 127488 op, 213921700.00 ns, 1.6780 us/op
WorkloadActual   3: 127488 op, 216614900.00 ns, 1.6991 us/op
WorkloadActual   4: 127488 op, 214023100.00 ns, 1.6788 us/op
WorkloadActual   5: 127488 op, 265761700.00 ns, 2.0846 us/op
WorkloadActual   6: 127488 op, 204601200.00 ns, 1.6049 us/op
WorkloadActual   7: 127488 op, 201742800.00 ns, 1.5824 us/op
WorkloadActual   8: 127488 op, 201045100.00 ns, 1.5770 us/op
WorkloadActual   9: 127488 op, 202176800.00 ns, 1.5858 us/op
WorkloadActual  10: 127488 op, 210282800.00 ns, 1.6494 us/op
WorkloadActual  11: 127488 op, 199313500.00 ns, 1.5634 us/op
WorkloadActual  12: 127488 op, 208008000.00 ns, 1.6316 us/op
WorkloadActual  13: 127488 op, 203896400.00 ns, 1.5993 us/op
WorkloadActual  14: 127488 op, 201780600.00 ns, 1.5827 us/op
WorkloadActual  15: 127488 op, 202285000.00 ns, 1.5867 us/op

// AfterActualRun
WorkloadResult   1: 127488 op, 202793400.00 ns, 1.5907 us/op
WorkloadResult   2: 127488 op, 213921700.00 ns, 1.6780 us/op
WorkloadResult   3: 127488 op, 216614900.00 ns, 1.6991 us/op
WorkloadResult   4: 127488 op, 214023100.00 ns, 1.6788 us/op
WorkloadResult   5: 127488 op, 204601200.00 ns, 1.6049 us/op
WorkloadResult   6: 127488 op, 201742800.00 ns, 1.5824 us/op
WorkloadResult   7: 127488 op, 201045100.00 ns, 1.5770 us/op
WorkloadResult   8: 127488 op, 202176800.00 ns, 1.5858 us/op
WorkloadResult   9: 127488 op, 210282800.00 ns, 1.6494 us/op
WorkloadResult  10: 127488 op, 199313500.00 ns, 1.5634 us/op
WorkloadResult  11: 127488 op, 208008000.00 ns, 1.6316 us/op
WorkloadResult  12: 127488 op, 203896400.00 ns, 1.5993 us/op
WorkloadResult  13: 127488 op, 201780600.00 ns, 1.5827 us/op
WorkloadResult  14: 127488 op, 202285000.00 ns, 1.5867 us/op
// GC:  22 8 0 293980064 127488
// Threading:  127488 133 127488

// AfterAll
// Benchmark Process 107592 has exited with code 0.

Mean = 1.615 us, StdErr = 0.012 us (0.73%), N = 14, StdDev = 0.044 us
Min = 1.563 us, Q1 = 1.584 us, Median = 1.595 us, Q3 = 1.645 us, Max = 1.699 us
IQR = 0.061 us, LowerFence = 1.491 us, UpperFence = 1.737 us
ConfidenceInterval = [1.565 us; 1.665 us] (CI 99.9%), Margin = 0.050 us (3.09% of Mean)
Skewness = 0.68, Kurtosis = 1.82, MValue = 2

// ** Remained 13 (28.9%) benchmark(s) to run. Estimated finish 2026-09-07 16:55 (0h 1m from now) **
Setup power plan (GUID: 8c5e7fda-e8bf-4a96-9a85-a6e23a8c635c FriendlyName: High performance)
// **************************
// Benchmark: DistinctBinaryKeyDispatchBenchmarks.RawMemory: D_PublishedControl(Arguments=/p:ProductDirectory=C:/git/Dekaf-perf-improvements-20260907/pr-3082/published,/p:UseSharedCompilation=false, IterationCount=15, IterationTime=200ms, WarmupCount=5) [KeySize=1024]
// *** Execute ***
// Launch: 1 / 1
// Execute: dotnet Dekaf.Benchmarks-B_Published-2.dll --anonymousPipes 1592 1664 --benchmarkName "Dekaf.Benchmarks.Benchmarks.Unit.DistinctBinaryKeyDispatchBenchmarks.RawMemory(KeySize: 1024)" --job D_PublishedControl --benchmarkId 13 in C:\git\Dekaf-perf-improvements-20260907\pr-3082\comparison\bin\Release\net10.0\Dekaf.Benchmarks-B_Published-2\bin\Release\net10.0
// BeforeAnythingElse

// Benchmark Process Environment Information:
// BenchmarkDotNet v0.15.8
// Runtime=.NET 10.0.11 (10.0.11, 10.0.1126.37416), X64 RyuJIT x86-64-v3
// GC=Concurrent Workstation
// HardwareIntrinsics=AVX2+BMI1+BMI2+F16C+FMA+LZCNT+MOVBE,AVX,SSE3+SSSE3+SSE4.1+SSE4.2+POPCNT,X86Base+SSE+SSE2,AES+PCLMUL,AvxVnni,SERIALIZE VectorSize=256
// Job: D_PublishedControl(IterationCount=15, IterationTime=200ms, WarmupCount=5)

OverheadJitting  1: 128 op, 105300.00 ns, 822.6563 ns/op
WorkloadJitting  1: 128 op, 32248700.00 ns, 251.9430 us/op

WorkloadPilot    1: 512 op, 10433800.00 ns, 20.3785 us/op
WorkloadPilot    2: 9856 op, 201831400.00 ns, 20.4780 us/op

WorkloadWarmup   1: 9856 op, 201480800.00 ns, 20.4425 us/op
WorkloadWarmup   2: 9856 op, 198182000.00 ns, 20.1078 us/op
WorkloadWarmup   3: 9856 op, 161756700.00 ns, 16.4120 us/op
WorkloadWarmup   4: 9856 op, 43302900.00 ns, 4.3936 us/op
WorkloadWarmup   5: 9856 op, 42266200.00 ns, 4.2884 us/op

// BeforeActualRun
WorkloadActual   1: 9856 op, 41012700.00 ns, 4.1612 us/op
WorkloadActual   2: 9856 op, 41016300.00 ns, 4.1616 us/op
WorkloadActual   3: 9856 op, 40998200.00 ns, 4.1597 us/op
WorkloadActual   4: 9856 op, 43435400.00 ns, 4.4070 us/op
WorkloadActual   5: 9856 op, 43238800.00 ns, 4.3871 us/op
WorkloadActual   6: 9856 op, 43220700.00 ns, 4.3852 us/op
WorkloadActual   7: 9856 op, 46584400.00 ns, 4.7265 us/op
WorkloadActual   8: 9856 op, 39047000.00 ns, 3.9617 us/op
WorkloadActual   9: 9856 op, 28540600.00 ns, 2.8958 us/op
WorkloadActual  10: 9856 op, 27395500.00 ns, 2.7796 us/op
WorkloadActual  11: 9856 op, 26523400.00 ns, 2.6911 us/op
WorkloadActual  12: 9856 op, 26098500.00 ns, 2.6480 us/op
WorkloadActual  13: 9856 op, 23525000.00 ns, 2.3869 us/op
WorkloadActual  14: 9856 op, 22409500.00 ns, 2.2737 us/op
WorkloadActual  15: 9856 op, 22533800.00 ns, 2.2863 us/op

// AfterActualRun
WorkloadResult   1: 9856 op, 41012700.00 ns, 4.1612 us/op
WorkloadResult   2: 9856 op, 41016300.00 ns, 4.1616 us/op
WorkloadResult   3: 9856 op, 40998200.00 ns, 4.1597 us/op
WorkloadResult   4: 9856 op, 43435400.00 ns, 4.4070 us/op
WorkloadResult   5: 9856 op, 43238800.00 ns, 4.3871 us/op
WorkloadResult   6: 9856 op, 43220700.00 ns, 4.3852 us/op
WorkloadResult   7: 9856 op, 46584400.00 ns, 4.7265 us/op
WorkloadResult   8: 9856 op, 39047000.00 ns, 3.9617 us/op
WorkloadResult   9: 9856 op, 28540600.00 ns, 2.8958 us/op
WorkloadResult  10: 9856 op, 27395500.00 ns, 2.7796 us/op
WorkloadResult  11: 9856 op, 26523400.00 ns, 2.6911 us/op
WorkloadResult  12: 9856 op, 26098500.00 ns, 2.6480 us/op
WorkloadResult  13: 9856 op, 23525000.00 ns, 2.3869 us/op
WorkloadResult  14: 9856 op, 22409500.00 ns, 2.2737 us/op
WorkloadResult  15: 9856 op, 22533800.00 ns, 2.2863 us/op
// GC:  1 0 0 23605248 9856
// Threading:  9856 12 9856

// AfterAll
// Benchmark Process 107076 has exited with code 0.

Mean = 3.487 us, StdErr = 0.238 us (6.83%), N = 15, StdDev = 0.922 us
Min = 2.274 us, Q1 = 2.670 us, Median = 3.962 us, Q3 = 4.273 us, Max = 4.727 us
IQR = 1.604 us, LowerFence = 0.264 us, UpperFence = 6.679 us
ConfidenceInterval = [2.502 us; 4.473 us] (CI 99.9%), Margin = 0.986 us (28.26% of Mean)
Skewness = -0.12, Kurtosis = 1.11, MValue = 3.75

// ** Remained 12 (26.7%) benchmark(s) to run. Estimated finish 2026-09-07 16:55 (0h 1m from now) **
Setup power plan (GUID: 8c5e7fda-e8bf-4a96-9a85-a6e23a8c635c FriendlyName: High performance)
// **************************
// Benchmark: DistinctBinaryKeyDispatchBenchmarks.ByteArray: E_BaselineControl(Arguments=/p:ProductDirectory=C:/git/Dekaf-perf-improvements-20260907/pr-3082/baseline,/p:UseSharedCompilation=false, IterationCount=15, IterationTime=200ms, WarmupCount=5) [KeySize=1024]
// *** Execute ***
// Launch: 1 / 1
// Execute: dotnet Dekaf.Benchmarks-A_Baseline-1.dll --anonymousPipes 1456 1384 --benchmarkName "Dekaf.Benchmarks.Benchmarks.Unit.DistinctBinaryKeyDispatchBenchmarks.ByteArray(KeySize: 1024)" --job E_BaselineControl --benchmarkId 12 in C:\git\Dekaf-perf-improvements-20260907\pr-3082\comparison\bin\Release\net10.0\Dekaf.Benchmarks-A_Baseline-1\bin\Release\net10.0
// BeforeAnythingElse

// Benchmark Process Environment Information:
// BenchmarkDotNet v0.15.8
// Runtime=.NET 10.0.11 (10.0.11, 10.0.1126.37416), X64 RyuJIT x86-64-v3
// GC=Concurrent Workstation
// HardwareIntrinsics=AVX2+BMI1+BMI2+F16C+FMA+LZCNT+MOVBE,AVX,SSE3+SSSE3+SSE4.1+SSE4.2+POPCNT,X86Base+SSE+SSE2,AES+PCLMUL,AvxVnni,SERIALIZE VectorSize=256
// Job: E_BaselineControl(IterationCount=15, IterationTime=200ms, WarmupCount=5)

OverheadJitting  1: 128 op, 104500.00 ns, 816.4063 ns/op
WorkloadJitting  1: 128 op, 28717100.00 ns, 224.3523 us/op

WorkloadPilot    1: 512 op, 1697200.00 ns, 3.3148 us/op
WorkloadPilot    2: 60288 op, 179894600.00 ns, 2.9839 us/op
WorkloadPilot    3: 67072 op, 210266600.00 ns, 3.1349 us/op
WorkloadPilot    4: 63744 op, 227068200.00 ns, 3.5622 us/op
WorkloadPilot    5: 56192 op, 183104000.00 ns, 3.2585 us/op
WorkloadPilot    6: 61440 op, 141805700.00 ns, 2.3080 us/op
WorkloadPilot    7: 86656 op, 153827200.00 ns, 1.7751 us/op
WorkloadPilot    8: 112640 op, 184482400.00 ns, 1.6378 us/op
WorkloadPilot    9: 122112 op, 193408500.00 ns, 1.5839 us/op
WorkloadPilot   10: 126336 op, 191121900.00 ns, 1.5128 us/op
WorkloadPilot   11: 132224 op, 200523000.00 ns, 1.5165 us/op

WorkloadWarmup   1: 132224 op, 251171900.00 ns, 1.8996 us/op
WorkloadWarmup   2: 132224 op, 211688400.00 ns, 1.6010 us/op
WorkloadWarmup   3: 132224 op, 204572500.00 ns, 1.5472 us/op
WorkloadWarmup   4: 132224 op, 199830900.00 ns, 1.5113 us/op
WorkloadWarmup   5: 132224 op, 200075100.00 ns, 1.5132 us/op

// BeforeActualRun
WorkloadActual   1: 132224 op, 203641800.00 ns, 1.5401 us/op
WorkloadActual   2: 132224 op, 200287900.00 ns, 1.5148 us/op
WorkloadActual   3: 132224 op, 199399400.00 ns, 1.5080 us/op
WorkloadActual   4: 132224 op, 245820800.00 ns, 1.8591 us/op
WorkloadActual   5: 132224 op, 208682200.00 ns, 1.5782 us/op
WorkloadActual   6: 132224 op, 207654800.00 ns, 1.5705 us/op
WorkloadActual   7: 132224 op, 200599000.00 ns, 1.5171 us/op
WorkloadActual   8: 132224 op, 200169100.00 ns, 1.5139 us/op
WorkloadActual   9: 132224 op, 201174400.00 ns, 1.5215 us/op
WorkloadActual  10: 132224 op, 201688500.00 ns, 1.5254 us/op
WorkloadActual  11: 132224 op, 215469000.00 ns, 1.6296 us/op
WorkloadActual  12: 132224 op, 215764700.00 ns, 1.6318 us/op
WorkloadActual  13: 132224 op, 234724800.00 ns, 1.7752 us/op
WorkloadActual  14: 132224 op, 241081400.00 ns, 1.8233 us/op
WorkloadActual  15: 132224 op, 203351700.00 ns, 1.5379 us/op

// AfterActualRun
WorkloadResult   1: 132224 op, 203641800.00 ns, 1.5401 us/op
WorkloadResult   2: 132224 op, 200287900.00 ns, 1.5148 us/op
WorkloadResult   3: 132224 op, 199399400.00 ns, 1.5080 us/op
WorkloadResult   4: 132224 op, 208682200.00 ns, 1.5782 us/op
WorkloadResult   5: 132224 op, 207654800.00 ns, 1.5705 us/op
WorkloadResult   6: 132224 op, 200599000.00 ns, 1.5171 us/op
WorkloadResult   7: 132224 op, 200169100.00 ns, 1.5139 us/op
WorkloadResult   8: 132224 op, 201174400.00 ns, 1.5215 us/op
WorkloadResult   9: 132224 op, 201688500.00 ns, 1.5254 us/op
WorkloadResult  10: 132224 op, 215469000.00 ns, 1.6296 us/op
WorkloadResult  11: 132224 op, 215764700.00 ns, 1.6318 us/op
WorkloadResult  12: 132224 op, 234724800.00 ns, 1.7752 us/op
WorkloadResult  13: 132224 op, 203351700.00 ns, 1.5379 us/op
// GC:  23 8 0 304879800 132224
// Threading:  132224 38 132224

// AfterAll
// Benchmark Process 90448 has exited with code 0.

Mean = 1.566 us, StdErr = 0.021 us (1.34%), N = 13, StdDev = 0.076 us
Min = 1.508 us, Q1 = 1.517 us, Median = 1.538 us, Q3 = 1.578 us, Max = 1.775 us
IQR = 0.061 us, LowerFence = 1.425 us, UpperFence = 1.670 us
ConfidenceInterval = [1.476 us; 1.657 us] (CI 99.9%), Margin = 0.090 us (5.78% of Mean)
Skewness = 1.57, Kurtosis = 4.66, MValue = 2

// ** Remained 11 (24.4%) benchmark(s) to run. Estimated finish 2026-09-07 16:55 (0h 0m from now) **
Setup power plan (GUID: 8c5e7fda-e8bf-4a96-9a85-a6e23a8c635c FriendlyName: High performance)
// **************************
// Benchmark: DistinctBinaryKeyDispatchBenchmarks.RawMemory: E_BaselineControl(Arguments=/p:ProductDirectory=C:/git/Dekaf-perf-improvements-20260907/pr-3082/baseline,/p:UseSharedCompilation=false, IterationCount=15, IterationTime=200ms, WarmupCount=5) [KeySize=1024]
// *** Execute ***
// Launch: 1 / 1
// Execute: dotnet Dekaf.Benchmarks-A_Baseline-1.dll --anonymousPipes 2112 1480 --benchmarkName "Dekaf.Benchmarks.Benchmarks.Unit.DistinctBinaryKeyDispatchBenchmarks.RawMemory(KeySize: 1024)" --job E_BaselineControl --benchmarkId 13 in C:\git\Dekaf-perf-improvements-20260907\pr-3082\comparison\bin\Release\net10.0\Dekaf.Benchmarks-A_Baseline-1\bin\Release\net10.0
// BeforeAnythingElse

// Benchmark Process Environment Information:
// BenchmarkDotNet v0.15.8
// Runtime=.NET 10.0.11 (10.0.11, 10.0.1126.37416), X64 RyuJIT x86-64-v3
// GC=Concurrent Workstation
// HardwareIntrinsics=AVX2+BMI1+BMI2+F16C+FMA+LZCNT+MOVBE,AVX,SSE3+SSSE3+SSE4.1+SSE4.2+POPCNT,X86Base+SSE+SSE2,AES+PCLMUL,AvxVnni,SERIALIZE VectorSize=256
// Job: E_BaselineControl(IterationCount=15, IterationTime=200ms, WarmupCount=5)

OverheadJitting  1: 128 op, 104000.00 ns, 812.5000 ns/op
WorkloadJitting  1: 128 op, 28336400.00 ns, 221.3781 us/op

WorkloadPilot    1: 512 op, 1528300.00 ns, 2.9850 us/op
WorkloadPilot    2: 66944 op, 193717600.00 ns, 2.8937 us/op
WorkloadPilot    3: 69120 op, 238091600.00 ns, 3.4446 us/op
WorkloadPilot    4: 58112 op, 197397700.00 ns, 3.3968 us/op
WorkloadPilot    5: 58880 op, 159094200.00 ns, 2.7020 us/op
WorkloadPilot    6: 73984 op, 179547700.00 ns, 2.4268 us/op
WorkloadPilot    7: 82432 op, 159680600.00 ns, 1.9371 us/op
WorkloadPilot    8: 103296 op, 176535400.00 ns, 1.7090 us/op
WorkloadPilot    9: 116992 op, 181066500.00 ns, 1.5477 us/op
WorkloadPilot   10: 129280 op, 194244200.00 ns, 1.5025 us/op
WorkloadPilot   11: 133120 op, 201656300.00 ns, 1.5148 us/op
WorkloadPilot   12: 131968 op, 201066900.00 ns, 1.5236 us/op

WorkloadWarmup   1: 131968 op, 197968100.00 ns, 1.5001 us/op
WorkloadWarmup   2: 131968 op, 212851700.00 ns, 1.6129 us/op
WorkloadWarmup   3: 131968 op, 215076600.00 ns, 1.6298 us/op
WorkloadWarmup   4: 131968 op, 226315000.00 ns, 1.7149 us/op
WorkloadWarmup   5: 131968 op, 214012800.00 ns, 1.6217 us/op

// BeforeActualRun
WorkloadActual   1: 131968 op, 201507400.00 ns, 1.5269 us/op
WorkloadActual   2: 131968 op, 199553700.00 ns, 1.5121 us/op
WorkloadActual   3: 131968 op, 202397700.00 ns, 1.5337 us/op
WorkloadActual   4: 131968 op, 199978600.00 ns, 1.5154 us/op
WorkloadActual   5: 131968 op, 201290600.00 ns, 1.5253 us/op
WorkloadActual   6: 131968 op, 210430600.00 ns, 1.5946 us/op
WorkloadActual   7: 131968 op, 199410100.00 ns, 1.5110 us/op
WorkloadActual   8: 131968 op, 199666400.00 ns, 1.5130 us/op
WorkloadActual   9: 131968 op, 202329500.00 ns, 1.5332 us/op
WorkloadActual  10: 131968 op, 202708400.00 ns, 1.5360 us/op
WorkloadActual  11: 131968 op, 232288300.00 ns, 1.7602 us/op
WorkloadActual  12: 131968 op, 227745100.00 ns, 1.7258 us/op
WorkloadActual  13: 131968 op, 203256800.00 ns, 1.5402 us/op
WorkloadActual  14: 131968 op, 199070500.00 ns, 1.5085 us/op
WorkloadActual  15: 131968 op, 201440800.00 ns, 1.5264 us/op

// AfterActualRun
WorkloadResult   1: 131968 op, 201507400.00 ns, 1.5269 us/op
WorkloadResult   2: 131968 op, 199553700.00 ns, 1.5121 us/op
WorkloadResult   3: 131968 op, 202397700.00 ns, 1.5337 us/op
WorkloadResult   4: 131968 op, 199978600.00 ns, 1.5154 us/op
WorkloadResult   5: 131968 op, 201290600.00 ns, 1.5253 us/op
WorkloadResult   6: 131968 op, 199410100.00 ns, 1.5110 us/op
WorkloadResult   7: 131968 op, 199666400.00 ns, 1.5130 us/op
WorkloadResult   8: 131968 op, 202329500.00 ns, 1.5332 us/op
WorkloadResult   9: 131968 op, 202708400.00 ns, 1.5360 us/op
WorkloadResult  10: 131968 op, 203256800.00 ns, 1.5402 us/op
WorkloadResult  11: 131968 op, 199070500.00 ns, 1.5085 us/op
WorkloadResult  12: 131968 op, 201440800.00 ns, 1.5264 us/op
// GC:  24 9 0 316842312 131968
// Threading:  131968 84 131968

// AfterAll
// Benchmark Process 109336 has exited with code 0.

Mean = 1.523 us, StdErr = 0.003 us (0.21%), N = 12, StdDev = 0.011 us
Min = 1.508 us, Q1 = 1.513 us, Median = 1.526 us, Q3 = 1.533 us, Max = 1.540 us
IQR = 0.021 us, LowerFence = 1.482 us, UpperFence = 1.564 us
ConfidenceInterval = [1.509 us; 1.538 us] (CI 99.9%), Margin = 0.014 us (0.93% of Mean)
Skewness = 0.02, Kurtosis = 1.29, MValue = 2

// ** Remained 10 (22.2%) benchmark(s) to run. Estimated finish 2026-09-07 16:55 (0h 0m from now) **
Setup power plan (GUID: 8c5e7fda-e8bf-4a96-9a85-a6e23a8c635c FriendlyName: High performance)
// **************************
// Benchmark: DistinctBinaryKeyDispatchBenchmarks.ByteArray: A_Baseline(Arguments=/p:ProductDirectory=C:/git/Dekaf-perf-improvements-20260907/pr-3082/baseline,/p:UseSharedCompilation=false, IterationCount=15, IterationTime=200ms, WarmupCount=5) [KeySize=65536]
// *** Execute ***
// Launch: 1 / 1
// Execute: dotnet Dekaf.Benchmarks-A_Baseline-1.dll --anonymousPipes 1584 1384 --benchmarkName "Dekaf.Benchmarks.Benchmarks.Unit.DistinctBinaryKeyDispatchBenchmarks.ByteArray(KeySize: 65536)" --job A_Baseline --benchmarkId 14 in C:\git\Dekaf-perf-improvements-20260907\pr-3082\comparison\bin\Release\net10.0\Dekaf.Benchmarks-A_Baseline-1\bin\Release\net10.0
// BeforeAnythingElse

// Benchmark Process Environment Information:
// BenchmarkDotNet v0.15.8
// Runtime=.NET 10.0.11 (10.0.11, 10.0.1126.37416), X64 RyuJIT x86-64-v3
// GC=Concurrent Workstation
// HardwareIntrinsics=AVX2+BMI1+BMI2+F16C+FMA+LZCNT+MOVBE,AVX,SSE3+SSSE3+SSE4.1+SSE4.2+POPCNT,X86Base+SSE+SSE2,AES+PCLMUL,AvxVnni,SERIALIZE VectorSize=256
// Job: A_Baseline(IterationCount=15, IterationTime=200ms, WarmupCount=5)

OverheadJitting  1: 128 op, 103800.00 ns, 810.9375 ns/op
WorkloadJitting  1: 128 op, 29296900.00 ns, 228.8820 us/op

WorkloadPilot    1: 512 op, 1878800.00 ns, 3.6695 us/op
WorkloadPilot    2: 54528 op, 163218700.00 ns, 2.9933 us/op
WorkloadPilot    3: 66816 op, 278487000.00 ns, 4.1680 us/op
WorkloadPilot    4: 48000 op, 183052200.00 ns, 3.8136 us/op
WorkloadPilot    5: 52480 op, 173052900.00 ns, 3.2975 us/op
WorkloadPilot    6: 60672 op, 138420200.00 ns, 2.2815 us/op
WorkloadPilot    7: 87680 op, 161965900.00 ns, 1.8472 us/op
WorkloadPilot    8: 108288 op, 173801500.00 ns, 1.6050 us/op
WorkloadPilot    9: 124672 op, 193764300.00 ns, 1.5542 us/op
WorkloadPilot   10: 128640 op, 199224300.00 ns, 1.5487 us/op
WorkloadPilot   11: 129152 op, 208573700.00 ns, 1.6149 us/op
WorkloadPilot   12: 123904 op, 202327500.00 ns, 1.6329 us/op

WorkloadWarmup   1: 123904 op, 196175300.00 ns, 1.5833 us/op
WorkloadWarmup   2: 123904 op, 244374500.00 ns, 1.9723 us/op
WorkloadWarmup   3: 123904 op, 198512200.00 ns, 1.6021 us/op
WorkloadWarmup   4: 123904 op, 192142100.00 ns, 1.5507 us/op
WorkloadWarmup   5: 123904 op, 187097000.00 ns, 1.5100 us/op

// BeforeActualRun
WorkloadActual   1: 123904 op, 187331200.00 ns, 1.5119 us/op
WorkloadActual   2: 123904 op, 188043400.00 ns, 1.5177 us/op
WorkloadActual   3: 123904 op, 191211800.00 ns, 1.5432 us/op
WorkloadActual   4: 123904 op, 203551000.00 ns, 1.6428 us/op
WorkloadActual   5: 123904 op, 187701500.00 ns, 1.5149 us/op
WorkloadActual   6: 123904 op, 186339900.00 ns, 1.5039 us/op
WorkloadActual   7: 123904 op, 187756400.00 ns, 1.5153 us/op
WorkloadActual   8: 123904 op, 189548500.00 ns, 1.5298 us/op
WorkloadActual   9: 123904 op, 187113400.00 ns, 1.5101 us/op
WorkloadActual  10: 123904 op, 188966300.00 ns, 1.5251 us/op
WorkloadActual  11: 123904 op, 188209700.00 ns, 1.5190 us/op
WorkloadActual  12: 123904 op, 188373000.00 ns, 1.5203 us/op
WorkloadActual  13: 123904 op, 184871700.00 ns, 1.4921 us/op
WorkloadActual  14: 123904 op, 195050300.00 ns, 1.5742 us/op
WorkloadActual  15: 123904 op, 188962900.00 ns, 1.5251 us/op

// AfterActualRun
WorkloadResult   1: 123904 op, 187331200.00 ns, 1.5119 us/op
WorkloadResult   2: 123904 op, 188043400.00 ns, 1.5177 us/op
WorkloadResult   3: 123904 op, 191211800.00 ns, 1.5432 us/op
WorkloadResult   4: 123904 op, 187701500.00 ns, 1.5149 us/op
WorkloadResult   5: 123904 op, 186339900.00 ns, 1.5039 us/op
WorkloadResult   6: 123904 op, 187756400.00 ns, 1.5153 us/op
WorkloadResult   7: 123904 op, 189548500.00 ns, 1.5298 us/op
WorkloadResult   8: 123904 op, 187113400.00 ns, 1.5101 us/op
WorkloadResult   9: 123904 op, 188966300.00 ns, 1.5251 us/op
WorkloadResult  10: 123904 op, 188209700.00 ns, 1.5190 us/op
WorkloadResult  11: 123904 op, 188373000.00 ns, 1.5203 us/op
WorkloadResult  12: 123904 op, 184871700.00 ns, 1.4921 us/op
WorkloadResult  13: 123904 op, 188962900.00 ns, 1.5251 us/op
// GC:  21 5 0 285417440 123904
// Threading:  123904 80 123904

// AfterAll
// Benchmark Process 109640 has exited with code 0.

Mean = 1.518 us, StdErr = 0.003 us (0.23%), N = 13, StdDev = 0.012 us
Min = 1.492 us, Q1 = 1.512 us, Median = 1.518 us, Q3 = 1.525 us, Max = 1.543 us
IQR = 0.013 us, LowerFence = 1.492 us, UpperFence = 1.545 us
ConfidenceInterval = [1.503 us; 1.533 us] (CI 99.9%), Margin = 0.015 us (0.98% of Mean)
Skewness = -0.01, Kurtosis = 2.94, MValue = 2

// ** Remained 9 (20.0%) benchmark(s) to run. Estimated finish 2026-09-07 16:55 (0h 0m from now) **
Setup power plan (GUID: 8c5e7fda-e8bf-4a96-9a85-a6e23a8c635c FriendlyName: High performance)
// **************************
// Benchmark: DistinctBinaryKeyDispatchBenchmarks.RawMemory: A_Baseline(Arguments=/p:ProductDirectory=C:/git/Dekaf-perf-improvements-20260907/pr-3082/baseline,/p:UseSharedCompilation=false, IterationCount=15, IterationTime=200ms, WarmupCount=5) [KeySize=65536]
// *** Execute ***
// Launch: 1 / 1
// Execute: dotnet Dekaf.Benchmarks-A_Baseline-1.dll --anonymousPipes 1184 1644 --benchmarkName "Dekaf.Benchmarks.Benchmarks.Unit.DistinctBinaryKeyDispatchBenchmarks.RawMemory(KeySize: 65536)" --job A_Baseline --benchmarkId 15 in C:\git\Dekaf-perf-improvements-20260907\pr-3082\comparison\bin\Release\net10.0\Dekaf.Benchmarks-A_Baseline-1\bin\Release\net10.0
// BeforeAnythingElse

// Benchmark Process Environment Information:
// BenchmarkDotNet v0.15.8
// Runtime=.NET 10.0.11 (10.0.11, 10.0.1126.37416), X64 RyuJIT x86-64-v3
// GC=Concurrent Workstation
// HardwareIntrinsics=AVX2+BMI1+BMI2+F16C+FMA+LZCNT+MOVBE,AVX,SSE3+SSSE3+SSE4.1+SSE4.2+POPCNT,X86Base+SSE+SSE2,AES+PCLMUL,AvxVnni,SERIALIZE VectorSize=256
// Job: A_Baseline(IterationCount=15, IterationTime=200ms, WarmupCount=5)

OverheadJitting  1: 128 op, 102200.00 ns, 798.4375 ns/op
WorkloadJitting  1: 128 op, 28857600.00 ns, 225.4500 us/op

WorkloadPilot    1: 512 op, 1787700.00 ns, 3.4916 us/op
WorkloadPilot    2: 57344 op, 169041800.00 ns, 2.9479 us/op
WorkloadPilot    3: 67840 op, 205431600.00 ns, 3.0282 us/op
WorkloadPilot    4: 66048 op, 232584400.00 ns, 3.5214 us/op
WorkloadPilot    5: 56832 op, 196664400.00 ns, 3.4605 us/op
WorkloadPilot    6: 57856 op, 161849600.00 ns, 2.7975 us/op
WorkloadPilot    7: 71552 op, 192006000.00 ns, 2.6834 us/op
WorkloadPilot    8: 74496 op, 156252400.00 ns, 2.0975 us/op
WorkloadPilot    9: 95360 op, 164621600.00 ns, 1.7263 us/op
WorkloadPilot   10: 115840 op, 183251900.00 ns, 1.5819 us/op
WorkloadPilot   11: 126464 op, 193672500.00 ns, 1.5314 us/op
WorkloadPilot   12: 130560 op, 198153100.00 ns, 1.5177 us/op
WorkloadPilot   13: 131840 op, 234012000.00 ns, 1.7750 us/op

WorkloadWarmup   1: 131840 op, 228351400.00 ns, 1.7320 us/op
WorkloadWarmup   2: 131840 op, 201173800.00 ns, 1.5259 us/op
WorkloadWarmup   3: 131840 op, 196104300.00 ns, 1.4874 us/op
WorkloadWarmup   4: 131840 op, 199637900.00 ns, 1.5142 us/op
WorkloadWarmup   5: 131840 op, 200524100.00 ns, 1.5210 us/op

// BeforeActualRun
WorkloadActual   1: 131840 op, 206239700.00 ns, 1.5643 us/op
WorkloadActual   2: 131840 op, 197312100.00 ns, 1.4966 us/op
WorkloadActual   3: 131840 op, 224346500.00 ns, 1.7017 us/op
WorkloadActual   4: 131840 op, 231692900.00 ns, 1.7574 us/op
WorkloadActual   5: 131840 op, 210382500.00 ns, 1.5957 us/op
WorkloadActual   6: 131840 op, 201613100.00 ns, 1.5292 us/op
WorkloadActual   7: 131840 op, 198828500.00 ns, 1.5081 us/op
WorkloadActual   8: 131840 op, 196259500.00 ns, 1.4886 us/op
WorkloadActual   9: 131840 op, 200345100.00 ns, 1.5196 us/op
WorkloadActual  10: 131840 op, 210076300.00 ns, 1.5934 us/op
WorkloadActual  11: 131840 op, 214944900.00 ns, 1.6303 us/op
WorkloadActual  12: 131840 op, 213864200.00 ns, 1.6221 us/op
WorkloadActual  13: 131840 op, 260119100.00 ns, 1.9730 us/op
WorkloadActual  14: 131840 op, 217315300.00 ns, 1.6483 us/op
WorkloadActual  15: 131840 op, 208657400.00 ns, 1.5827 us/op

// AfterActualRun
WorkloadResult   1: 131840 op, 206239700.00 ns, 1.5643 us/op
WorkloadResult   2: 131840 op, 197312100.00 ns, 1.4966 us/op
WorkloadResult   3: 131840 op, 224346500.00 ns, 1.7017 us/op
WorkloadResult   4: 131840 op, 231692900.00 ns, 1.7574 us/op
WorkloadResult   5: 131840 op, 210382500.00 ns, 1.5957 us/op
WorkloadResult   6: 131840 op, 201613100.00 ns, 1.5292 us/op
WorkloadResult   7: 131840 op, 198828500.00 ns, 1.5081 us/op
WorkloadResult   8: 131840 op, 196259500.00 ns, 1.4886 us/op
WorkloadResult   9: 131840 op, 200345100.00 ns, 1.5196 us/op
WorkloadResult  10: 131840 op, 210076300.00 ns, 1.5934 us/op
WorkloadResult  11: 131840 op, 214944900.00 ns, 1.6303 us/op
WorkloadResult  12: 131840 op, 213864200.00 ns, 1.6221 us/op
WorkloadResult  13: 131840 op, 217315300.00 ns, 1.6483 us/op
WorkloadResult  14: 131840 op, 208657400.00 ns, 1.5827 us/op
// GC:  24 6 0 316518984 131840
// Threading:  131840 44 131840

// AfterAll
// Benchmark Process 71540 has exited with code 0.

Mean = 1.588 us, StdErr = 0.021 us (1.33%), N = 14, StdDev = 0.079 us
Min = 1.489 us, Q1 = 1.522 us, Median = 1.588 us, Q3 = 1.628 us, Max = 1.757 us
IQR = 0.106 us, LowerFence = 1.363 us, UpperFence = 1.788 us
ConfidenceInterval = [1.499 us; 1.678 us] (CI 99.9%), Margin = 0.089 us (5.63% of Mean)
Skewness = 0.54, Kurtosis = 2.25, MValue = 2.57

// ** Remained 8 (17.8%) benchmark(s) to run. Estimated finish 2026-09-07 16:55 (0h 0m from now) **
Setup power plan (GUID: 8c5e7fda-e8bf-4a96-9a85-a6e23a8c635c FriendlyName: High performance)
// **************************
// Benchmark: DistinctBinaryKeyDispatchBenchmarks.ByteArray: B_Published(Arguments=/p:ProductDirectory=C:/git/Dekaf-perf-improvements-20260907/pr-3082/published,/p:UseSharedCompilation=false, IterationCount=15, IterationTime=200ms, WarmupCount=5) [KeySize=65536]
// *** Execute ***
// Launch: 1 / 1
// Execute: dotnet Dekaf.Benchmarks-B_Published-2.dll --anonymousPipes 1128 1372 --benchmarkName "Dekaf.Benchmarks.Benchmarks.Unit.DistinctBinaryKeyDispatchBenchmarks.ByteArray(KeySize: 65536)" --job B_Published --benchmarkId 14 in C:\git\Dekaf-perf-improvements-20260907\pr-3082\comparison\bin\Release\net10.0\Dekaf.Benchmarks-B_Published-2\bin\Release\net10.0
// BeforeAnythingElse

// Benchmark Process Environment Information:
// BenchmarkDotNet v0.15.8
// Runtime=.NET 10.0.11 (10.0.11, 10.0.1126.37416), X64 RyuJIT x86-64-v3
// GC=Concurrent Workstation
// HardwareIntrinsics=AVX2+BMI1+BMI2+F16C+FMA+LZCNT+MOVBE,AVX,SSE3+SSSE3+SSE4.1+SSE4.2+POPCNT,X86Base+SSE+SSE2,AES+PCLMUL,AvxVnni,SERIALIZE VectorSize=256
// Job: B_Published(IterationCount=15, IterationTime=200ms, WarmupCount=5)

OverheadJitting  1: 128 op, 100700.00 ns, 786.7188 ns/op
WorkloadJitting  1: 128 op, 135892400.00 ns, 1.0617 ms/op

OverheadJitting  2: 128 op, 200.00 ns, 1.5625 ns/op
WorkloadJitting  2: 128 op, 103970700.00 ns, 812.2711 us/op

WorkloadPilot    1: 512 op, 422665800.00 ns, 825.5191 us/op
WorkloadPilot    2: 256 op, 133693100.00 ns, 522.2387 us/op

WorkloadWarmup   1: 256 op, 9616600.00 ns, 37.5648 us/op
WorkloadWarmup   2: 256 op, 9480900.00 ns, 37.0348 us/op
WorkloadWarmup   3: 256 op, 10313500.00 ns, 40.2871 us/op
WorkloadWarmup   4: 256 op, 9462000.00 ns, 36.9609 us/op
WorkloadWarmup   5: 256 op, 9842200.00 ns, 38.4461 us/op

// BeforeActualRun
WorkloadActual   1: 256 op, 10107700.00 ns, 39.4832 us/op
WorkloadActual   2: 256 op, 9511400.00 ns, 37.1539 us/op
WorkloadActual   3: 256 op, 9541800.00 ns, 37.2727 us/op
WorkloadActual   4: 256 op, 10621100.00 ns, 41.4887 us/op
WorkloadActual   5: 256 op, 9659000.00 ns, 37.7305 us/op
WorkloadActual   6: 256 op, 9479500.00 ns, 37.0293 us/op
WorkloadActual   7: 256 op, 10324300.00 ns, 40.3293 us/op
WorkloadActual   8: 256 op, 9513200.00 ns, 37.1609 us/op
WorkloadActual   9: 256 op, 9901300.00 ns, 38.6770 us/op
WorkloadActual  10: 256 op, 10308500.00 ns, 40.2676 us/op
WorkloadActual  11: 256 op, 9800200.00 ns, 38.2820 us/op
WorkloadActual  12: 256 op, 9789600.00 ns, 38.2406 us/op
WorkloadActual  13: 256 op, 10789000.00 ns, 42.1445 us/op
WorkloadActual  14: 256 op, 9607200.00 ns, 37.5281 us/op
WorkloadActual  15: 256 op, 10137600.00 ns, 39.6000 us/op

// AfterActualRun
WorkloadResult   1: 256 op, 10107700.00 ns, 39.4832 us/op
WorkloadResult   2: 256 op, 9511400.00 ns, 37.1539 us/op
WorkloadResult   3: 256 op, 9541800.00 ns, 37.2727 us/op
WorkloadResult   4: 256 op, 10621100.00 ns, 41.4887 us/op
WorkloadResult   5: 256 op, 9659000.00 ns, 37.7305 us/op
WorkloadResult   6: 256 op, 9479500.00 ns, 37.0293 us/op
WorkloadResult   7: 256 op, 10324300.00 ns, 40.3293 us/op
WorkloadResult   8: 256 op, 9513200.00 ns, 37.1609 us/op
WorkloadResult   9: 256 op, 9901300.00 ns, 38.6770 us/op
WorkloadResult  10: 256 op, 10308500.00 ns, 40.2676 us/op
WorkloadResult  11: 256 op, 9800200.00 ns, 38.2820 us/op
WorkloadResult  12: 256 op, 9789600.00 ns, 38.2406 us/op
WorkloadResult  13: 256 op, 10789000.00 ns, 42.1445 us/op
WorkloadResult  14: 256 op, 9607200.00 ns, 37.5281 us/op
WorkloadResult  15: 256 op, 10137600.00 ns, 39.6000 us/op
// GC:  0 0 0 568728 256
// Threading:  256 183 256

// AfterAll
// Benchmark Process 3744 has exited with code 0.

Mean = 38.826 us, StdErr = 0.427 us (1.10%), N = 15, StdDev = 1.652 us
Min = 37.029 us, Q1 = 37.400 us, Median = 38.282 us, Q3 = 39.934 us, Max = 42.145 us
IQR = 2.533 us, LowerFence = 33.600 us, UpperFence = 43.734 us
ConfidenceInterval = [37.059 us; 40.592 us] (CI 99.9%), Margin = 1.767 us (4.55% of Mean)
Skewness = 0.59, Kurtosis = 1.95, MValue = 2

// ** Remained 7 (15.6%) benchmark(s) to run. Estimated finish 2026-09-07 16:55 (0h 0m from now) **
Setup power plan (GUID: 8c5e7fda-e8bf-4a96-9a85-a6e23a8c635c FriendlyName: High performance)
// **************************
// Benchmark: DistinctBinaryKeyDispatchBenchmarks.RawMemory: B_Published(Arguments=/p:ProductDirectory=C:/git/Dekaf-perf-improvements-20260907/pr-3082/published,/p:UseSharedCompilation=false, IterationCount=15, IterationTime=200ms, WarmupCount=5) [KeySize=65536]
// *** Execute ***
// Launch: 1 / 1
// Execute: dotnet Dekaf.Benchmarks-B_Published-2.dll --anonymousPipes 1128 2212 --benchmarkName "Dekaf.Benchmarks.Benchmarks.Unit.DistinctBinaryKeyDispatchBenchmarks.RawMemory(KeySize: 65536)" --job B_Published --benchmarkId 15 in C:\git\Dekaf-perf-improvements-20260907\pr-3082\comparison\bin\Release\net10.0\Dekaf.Benchmarks-B_Published-2\bin\Release\net10.0
// BeforeAnythingElse

// Benchmark Process Environment Information:
// BenchmarkDotNet v0.15.8
// Runtime=.NET 10.0.11 (10.0.11, 10.0.1126.37416), X64 RyuJIT x86-64-v3
// GC=Concurrent Workstation
// HardwareIntrinsics=AVX2+BMI1+BMI2+F16C+FMA+LZCNT+MOVBE,AVX,SSE3+SSSE3+SSE4.1+SSE4.2+POPCNT,X86Base+SSE+SSE2,AES+PCLMUL,AvxVnni,SERIALIZE VectorSize=256
// Job: B_Published(IterationCount=15, IterationTime=200ms, WarmupCount=5)

OverheadJitting  1: 128 op, 103500.00 ns, 808.5938 ns/op
WorkloadJitting  1: 128 op, 135148800.00 ns, 1.0559 ms/op

OverheadJitting  2: 128 op, 300.00 ns, 2.3438 ns/op
WorkloadJitting  2: 128 op, 105077800.00 ns, 820.9203 us/op

WorkloadPilot    1: 512 op, 233885100.00 ns, 456.8068 us/op

WorkloadWarmup   1: 512 op, 20624700.00 ns, 40.2826 us/op
WorkloadWarmup   2: 512 op, 20866100.00 ns, 40.7541 us/op
WorkloadWarmup   3: 512 op, 19265500.00 ns, 37.6279 us/op
WorkloadWarmup   4: 512 op, 21408600.00 ns, 41.8137 us/op
WorkloadWarmup   5: 512 op, 19538600.00 ns, 38.1613 us/op

// BeforeActualRun
WorkloadActual   1: 512 op, 20370400.00 ns, 39.7859 us/op
WorkloadActual   2: 512 op, 19758100.00 ns, 38.5900 us/op
WorkloadActual   3: 512 op, 19698500.00 ns, 38.4736 us/op
WorkloadActual   4: 512 op, 20642400.00 ns, 40.3172 us/op
WorkloadActual   5: 512 op, 19242900.00 ns, 37.5838 us/op
WorkloadActual   6: 512 op, 21553400.00 ns, 42.0965 us/op
WorkloadActual   7: 512 op, 9525600.00 ns, 18.6047 us/op
WorkloadActual   8: 512 op, 10564500.00 ns, 20.6338 us/op
WorkloadActual   9: 512 op, 7851500.00 ns, 15.3350 us/op
WorkloadActual  10: 512 op, 7812800.00 ns, 15.2594 us/op
WorkloadActual  11: 512 op, 7784400.00 ns, 15.2039 us/op
WorkloadActual  12: 512 op, 8605500.00 ns, 16.8076 us/op
WorkloadActual  13: 512 op, 7969600.00 ns, 15.5656 us/op
WorkloadActual  14: 512 op, 7678100.00 ns, 14.9963 us/op
WorkloadActual  15: 512 op, 8858500.00 ns, 17.3018 us/op

// AfterActualRun
WorkloadResult   1: 512 op, 20370400.00 ns, 39.7859 us/op
WorkloadResult   2: 512 op, 19758100.00 ns, 38.5900 us/op
WorkloadResult   3: 512 op, 19698500.00 ns, 38.4736 us/op
WorkloadResult   4: 512 op, 20642400.00 ns, 40.3172 us/op
WorkloadResult   5: 512 op, 19242900.00 ns, 37.5838 us/op
WorkloadResult   6: 512 op, 21553400.00 ns, 42.0965 us/op
WorkloadResult   7: 512 op, 9525600.00 ns, 18.6047 us/op
WorkloadResult   8: 512 op, 10564500.00 ns, 20.6338 us/op
WorkloadResult   9: 512 op, 7851500.00 ns, 15.3350 us/op
WorkloadResult  10: 512 op, 7812800.00 ns, 15.2594 us/op
WorkloadResult  11: 512 op, 7784400.00 ns, 15.2039 us/op
WorkloadResult  12: 512 op, 8605500.00 ns, 16.8076 us/op
WorkloadResult  13: 512 op, 7969600.00 ns, 15.5656 us/op
WorkloadResult  14: 512 op, 7678100.00 ns, 14.9963 us/op
WorkloadResult  15: 512 op, 8858500.00 ns, 17.3018 us/op
// GC:  0 0 0 1230760 512
// Threading:  512 79 512

// AfterAll
// Benchmark Process 62168 has exited with code 0.

Mean = 25.770 us, StdErr = 3.024 us (11.74%), N = 15, StdDev = 11.714 us
Min = 14.996 us, Q1 = 15.450 us, Median = 18.605 us, Q3 = 38.532 us, Max = 42.096 us
IQR = 23.082 us, LowerFence = -19.172 us, UpperFence = 73.154 us
ConfidenceInterval = [13.248 us; 38.293 us] (CI 99.9%), Margin = 12.522 us (48.59% of Mean)
Skewness = 0.35, Kurtosis = 1.07, MValue = 3.33

// ** Remained 6 (13.3%) benchmark(s) to run. Estimated finish 2026-09-07 16:55 (0h 0m from now) **
Setup power plan (GUID: 8c5e7fda-e8bf-4a96-9a85-a6e23a8c635c FriendlyName: High performance)
// **************************
// Benchmark: DistinctBinaryKeyDispatchBenchmarks.ByteArray: C_Candidate(Arguments=/p:ProductDirectory=C:/git/Dekaf-perf-improvements-20260907/pr-3082/candidate,/p:UseSharedCompilation=false, IterationCount=15, IterationTime=200ms, WarmupCount=5) [KeySize=65536]
// *** Execute ***
// Launch: 1 / 1
// Execute: dotnet Dekaf.Benchmarks-C_Candidate-3.dll --anonymousPipes 1584 2092 --benchmarkName "Dekaf.Benchmarks.Benchmarks.Unit.DistinctBinaryKeyDispatchBenchmarks.ByteArray(KeySize: 65536)" --job C_Candidate --benchmarkId 7 in C:\git\Dekaf-perf-improvements-20260907\pr-3082\comparison\bin\Release\net10.0\Dekaf.Benchmarks-C_Candidate-3\bin\Release\net10.0
// BeforeAnythingElse

// Benchmark Process Environment Information:
// BenchmarkDotNet v0.15.8
// Runtime=.NET 10.0.11 (10.0.11, 10.0.1126.37416), X64 RyuJIT x86-64-v3
// GC=Concurrent Workstation
// HardwareIntrinsics=AVX2+BMI1+BMI2+F16C+FMA+LZCNT+MOVBE,AVX,SSE3+SSSE3+SSE4.1+SSE4.2+POPCNT,X86Base+SSE+SSE2,AES+PCLMUL,AvxVnni,SERIALIZE VectorSize=256
// Job: C_Candidate(IterationCount=15, IterationTime=200ms, WarmupCount=5)

OverheadJitting  1: 128 op, 118500.00 ns, 925.7813 ns/op
WorkloadJitting  1: 128 op, 107655900.00 ns, 841.0617 us/op

WorkloadPilot    1: 512 op, 141845900.00 ns, 277.0428 us/op
WorkloadPilot    2: 768 op, 23946600.00 ns, 31.1805 us/op
WorkloadPilot    3: 6400 op, 192663800.00 ns, 30.1037 us/op
WorkloadPilot    4: 6656 op, 205328600.00 ns, 30.8486 us/op

WorkloadWarmup   1: 6656 op, 200317100.00 ns, 30.0957 us/op
WorkloadWarmup   2: 6656 op, 197369300.00 ns, 29.6528 us/op
WorkloadWarmup   3: 6656 op, 60440700.00 ns, 9.0806 us/op
WorkloadWarmup   4: 6656 op, 58012400.00 ns, 8.7158 us/op
WorkloadWarmup   5: 6656 op, 46866500.00 ns, 7.0412 us/op

// BeforeActualRun
WorkloadActual   1: 6656 op, 45292400.00 ns, 6.8047 us/op
WorkloadActual   2: 6656 op, 45012000.00 ns, 6.7626 us/op
WorkloadActual   3: 6656 op, 42406100.00 ns, 6.3711 us/op
WorkloadActual   4: 6656 op, 46918200.00 ns, 7.0490 us/op
WorkloadActual   5: 6656 op, 45192600.00 ns, 6.7898 us/op
WorkloadActual   6: 6656 op, 45161600.00 ns, 6.7851 us/op
WorkloadActual   7: 6656 op, 47299000.00 ns, 7.1062 us/op
WorkloadActual   8: 6656 op, 44540400.00 ns, 6.6918 us/op
WorkloadActual   9: 6656 op, 43481000.00 ns, 6.5326 us/op
WorkloadActual  10: 6656 op, 43595900.00 ns, 6.5499 us/op
WorkloadActual  11: 6656 op, 43707600.00 ns, 6.5666 us/op
WorkloadActual  12: 6656 op, 44259000.00 ns, 6.6495 us/op
WorkloadActual  13: 6656 op, 48754300.00 ns, 7.3249 us/op
WorkloadActual  14: 6656 op, 47750600.00 ns, 7.1741 us/op
WorkloadActual  15: 6656 op, 55556500.00 ns, 8.3468 us/op

// AfterActualRun
WorkloadResult   1: 6656 op, 45292400.00 ns, 6.8047 us/op
WorkloadResult   2: 6656 op, 45012000.00 ns, 6.7626 us/op
WorkloadResult   3: 6656 op, 42406100.00 ns, 6.3711 us/op
WorkloadResult   4: 6656 op, 46918200.00 ns, 7.0490 us/op
WorkloadResult   5: 6656 op, 45192600.00 ns, 6.7898 us/op
WorkloadResult   6: 6656 op, 45161600.00 ns, 6.7851 us/op
WorkloadResult   7: 6656 op, 47299000.00 ns, 7.1062 us/op
WorkloadResult   8: 6656 op, 44540400.00 ns, 6.6918 us/op
WorkloadResult   9: 6656 op, 43481000.00 ns, 6.5326 us/op
WorkloadResult  10: 6656 op, 43595900.00 ns, 6.5499 us/op
WorkloadResult  11: 6656 op, 43707600.00 ns, 6.5666 us/op
WorkloadResult  12: 6656 op, 44259000.00 ns, 6.6495 us/op
WorkloadResult  13: 6656 op, 48754300.00 ns, 7.3249 us/op
WorkloadResult  14: 6656 op, 47750600.00 ns, 7.1741 us/op
// GC:  1 0 0 15374848 6656
// Threading:  6656 956 6656

// AfterAll
// Benchmark Process 11776 has exited with code 0.

Mean = 6.797 us, StdErr = 0.073 us (1.08%), N = 14, StdDev = 0.275 us
Min = 6.371 us, Q1 = 6.587 us, Median = 6.774 us, Q3 = 6.988 us, Max = 7.325 us
IQR = 0.401 us, LowerFence = 5.986 us, UpperFence = 7.589 us
ConfidenceInterval = [6.487 us; 7.107 us] (CI 99.9%), Margin = 0.310 us (4.56% of Mean)
Skewness = 0.41, Kurtosis = 1.96, MValue = 2.89

// ** Remained 5 (11.1%) benchmark(s) to run. Estimated finish 2026-09-07 16:55 (0h 0m from now) **
Setup power plan (GUID: 8c5e7fda-e8bf-4a96-9a85-a6e23a8c635c FriendlyName: High performance)
// **************************
// Benchmark: DistinctBinaryKeyDispatchBenchmarks.RawMemory: C_Candidate(Arguments=/p:ProductDirectory=C:/git/Dekaf-perf-improvements-20260907/pr-3082/candidate,/p:UseSharedCompilation=false, IterationCount=15, IterationTime=200ms, WarmupCount=5) [KeySize=65536]
// *** Execute ***
// Launch: 1 / 1
// Execute: dotnet Dekaf.Benchmarks-C_Candidate-3.dll --anonymousPipes 2176 2252 --benchmarkName "Dekaf.Benchmarks.Benchmarks.Unit.DistinctBinaryKeyDispatchBenchmarks.RawMemory(KeySize: 65536)" --job C_Candidate --benchmarkId 8 in C:\git\Dekaf-perf-improvements-20260907\pr-3082\comparison\bin\Release\net10.0\Dekaf.Benchmarks-C_Candidate-3\bin\Release\net10.0
// BeforeAnythingElse

// Benchmark Process Environment Information:
// BenchmarkDotNet v0.15.8
// Runtime=.NET 10.0.11 (10.0.11, 10.0.1126.37416), X64 RyuJIT x86-64-v3
// GC=Concurrent Workstation
// HardwareIntrinsics=AVX2+BMI1+BMI2+F16C+FMA+LZCNT+MOVBE,AVX,SSE3+SSSE3+SSE4.1+SSE4.2+POPCNT,X86Base+SSE+SSE2,AES+PCLMUL,AvxVnni,SERIALIZE VectorSize=256
// Job: C_Candidate(IterationCount=15, IterationTime=200ms, WarmupCount=5)

OverheadJitting  1: 128 op, 103500.00 ns, 808.5938 ns/op
WorkloadJitting  1: 128 op, 110254800.00 ns, 861.3656 us/op

WorkloadPilot    1: 512 op, 154168400.00 ns, 301.1102 us/op

WorkloadWarmup   1: 512 op, 15648300.00 ns, 30.5631 us/op
WorkloadWarmup   2: 512 op, 16136200.00 ns, 31.5160 us/op
WorkloadWarmup   3: 512 op, 15962200.00 ns, 31.1762 us/op
WorkloadWarmup   4: 512 op, 16667800.00 ns, 32.5543 us/op
WorkloadWarmup   5: 512 op, 15913600.00 ns, 31.0813 us/op

// BeforeActualRun
WorkloadActual   1: 512 op, 16106800.00 ns, 31.4586 us/op
WorkloadActual   2: 512 op, 15312100.00 ns, 29.9064 us/op
WorkloadActual   3: 512 op, 16071400.00 ns, 31.3895 us/op
WorkloadActual   4: 512 op, 15391200.00 ns, 30.0609 us/op
WorkloadActual   5: 512 op, 15562100.00 ns, 30.3947 us/op
WorkloadActual   6: 512 op, 15666000.00 ns, 30.5977 us/op
WorkloadActual   7: 512 op, 15893100.00 ns, 31.0412 us/op
WorkloadActual   8: 512 op, 16019900.00 ns, 31.2889 us/op
WorkloadActual   9: 512 op, 17321300.00 ns, 33.8307 us/op
WorkloadActual  10: 512 op, 16763500.00 ns, 32.7412 us/op
WorkloadActual  11: 512 op, 15774400.00 ns, 30.8094 us/op
WorkloadActual  12: 512 op, 16462500.00 ns, 32.1533 us/op
WorkloadActual  13: 512 op, 16700000.00 ns, 32.6172 us/op
WorkloadActual  14: 512 op, 16313200.00 ns, 31.8617 us/op
WorkloadActual  15: 512 op, 15098800.00 ns, 29.4898 us/op

// AfterActualRun
WorkloadResult   1: 512 op, 16106800.00 ns, 31.4586 us/op
WorkloadResult   2: 512 op, 15312100.00 ns, 29.9064 us/op
WorkloadResult   3: 512 op, 16071400.00 ns, 31.3895 us/op
WorkloadResult   4: 512 op, 15391200.00 ns, 30.0609 us/op
WorkloadResult   5: 512 op, 15562100.00 ns, 30.3947 us/op
WorkloadResult   6: 512 op, 15666000.00 ns, 30.5977 us/op
WorkloadResult   7: 512 op, 15893100.00 ns, 31.0412 us/op
WorkloadResult   8: 512 op, 16019900.00 ns, 31.2889 us/op
WorkloadResult   9: 512 op, 17321300.00 ns, 33.8307 us/op
WorkloadResult  10: 512 op, 16763500.00 ns, 32.7412 us/op
WorkloadResult  11: 512 op, 15774400.00 ns, 30.8094 us/op
WorkloadResult  12: 512 op, 16462500.00 ns, 32.1533 us/op
WorkloadResult  13: 512 op, 16700000.00 ns, 32.6172 us/op
WorkloadResult  14: 512 op, 16313200.00 ns, 31.8617 us/op
WorkloadResult  15: 512 op, 15098800.00 ns, 29.4898 us/op
// GC:  0 0 0 1227560 512
// Threading:  512 431 512

// AfterAll
// Benchmark Process 109000 has exited with code 0.

Mean = 31.309 us, StdErr = 0.306 us (0.98%), N = 15, StdDev = 1.185 us
Min = 29.490 us, Q1 = 30.496 us, Median = 31.289 us, Q3 = 32.008 us, Max = 33.831 us
IQR = 1.511 us, LowerFence = 28.229 us, UpperFence = 34.275 us
ConfidenceInterval = [30.042 us; 32.576 us] (CI 99.9%), Margin = 1.267 us (4.05% of Mean)
Skewness = 0.4, Kurtosis = 2.24, MValue = 2

// ** Remained 4 (8.9%) benchmark(s) to run. Estimated finish 2026-09-07 16:55 (0h 0m from now) **
Setup power plan (GUID: 8c5e7fda-e8bf-4a96-9a85-a6e23a8c635c FriendlyName: High performance)
// **************************
// Benchmark: DistinctBinaryKeyDispatchBenchmarks.ByteArray: D_PublishedControl(Arguments=/p:ProductDirectory=C:/git/Dekaf-perf-improvements-20260907/pr-3082/published,/p:UseSharedCompilation=false, IterationCount=15, IterationTime=200ms, WarmupCount=5) [KeySize=65536]
// *** Execute ***
// Launch: 1 / 1
// Execute: dotnet Dekaf.Benchmarks-B_Published-2.dll --anonymousPipes 2256 2236 --benchmarkName "Dekaf.Benchmarks.Benchmarks.Unit.DistinctBinaryKeyDispatchBenchmarks.ByteArray(KeySize: 65536)" --job D_PublishedControl --benchmarkId 16 in C:\git\Dekaf-perf-improvements-20260907\pr-3082\comparison\bin\Release\net10.0\Dekaf.Benchmarks-B_Published-2\bin\Release\net10.0
// BeforeAnythingElse

// Benchmark Process Environment Information:
// BenchmarkDotNet v0.15.8
// Runtime=.NET 10.0.11 (10.0.11, 10.0.1126.37416), X64 RyuJIT x86-64-v3
// GC=Concurrent Workstation
// HardwareIntrinsics=AVX2+BMI1+BMI2+F16C+FMA+LZCNT+MOVBE,AVX,SSE3+SSSE3+SSE4.1+SSE4.2+POPCNT,X86Base+SSE+SSE2,AES+PCLMUL,AvxVnni,SERIALIZE VectorSize=256
// Job: D_PublishedControl(IterationCount=15, IterationTime=200ms, WarmupCount=5)

OverheadJitting  1: 128 op, 110700.00 ns, 864.8438 ns/op
WorkloadJitting  1: 128 op, 137339600.00 ns, 1.0730 ms/op

OverheadJitting  2: 128 op, 600.00 ns, 4.6875 ns/op
WorkloadJitting  2: 128 op, 103073700.00 ns, 805.2633 us/op

WorkloadPilot    1: 512 op, 217324200.00 ns, 424.4613 us/op

WorkloadWarmup   1: 512 op, 18681700.00 ns, 36.4877 us/op
WorkloadWarmup   2: 512 op, 17568600.00 ns, 34.3137 us/op
WorkloadWarmup   3: 512 op, 18323100.00 ns, 35.7873 us/op
WorkloadWarmup   4: 512 op, 18137900.00 ns, 35.4256 us/op
WorkloadWarmup   5: 512 op, 19355500.00 ns, 37.8037 us/op

// BeforeActualRun
WorkloadActual   1: 512 op, 18666700.00 ns, 36.4584 us/op
WorkloadActual   2: 512 op, 18217200.00 ns, 35.5805 us/op
WorkloadActual   3: 512 op, 18449800.00 ns, 36.0348 us/op
WorkloadActual   4: 512 op, 17397800.00 ns, 33.9801 us/op
WorkloadActual   5: 512 op, 18087500.00 ns, 35.3271 us/op
WorkloadActual   6: 512 op, 17662700.00 ns, 34.4975 us/op
WorkloadActual   7: 512 op, 18269100.00 ns, 35.6818 us/op
WorkloadActual   8: 512 op, 10283600.00 ns, 20.0852 us/op
WorkloadActual   9: 512 op, 7476200.00 ns, 14.6020 us/op
WorkloadActual  10: 512 op, 6244100.00 ns, 12.1955 us/op
WorkloadActual  11: 512 op, 5138900.00 ns, 10.0369 us/op
WorkloadActual  12: 512 op, 5196600.00 ns, 10.1496 us/op
WorkloadActual  13: 512 op, 6655100.00 ns, 12.9982 us/op
WorkloadActual  14: 512 op, 5620100.00 ns, 10.9768 us/op
WorkloadActual  15: 512 op, 6060500.00 ns, 11.8369 us/op

// AfterActualRun
WorkloadResult   1: 512 op, 18666700.00 ns, 36.4584 us/op
WorkloadResult   2: 512 op, 18217200.00 ns, 35.5805 us/op
WorkloadResult   3: 512 op, 18449800.00 ns, 36.0348 us/op
WorkloadResult   4: 512 op, 17397800.00 ns, 33.9801 us/op
WorkloadResult   5: 512 op, 18087500.00 ns, 35.3271 us/op
WorkloadResult   6: 512 op, 17662700.00 ns, 34.4975 us/op
WorkloadResult   7: 512 op, 18269100.00 ns, 35.6818 us/op
WorkloadResult   8: 512 op, 10283600.00 ns, 20.0852 us/op
WorkloadResult   9: 512 op, 7476200.00 ns, 14.6020 us/op
WorkloadResult  10: 512 op, 6244100.00 ns, 12.1955 us/op
WorkloadResult  11: 512 op, 5138900.00 ns, 10.0369 us/op
WorkloadResult  12: 512 op, 5196600.00 ns, 10.1496 us/op
WorkloadResult  13: 512 op, 6655100.00 ns, 12.9982 us/op
WorkloadResult  14: 512 op, 5620100.00 ns, 10.9768 us/op
WorkloadResult  15: 512 op, 6060500.00 ns, 11.8369 us/op
// GC:  0 0 0 1182728 512
// Threading:  512 65 512

// AfterAll
// Benchmark Process 104984 has exited with code 0.

Mean = 23.363 us, StdErr = 3.064 us (13.11%), N = 15, StdDev = 11.865 us
Min = 10.037 us, Q1 = 12.016 us, Median = 20.085 us, Q3 = 35.454 us, Max = 36.458 us
IQR = 23.438 us, LowerFence = -23.140 us, UpperFence = 70.610 us
ConfidenceInterval = [10.678 us; 36.048 us] (CI 99.9%), Margin = 12.685 us (54.29% of Mean)
Skewness = 0.04, Kurtosis = 0.96, MValue = 3.75

// ** Remained 3 (6.7%) benchmark(s) to run. Estimated finish 2026-09-07 16:55 (0h 0m from now) **
Setup power plan (GUID: 8c5e7fda-e8bf-4a96-9a85-a6e23a8c635c FriendlyName: High performance)
// **************************
// Benchmark: DistinctBinaryKeyDispatchBenchmarks.RawMemory: D_PublishedControl(Arguments=/p:ProductDirectory=C:/git/Dekaf-perf-improvements-20260907/pr-3082/published,/p:UseSharedCompilation=false, IterationCount=15, IterationTime=200ms, WarmupCount=5) [KeySize=65536]
// *** Execute ***
// Launch: 1 / 1
// Execute: dotnet Dekaf.Benchmarks-B_Published-2.dll --anonymousPipes 2212 2064 --benchmarkName "Dekaf.Benchmarks.Benchmarks.Unit.DistinctBinaryKeyDispatchBenchmarks.RawMemory(KeySize: 65536)" --job D_PublishedControl --benchmarkId 17 in C:\git\Dekaf-perf-improvements-20260907\pr-3082\comparison\bin\Release\net10.0\Dekaf.Benchmarks-B_Published-2\bin\Release\net10.0
// BeforeAnythingElse

// Benchmark Process Environment Information:
// BenchmarkDotNet v0.15.8
// Runtime=.NET 10.0.11 (10.0.11, 10.0.1126.37416), X64 RyuJIT x86-64-v3
// GC=Concurrent Workstation
// HardwareIntrinsics=AVX2+BMI1+BMI2+F16C+FMA+LZCNT+MOVBE,AVX,SSE3+SSSE3+SSE4.1+SSE4.2+POPCNT,X86Base+SSE+SSE2,AES+PCLMUL,AvxVnni,SERIALIZE VectorSize=256
// Job: D_PublishedControl(IterationCount=15, IterationTime=200ms, WarmupCount=5)

OverheadJitting  1: 128 op, 103000.00 ns, 804.6875 ns/op
WorkloadJitting  1: 128 op, 132674000.00 ns, 1.0365 ms/op

WorkloadPilot    1: 512 op, 225851700.00 ns, 441.1166 us/op

WorkloadWarmup   1: 512 op, 19821300.00 ns, 38.7135 us/op
WorkloadWarmup   2: 512 op, 18100200.00 ns, 35.3520 us/op
WorkloadWarmup   3: 512 op, 18633800.00 ns, 36.3941 us/op
WorkloadWarmup   4: 512 op, 18370600.00 ns, 35.8801 us/op
WorkloadWarmup   5: 512 op, 18878000.00 ns, 36.8711 us/op

// BeforeActualRun
WorkloadActual   1: 512 op, 20066800.00 ns, 39.1930 us/op
WorkloadActual   2: 512 op, 19521500.00 ns, 38.1279 us/op
WorkloadActual   3: 512 op, 29274900.00 ns, 57.1775 us/op
WorkloadActual   4: 512 op, 28831800.00 ns, 56.3121 us/op
WorkloadActual   5: 512 op, 25516000.00 ns, 49.8359 us/op
WorkloadActual   6: 512 op, 25415900.00 ns, 49.6404 us/op
WorkloadActual   7: 512 op, 21814700.00 ns, 42.6068 us/op
WorkloadActual   8: 512 op, 21848000.00 ns, 42.6719 us/op
WorkloadActual   9: 512 op, 23257700.00 ns, 45.4252 us/op
WorkloadActual  10: 512 op, 19159100.00 ns, 37.4201 us/op
WorkloadActual  11: 512 op, 19875400.00 ns, 38.8191 us/op
WorkloadActual  12: 512 op, 19169800.00 ns, 37.4410 us/op
WorkloadActual  13: 512 op, 19341300.00 ns, 37.7760 us/op
WorkloadActual  14: 512 op, 18608900.00 ns, 36.3455 us/op
WorkloadActual  15: 512 op, 18034700.00 ns, 35.2240 us/op

// AfterActualRun
WorkloadResult   1: 512 op, 20066800.00 ns, 39.1930 us/op
WorkloadResult   2: 512 op, 19521500.00 ns, 38.1279 us/op
WorkloadResult   3: 512 op, 29274900.00 ns, 57.1775 us/op
WorkloadResult   4: 512 op, 28831800.00 ns, 56.3121 us/op
WorkloadResult   5: 512 op, 25516000.00 ns, 49.8359 us/op
WorkloadResult   6: 512 op, 25415900.00 ns, 49.6404 us/op
WorkloadResult   7: 512 op, 21814700.00 ns, 42.6068 us/op
WorkloadResult   8: 512 op, 21848000.00 ns, 42.6719 us/op
WorkloadResult   9: 512 op, 23257700.00 ns, 45.4252 us/op
WorkloadResult  10: 512 op, 19159100.00 ns, 37.4201 us/op
WorkloadResult  11: 512 op, 19875400.00 ns, 38.8191 us/op
WorkloadResult  12: 512 op, 19169800.00 ns, 37.4410 us/op
WorkloadResult  13: 512 op, 19341300.00 ns, 37.7760 us/op
WorkloadResult  14: 512 op, 18608900.00 ns, 36.3455 us/op
WorkloadResult  15: 512 op, 18034700.00 ns, 35.2240 us/op
// GC:  0 0 0 1227560 512
// Threading:  512 448 512

// AfterAll
// Benchmark Process 20936 has exited with code 0.

Mean = 42.934 us, StdErr = 1.858 us (4.33%), N = 15, StdDev = 7.196 us
Min = 35.224 us, Q1 = 37.608 us, Median = 39.193 us, Q3 = 47.533 us, Max = 57.178 us
IQR = 9.924 us, LowerFence = 22.722 us, UpperFence = 62.419 us
ConfidenceInterval = [35.242 us; 50.627 us] (CI 99.9%), Margin = 7.693 us (17.92% of Mean)
Skewness = 0.8, Kurtosis = 2.15, MValue = 2.6

// ** Remained 2 (4.4%) benchmark(s) to run. Estimated finish 2026-09-07 16:55 (0h 0m from now) **
Setup power plan (GUID: 8c5e7fda-e8bf-4a96-9a85-a6e23a8c635c FriendlyName: High performance)
// **************************
// Benchmark: DistinctBinaryKeyDispatchBenchmarks.ByteArray: E_BaselineControl(Arguments=/p:ProductDirectory=C:/git/Dekaf-perf-improvements-20260907/pr-3082/baseline,/p:UseSharedCompilation=false, IterationCount=15, IterationTime=200ms, WarmupCount=5) [KeySize=65536]
// *** Execute ***
// Launch: 1 / 1
// Execute: dotnet Dekaf.Benchmarks-A_Baseline-1.dll --anonymousPipes 1924 2228 --benchmarkName "Dekaf.Benchmarks.Benchmarks.Unit.DistinctBinaryKeyDispatchBenchmarks.ByteArray(KeySize: 65536)" --job E_BaselineControl --benchmarkId 16 in C:\git\Dekaf-perf-improvements-20260907\pr-3082\comparison\bin\Release\net10.0\Dekaf.Benchmarks-A_Baseline-1\bin\Release\net10.0
// BeforeAnythingElse

// Benchmark Process Environment Information:
// BenchmarkDotNet v0.15.8
// Runtime=.NET 10.0.11 (10.0.11, 10.0.1126.37416), X64 RyuJIT x86-64-v3
// GC=Concurrent Workstation
// HardwareIntrinsics=AVX2+BMI1+BMI2+F16C+FMA+LZCNT+MOVBE,AVX,SSE3+SSSE3+SSE4.1+SSE4.2+POPCNT,X86Base+SSE+SSE2,AES+PCLMUL,AvxVnni,SERIALIZE VectorSize=256
// Job: E_BaselineControl(IterationCount=15, IterationTime=200ms, WarmupCount=5)

OverheadJitting  1: 128 op, 182300.00 ns, 1.4242 us/op
WorkloadJitting  1: 128 op, 30009600.00 ns, 234.4500 us/op

WorkloadPilot    1: 512 op, 2130200.00 ns, 4.1605 us/op
WorkloadPilot    2: 48128 op, 141863400.00 ns, 2.9476 us/op
WorkloadPilot    3: 67840 op, 193448900.00 ns, 2.8515 us/op
WorkloadPilot    4: 70144 op, 227192900.00 ns, 3.2389 us/op
WorkloadPilot    5: 61696 op, 210334000.00 ns, 3.4092 us/op
WorkloadPilot    6: 58624 op, 211529700.00 ns, 3.6082 us/op

WorkloadWarmup   1: 58624 op, 207782900.00 ns, 3.5443 us/op
WorkloadWarmup   2: 58624 op, 188906600.00 ns, 3.2223 us/op
WorkloadWarmup   3: 58624 op, 184987700.00 ns, 3.1555 us/op
WorkloadWarmup   4: 58624 op, 109124100.00 ns, 1.8614 us/op
WorkloadWarmup   5: 58624 op, 100922600.00 ns, 1.7215 us/op

// BeforeActualRun
WorkloadActual   1: 58624 op, 95749600.00 ns, 1.6333 us/op
WorkloadActual   2: 58624 op, 89230500.00 ns, 1.5221 us/op
WorkloadActual   3: 58624 op, 91157600.00 ns, 1.5550 us/op
WorkloadActual   4: 58624 op, 87938900.00 ns, 1.5000 us/op
WorkloadActual   5: 58624 op, 88229900.00 ns, 1.5050 us/op
WorkloadActual   6: 58624 op, 88986600.00 ns, 1.5179 us/op
WorkloadActual   7: 58624 op, 89929200.00 ns, 1.5340 us/op
WorkloadActual   8: 58624 op, 89022800.00 ns, 1.5185 us/op
WorkloadActual   9: 58624 op, 89867600.00 ns, 1.5329 us/op
WorkloadActual  10: 58624 op, 89886000.00 ns, 1.5333 us/op
WorkloadActual  11: 58624 op, 89304300.00 ns, 1.5233 us/op
WorkloadActual  12: 58624 op, 97692900.00 ns, 1.6664 us/op
WorkloadActual  13: 58624 op, 94142400.00 ns, 1.6059 us/op
WorkloadActual  14: 58624 op, 91208100.00 ns, 1.5558 us/op
WorkloadActual  15: 58624 op, 90444000.00 ns, 1.5428 us/op

// AfterActualRun
WorkloadResult   1: 58624 op, 89230500.00 ns, 1.5221 us/op
WorkloadResult   2: 58624 op, 91157600.00 ns, 1.5550 us/op
WorkloadResult   3: 58624 op, 87938900.00 ns, 1.5000 us/op
WorkloadResult   4: 58624 op, 88229900.00 ns, 1.5050 us/op
WorkloadResult   5: 58624 op, 88986600.00 ns, 1.5179 us/op
WorkloadResult   6: 58624 op, 89929200.00 ns, 1.5340 us/op
WorkloadResult   7: 58624 op, 89022800.00 ns, 1.5185 us/op
WorkloadResult   8: 58624 op, 89867600.00 ns, 1.5329 us/op
WorkloadResult   9: 58624 op, 89886000.00 ns, 1.5333 us/op
WorkloadResult  10: 58624 op, 89304300.00 ns, 1.5233 us/op
WorkloadResult  11: 58624 op, 94142400.00 ns, 1.6059 us/op
WorkloadResult  12: 58624 op, 91208100.00 ns, 1.5558 us/op
WorkloadResult  13: 58624 op, 90444000.00 ns, 1.5428 us/op
// GC:  10 2 0 135007672 58624
// Threading:  58624 16 58624

// AfterAll
// Benchmark Process 75124 has exited with code 0.

Mean = 1.534 us, StdErr = 0.008 us (0.49%), N = 13, StdDev = 0.027 us
Min = 1.500 us, Q1 = 1.519 us, Median = 1.533 us, Q3 = 1.543 us, Max = 1.606 us
IQR = 0.024 us, LowerFence = 1.482 us, UpperFence = 1.579 us
ConfidenceInterval = [1.502 us; 1.567 us] (CI 99.9%), Margin = 0.033 us (2.13% of Mean)
Skewness = 1.17, Kurtosis = 4.03, MValue = 2

// ** Remained 1 (2.2%) benchmark(s) to run. Estimated finish 2026-09-07 16:55 (0h 0m from now) **
Setup power plan (GUID: 8c5e7fda-e8bf-4a96-9a85-a6e23a8c635c FriendlyName: High performance)
// **************************
// Benchmark: DistinctBinaryKeyDispatchBenchmarks.RawMemory: E_BaselineControl(Arguments=/p:ProductDirectory=C:/git/Dekaf-perf-improvements-20260907/pr-3082/baseline,/p:UseSharedCompilation=false, IterationCount=15, IterationTime=200ms, WarmupCount=5) [KeySize=65536]
// *** Execute ***
// Launch: 1 / 1
// Execute: dotnet Dekaf.Benchmarks-A_Baseline-1.dll --anonymousPipes 1936 2272 --benchmarkName "Dekaf.Benchmarks.Benchmarks.Unit.DistinctBinaryKeyDispatchBenchmarks.RawMemory(KeySize: 65536)" --job E_BaselineControl --benchmarkId 17 in C:\git\Dekaf-perf-improvements-20260907\pr-3082\comparison\bin\Release\net10.0\Dekaf.Benchmarks-A_Baseline-1\bin\Release\net10.0
// BeforeAnythingElse

// Benchmark Process Environment Information:
// BenchmarkDotNet v0.15.8
// Runtime=.NET 10.0.11 (10.0.11, 10.0.1126.37416), X64 RyuJIT x86-64-v3
// GC=Concurrent Workstation
// HardwareIntrinsics=AVX2+BMI1+BMI2+F16C+FMA+LZCNT+MOVBE,AVX,SSE3+SSSE3+SSE4.1+SSE4.2+POPCNT,X86Base+SSE+SSE2,AES+PCLMUL,AvxVnni,SERIALIZE VectorSize=256
// Job: E_BaselineControl(IterationCount=15, IterationTime=200ms, WarmupCount=5)

OverheadJitting  1: 128 op, 102800.00 ns, 803.1250 ns/op
WorkloadJitting  1: 128 op, 29010200.00 ns, 226.6422 us/op

WorkloadPilot    1: 512 op, 2145200.00 ns, 4.1898 us/op
WorkloadPilot    2: 47744 op, 141992100.00 ns, 2.9740 us/op
WorkloadPilot    3: 67200 op, 192251500.00 ns, 2.8609 us/op
WorkloadPilot    4: 69888 op, 236846500.00 ns, 3.3889 us/op
WorkloadPilot    5: 59008 op, 200444300.00 ns, 3.3969 us/op

WorkloadWarmup   1: 59008 op, 196743900.00 ns, 3.3342 us/op
WorkloadWarmup   2: 59008 op, 176619600.00 ns, 2.9931 us/op
WorkloadWarmup   3: 59008 op, 139893700.00 ns, 2.3708 us/op
WorkloadWarmup   4: 59008 op, 136460200.00 ns, 2.3126 us/op
WorkloadWarmup   5: 59008 op, 112278400.00 ns, 1.9028 us/op

// BeforeActualRun
WorkloadActual   1: 59008 op, 104878900.00 ns, 1.7774 us/op
WorkloadActual   2: 59008 op, 97516000.00 ns, 1.6526 us/op
WorkloadActual   3: 59008 op, 91184500.00 ns, 1.5453 us/op
WorkloadActual   4: 59008 op, 89989200.00 ns, 1.5250 us/op
WorkloadActual   5: 59008 op, 89698400.00 ns, 1.5201 us/op
WorkloadActual   6: 59008 op, 89312000.00 ns, 1.5136 us/op
WorkloadActual   7: 59008 op, 87473200.00 ns, 1.4824 us/op
WorkloadActual   8: 59008 op, 89600100.00 ns, 1.5184 us/op
WorkloadActual   9: 59008 op, 89625600.00 ns, 1.5189 us/op
WorkloadActual  10: 59008 op, 90214700.00 ns, 1.5289 us/op
WorkloadActual  11: 59008 op, 87477800.00 ns, 1.4825 us/op
WorkloadActual  12: 59008 op, 90898800.00 ns, 1.5404 us/op
WorkloadActual  13: 59008 op, 87105600.00 ns, 1.4762 us/op
WorkloadActual  14: 59008 op, 87867000.00 ns, 1.4891 us/op
WorkloadActual  15: 59008 op, 89323400.00 ns, 1.5138 us/op

// AfterActualRun
WorkloadResult   1: 59008 op, 91184500.00 ns, 1.5453 us/op
WorkloadResult   2: 59008 op, 89989200.00 ns, 1.5250 us/op
WorkloadResult   3: 59008 op, 89698400.00 ns, 1.5201 us/op
WorkloadResult   4: 59008 op, 89312000.00 ns, 1.5136 us/op
WorkloadResult   5: 59008 op, 87473200.00 ns, 1.4824 us/op
WorkloadResult   6: 59008 op, 89600100.00 ns, 1.5184 us/op
WorkloadResult   7: 59008 op, 89625600.00 ns, 1.5189 us/op
WorkloadResult   8: 59008 op, 90214700.00 ns, 1.5289 us/op
WorkloadResult   9: 59008 op, 87477800.00 ns, 1.4825 us/op
WorkloadResult  10: 59008 op, 90898800.00 ns, 1.5404 us/op
WorkloadResult  11: 59008 op, 87105600.00 ns, 1.4762 us/op
WorkloadResult  12: 59008 op, 87867000.00 ns, 1.4891 us/op
WorkloadResult  13: 59008 op, 89323400.00 ns, 1.5138 us/op
// GC:  10 2 0 141498136 59008
// Threading:  59008 22 59008

// AfterAll
// Benchmark Process 102124 has exited with code 0.

Mean = 1.512 us, StdErr = 0.006 us (0.41%), N = 13, StdDev = 0.023 us
Min = 1.476 us, Q1 = 1.489 us, Median = 1.518 us, Q3 = 1.525 us, Max = 1.545 us
IQR = 0.036 us, LowerFence = 1.435 us, UpperFence = 1.579 us
ConfidenceInterval = [1.485 us; 1.539 us] (CI 99.9%), Margin = 0.027 us (1.78% of Mean)
Skewness = -0.27, Kurtosis = 1.62, MValue = 2

// ** Remained 0 (0.0%) benchmark(s) to run. Estimated finish 2026-09-07 16:55 (0h 0m from now) **
Successfully reverted power plan (GUID: 8c5e7fda-e8bf-4a96-9a85-a6e23a8c635c FriendlyName: High performance)
// ***** BenchmarkRunner: Finish  *****

// * Export *
  C:\git\Dekaf-perf-improvements-20260907\pr-3082\timing\results\Dekaf.Benchmarks.Benchmarks.Unit.DistinctBinaryKeyDispatchBenchmarks-report.csv
  C:\git\Dekaf-perf-improvements-20260907\pr-3082\timing\results\Dekaf.Benchmarks.Benchmarks.Unit.DistinctBinaryKeyDispatchBenchmarks-report-github.md
  C:\git\Dekaf-perf-improvements-20260907\pr-3082\timing\results\Dekaf.Benchmarks.Benchmarks.Unit.DistinctBinaryKeyDispatchBenchmarks-report.html
  C:\git\Dekaf-perf-improvements-20260907\pr-3082\timing\results\Dekaf.Benchmarks.Benchmarks.Unit.DistinctBinaryKeyDispatchBenchmarks-report-full.json

// * Detailed results *
DistinctBinaryKeyDispatchBenchmarks.ByteArray: A_Baseline(Arguments=/p:ProductDirectory=C:/git/Dekaf-perf-improvements-20260907/pr-3082/baseline,/p:UseSharedCompilation=false, IterationCount=15, IterationTime=200ms, WarmupCount=5) [KeySize=8]
Runtime = .NET 10.0.11 (10.0.11, 10.0.1126.37416), X64 RyuJIT x86-64-v3; GC = Concurrent Workstation
Mean = 1.529 us, StdErr = 0.009 us (0.62%), N = 14, StdDev = 0.035 us
Min = 1.482 us, Q1 = 1.506 us, Median = 1.515 us, Q3 = 1.549 us, Max = 1.600 us
IQR = 0.043 us, LowerFence = 1.442 us, UpperFence = 1.613 us
ConfidenceInterval = [1.489 us; 1.569 us] (CI 99.9%), Margin = 0.040 us (2.61% of Mean)
Skewness = 0.85, Kurtosis = 2.46, MValue = 2
-------------------- Histogram --------------------
[1.462 us ; 1.500 us) | @
[1.500 us ; 1.539 us) | @@@@@@@@@
[1.539 us ; 1.579 us) | @@
[1.579 us ; 1.620 us) | @@
---------------------------------------------------

DistinctBinaryKeyDispatchBenchmarks.RawMemory: A_Baseline(Arguments=/p:ProductDirectory=C:/git/Dekaf-perf-improvements-20260907/pr-3082/baseline,/p:UseSharedCompilation=false, IterationCount=15, IterationTime=200ms, WarmupCount=5) [KeySize=8]
Runtime = .NET 10.0.11 (10.0.11, 10.0.1126.37416), X64 RyuJIT x86-64-v3; GC = Concurrent Workstation
Mean = 1.510 us, StdErr = 0.007 us (0.46%), N = 12, StdDev = 0.024 us
Min = 1.468 us, Q1 = 1.491 us, Median = 1.509 us, Q3 = 1.526 us, Max = 1.543 us
IQR = 0.035 us, LowerFence = 1.438 us, UpperFence = 1.579 us
ConfidenceInterval = [1.479 us; 1.540 us] (CI 99.9%), Margin = 0.031 us (2.02% of Mean)
Skewness = -0.09, Kurtosis = 1.64, MValue = 2
-------------------- Histogram --------------------
[1.454 us ; 1.509 us) | @@@@@@
[1.509 us ; 1.550 us) | @@@@@@
---------------------------------------------------

DistinctBinaryKeyDispatchBenchmarks.ByteArray: B_Published(Arguments=/p:ProductDirectory=C:/git/Dekaf-perf-improvements-20260907/pr-3082/published,/p:UseSharedCompilation=false, IterationCount=15, IterationTime=200ms, WarmupCount=5) [KeySize=8]
Runtime = .NET 10.0.11 (10.0.11, 10.0.1126.37416), X64 RyuJIT x86-64-v3; GC = Concurrent Workstation
Mean = 1.552 us, StdErr = 0.017 us (1.06%), N = 13, StdDev = 0.060 us
Min = 1.508 us, Q1 = 1.514 us, Median = 1.529 us, Q3 = 1.550 us, Max = 1.691 us
IQR = 0.036 us, LowerFence = 1.460 us, UpperFence = 1.603 us
ConfidenceInterval = [1.481 us; 1.623 us] (CI 99.9%), Margin = 0.071 us (4.60% of Mean)
Skewness = 1.4, Kurtosis = 3.41, MValue = 2
-------------------- Histogram --------------------
[1.495 us ; 1.562 us) | @@@@@@@@@@
[1.562 us ; 1.611 us) | @
[1.611 us ; 1.645 us) | 
[1.645 us ; 1.724 us) | @@
---------------------------------------------------

DistinctBinaryKeyDispatchBenchmarks.RawMemory: B_Published(Arguments=/p:ProductDirectory=C:/git/Dekaf-perf-improvements-20260907/pr-3082/published,/p:UseSharedCompilation=false, IterationCount=15, IterationTime=200ms, WarmupCount=5) [KeySize=8]
Runtime = .NET 10.0.11 (10.0.11, 10.0.1126.37416), X64 RyuJIT x86-64-v3; GC = Concurrent Workstation
Mean = 1.496 us, StdErr = 0.003 us (0.20%), N = 13, StdDev = 0.011 us
Min = 1.480 us, Q1 = 1.489 us, Median = 1.495 us, Q3 = 1.501 us, Max = 1.514 us
IQR = 0.012 us, LowerFence = 1.470 us, UpperFence = 1.520 us
ConfidenceInterval = [1.483 us; 1.509 us] (CI 99.9%), Margin = 0.013 us (0.85% of Mean)
Skewness = 0.21, Kurtosis = 1.87, MValue = 2
-------------------- Histogram --------------------
[1.474 us ; 1.520 us) | @@@@@@@@@@@@@
---------------------------------------------------

DistinctBinaryKeyDispatchBenchmarks.ByteArray: C_Candidate(Arguments=/p:ProductDirectory=C:/git/Dekaf-perf-improvements-20260907/pr-3082/candidate,/p:UseSharedCompilation=false, IterationCount=15, IterationTime=200ms, WarmupCount=5) [KeySize=8]
Runtime = .NET 10.0.11 (10.0.11, 10.0.1126.37416), X64 RyuJIT x86-64-v3; GC = Concurrent Workstation
Mean = 1.539 us, StdErr = 0.015 us (0.96%), N = 14, StdDev = 0.056 us
Min = 1.465 us, Q1 = 1.509 us, Median = 1.515 us, Q3 = 1.586 us, Max = 1.645 us
IQR = 0.077 us, LowerFence = 1.394 us, UpperFence = 1.701 us
ConfidenceInterval = [1.476 us; 1.602 us] (CI 99.9%), Margin = 0.063 us (4.07% of Mean)
Skewness = 0.63, Kurtosis = 1.88, MValue = 2.89
-------------------- Histogram --------------------
[1.435 us ; 1.478 us) | @
[1.478 us ; 1.538 us) | @@@@@@@@@
[1.538 us ; 1.594 us) | 
[1.594 us ; 1.654 us) | @@@@
---------------------------------------------------

DistinctBinaryKeyDispatchBenchmarks.RawMemory: C_Candidate(Arguments=/p:ProductDirectory=C:/git/Dekaf-perf-improvements-20260907/pr-3082/candidate,/p:UseSharedCompilation=false, IterationCount=15, IterationTime=200ms, WarmupCount=5) [KeySize=8]
Runtime = .NET 10.0.11 (10.0.11, 10.0.1126.37416), X64 RyuJIT x86-64-v3; GC = Concurrent Workstation
Mean = 1.525 us, StdErr = 0.005 us (0.30%), N = 13, StdDev = 0.016 us
Min = 1.503 us, Q1 = 1.515 us, Median = 1.520 us, Q3 = 1.538 us, Max = 1.550 us
IQR = 0.023 us, LowerFence = 1.480 us, UpperFence = 1.573 us
ConfidenceInterval = [1.505 us; 1.544 us] (CI 99.9%), Margin = 0.020 us (1.29% of Mean)
Skewness = 0.4, Kurtosis = 1.59, MValue = 2
-------------------- Histogram --------------------
[1.503 us ; 1.559 us) | @@@@@@@@@@@@@
---------------------------------------------------

DistinctBinaryKeyDispatchBenchmarks.ByteArray: D_PublishedControl(Arguments=/p:ProductDirectory=C:/git/Dekaf-perf-improvements-20260907/pr-3082/published,/p:UseSharedCompilation=false, IterationCount=15, IterationTime=200ms, WarmupCount=5) [KeySize=8]
Runtime = .NET 10.0.11 (10.0.11, 10.0.1126.37416), X64 RyuJIT x86-64-v3; GC = Concurrent Workstation
Mean = 1.532 us, StdErr = 0.007 us (0.48%), N = 15, StdDev = 0.028 us
Min = 1.496 us, Q1 = 1.512 us, Median = 1.527 us, Q3 = 1.543 us, Max = 1.590 us
IQR = 0.032 us, LowerFence = 1.464 us, UpperFence = 1.591 us
ConfidenceInterval = [1.502 us; 1.562 us] (CI 99.9%), Margin = 0.030 us (1.97% of Mean)
Skewness = 0.76, Kurtosis = 2.54, MValue = 2
-------------------- Histogram --------------------
[1.481 us ; 1.540 us) | @@@@@@@@@@@
[1.540 us ; 1.573 us) | @@
[1.573 us ; 1.605 us) | @@
---------------------------------------------------

DistinctBinaryKeyDispatchBenchmarks.RawMemory: D_PublishedControl(Arguments=/p:ProductDirectory=C:/git/Dekaf-perf-improvements-20260907/pr-3082/published,/p:UseSharedCompilation=false, IterationCount=15, IterationTime=200ms, WarmupCount=5) [KeySize=8]
Runtime = .NET 10.0.11 (10.0.11, 10.0.1126.37416), X64 RyuJIT x86-64-v3; GC = Concurrent Workstation
Mean = 1.552 us, StdErr = 0.023 us (1.46%), N = 14, StdDev = 0.085 us
Min = 1.483 us, Q1 = 1.486 us, Median = 1.527 us, Q3 = 1.584 us, Max = 1.777 us
IQR = 0.097 us, LowerFence = 1.340 us, UpperFence = 1.730 us
ConfidenceInterval = [1.457 us; 1.648 us] (CI 99.9%), Margin = 0.096 us (6.16% of Mean)
Skewness = 1.33, Kurtosis = 3.89, MValue = 2
-------------------- Histogram --------------------
[1.474 us ; 1.580 us) | @@@@@@@@@@
[1.580 us ; 1.673 us) | @@@
[1.673 us ; 1.731 us) | 
[1.731 us ; 1.823 us) | @
---------------------------------------------------

DistinctBinaryKeyDispatchBenchmarks.ByteArray: E_BaselineControl(Arguments=/p:ProductDirectory=C:/git/Dekaf-perf-improvements-20260907/pr-3082/baseline,/p:UseSharedCompilation=false, IterationCount=15, IterationTime=200ms, WarmupCount=5) [KeySize=8]
Runtime = .NET 10.0.11 (10.0.11, 10.0.1126.37416), X64 RyuJIT x86-64-v3; GC = Concurrent Workstation
Mean = 1.546 us, StdErr = 0.009 us (0.56%), N = 15, StdDev = 0.033 us
Min = 1.514 us, Q1 = 1.526 us, Median = 1.531 us, Q3 = 1.564 us, Max = 1.606 us
IQR = 0.037 us, LowerFence = 1.470 us, UpperFence = 1.619 us
ConfidenceInterval = [1.510 us; 1.582 us] (CI 99.9%), Margin = 0.036 us (2.30% of Mean)
Skewness = 0.89, Kurtosis = 1.9, MValue = 2.73
-------------------- Histogram --------------------
[1.509 us ; 1.544 us) | @@@@@@@@@@@
[1.544 us ; 1.580 us) | 
[1.580 us ; 1.615 us) | @@@@
---------------------------------------------------

DistinctBinaryKeyDispatchBenchmarks.RawMemory: E_BaselineControl(Arguments=/p:ProductDirectory=C:/git/Dekaf-perf-improvements-20260907/pr-3082/baseline,/p:UseSharedCompilation=false, IterationCount=15, IterationTime=200ms, WarmupCount=5) [KeySize=8]
Runtime = .NET 10.0.11 (10.0.11, 10.0.1126.37416), X64 RyuJIT x86-64-v3; GC = Concurrent Workstation
Mean = 1.546 us, StdErr = 0.005 us (0.34%), N = 13, StdDev = 0.019 us
Min = 1.512 us, Q1 = 1.532 us, Median = 1.548 us, Q3 = 1.561 us, Max = 1.577 us
IQR = 0.030 us, LowerFence = 1.487 us, UpperFence = 1.605 us
ConfidenceInterval = [1.524 us; 1.569 us] (CI 99.9%), Margin = 0.023 us (1.46% of Mean)
Skewness = -0.1, Kurtosis = 1.78, MValue = 2
-------------------- Histogram --------------------
[1.501 us ; 1.583 us) | @@@@@@@@@@@@@
---------------------------------------------------

DistinctBinaryKeyDispatchBenchmarks.ByteArray: A_Baseline(Arguments=/p:ProductDirectory=C:/git/Dekaf-perf-improvements-20260907/pr-3082/baseline,/p:UseSharedCompilation=false, IterationCount=15, IterationTime=200ms, WarmupCount=5) [KeySize=1024]
Runtime = .NET 10.0.11 (10.0.11, 10.0.1126.37416), X64 RyuJIT x86-64-v3; GC = Concurrent Workstation
Mean = 1.505 us, StdErr = 0.011 us (0.71%), N = 12, StdDev = 0.037 us
Min = 1.449 us, Q1 = 1.483 us, Median = 1.503 us, Q3 = 1.523 us, Max = 1.588 us
IQR = 0.040 us, LowerFence = 1.422 us, UpperFence = 1.584 us
ConfidenceInterval = [1.458 us; 1.552 us] (CI 99.9%), Margin = 0.047 us (3.14% of Mean)
Skewness = 0.56, Kurtosis = 2.84, MValue = 2
-------------------- Histogram --------------------
[1.446 us ; 1.494 us) | @@@@
[1.494 us ; 1.536 us) | @@@@@@@
[1.536 us ; 1.567 us) | 
[1.567 us ; 1.610 us) | @
---------------------------------------------------

DistinctBinaryKeyDispatchBenchmarks.RawMemory: A_Baseline(Arguments=/p:ProductDirectory=C:/git/Dekaf-perf-improvements-20260907/pr-3082/baseline,/p:UseSharedCompilation=false, IterationCount=15, IterationTime=200ms, WarmupCount=5) [KeySize=1024]
Runtime = .NET 10.0.11 (10.0.11, 10.0.1126.37416), X64 RyuJIT x86-64-v3; GC = Concurrent Workstation
Mean = 1.542 us, StdErr = 0.012 us (0.76%), N = 14, StdDev = 0.044 us
Min = 1.491 us, Q1 = 1.505 us, Median = 1.525 us, Q3 = 1.573 us, Max = 1.633 us
IQR = 0.068 us, LowerFence = 1.402 us, UpperFence = 1.675 us
ConfidenceInterval = [1.493 us; 1.591 us] (CI 99.9%), Margin = 0.049 us (3.19% of Mean)
Skewness = 0.61, Kurtosis = 1.98, MValue = 2
-------------------- Histogram --------------------
[1.486 us ; 1.533 us) | @@@@@@@@
[1.533 us ; 1.606 us) | @@@@@
[1.606 us ; 1.657 us) | @
---------------------------------------------------

DistinctBinaryKeyDispatchBenchmarks.ByteArray: B_Published(Arguments=/p:ProductDirectory=C:/git/Dekaf-perf-improvements-20260907/pr-3082/published,/p:UseSharedCompilation=false, IterationCount=15, IterationTime=200ms, WarmupCount=5) [KeySize=1024]
Runtime = .NET 10.0.11 (10.0.11, 10.0.1126.37416), X64 RyuJIT x86-64-v3; GC = Concurrent Workstation
Mean = 3.505 us, StdErr = 0.169 us (4.83%), N = 15, StdDev = 0.656 us
Min = 2.594 us, Q1 = 2.750 us, Median = 3.920 us, Q3 = 4.018 us, Max = 4.232 us
IQR = 1.268 us, LowerFence = 0.848 us, UpperFence = 5.921 us
ConfidenceInterval = [2.804 us; 4.207 us] (CI 99.9%), Margin = 0.702 us (20.02% of Mean)
Skewness = -0.41, Kurtosis = 1.24, MValue = 3.33
-------------------- Histogram --------------------
[2.571 us ; 3.270 us) | @@@@@@
[3.270 us ; 3.596 us) | 
[3.596 us ; 4.295 us) | @@@@@@@@@
---------------------------------------------------

DistinctBinaryKeyDispatchBenchmarks.RawMemory: B_Published(Arguments=/p:ProductDirectory=C:/git/Dekaf-perf-improvements-20260907/pr-3082/published,/p:UseSharedCompilation=false, IterationCount=15, IterationTime=200ms, WarmupCount=5) [KeySize=1024]
Runtime = .NET 10.0.11 (10.0.11, 10.0.1126.37416), X64 RyuJIT x86-64-v3; GC = Concurrent Workstation
Mean = 3.646 us, StdErr = 0.208 us (5.72%), N = 15, StdDev = 0.807 us
Min = 2.408 us, Q1 = 2.758 us, Median = 4.089 us, Q3 = 4.214 us, Max = 4.414 us
IQR = 1.456 us, LowerFence = 0.574 us, UpperFence = 6.398 us
ConfidenceInterval = [2.783 us; 4.508 us] (CI 99.9%), Margin = 0.863 us (23.66% of Mean)
Skewness = -0.66, Kurtosis = 1.45, MValue = 3
-------------------- Histogram --------------------
[2.247 us ; 3.106 us) | @@@@@
[3.106 us ; 3.821 us) | 
[3.821 us ; 4.843 us) | @@@@@@@@@@
---------------------------------------------------

DistinctBinaryKeyDispatchBenchmarks.ByteArray: C_Candidate(Arguments=/p:ProductDirectory=C:/git/Dekaf-perf-improvements-20260907/pr-3082/candidate,/p:UseSharedCompilation=false, IterationCount=15, IterationTime=200ms, WarmupCount=5) [KeySize=1024]
Runtime = .NET 10.0.11 (10.0.11, 10.0.1126.37416), X64 RyuJIT x86-64-v3; GC = Concurrent Workstation
Mean = 1.583 us, StdErr = 0.023 us (1.44%), N = 13, StdDev = 0.082 us
Min = 1.509 us, Q1 = 1.536 us, Median = 1.557 us, Q3 = 1.586 us, Max = 1.806 us
IQR = 0.050 us, LowerFence = 1.462 us, UpperFence = 1.661 us
ConfidenceInterval = [1.485 us; 1.682 us] (CI 99.9%), Margin = 0.099 us (6.24% of Mean)
Skewness = 1.63, Kurtosis = 4.53, MValue = 2
-------------------- Histogram --------------------
[1.507 us ; 1.599 us) | @@@@@@@@@@@
[1.599 us ; 1.658 us) | 
[1.658 us ; 1.750 us) | @
[1.750 us ; 1.852 us) | @
---------------------------------------------------

DistinctBinaryKeyDispatchBenchmarks.RawMemory: C_Candidate(Arguments=/p:ProductDirectory=C:/git/Dekaf-perf-improvements-20260907/pr-3082/candidate,/p:UseSharedCompilation=false, IterationCount=15, IterationTime=200ms, WarmupCount=5) [KeySize=1024]
Runtime = .NET 10.0.11 (10.0.11, 10.0.1126.37416), X64 RyuJIT x86-64-v3; GC = Concurrent Workstation
Mean = 1.539 us, StdErr = 0.002 us (0.14%), N = 13, StdDev = 0.007 us
Min = 1.521 us, Q1 = 1.535 us, Median = 1.541 us, Q3 = 1.544 us, Max = 1.550 us
IQR = 0.009 us, LowerFence = 1.522 us, UpperFence = 1.557 us
ConfidenceInterval = [1.530 us; 1.548 us] (CI 99.9%), Margin = 0.009 us (0.58% of Mean)
Skewness = -0.79, Kurtosis = 3.11, MValue = 2
-------------------- Histogram --------------------
[1.517 us ; 1.554 us) | @@@@@@@@@@@@@
---------------------------------------------------

DistinctBinaryKeyDispatchBenchmarks.ByteArray: D_PublishedControl(Arguments=/p:ProductDirectory=C:/git/Dekaf-perf-improvements-20260907/pr-3082/published,/p:UseSharedCompilation=false, IterationCount=15, IterationTime=200ms, WarmupCount=5) [KeySize=1024]
Runtime = .NET 10.0.11 (10.0.11, 10.0.1126.37416), X64 RyuJIT x86-64-v3; GC = Concurrent Workstation
Mean = 1.615 us, StdErr = 0.012 us (0.73%), N = 14, StdDev = 0.044 us
Min = 1.563 us, Q1 = 1.584 us, Median = 1.595 us, Q3 = 1.645 us, Max = 1.699 us
IQR = 0.061 us, LowerFence = 1.491 us, UpperFence = 1.737 us
ConfidenceInterval = [1.565 us; 1.665 us] (CI 99.9%), Margin = 0.050 us (3.09% of Mean)
Skewness = 0.68, Kurtosis = 1.82, MValue = 2
-------------------- Histogram --------------------
[1.560 us ; 1.608 us) | @@@@@@@@@
[1.608 us ; 1.679 us) | @@@@
[1.679 us ; 1.723 us) | @
---------------------------------------------------

DistinctBinaryKeyDispatchBenchmarks.RawMemory: D_PublishedControl(Arguments=/p:ProductDirectory=C:/git/Dekaf-perf-improvements-20260907/pr-3082/published,/p:UseSharedCompilation=false, IterationCount=15, IterationTime=200ms, WarmupCount=5) [KeySize=1024]
Runtime = .NET 10.0.11 (10.0.11, 10.0.1126.37416), X64 RyuJIT x86-64-v3; GC = Concurrent Workstation
Mean = 3.487 us, StdErr = 0.238 us (6.83%), N = 15, StdDev = 0.922 us
Min = 2.274 us, Q1 = 2.670 us, Median = 3.962 us, Q3 = 4.273 us, Max = 4.727 us
IQR = 1.604 us, LowerFence = 0.264 us, UpperFence = 6.679 us
ConfidenceInterval = [2.502 us; 4.473 us] (CI 99.9%), Margin = 0.986 us (28.26% of Mean)
Skewness = -0.12, Kurtosis = 1.11, MValue = 3.75
-------------------- Histogram --------------------
[2.094 us ; 3.075 us) | @@@@@@@
[3.075 us ; 3.853 us) | 
[3.853 us ; 4.835 us) | @@@@@@@@
---------------------------------------------------

DistinctBinaryKeyDispatchBenchmarks.ByteArray: E_BaselineControl(Arguments=/p:ProductDirectory=C:/git/Dekaf-perf-improvements-20260907/pr-3082/baseline,/p:UseSharedCompilation=false, IterationCount=15, IterationTime=200ms, WarmupCount=5) [KeySize=1024]
Runtime = .NET 10.0.11 (10.0.11, 10.0.1126.37416), X64 RyuJIT x86-64-v3; GC = Concurrent Workstation
Mean = 1.566 us, StdErr = 0.021 us (1.34%), N = 13, StdDev = 0.076 us
Min = 1.508 us, Q1 = 1.517 us, Median = 1.538 us, Q3 = 1.578 us, Max = 1.775 us
IQR = 0.061 us, LowerFence = 1.425 us, UpperFence = 1.670 us
ConfidenceInterval = [1.476 us; 1.657 us] (CI 99.9%), Margin = 0.090 us (5.78% of Mean)
Skewness = 1.57, Kurtosis = 4.66, MValue = 2
-------------------- Histogram --------------------
[1.501 us ; 1.585 us) | @@@@@@@@@@
[1.585 us ; 1.673 us) | @@
[1.673 us ; 1.733 us) | 
[1.733 us ; 1.817 us) | @
---------------------------------------------------

DistinctBinaryKeyDispatchBenchmarks.RawMemory: E_BaselineControl(Arguments=/p:ProductDirectory=C:/git/Dekaf-perf-improvements-20260907/pr-3082/baseline,/p:UseSharedCompilation=false, IterationCount=15, IterationTime=200ms, WarmupCount=5) [KeySize=1024]
Runtime = .NET 10.0.11 (10.0.11, 10.0.1126.37416), X64 RyuJIT x86-64-v3; GC = Concurrent Workstation
Mean = 1.523 us, StdErr = 0.003 us (0.21%), N = 12, StdDev = 0.011 us
Min = 1.508 us, Q1 = 1.513 us, Median = 1.526 us, Q3 = 1.533 us, Max = 1.540 us
IQR = 0.021 us, LowerFence = 1.482 us, UpperFence = 1.564 us
ConfidenceInterval = [1.509 us; 1.538 us] (CI 99.9%), Margin = 0.014 us (0.93% of Mean)
Skewness = 0.02, Kurtosis = 1.29, MValue = 2
-------------------- Histogram --------------------
[1.502 us ; 1.547 us) | @@@@@@@@@@@@
---------------------------------------------------

DistinctBinaryKeyDispatchBenchmarks.ByteArray: A_Baseline(Arguments=/p:ProductDirectory=C:/git/Dekaf-perf-improvements-20260907/pr-3082/baseline,/p:UseSharedCompilation=false, IterationCount=15, IterationTime=200ms, WarmupCount=5) [KeySize=65536]
Runtime = .NET 10.0.11 (10.0.11, 10.0.1126.37416), X64 RyuJIT x86-64-v3; GC = Concurrent Workstation
Mean = 1.518 us, StdErr = 0.003 us (0.23%), N = 13, StdDev = 0.012 us
Min = 1.492 us, Q1 = 1.512 us, Median = 1.518 us, Q3 = 1.525 us, Max = 1.543 us
IQR = 0.013 us, LowerFence = 1.492 us, UpperFence = 1.545 us
ConfidenceInterval = [1.503 us; 1.533 us] (CI 99.9%), Margin = 0.015 us (0.98% of Mean)
Skewness = -0.01, Kurtosis = 2.94, MValue = 2
-------------------- Histogram --------------------
[1.485 us ; 1.550 us) | @@@@@@@@@@@@@
---------------------------------------------------

DistinctBinaryKeyDispatchBenchmarks.RawMemory: A_Baseline(Arguments=/p:ProductDirectory=C:/git/Dekaf-perf-improvements-20260907/pr-3082/baseline,/p:UseSharedCompilation=false, IterationCount=15, IterationTime=200ms, WarmupCount=5) [KeySize=65536]
Runtime = .NET 10.0.11 (10.0.11, 10.0.1126.37416), X64 RyuJIT x86-64-v3; GC = Concurrent Workstation
Mean = 1.588 us, StdErr = 0.021 us (1.33%), N = 14, StdDev = 0.079 us
Min = 1.489 us, Q1 = 1.522 us, Median = 1.588 us, Q3 = 1.628 us, Max = 1.757 us
IQR = 0.106 us, LowerFence = 1.363 us, UpperFence = 1.788 us
ConfidenceInterval = [1.499 us; 1.678 us] (CI 99.9%), Margin = 0.089 us (5.63% of Mean)
Skewness = 0.54, Kurtosis = 2.25, MValue = 2.57
-------------------- Histogram --------------------
[1.466 us ; 1.563 us) | @@@@@
[1.563 us ; 1.649 us) | @@@@@@@
[1.649 us ; 1.686 us) | 
[1.686 us ; 1.773 us) | @@
---------------------------------------------------

DistinctBinaryKeyDispatchBenchmarks.ByteArray: B_Published(Arguments=/p:ProductDirectory=C:/git/Dekaf-perf-improvements-20260907/pr-3082/published,/p:UseSharedCompilation=false, IterationCount=15, IterationTime=200ms, WarmupCount=5) [KeySize=65536]
Runtime = .NET 10.0.11 (10.0.11, 10.0.1126.37416), X64 RyuJIT x86-64-v3; GC = Concurrent Workstation
Mean = 38.826 us, StdErr = 0.427 us (1.10%), N = 15, StdDev = 1.652 us
Min = 37.029 us, Q1 = 37.400 us, Median = 38.282 us, Q3 = 39.934 us, Max = 42.145 us
IQR = 2.533 us, LowerFence = 33.600 us, UpperFence = 43.734 us
ConfidenceInterval = [37.059 us; 40.592 us] (CI 99.9%), Margin = 1.767 us (4.55% of Mean)
Skewness = 0.59, Kurtosis = 1.95, MValue = 2
-------------------- Histogram --------------------
[36.974 us ; 38.733 us) | @@@@@@@@@
[38.733 us ; 40.786 us) | @@@@
[40.786 us ; 42.696 us) | @@
---------------------------------------------------

DistinctBinaryKeyDispatchBenchmarks.RawMemory: B_Published(Arguments=/p:ProductDirectory=C:/git/Dekaf-perf-improvements-20260907/pr-3082/published,/p:UseSharedCompilation=false, IterationCount=15, IterationTime=200ms, WarmupCount=5) [KeySize=65536]
Runtime = .NET 10.0.11 (10.0.11, 10.0.1126.37416), X64 RyuJIT x86-64-v3; GC = Concurrent Workstation
Mean = 25.770 us, StdErr = 3.024 us (11.74%), N = 15, StdDev = 11.714 us
Min = 14.996 us, Q1 = 15.450 us, Median = 18.605 us, Q3 = 38.532 us, Max = 42.096 us
IQR = 23.082 us, LowerFence = -19.172 us, UpperFence = 73.154 us
ConfidenceInterval = [13.248 us; 38.293 us] (CI 99.9%), Margin = 12.522 us (48.59% of Mean)
Skewness = 0.35, Kurtosis = 1.07, MValue = 3.33
-------------------- Histogram --------------------
[11.581 us ; 24.049 us) | @@@@@@@@@
[24.049 us ; 33.606 us) | 
[33.606 us ; 48.330 us) | @@@@@@
---------------------------------------------------

DistinctBinaryKeyDispatchBenchmarks.ByteArray: C_Candidate(Arguments=/p:ProductDirectory=C:/git/Dekaf-perf-improvements-20260907/pr-3082/candidate,/p:UseSharedCompilation=false, IterationCount=15, IterationTime=200ms, WarmupCount=5) [KeySize=65536]
Runtime = .NET 10.0.11 (10.0.11, 10.0.1126.37416), X64 RyuJIT x86-64-v3; GC = Concurrent Workstation
Mean = 6.797 us, StdErr = 0.073 us (1.08%), N = 14, StdDev = 0.275 us
Min = 6.371 us, Q1 = 6.587 us, Median = 6.774 us, Q3 = 6.988 us, Max = 7.325 us
IQR = 0.401 us, LowerFence = 5.986 us, UpperFence = 7.589 us
ConfidenceInterval = [6.487 us; 7.107 us] (CI 99.9%), Margin = 0.310 us (4.56% of Mean)
Skewness = 0.41, Kurtosis = 1.96, MValue = 2.89
-------------------- Histogram --------------------
[6.222 us ; 6.519 us) | @
[6.519 us ; 6.818 us) | @@@@@@@@@
[6.818 us ; 7.037 us) | 
[7.037 us ; 7.336 us) | @@@@
---------------------------------------------------

DistinctBinaryKeyDispatchBenchmarks.RawMemory: C_Candidate(Arguments=/p:ProductDirectory=C:/git/Dekaf-perf-improvements-20260907/pr-3082/candidate,/p:UseSharedCompilation=false, IterationCount=15, IterationTime=200ms, WarmupCount=5) [KeySize=65536]
Runtime = .NET 10.0.11 (10.0.11, 10.0.1126.37416), X64 RyuJIT x86-64-v3; GC = Concurrent Workstation
Mean = 31.309 us, StdErr = 0.306 us (0.98%), N = 15, StdDev = 1.185 us
Min = 29.490 us, Q1 = 30.496 us, Median = 31.289 us, Q3 = 32.008 us, Max = 33.831 us
IQR = 1.511 us, LowerFence = 28.229 us, UpperFence = 34.275 us
ConfidenceInterval = [30.042 us; 32.576 us] (CI 99.9%), Margin = 1.267 us (4.05% of Mean)
Skewness = 0.4, Kurtosis = 2.24, MValue = 2
-------------------- Histogram --------------------
[28.859 us ; 30.296 us) | @@@
[30.296 us ; 31.557 us) | @@@@@@@
[31.557 us ; 32.932 us) | @@@@
[32.932 us ; 34.461 us) | @
---------------------------------------------------

DistinctBinaryKeyDispatchBenchmarks.ByteArray: D_PublishedControl(Arguments=/p:ProductDirectory=C:/git/Dekaf-perf-improvements-20260907/pr-3082/published,/p:UseSharedCompilation=false, IterationCount=15, IterationTime=200ms, WarmupCount=5) [KeySize=65536]
Runtime = .NET 10.0.11 (10.0.11, 10.0.1126.37416), X64 RyuJIT x86-64-v3; GC = Concurrent Workstation
Mean = 23.363 us, StdErr = 3.064 us (13.11%), N = 15, StdDev = 11.865 us
Min = 10.037 us, Q1 = 12.016 us, Median = 20.085 us, Q3 = 35.454 us, Max = 36.458 us
IQR = 23.438 us, LowerFence = -23.140 us, UpperFence = 70.610 us
ConfidenceInterval = [10.678 us; 36.048 us] (CI 99.9%), Margin = 12.685 us (54.29% of Mean)
Skewness = 0.04, Kurtosis = 0.96, MValue = 3.75
-------------------- Histogram --------------------
[ 8.746 us ; 21.376 us) | @@@@@@@@
[21.376 us ; 28.905 us) | 
[28.905 us ; 42.773 us) | @@@@@@@
---------------------------------------------------

DistinctBinaryKeyDispatchBenchmarks.RawMemory: D_PublishedControl(Arguments=/p:ProductDirectory=C:/git/Dekaf-perf-improvements-20260907/pr-3082/published,/p:UseSharedCompilation=false, IterationCount=15, IterationTime=200ms, WarmupCount=5) [KeySize=65536]
Runtime = .NET 10.0.11 (10.0.11, 10.0.1126.37416), X64 RyuJIT x86-64-v3; GC = Concurrent Workstation
Mean = 42.934 us, StdErr = 1.858 us (4.33%), N = 15, StdDev = 7.196 us
Min = 35.224 us, Q1 = 37.608 us, Median = 39.193 us, Q3 = 47.533 us, Max = 57.178 us
IQR = 9.924 us, LowerFence = 22.722 us, UpperFence = 62.419 us
ConfidenceInterval = [35.242 us; 50.627 us] (CI 99.9%), Margin = 7.693 us (17.92% of Mean)
Skewness = 0.8, Kurtosis = 2.15, MValue = 2.6
-------------------- Histogram --------------------
[35.118 us ; 42.777 us) | @@@@@@@@@@
[42.777 us ; 49.579 us) | @
[49.579 us ; 57.239 us) | @@@@
---------------------------------------------------

DistinctBinaryKeyDispatchBenchmarks.ByteArray: E_BaselineControl(Arguments=/p:ProductDirectory=C:/git/Dekaf-perf-improvements-20260907/pr-3082/baseline,/p:UseSharedCompilation=false, IterationCount=15, IterationTime=200ms, WarmupCount=5) [KeySize=65536]
Runtime = .NET 10.0.11 (10.0.11, 10.0.1126.37416), X64 RyuJIT x86-64-v3; GC = Concurrent Workstation
Mean = 1.534 us, StdErr = 0.008 us (0.49%), N = 13, StdDev = 0.027 us
Min = 1.500 us, Q1 = 1.519 us, Median = 1.533 us, Q3 = 1.543 us, Max = 1.606 us
IQR = 0.024 us, LowerFence = 1.482 us, UpperFence = 1.579 us
ConfidenceInterval = [1.502 us; 1.567 us] (CI 99.9%), Margin = 0.033 us (2.13% of Mean)
Skewness = 1.17, Kurtosis = 4.03, MValue = 2
-------------------- Histogram --------------------
[1.485 us ; 1.515 us) | @@
[1.515 us ; 1.571 us) | @@@@@@@@@@
[1.571 us ; 1.621 us) | @
---------------------------------------------------

DistinctBinaryKeyDispatchBenchmarks.RawMemory: E_BaselineControl(Arguments=/p:ProductDirectory=C:/git/Dekaf-perf-improvements-20260907/pr-3082/baseline,/p:UseSharedCompilation=false, IterationCount=15, IterationTime=200ms, WarmupCount=5) [KeySize=65536]
Runtime = .NET 10.0.11 (10.0.11, 10.0.1126.37416), X64 RyuJIT x86-64-v3; GC = Concurrent Workstation
Mean = 1.512 us, StdErr = 0.006 us (0.41%), N = 13, StdDev = 0.023 us
Min = 1.476 us, Q1 = 1.489 us, Median = 1.518 us, Q3 = 1.525 us, Max = 1.545 us
IQR = 0.036 us, LowerFence = 1.435 us, UpperFence = 1.579 us
ConfidenceInterval = [1.485 us; 1.539 us] (CI 99.9%), Margin = 0.027 us (1.78% of Mean)
Skewness = -0.27, Kurtosis = 1.62, MValue = 2
-------------------- Histogram --------------------
[1.468 us ; 1.506 us) | @@@@
[1.506 us ; 1.558 us) | @@@@@@@@@
---------------------------------------------------

// * Summary *

BenchmarkDotNet v0.15.8, Windows 11 (10.0.26200.9168/25H2/2025Update/HudsonValley2)
12th Gen Intel Core i7-12700K 3.60GHz, 1 CPU, 20 logical and 12 physical cores
.NET SDK 10.0.400
  [Host]             : .NET 10.0.11 (10.0.11, 10.0.1126.37416), X64 RyuJIT x86-64-v3
  A_Baseline         : .NET 10.0.11 (10.0.11, 10.0.1126.37416), X64 RyuJIT x86-64-v3
  B_Published        : .NET 10.0.11 (10.0.11, 10.0.1126.37416), X64 RyuJIT x86-64-v3
  C_Candidate        : .NET 10.0.11 (10.0.11, 10.0.1126.37416), X64 RyuJIT x86-64-v3
  D_PublishedControl : .NET 10.0.11 (10.0.11, 10.0.1126.37416), X64 RyuJIT x86-64-v3
  E_BaselineControl  : .NET 10.0.11 (10.0.11, 10.0.1126.37416), X64 RyuJIT x86-64-v3

IterationCount=15  IterationTime=200ms  WarmupCount=5  

| Method    | Job                | Arguments                                                                                                   | KeySize | Mean      | Error      | StdDev     | Median    | Gen0   | Gen1   | Allocated |
|---------- |------------------- |------------------------------------------------------------------------------------------------------------ |-------- |----------:|-----------:|-----------:|----------:|-------:|-------:|----------:|
| ByteArray | A_Baseline         | /p:ProductDirectory=C:/git/Dekaf-perf-improvements-20260907/pr-3082/baseline,/p:UseSharedCompilation=false  | 8       |  1.529 us |  0.0400 us |  0.0354 us |  1.515 us | 0.1724 | 0.0675 |   2.25 KB |
| RawMemory | A_Baseline         | /p:ProductDirectory=C:/git/Dekaf-perf-improvements-20260907/pr-3082/baseline,/p:UseSharedCompilation=false  | 8       |  1.510 us |  0.0305 us |  0.0238 us |  1.509 us | 0.1786 | 0.0699 |   2.34 KB |
| ByteArray | B_Published        | /p:ProductDirectory=C:/git/Dekaf-perf-improvements-20260907/pr-3082/published,/p:UseSharedCompilation=false | 8       |  1.552 us |  0.0713 us |  0.0596 us |  1.529 us | 0.1751 | 0.0609 |   2.25 KB |
| RawMemory | B_Published        | /p:ProductDirectory=C:/git/Dekaf-perf-improvements-20260907/pr-3082/published,/p:UseSharedCompilation=false | 8       |  1.496 us |  0.0128 us |  0.0107 us |  1.495 us | 0.1796 | 0.0673 |   2.34 KB |
| ByteArray | C_Candidate        | /p:ProductDirectory=C:/git/Dekaf-perf-improvements-20260907/pr-3082/candidate,/p:UseSharedCompilation=false | 8       |  1.539 us |  0.0627 us |  0.0556 us |  1.515 us | 0.1724 | 0.0525 |   2.25 KB |
| RawMemory | C_Candidate        | /p:ProductDirectory=C:/git/Dekaf-perf-improvements-20260907/pr-3082/candidate,/p:UseSharedCompilation=false | 8       |  1.525 us |  0.0196 us |  0.0164 us |  1.520 us | 0.1805 | 0.0752 |   2.34 KB |
| ByteArray | D_PublishedControl | /p:ProductDirectory=C:/git/Dekaf-perf-improvements-20260907/pr-3082/published,/p:UseSharedCompilation=false | 8       |  1.532 us |  0.0301 us |  0.0282 us |  1.527 us | 0.1643 | 0.0730 |   2.26 KB |
| RawMemory | D_PublishedControl | /p:ProductDirectory=C:/git/Dekaf-perf-improvements-20260907/pr-3082/published,/p:UseSharedCompilation=false | 8       |  1.552 us |  0.0956 us |  0.0847 us |  1.527 us | 0.1784 | 0.0669 |   2.34 KB |
| ByteArray | E_BaselineControl  | /p:ProductDirectory=C:/git/Dekaf-perf-improvements-20260907/pr-3082/baseline,/p:UseSharedCompilation=false  | 8       |  1.546 us |  0.0356 us |  0.0333 us |  1.531 us | 0.1725 | 0.0517 |   2.25 KB |
| RawMemory | E_BaselineControl  | /p:ProductDirectory=C:/git/Dekaf-perf-improvements-20260907/pr-3082/baseline,/p:UseSharedCompilation=false  | 8       |  1.546 us |  0.0226 us |  0.0188 us |  1.548 us | 0.1779 | 0.0647 |   2.34 KB |
| ByteArray | A_Baseline         | /p:ProductDirectory=C:/git/Dekaf-perf-improvements-20260907/pr-3082/baseline,/p:UseSharedCompilation=false  | 1024    |  1.505 us |  0.0473 us |  0.0369 us |  1.503 us | 0.1772 | 0.0531 |   2.25 KB |
| RawMemory | A_Baseline         | /p:ProductDirectory=C:/git/Dekaf-perf-improvements-20260907/pr-3082/baseline,/p:UseSharedCompilation=false  | 1024    |  1.542 us |  0.0492 us |  0.0436 us |  1.525 us | 0.1817 | 0.0496 |   2.34 KB |
| ByteArray | B_Published        | /p:ProductDirectory=C:/git/Dekaf-perf-improvements-20260907/pr-3082/published,/p:UseSharedCompilation=false | 1024    |  3.505 us |  0.7018 us |  0.6564 us |  3.920 us | 0.1002 |      - |   2.25 KB |
| RawMemory | B_Published        | /p:ProductDirectory=C:/git/Dekaf-perf-improvements-20260907/pr-3082/published,/p:UseSharedCompilation=false | 1024    |  3.646 us |  0.8627 us |  0.8069 us |  4.089 us | 0.1028 |      - |   2.34 KB |
| ByteArray | C_Candidate        | /p:ProductDirectory=C:/git/Dekaf-perf-improvements-20260907/pr-3082/candidate,/p:UseSharedCompilation=false | 1024    |  1.583 us |  0.0988 us |  0.0825 us |  1.557 us | 0.1682 | 0.0561 |   2.25 KB |
| RawMemory | C_Candidate        | /p:ProductDirectory=C:/git/Dekaf-perf-improvements-20260907/pr-3082/candidate,/p:UseSharedCompilation=false | 1024    |  1.539 us |  0.0090 us |  0.0075 us |  1.541 us | 0.1830 | 0.0716 |   2.35 KB |
| ByteArray | D_PublishedControl | /p:ProductDirectory=C:/git/Dekaf-perf-improvements-20260907/pr-3082/published,/p:UseSharedCompilation=false | 1024    |  1.615 us |  0.0498 us |  0.0442 us |  1.595 us | 0.1726 | 0.0628 |   2.25 KB |
| RawMemory | D_PublishedControl | /p:ProductDirectory=C:/git/Dekaf-perf-improvements-20260907/pr-3082/published,/p:UseSharedCompilation=false | 1024    |  3.487 us |  0.9856 us |  0.9219 us |  3.962 us | 0.1015 |      - |   2.34 KB |
| ByteArray | E_BaselineControl  | /p:ProductDirectory=C:/git/Dekaf-perf-improvements-20260907/pr-3082/baseline,/p:UseSharedCompilation=false  | 1024    |  1.566 us |  0.0905 us |  0.0755 us |  1.538 us | 0.1739 | 0.0605 |   2.25 KB |
| RawMemory | E_BaselineControl  | /p:ProductDirectory=C:/git/Dekaf-perf-improvements-20260907/pr-3082/baseline,/p:UseSharedCompilation=false  | 1024    |  1.523 us |  0.0142 us |  0.0111 us |  1.526 us | 0.1819 | 0.0682 |   2.34 KB |
| ByteArray | A_Baseline         | /p:ProductDirectory=C:/git/Dekaf-perf-improvements-20260907/pr-3082/baseline,/p:UseSharedCompilation=false  | 65536   |  1.518 us |  0.0149 us |  0.0125 us |  1.518 us | 0.1695 | 0.0404 |   2.25 KB |
| RawMemory | A_Baseline         | /p:ProductDirectory=C:/git/Dekaf-perf-improvements-20260907/pr-3082/baseline,/p:UseSharedCompilation=false  | 65536   |  1.588 us |  0.0894 us |  0.0792 us |  1.588 us | 0.1820 | 0.0455 |   2.34 KB |
| ByteArray | B_Published        | /p:ProductDirectory=C:/git/Dekaf-perf-improvements-20260907/pr-3082/published,/p:UseSharedCompilation=false | 65536   | 38.826 us |  1.7665 us |  1.6524 us | 38.282 us |      - |      - |   2.17 KB |
| RawMemory | B_Published        | /p:ProductDirectory=C:/git/Dekaf-perf-improvements-20260907/pr-3082/published,/p:UseSharedCompilation=false | 65536   | 25.770 us | 12.5225 us | 11.7135 us | 18.605 us |      - |      - |   2.35 KB |
| ByteArray | C_Candidate        | /p:ProductDirectory=C:/git/Dekaf-perf-improvements-20260907/pr-3082/candidate,/p:UseSharedCompilation=false | 65536   |  6.797 us |  0.3097 us |  0.2745 us |  6.774 us | 0.1502 |      - |   2.26 KB |
| RawMemory | C_Candidate        | /p:ProductDirectory=C:/git/Dekaf-perf-improvements-20260907/pr-3082/candidate,/p:UseSharedCompilation=false | 65536   | 31.309 us |  1.2671 us |  1.1852 us | 31.289 us |      - |      - |   2.34 KB |
| ByteArray | D_PublishedControl | /p:ProductDirectory=C:/git/Dekaf-perf-improvements-20260907/pr-3082/published,/p:UseSharedCompilation=false | 65536   | 23.363 us | 12.6848 us | 11.8654 us | 20.085 us |      - |      - |   2.26 KB |
| RawMemory | D_PublishedControl | /p:ProductDirectory=C:/git/Dekaf-perf-improvements-20260907/pr-3082/published,/p:UseSharedCompilation=false | 65536   | 42.934 us |  7.6927 us |  7.1958 us | 39.193 us |      - |      - |   2.34 KB |
| ByteArray | E_BaselineControl  | /p:ProductDirectory=C:/git/Dekaf-perf-improvements-20260907/pr-3082/baseline,/p:UseSharedCompilation=false  | 65536   |  1.534 us |  0.0326 us |  0.0272 us |  1.533 us | 0.1706 | 0.0341 |   2.25 KB |
| RawMemory | E_BaselineControl  | /p:ProductDirectory=C:/git/Dekaf-perf-improvements-20260907/pr-3082/baseline,/p:UseSharedCompilation=false  | 65536   |  1.512 us |  0.0270 us |  0.0225 us |  1.518 us | 0.1695 | 0.0339 |   2.34 KB |

// * Warnings *
MultimodalDistribution
  DistinctBinaryKeyDispatchBenchmarks.ByteArray: B_Published        -> It seems that the distribution is bimodal (mValue = 3.33)
  DistinctBinaryKeyDispatchBenchmarks.RawMemory: B_Published        -> It seems that the distribution can have several modes (mValue = 3)
  DistinctBinaryKeyDispatchBenchmarks.RawMemory: D_PublishedControl -> It seems that the distribution is bimodal (mValue = 3.75)
MinIterationTime
  DistinctBinaryKeyDispatchBenchmarks.ByteArray: D_PublishedControl -> The minimum observed iteration time is 81.947ms which is very small. It's recommended to increase it to at least 100ms using more operations.
  DistinctBinaryKeyDispatchBenchmarks.ByteArray: E_BaselineControl  -> The minimum observed iteration time is 87.786ms which is very small. It's recommended to increase it to at least 100ms using more operations.
  DistinctBinaryKeyDispatchBenchmarks.RawMemory: E_BaselineControl  -> The minimum observed iteration time is 93.47ms which is very small. It's recommended to increase it to at least 100ms using more operations.
  DistinctBinaryKeyDispatchBenchmarks.ByteArray: A_Baseline         -> The minimum observed iteration time is 81.793ms which is very small. It's recommended to increase it to at least 100ms using more operations.
  DistinctBinaryKeyDispatchBenchmarks.RawMemory: A_Baseline         -> The minimum observed iteration time is 90.292ms which is very small. It's recommended to increase it to at least 100ms using more operations.
  DistinctBinaryKeyDispatchBenchmarks.ByteArray: B_Published        -> The minimum observed iteration time is 25.902ms which is very small. It's recommended to increase it to at least 100ms using more operations.
  DistinctBinaryKeyDispatchBenchmarks.RawMemory: B_Published        -> The minimum observed iteration time is 23.421ms which is very small. It's recommended to increase it to at least 100ms using more operations.
  DistinctBinaryKeyDispatchBenchmarks.ByteArray: C_Candidate        -> The minimum observed iteration time is 80.732ms which is very small. It's recommended to increase it to at least 100ms using more operations.
  DistinctBinaryKeyDispatchBenchmarks.RawMemory: D_PublishedControl -> The minimum observed iteration time is 22.41ms which is very small. It's recommended to increase it to at least 100ms using more operations.
  DistinctBinaryKeyDispatchBenchmarks.ByteArray: B_Published        -> The minimum observed iteration time is 9.48ms which is very small. It's recommended to increase it to at least 100ms using more operations.
  DistinctBinaryKeyDispatchBenchmarks.RawMemory: B_Published        -> The minimum observed iteration time is 7.678ms which is very small. It's recommended to increase it to at least 100ms using more operations.
  DistinctBinaryKeyDispatchBenchmarks.ByteArray: C_Candidate        -> The minimum observed iteration time is 42.406ms which is very small. It's recommended to increase it to at least 100ms using more operations.
  DistinctBinaryKeyDispatchBenchmarks.RawMemory: C_Candidate        -> The minimum observed iteration time is 15.099ms which is very small. It's recommended to increase it to at least 100ms using more operations.
  DistinctBinaryKeyDispatchBenchmarks.ByteArray: D_PublishedControl -> The minimum observed iteration time is 5.139ms which is very small. It's recommended to increase it to at least 100ms using more operations.
  DistinctBinaryKeyDispatchBenchmarks.RawMemory: D_PublishedControl -> The minimum observed iteration time is 18.035ms which is very small. It's recommended to increase it to at least 100ms using more operations.
  DistinctBinaryKeyDispatchBenchmarks.ByteArray: E_BaselineControl  -> The minimum observed iteration time is 87.939ms which is very small. It's recommended to increase it to at least 100ms using more operations.
  DistinctBinaryKeyDispatchBenchmarks.RawMemory: E_BaselineControl  -> The minimum observed iteration time is 87.106ms which is very small. It's recommended to increase it to at least 100ms using more operations.

// * Hints *
Outliers
  DistinctBinaryKeyDispatchBenchmarks.ByteArray: A_Baseline         -> 1 outlier  was  removed (1.92 us)
  DistinctBinaryKeyDispatchBenchmarks.RawMemory: A_Baseline         -> 3 outliers were removed (1.67 us..1.79 us)
  DistinctBinaryKeyDispatchBenchmarks.ByteArray: B_Published        -> 2 outliers were removed (1.82 us, 1.86 us)
  DistinctBinaryKeyDispatchBenchmarks.RawMemory: B_Published        -> 2 outliers were removed (1.54 us, 1.57 us)
  DistinctBinaryKeyDispatchBenchmarks.RawMemory: C_Candidate        -> 2 outliers were removed (1.91 us, 1.91 us)
  DistinctBinaryKeyDispatchBenchmarks.RawMemory: D_PublishedControl -> 1 outlier  was  removed (1.82 us)
  DistinctBinaryKeyDispatchBenchmarks.RawMemory: E_BaselineControl  -> 2 outliers were removed (1.63 us, 1.72 us)
  DistinctBinaryKeyDispatchBenchmarks.ByteArray: A_Baseline         -> 3 outliers were removed (1.69 us..2.12 us)
  DistinctBinaryKeyDispatchBenchmarks.RawMemory: A_Baseline         -> 1 outlier  was  removed (1.87 us)
  DistinctBinaryKeyDispatchBenchmarks.ByteArray: C_Candidate        -> 2 outliers were removed (2.11 us, 2.19 us)
  DistinctBinaryKeyDispatchBenchmarks.RawMemory: C_Candidate        -> 2 outliers were removed, 3 outliers were detected (1.52 us, 1.58 us, 1.60 us)
  DistinctBinaryKeyDispatchBenchmarks.ByteArray: D_PublishedControl -> 1 outlier  was  removed (2.08 us)
  DistinctBinaryKeyDispatchBenchmarks.RawMemory: E_BaselineControl  -> 3 outliers were removed (1.59 us..1.76 us)
  DistinctBinaryKeyDispatchBenchmarks.ByteArray: A_Baseline         -> 2 outliers were removed, 3 outliers were detected (1.49 us, 1.57 us, 1.64 us)
  DistinctBinaryKeyDispatchBenchmarks.RawMemory: A_Baseline         -> 1 outlier  was  removed (1.97 us)
  DistinctBinaryKeyDispatchBenchmarks.ByteArray: C_Candidate        -> 1 outlier  was  removed (8.35 us)
  DistinctBinaryKeyDispatchBenchmarks.ByteArray: E_BaselineControl  -> 2 outliers were removed (1.63 us, 1.67 us)
  DistinctBinaryKeyDispatchBenchmarks.RawMemory: E_BaselineControl  -> 2 outliers were removed (1.65 us, 1.78 us)

// * Legends *
  KeySize   : Value of the 'KeySize' parameter
  Mean      : Arithmetic mean of all measurements
  Error     : Half of 99.9% confidence interval
  StdDev    : Standard deviation of all measurements
  Median    : Value separating the higher half of all measurements (50th percentile)
  Gen0      : GC Generation 0 collects per 1000 operations
  Gen1      : GC Generation 1 collects per 1000 operations
  Allocated : Allocated memory per single operation (managed only, inclusive, 1KB = 1024B)
  1 us      : 1 Microsecond (0.000001 sec)

// * Diagnostic Output - MemoryDiagnoser *


// ***** BenchmarkRunner: End *****
Run time: 00:02:05 (125.95 sec), executed benchmarks: 30

Global total time: 00:03:38 (218.2 sec), executed benchmarks: 45
// * Artifacts cleanup *
Artifacts cleanup is finished
