// Validating benchmarks:
// ***** BenchmarkRunner: Start   *****
// ***** Found 24 benchmark(s) in total *****
// ***** Building 4 exe(s) in Parallel: Start   *****
// ***** Done, took 00:00:05 (5.67 sec)   *****
// Found 24 benchmarks:
//   PartitionedLifetimeBenchmarks.ProcessLifetime: A_Predecessor(Affinity=00000000000000000100, EnvironmentVariables=DOTNET_TieredCompilation=0,DEKAF_DISPATCH_PROFILE=0,DEKAF_DISPATCH_SAMPLE_DIRECTORY=C:/git/Dekaf-perf-improvements-20260907/pr-3117/dry-v2\latency-samples,DEKAF_DISPATCH_JOB=A_Predecessor, Arguments=/p:ProductDirectory=C:/git/Dekaf-perf-improvements-20260907/pr-3117/predecessor,/p:UseSharedCompilation=false, IterationCount=1, LaunchCount=1, RunStrategy=ColdStart, UnrollFactor=1, WarmupCount=1) [Mode=KeyRecordsDistinct]
//   PartitionedLifetimeBenchmarks.ProcessLifetime: B_Published(Affinity=00000000000000000100, EnvironmentVariables=DOTNET_TieredCompilation=0,DEKAF_DISPATCH_PROFILE=0,DEKAF_DISPATCH_SAMPLE_DIRECTORY=C:/git/Dekaf-perf-improvements-20260907/pr-3117/dry-v2\latency-samples,DEKAF_DISPATCH_JOB=B_Published, Arguments=/p:ProductDirectory=C:/git/Dekaf-perf-improvements-20260907/pr-3117/published,/p:UseSharedCompilation=false, IterationCount=1, LaunchCount=1, RunStrategy=ColdStart, UnrollFactor=1, WarmupCount=1) [Mode=KeyRecordsDistinct]
//   PartitionedLifetimeBenchmarks.ProcessLifetime: C_SingleProbe(Affinity=00000000000000000100, EnvironmentVariables=DOTNET_TieredCompilation=0,DEKAF_DISPATCH_PROFILE=0,DEKAF_DISPATCH_SAMPLE_DIRECTORY=C:/git/Dekaf-perf-improvements-20260907/pr-3117/dry-v2\latency-samples,DEKAF_DISPATCH_JOB=C_SingleProbe, Arguments=/p:ProductDirectory=C:/git/Dekaf-perf-improvements-20260907/pr-3117/candidate,/p:UseSharedCompilation=false, IterationCount=1, LaunchCount=1, RunStrategy=ColdStart, UnrollFactor=1, WarmupCount=1) [Mode=KeyRecordsDistinct]
//   PartitionedLifetimeBenchmarks.ProcessLifetime: D_ClearOnce(Affinity=00000000000000000100, EnvironmentVariables=DOTNET_TieredCompilation=0,DEKAF_DISPATCH_PROFILE=0,DEKAF_DISPATCH_SAMPLE_DIRECTORY=C:/git/Dekaf-perf-improvements-20260907/pr-3117/dry-v2\latency-samples,DEKAF_DISPATCH_JOB=D_ClearOnce, Arguments=/p:ProductDirectory=C:/git/Dekaf-perf-improvements-20260907/pr-3117/candidate-v2,/p:UseSharedCompilation=false, IterationCount=1, LaunchCount=1, RunStrategy=ColdStart, UnrollFactor=1, WarmupCount=1) [Mode=KeyRecordsDistinct]
//   PartitionedLifetimeBenchmarks.ProcessLifetime: E_PublishedControl(Affinity=00000000000000000100, EnvironmentVariables=DOTNET_TieredCompilation=0,DEKAF_DISPATCH_PROFILE=0,DEKAF_DISPATCH_SAMPLE_DIRECTORY=C:/git/Dekaf-perf-improvements-20260907/pr-3117/dry-v2\latency-samples,DEKAF_DISPATCH_JOB=E_PublishedControl, Arguments=/p:ProductDirectory=C:/git/Dekaf-perf-improvements-20260907/pr-3117/published,/p:UseSharedCompilation=false, IterationCount=1, LaunchCount=1, RunStrategy=ColdStart, UnrollFactor=1, WarmupCount=1) [Mode=KeyRecordsDistinct]
//   PartitionedLifetimeBenchmarks.ProcessLifetime: F_PredecessorControl(Affinity=00000000000000000100, EnvironmentVariables=DOTNET_TieredCompilation=0,DEKAF_DISPATCH_PROFILE=0,DEKAF_DISPATCH_SAMPLE_DIRECTORY=C:/git/Dekaf-perf-improvements-20260907/pr-3117/dry-v2\latency-samples,DEKAF_DISPATCH_JOB=F_PredecessorControl, Arguments=/p:ProductDirectory=C:/git/Dekaf-perf-improvements-20260907/pr-3117/predecessor,/p:UseSharedCompilation=false, IterationCount=1, LaunchCount=1, RunStrategy=ColdStart, UnrollFactor=1, WarmupCount=1) [Mode=KeyRecordsDistinct]
//   PartitionedLifetimeBenchmarks.ProcessLifetime: A_Predecessor(Affinity=00000000000000000100, EnvironmentVariables=DOTNET_TieredCompilation=0,DEKAF_DISPATCH_PROFILE=0,DEKAF_DISPATCH_SAMPLE_DIRECTORY=C:/git/Dekaf-perf-improvements-20260907/pr-3117/dry-v2\latency-samples,DEKAF_DISPATCH_JOB=A_Predecessor, Arguments=/p:ProductDirectory=C:/git/Dekaf-perf-improvements-20260907/pr-3117/predecessor,/p:UseSharedCompilation=false, IterationCount=1, LaunchCount=1, RunStrategy=ColdStart, UnrollFactor=1, WarmupCount=1) [Mode=KeyBatchesDistinct]
//   PartitionedLifetimeBenchmarks.ProcessLifetime: B_Published(Affinity=00000000000000000100, EnvironmentVariables=DOTNET_TieredCompilation=0,DEKAF_DISPATCH_PROFILE=0,DEKAF_DISPATCH_SAMPLE_DIRECTORY=C:/git/Dekaf-perf-improvements-20260907/pr-3117/dry-v2\latency-samples,DEKAF_DISPATCH_JOB=B_Published, Arguments=/p:ProductDirectory=C:/git/Dekaf-perf-improvements-20260907/pr-3117/published,/p:UseSharedCompilation=false, IterationCount=1, LaunchCount=1, RunStrategy=ColdStart, UnrollFactor=1, WarmupCount=1) [Mode=KeyBatchesDistinct]
//   PartitionedLifetimeBenchmarks.ProcessLifetime: C_SingleProbe(Affinity=00000000000000000100, EnvironmentVariables=DOTNET_TieredCompilation=0,DEKAF_DISPATCH_PROFILE=0,DEKAF_DISPATCH_SAMPLE_DIRECTORY=C:/git/Dekaf-perf-improvements-20260907/pr-3117/dry-v2\latency-samples,DEKAF_DISPATCH_JOB=C_SingleProbe, Arguments=/p:ProductDirectory=C:/git/Dekaf-perf-improvements-20260907/pr-3117/candidate,/p:UseSharedCompilation=false, IterationCount=1, LaunchCount=1, RunStrategy=ColdStart, UnrollFactor=1, WarmupCount=1) [Mode=KeyBatchesDistinct]
//   PartitionedLifetimeBenchmarks.ProcessLifetime: D_ClearOnce(Affinity=00000000000000000100, EnvironmentVariables=DOTNET_TieredCompilation=0,DEKAF_DISPATCH_PROFILE=0,DEKAF_DISPATCH_SAMPLE_DIRECTORY=C:/git/Dekaf-perf-improvements-20260907/pr-3117/dry-v2\latency-samples,DEKAF_DISPATCH_JOB=D_ClearOnce, Arguments=/p:ProductDirectory=C:/git/Dekaf-perf-improvements-20260907/pr-3117/candidate-v2,/p:UseSharedCompilation=false, IterationCount=1, LaunchCount=1, RunStrategy=ColdStart, UnrollFactor=1, WarmupCount=1) [Mode=KeyBatchesDistinct]
//   PartitionedLifetimeBenchmarks.ProcessLifetime: E_PublishedControl(Affinity=00000000000000000100, EnvironmentVariables=DOTNET_TieredCompilation=0,DEKAF_DISPATCH_PROFILE=0,DEKAF_DISPATCH_SAMPLE_DIRECTORY=C:/git/Dekaf-perf-improvements-20260907/pr-3117/dry-v2\latency-samples,DEKAF_DISPATCH_JOB=E_PublishedControl, Arguments=/p:ProductDirectory=C:/git/Dekaf-perf-improvements-20260907/pr-3117/published,/p:UseSharedCompilation=false, IterationCount=1, LaunchCount=1, RunStrategy=ColdStart, UnrollFactor=1, WarmupCount=1) [Mode=KeyBatchesDistinct]
//   PartitionedLifetimeBenchmarks.ProcessLifetime: F_PredecessorControl(Affinity=00000000000000000100, EnvironmentVariables=DOTNET_TieredCompilation=0,DEKAF_DISPATCH_PROFILE=0,DEKAF_DISPATCH_SAMPLE_DIRECTORY=C:/git/Dekaf-perf-improvements-20260907/pr-3117/dry-v2\latency-samples,DEKAF_DISPATCH_JOB=F_PredecessorControl, Arguments=/p:ProductDirectory=C:/git/Dekaf-perf-improvements-20260907/pr-3117/predecessor,/p:UseSharedCompilation=false, IterationCount=1, LaunchCount=1, RunStrategy=ColdStart, UnrollFactor=1, WarmupCount=1) [Mode=KeyBatchesDistinct]
//   PartitionedLifetimeBenchmarks.ProcessLifetime: A_Predecessor(Affinity=00000000000000000100, EnvironmentVariables=DOTNET_TieredCompilation=0,DEKAF_DISPATCH_PROFILE=0,DEKAF_DISPATCH_SAMPLE_DIRECTORY=C:/git/Dekaf-perf-improvements-20260907/pr-3117/dry-v2\latency-samples,DEKAF_DISPATCH_JOB=A_Predecessor, Arguments=/p:ProductDirectory=C:/git/Dekaf-perf-improvements-20260907/pr-3117/predecessor,/p:UseSharedCompilation=false, IterationCount=1, LaunchCount=1, RunStrategy=ColdStart, UnrollFactor=1, WarmupCount=1) [Mode=KeyRecordsPaired]
//   PartitionedLifetimeBenchmarks.ProcessLifetime: B_Published(Affinity=00000000000000000100, EnvironmentVariables=DOTNET_TieredCompilation=0,DEKAF_DISPATCH_PROFILE=0,DEKAF_DISPATCH_SAMPLE_DIRECTORY=C:/git/Dekaf-perf-improvements-20260907/pr-3117/dry-v2\latency-samples,DEKAF_DISPATCH_JOB=B_Published, Arguments=/p:ProductDirectory=C:/git/Dekaf-perf-improvements-20260907/pr-3117/published,/p:UseSharedCompilation=false, IterationCount=1, LaunchCount=1, RunStrategy=ColdStart, UnrollFactor=1, WarmupCount=1) [Mode=KeyRecordsPaired]
//   PartitionedLifetimeBenchmarks.ProcessLifetime: C_SingleProbe(Affinity=00000000000000000100, EnvironmentVariables=DOTNET_TieredCompilation=0,DEKAF_DISPATCH_PROFILE=0,DEKAF_DISPATCH_SAMPLE_DIRECTORY=C:/git/Dekaf-perf-improvements-20260907/pr-3117/dry-v2\latency-samples,DEKAF_DISPATCH_JOB=C_SingleProbe, Arguments=/p:ProductDirectory=C:/git/Dekaf-perf-improvements-20260907/pr-3117/candidate,/p:UseSharedCompilation=false, IterationCount=1, LaunchCount=1, RunStrategy=ColdStart, UnrollFactor=1, WarmupCount=1) [Mode=KeyRecordsPaired]
//   PartitionedLifetimeBenchmarks.ProcessLifetime: D_ClearOnce(Affinity=00000000000000000100, EnvironmentVariables=DOTNET_TieredCompilation=0,DEKAF_DISPATCH_PROFILE=0,DEKAF_DISPATCH_SAMPLE_DIRECTORY=C:/git/Dekaf-perf-improvements-20260907/pr-3117/dry-v2\latency-samples,DEKAF_DISPATCH_JOB=D_ClearOnce, Arguments=/p:ProductDirectory=C:/git/Dekaf-perf-improvements-20260907/pr-3117/candidate-v2,/p:UseSharedCompilation=false, IterationCount=1, LaunchCount=1, RunStrategy=ColdStart, UnrollFactor=1, WarmupCount=1) [Mode=KeyRecordsPaired]
//   PartitionedLifetimeBenchmarks.ProcessLifetime: E_PublishedControl(Affinity=00000000000000000100, EnvironmentVariables=DOTNET_TieredCompilation=0,DEKAF_DISPATCH_PROFILE=0,DEKAF_DISPATCH_SAMPLE_DIRECTORY=C:/git/Dekaf-perf-improvements-20260907/pr-3117/dry-v2\latency-samples,DEKAF_DISPATCH_JOB=E_PublishedControl, Arguments=/p:ProductDirectory=C:/git/Dekaf-perf-improvements-20260907/pr-3117/published,/p:UseSharedCompilation=false, IterationCount=1, LaunchCount=1, RunStrategy=ColdStart, UnrollFactor=1, WarmupCount=1) [Mode=KeyRecordsPaired]
//   PartitionedLifetimeBenchmarks.ProcessLifetime: F_PredecessorControl(Affinity=00000000000000000100, EnvironmentVariables=DOTNET_TieredCompilation=0,DEKAF_DISPATCH_PROFILE=0,DEKAF_DISPATCH_SAMPLE_DIRECTORY=C:/git/Dekaf-perf-improvements-20260907/pr-3117/dry-v2\latency-samples,DEKAF_DISPATCH_JOB=F_PredecessorControl, Arguments=/p:ProductDirectory=C:/git/Dekaf-perf-improvements-20260907/pr-3117/predecessor,/p:UseSharedCompilation=false, IterationCount=1, LaunchCount=1, RunStrategy=ColdStart, UnrollFactor=1, WarmupCount=1) [Mode=KeyRecordsPaired]
//   PartitionedLifetimeBenchmarks.ProcessLifetime: A_Predecessor(Affinity=00000000000000000100, EnvironmentVariables=DOTNET_TieredCompilation=0,DEKAF_DISPATCH_PROFILE=0,DEKAF_DISPATCH_SAMPLE_DIRECTORY=C:/git/Dekaf-perf-improvements-20260907/pr-3117/dry-v2\latency-samples,DEKAF_DISPATCH_JOB=A_Predecessor, Arguments=/p:ProductDirectory=C:/git/Dekaf-perf-improvements-20260907/pr-3117/predecessor,/p:UseSharedCompilation=false, IterationCount=1, LaunchCount=1, RunStrategy=ColdStart, UnrollFactor=1, WarmupCount=1) [Mode=KeyBatchesPaired]
//   PartitionedLifetimeBenchmarks.ProcessLifetime: B_Published(Affinity=00000000000000000100, EnvironmentVariables=DOTNET_TieredCompilation=0,DEKAF_DISPATCH_PROFILE=0,DEKAF_DISPATCH_SAMPLE_DIRECTORY=C:/git/Dekaf-perf-improvements-20260907/pr-3117/dry-v2\latency-samples,DEKAF_DISPATCH_JOB=B_Published, Arguments=/p:ProductDirectory=C:/git/Dekaf-perf-improvements-20260907/pr-3117/published,/p:UseSharedCompilation=false, IterationCount=1, LaunchCount=1, RunStrategy=ColdStart, UnrollFactor=1, WarmupCount=1) [Mode=KeyBatchesPaired]
//   PartitionedLifetimeBenchmarks.ProcessLifetime: C_SingleProbe(Affinity=00000000000000000100, EnvironmentVariables=DOTNET_TieredCompilation=0,DEKAF_DISPATCH_PROFILE=0,DEKAF_DISPATCH_SAMPLE_DIRECTORY=C:/git/Dekaf-perf-improvements-20260907/pr-3117/dry-v2\latency-samples,DEKAF_DISPATCH_JOB=C_SingleProbe, Arguments=/p:ProductDirectory=C:/git/Dekaf-perf-improvements-20260907/pr-3117/candidate,/p:UseSharedCompilation=false, IterationCount=1, LaunchCount=1, RunStrategy=ColdStart, UnrollFactor=1, WarmupCount=1) [Mode=KeyBatchesPaired]
//   PartitionedLifetimeBenchmarks.ProcessLifetime: D_ClearOnce(Affinity=00000000000000000100, EnvironmentVariables=DOTNET_TieredCompilation=0,DEKAF_DISPATCH_PROFILE=0,DEKAF_DISPATCH_SAMPLE_DIRECTORY=C:/git/Dekaf-perf-improvements-20260907/pr-3117/dry-v2\latency-samples,DEKAF_DISPATCH_JOB=D_ClearOnce, Arguments=/p:ProductDirectory=C:/git/Dekaf-perf-improvements-20260907/pr-3117/candidate-v2,/p:UseSharedCompilation=false, IterationCount=1, LaunchCount=1, RunStrategy=ColdStart, UnrollFactor=1, WarmupCount=1) [Mode=KeyBatchesPaired]
//   PartitionedLifetimeBenchmarks.ProcessLifetime: E_PublishedControl(Affinity=00000000000000000100, EnvironmentVariables=DOTNET_TieredCompilation=0,DEKAF_DISPATCH_PROFILE=0,DEKAF_DISPATCH_SAMPLE_DIRECTORY=C:/git/Dekaf-perf-improvements-20260907/pr-3117/dry-v2\latency-samples,DEKAF_DISPATCH_JOB=E_PublishedControl, Arguments=/p:ProductDirectory=C:/git/Dekaf-perf-improvements-20260907/pr-3117/published,/p:UseSharedCompilation=false, IterationCount=1, LaunchCount=1, RunStrategy=ColdStart, UnrollFactor=1, WarmupCount=1) [Mode=KeyBatchesPaired]
//   PartitionedLifetimeBenchmarks.ProcessLifetime: F_PredecessorControl(Affinity=00000000000000000100, EnvironmentVariables=DOTNET_TieredCompilation=0,DEKAF_DISPATCH_PROFILE=0,DEKAF_DISPATCH_SAMPLE_DIRECTORY=C:/git/Dekaf-perf-improvements-20260907/pr-3117/dry-v2\latency-samples,DEKAF_DISPATCH_JOB=F_PredecessorControl, Arguments=/p:ProductDirectory=C:/git/Dekaf-perf-improvements-20260907/pr-3117/predecessor,/p:UseSharedCompilation=false, IterationCount=1, LaunchCount=1, RunStrategy=ColdStart, UnrollFactor=1, WarmupCount=1) [Mode=KeyBatchesPaired]

Setup power plan (GUID: 8c5e7fda-e8bf-4a96-9a85-a6e23a8c635c FriendlyName: High performance)
// **************************
// Benchmark: PartitionedLifetimeBenchmarks.ProcessLifetime: A_Predecessor(Affinity=00000000000000000100, EnvironmentVariables=DOTNET_TieredCompilation=0,DEKAF_DISPATCH_PROFILE=0,DEKAF_DISPATCH_SAMPLE_DIRECTORY=C:/git/Dekaf-perf-improvements-20260907/pr-3117/dry-v2\latency-samples,DEKAF_DISPATCH_JOB=A_Predecessor, Arguments=/p:ProductDirectory=C:/git/Dekaf-perf-improvements-20260907/pr-3117/predecessor,/p:UseSharedCompilation=false, IterationCount=1, LaunchCount=1, RunStrategy=ColdStart, UnrollFactor=1, WarmupCount=1) [Mode=KeyRecordsDistinct]
// *** Execute ***
// Launch: 1 / 1
// Execute: dotnet Dekaf.Benchmarks-A_Predecessor-1.dll --anonymousPipes 1524 1580 --benchmarkName "Dekaf.Benchmarks.PartitionedLifetimeBenchmarks.ProcessLifetime(Mode: KeyRecordsDistinct)" --job A_Predecessor --benchmarkId 0 in C:\git\Dekaf-perf-improvements-20260907\pr-3117\comparison-v2\bin\Release\net10.0\Dekaf.Benchmarks-A_Predecessor-1\bin\Release\net10.0
// BeforeAnythingElse

// Benchmark Process Environment Information:
// BenchmarkDotNet v0.15.8
// Runtime=.NET 10.0.11 (10.0.11, 10.0.1126.37416), X64 RyuJIT x86-64-v3
// GC=Concurrent Workstation
// HardwareIntrinsics=AVX2+BMI1+BMI2+F16C+FMA+LZCNT+MOVBE,AVX,SSE3+SSSE3+SSE4.1+SSE4.2+POPCNT,X86Base+SSE+SSE2,AES+PCLMUL,AvxVnni,SERIALIZE VectorSize=256
// Job: A_Predecessor(Affinity=100, IterationCount=1, LaunchCount=1, RunStrategy=ColdStart, UnrollFactor=1, WarmupCount=1)

// BeforeActualRun
WorkloadActual   1: 262144 op, 44228800.00 ns, 168.7195 ns/op

// AfterActualRun
WorkloadResult   1: 262144 op, 44228800.00 ns, 168.7195 ns/op
// GC:  0 0 0 47256 262144
// Threading:  0 0 262144

STEADY_ALLOCATION mode=KeyRecordsDistinct records=261888 bytes=0
// AfterAll
// Benchmark Process 90376 has exited with code 0.

Mean = 168.719 ns, StdErr = 0.000 ns (0.00%), N = 1, StdDev = 0.000 ns
Min = 168.719 ns, Q1 = 168.719 ns, Median = 168.719 ns, Q3 = 168.719 ns, Max = 168.719 ns
IQR = 0.000 ns, LowerFence = 168.719 ns, UpperFence = 168.719 ns
ConfidenceInterval = [NaN ns; NaN ns] (CI 99.9%), Margin = NaN ns (NaN% of Mean)
Skewness = NaN, Kurtosis = NaN, MValue = 2

// ** Remained 23 (95.8%) benchmark(s) to run. Estimated finish 2026-09-07 16:09 (0h 0m from now) **
Setup power plan (GUID: 8c5e7fda-e8bf-4a96-9a85-a6e23a8c635c FriendlyName: High performance)
// **************************
// Benchmark: PartitionedLifetimeBenchmarks.ProcessLifetime: B_Published(Affinity=00000000000000000100, EnvironmentVariables=DOTNET_TieredCompilation=0,DEKAF_DISPATCH_PROFILE=0,DEKAF_DISPATCH_SAMPLE_DIRECTORY=C:/git/Dekaf-perf-improvements-20260907/pr-3117/dry-v2\latency-samples,DEKAF_DISPATCH_JOB=B_Published, Arguments=/p:ProductDirectory=C:/git/Dekaf-perf-improvements-20260907/pr-3117/published,/p:UseSharedCompilation=false, IterationCount=1, LaunchCount=1, RunStrategy=ColdStart, UnrollFactor=1, WarmupCount=1) [Mode=KeyRecordsDistinct]
// *** Execute ***
// Launch: 1 / 1
// Execute: dotnet Dekaf.Benchmarks-B_Published-2.dll --anonymousPipes 1580 1512 --benchmarkName "Dekaf.Benchmarks.PartitionedLifetimeBenchmarks.ProcessLifetime(Mode: KeyRecordsDistinct)" --job B_Published --benchmarkId 0 in C:\git\Dekaf-perf-improvements-20260907\pr-3117\comparison-v2\bin\Release\net10.0\Dekaf.Benchmarks-B_Published-2\bin\Release\net10.0
// BeforeAnythingElse

// Benchmark Process Environment Information:
// BenchmarkDotNet v0.15.8
// Runtime=.NET 10.0.11 (10.0.11, 10.0.1126.37416), X64 RyuJIT x86-64-v3
// GC=Concurrent Workstation
// HardwareIntrinsics=AVX2+BMI1+BMI2+F16C+FMA+LZCNT+MOVBE,AVX,SSE3+SSSE3+SSE4.1+SSE4.2+POPCNT,X86Base+SSE+SSE2,AES+PCLMUL,AvxVnni,SERIALIZE VectorSize=256
// Job: B_Published(Affinity=100, IterationCount=1, LaunchCount=1, RunStrategy=ColdStart, UnrollFactor=1, WarmupCount=1)

// BeforeActualRun
WorkloadActual   1: 262144 op, 41405600.00 ns, 157.9498 ns/op

// AfterActualRun
WorkloadResult   1: 262144 op, 41405600.00 ns, 157.9498 ns/op
// GC:  0 0 0 47256 262144
// Threading:  0 0 262144

STEADY_ALLOCATION mode=KeyRecordsDistinct records=261888 bytes=0
// AfterAll
// Benchmark Process 83000 has exited with code 0.

Mean = 157.950 ns, StdErr = 0.000 ns (0.00%), N = 1, StdDev = 0.000 ns
Min = 157.950 ns, Q1 = 157.950 ns, Median = 157.950 ns, Q3 = 157.950 ns, Max = 157.950 ns
IQR = 0.000 ns, LowerFence = 157.950 ns, UpperFence = 157.950 ns
ConfidenceInterval = [NaN ns; NaN ns] (CI 99.9%), Margin = NaN ns (NaN% of Mean)
Skewness = NaN, Kurtosis = NaN, MValue = 2

// ** Remained 22 (91.7%) benchmark(s) to run. Estimated finish 2026-09-07 16:09 (0h 0m from now) **
Setup power plan (GUID: 8c5e7fda-e8bf-4a96-9a85-a6e23a8c635c FriendlyName: High performance)
// **************************
// Benchmark: PartitionedLifetimeBenchmarks.ProcessLifetime: C_SingleProbe(Affinity=00000000000000000100, EnvironmentVariables=DOTNET_TieredCompilation=0,DEKAF_DISPATCH_PROFILE=0,DEKAF_DISPATCH_SAMPLE_DIRECTORY=C:/git/Dekaf-perf-improvements-20260907/pr-3117/dry-v2\latency-samples,DEKAF_DISPATCH_JOB=C_SingleProbe, Arguments=/p:ProductDirectory=C:/git/Dekaf-perf-improvements-20260907/pr-3117/candidate,/p:UseSharedCompilation=false, IterationCount=1, LaunchCount=1, RunStrategy=ColdStart, UnrollFactor=1, WarmupCount=1) [Mode=KeyRecordsDistinct]
// *** Execute ***
// Launch: 1 / 1
// Execute: dotnet Dekaf.Benchmarks-C_SingleProbe-3.dll --anonymousPipes 1672 1548 --benchmarkName "Dekaf.Benchmarks.PartitionedLifetimeBenchmarks.ProcessLifetime(Mode: KeyRecordsDistinct)" --job C_SingleProbe --benchmarkId 0 in C:\git\Dekaf-perf-improvements-20260907\pr-3117\comparison-v2\bin\Release\net10.0\Dekaf.Benchmarks-C_SingleProbe-3\bin\Release\net10.0
// BeforeAnythingElse

// Benchmark Process Environment Information:
// BenchmarkDotNet v0.15.8
// Runtime=.NET 10.0.11 (10.0.11, 10.0.1126.37416), X64 RyuJIT x86-64-v3
// GC=Concurrent Workstation
// HardwareIntrinsics=AVX2+BMI1+BMI2+F16C+FMA+LZCNT+MOVBE,AVX,SSE3+SSSE3+SSE4.1+SSE4.2+POPCNT,X86Base+SSE+SSE2,AES+PCLMUL,AvxVnni,SERIALIZE VectorSize=256
// Job: C_SingleProbe(Affinity=100, IterationCount=1, LaunchCount=1, RunStrategy=ColdStart, UnrollFactor=1, WarmupCount=1)

// BeforeActualRun
WorkloadActual   1: 262144 op, 42003800.00 ns, 160.2318 ns/op

// AfterActualRun
WorkloadResult   1: 262144 op, 42003800.00 ns, 160.2318 ns/op
// GC:  0 0 0 47256 262144
// Threading:  0 0 262144

STEADY_ALLOCATION mode=KeyRecordsDistinct records=261888 bytes=0
// AfterAll
// Benchmark Process 100592 has exited with code 0.

Mean = 160.232 ns, StdErr = 0.000 ns (0.00%), N = 1, StdDev = 0.000 ns
Min = 160.232 ns, Q1 = 160.232 ns, Median = 160.232 ns, Q3 = 160.232 ns, Max = 160.232 ns
IQR = 0.000 ns, LowerFence = 160.232 ns, UpperFence = 160.232 ns
ConfidenceInterval = [NaN ns; NaN ns] (CI 99.9%), Margin = NaN ns (NaN% of Mean)
Skewness = NaN, Kurtosis = NaN, MValue = 2

// ** Remained 21 (87.5%) benchmark(s) to run. Estimated finish 2026-09-07 16:09 (0h 0m from now) **
Setup power plan (GUID: 8c5e7fda-e8bf-4a96-9a85-a6e23a8c635c FriendlyName: High performance)
// **************************
// Benchmark: PartitionedLifetimeBenchmarks.ProcessLifetime: D_ClearOnce(Affinity=00000000000000000100, EnvironmentVariables=DOTNET_TieredCompilation=0,DEKAF_DISPATCH_PROFILE=0,DEKAF_DISPATCH_SAMPLE_DIRECTORY=C:/git/Dekaf-perf-improvements-20260907/pr-3117/dry-v2\latency-samples,DEKAF_DISPATCH_JOB=D_ClearOnce, Arguments=/p:ProductDirectory=C:/git/Dekaf-perf-improvements-20260907/pr-3117/candidate-v2,/p:UseSharedCompilation=false, IterationCount=1, LaunchCount=1, RunStrategy=ColdStart, UnrollFactor=1, WarmupCount=1) [Mode=KeyRecordsDistinct]
// *** Execute ***
// Launch: 1 / 1
// Execute: dotnet Dekaf.Benchmarks-D_ClearOnce-4.dll --anonymousPipes 1696 1672 --benchmarkName "Dekaf.Benchmarks.PartitionedLifetimeBenchmarks.ProcessLifetime(Mode: KeyRecordsDistinct)" --job D_ClearOnce --benchmarkId 0 in C:\git\Dekaf-perf-improvements-20260907\pr-3117\comparison-v2\bin\Release\net10.0\Dekaf.Benchmarks-D_ClearOnce-4\bin\Release\net10.0
// BeforeAnythingElse

// Benchmark Process Environment Information:
// BenchmarkDotNet v0.15.8
// Runtime=.NET 10.0.11 (10.0.11, 10.0.1126.37416), X64 RyuJIT x86-64-v3
// GC=Concurrent Workstation
// HardwareIntrinsics=AVX2+BMI1+BMI2+F16C+FMA+LZCNT+MOVBE,AVX,SSE3+SSSE3+SSE4.1+SSE4.2+POPCNT,X86Base+SSE+SSE2,AES+PCLMUL,AvxVnni,SERIALIZE VectorSize=256
// Job: D_ClearOnce(Affinity=100, IterationCount=1, LaunchCount=1, RunStrategy=ColdStart, UnrollFactor=1, WarmupCount=1)

// BeforeActualRun
WorkloadActual   1: 262144 op, 40452500.00 ns, 154.3140 ns/op

// AfterActualRun
WorkloadResult   1: 262144 op, 40452500.00 ns, 154.3140 ns/op
// GC:  0 0 0 47256 262144
// Threading:  0 0 262144

STEADY_ALLOCATION mode=KeyRecordsDistinct records=261888 bytes=0
// AfterAll
// Benchmark Process 93040 has exited with code 0.

Mean = 154.314 ns, StdErr = 0.000 ns (0.00%), N = 1, StdDev = 0.000 ns
Min = 154.314 ns, Q1 = 154.314 ns, Median = 154.314 ns, Q3 = 154.314 ns, Max = 154.314 ns
IQR = 0.000 ns, LowerFence = 154.314 ns, UpperFence = 154.314 ns
ConfidenceInterval = [NaN ns; NaN ns] (CI 99.9%), Margin = NaN ns (NaN% of Mean)
Skewness = NaN, Kurtosis = NaN, MValue = 2

// ** Remained 20 (83.3%) benchmark(s) to run. Estimated finish 2026-09-07 16:09 (0h 0m from now) **
Setup power plan (GUID: 8c5e7fda-e8bf-4a96-9a85-a6e23a8c635c FriendlyName: High performance)
// **************************
// Benchmark: PartitionedLifetimeBenchmarks.ProcessLifetime: E_PublishedControl(Affinity=00000000000000000100, EnvironmentVariables=DOTNET_TieredCompilation=0,DEKAF_DISPATCH_PROFILE=0,DEKAF_DISPATCH_SAMPLE_DIRECTORY=C:/git/Dekaf-perf-improvements-20260907/pr-3117/dry-v2\latency-samples,DEKAF_DISPATCH_JOB=E_PublishedControl, Arguments=/p:ProductDirectory=C:/git/Dekaf-perf-improvements-20260907/pr-3117/published,/p:UseSharedCompilation=false, IterationCount=1, LaunchCount=1, RunStrategy=ColdStart, UnrollFactor=1, WarmupCount=1) [Mode=KeyRecordsDistinct]
// *** Execute ***
// Launch: 1 / 1
// Execute: dotnet Dekaf.Benchmarks-B_Published-2.dll --anonymousPipes 1548 1720 --benchmarkName "Dekaf.Benchmarks.PartitionedLifetimeBenchmarks.ProcessLifetime(Mode: KeyRecordsDistinct)" --job E_PublishedControl --benchmarkId 1 in C:\git\Dekaf-perf-improvements-20260907\pr-3117\comparison-v2\bin\Release\net10.0\Dekaf.Benchmarks-B_Published-2\bin\Release\net10.0
// BeforeAnythingElse

// Benchmark Process Environment Information:
// BenchmarkDotNet v0.15.8
// Runtime=.NET 10.0.11 (10.0.11, 10.0.1126.37416), X64 RyuJIT x86-64-v3
// GC=Concurrent Workstation
// HardwareIntrinsics=AVX2+BMI1+BMI2+F16C+FMA+LZCNT+MOVBE,AVX,SSE3+SSSE3+SSE4.1+SSE4.2+POPCNT,X86Base+SSE+SSE2,AES+PCLMUL,AvxVnni,SERIALIZE VectorSize=256
// Job: E_PublishedControl(Affinity=100, IterationCount=1, LaunchCount=1, RunStrategy=ColdStart, UnrollFactor=1, WarmupCount=1)

// BeforeActualRun
WorkloadActual   1: 262144 op, 40479300.00 ns, 154.4163 ns/op

// AfterActualRun
WorkloadResult   1: 262144 op, 40479300.00 ns, 154.4163 ns/op
// GC:  0 0 0 47256 262144
// Threading:  0 0 262144

STEADY_ALLOCATION mode=KeyRecordsDistinct records=261888 bytes=0
// AfterAll
// Benchmark Process 21124 has exited with code 0.

Mean = 154.416 ns, StdErr = 0.000 ns (0.00%), N = 1, StdDev = 0.000 ns
Min = 154.416 ns, Q1 = 154.416 ns, Median = 154.416 ns, Q3 = 154.416 ns, Max = 154.416 ns
IQR = 0.000 ns, LowerFence = 154.416 ns, UpperFence = 154.416 ns
ConfidenceInterval = [NaN ns; NaN ns] (CI 99.9%), Margin = NaN ns (NaN% of Mean)
Skewness = NaN, Kurtosis = NaN, MValue = 2

// ** Remained 19 (79.2%) benchmark(s) to run. Estimated finish 2026-09-07 16:09 (0h 0m from now) **
Setup power plan (GUID: 8c5e7fda-e8bf-4a96-9a85-a6e23a8c635c FriendlyName: High performance)
// **************************
// Benchmark: PartitionedLifetimeBenchmarks.ProcessLifetime: F_PredecessorControl(Affinity=00000000000000000100, EnvironmentVariables=DOTNET_TieredCompilation=0,DEKAF_DISPATCH_PROFILE=0,DEKAF_DISPATCH_SAMPLE_DIRECTORY=C:/git/Dekaf-perf-improvements-20260907/pr-3117/dry-v2\latency-samples,DEKAF_DISPATCH_JOB=F_PredecessorControl, Arguments=/p:ProductDirectory=C:/git/Dekaf-perf-improvements-20260907/pr-3117/predecessor,/p:UseSharedCompilation=false, IterationCount=1, LaunchCount=1, RunStrategy=ColdStart, UnrollFactor=1, WarmupCount=1) [Mode=KeyRecordsDistinct]
// *** Execute ***
// Launch: 1 / 1
// Execute: dotnet Dekaf.Benchmarks-A_Predecessor-1.dll --anonymousPipes 1580 1588 --benchmarkName "Dekaf.Benchmarks.PartitionedLifetimeBenchmarks.ProcessLifetime(Mode: KeyRecordsDistinct)" --job F_PredecessorControl --benchmarkId 1 in C:\git\Dekaf-perf-improvements-20260907\pr-3117\comparison-v2\bin\Release\net10.0\Dekaf.Benchmarks-A_Predecessor-1\bin\Release\net10.0
// BeforeAnythingElse

// Benchmark Process Environment Information:
// BenchmarkDotNet v0.15.8
// Runtime=.NET 10.0.11 (10.0.11, 10.0.1126.37416), X64 RyuJIT x86-64-v3
// GC=Concurrent Workstation
// HardwareIntrinsics=AVX2+BMI1+BMI2+F16C+FMA+LZCNT+MOVBE,AVX,SSE3+SSSE3+SSE4.1+SSE4.2+POPCNT,X86Base+SSE+SSE2,AES+PCLMUL,AvxVnni,SERIALIZE VectorSize=256
// Job: F_PredecessorControl(Affinity=100, IterationCount=1, LaunchCount=1, RunStrategy=ColdStart, UnrollFactor=1, WarmupCount=1)

// BeforeActualRun
WorkloadActual   1: 262144 op, 42006100.00 ns, 160.2406 ns/op

// AfterActualRun
WorkloadResult   1: 262144 op, 42006100.00 ns, 160.2406 ns/op
// GC:  0 0 0 47256 262144
// Threading:  0 0 262144

STEADY_ALLOCATION mode=KeyRecordsDistinct records=261888 bytes=0
// AfterAll
// Benchmark Process 97096 has exited with code 0.

Mean = 160.241 ns, StdErr = 0.000 ns (0.00%), N = 1, StdDev = 0.000 ns
Min = 160.241 ns, Q1 = 160.241 ns, Median = 160.241 ns, Q3 = 160.241 ns, Max = 160.241 ns
IQR = 0.000 ns, LowerFence = 160.241 ns, UpperFence = 160.241 ns
ConfidenceInterval = [NaN ns; NaN ns] (CI 99.9%), Margin = NaN ns (NaN% of Mean)
Skewness = NaN, Kurtosis = NaN, MValue = 2

// ** Remained 18 (75.0%) benchmark(s) to run. Estimated finish 2026-09-07 16:09 (0h 0m from now) **
Setup power plan (GUID: 8c5e7fda-e8bf-4a96-9a85-a6e23a8c635c FriendlyName: High performance)
// **************************
// Benchmark: PartitionedLifetimeBenchmarks.ProcessLifetime: A_Predecessor(Affinity=00000000000000000100, EnvironmentVariables=DOTNET_TieredCompilation=0,DEKAF_DISPATCH_PROFILE=0,DEKAF_DISPATCH_SAMPLE_DIRECTORY=C:/git/Dekaf-perf-improvements-20260907/pr-3117/dry-v2\latency-samples,DEKAF_DISPATCH_JOB=A_Predecessor, Arguments=/p:ProductDirectory=C:/git/Dekaf-perf-improvements-20260907/pr-3117/predecessor,/p:UseSharedCompilation=false, IterationCount=1, LaunchCount=1, RunStrategy=ColdStart, UnrollFactor=1, WarmupCount=1) [Mode=KeyBatchesDistinct]
// *** Execute ***
// Launch: 1 / 1
// Execute: dotnet Dekaf.Benchmarks-A_Predecessor-1.dll --anonymousPipes 1704 1676 --benchmarkName "Dekaf.Benchmarks.PartitionedLifetimeBenchmarks.ProcessLifetime(Mode: KeyBatchesDistinct)" --job A_Predecessor --benchmarkId 2 in C:\git\Dekaf-perf-improvements-20260907\pr-3117\comparison-v2\bin\Release\net10.0\Dekaf.Benchmarks-A_Predecessor-1\bin\Release\net10.0
// BeforeAnythingElse

// Benchmark Process Environment Information:
// BenchmarkDotNet v0.15.8
// Runtime=.NET 10.0.11 (10.0.11, 10.0.1126.37416), X64 RyuJIT x86-64-v3
// GC=Concurrent Workstation
// HardwareIntrinsics=AVX2+BMI1+BMI2+F16C+FMA+LZCNT+MOVBE,AVX,SSE3+SSSE3+SSE4.1+SSE4.2+POPCNT,X86Base+SSE+SSE2,AES+PCLMUL,AvxVnni,SERIALIZE VectorSize=256
// Job: A_Predecessor(Affinity=100, IterationCount=1, LaunchCount=1, RunStrategy=ColdStart, UnrollFactor=1, WarmupCount=1)

// BeforeActualRun
WorkloadActual   1: 262144 op, 41309600.00 ns, 157.5836 ns/op

// AfterActualRun
WorkloadResult   1: 262144 op, 41309600.00 ns, 157.5836 ns/op
// GC:  0 0 0 48632 262144
// Threading:  0 0 262144

STEADY_ALLOCATION mode=KeyBatchesDistinct records=261888 bytes=0
// AfterAll
// Benchmark Process 85544 has exited with code 0.

Mean = 157.584 ns, StdErr = 0.000 ns (0.00%), N = 1, StdDev = 0.000 ns
Min = 157.584 ns, Q1 = 157.584 ns, Median = 157.584 ns, Q3 = 157.584 ns, Max = 157.584 ns
IQR = 0.000 ns, LowerFence = 157.584 ns, UpperFence = 157.584 ns
ConfidenceInterval = [NaN ns; NaN ns] (CI 99.9%), Margin = NaN ns (NaN% of Mean)
Skewness = NaN, Kurtosis = NaN, MValue = 2

// ** Remained 17 (70.8%) benchmark(s) to run. Estimated finish 2026-09-07 16:09 (0h 0m from now) **
Setup power plan (GUID: 8c5e7fda-e8bf-4a96-9a85-a6e23a8c635c FriendlyName: High performance)
// **************************
// Benchmark: PartitionedLifetimeBenchmarks.ProcessLifetime: B_Published(Affinity=00000000000000000100, EnvironmentVariables=DOTNET_TieredCompilation=0,DEKAF_DISPATCH_PROFILE=0,DEKAF_DISPATCH_SAMPLE_DIRECTORY=C:/git/Dekaf-perf-improvements-20260907/pr-3117/dry-v2\latency-samples,DEKAF_DISPATCH_JOB=B_Published, Arguments=/p:ProductDirectory=C:/git/Dekaf-perf-improvements-20260907/pr-3117/published,/p:UseSharedCompilation=false, IterationCount=1, LaunchCount=1, RunStrategy=ColdStart, UnrollFactor=1, WarmupCount=1) [Mode=KeyBatchesDistinct]
// *** Execute ***
// Launch: 1 / 1
// Execute: dotnet Dekaf.Benchmarks-B_Published-2.dll --anonymousPipes 1732 1728 --benchmarkName "Dekaf.Benchmarks.PartitionedLifetimeBenchmarks.ProcessLifetime(Mode: KeyBatchesDistinct)" --job B_Published --benchmarkId 2 in C:\git\Dekaf-perf-improvements-20260907\pr-3117\comparison-v2\bin\Release\net10.0\Dekaf.Benchmarks-B_Published-2\bin\Release\net10.0
// BeforeAnythingElse

// Benchmark Process Environment Information:
// BenchmarkDotNet v0.15.8
// Runtime=.NET 10.0.11 (10.0.11, 10.0.1126.37416), X64 RyuJIT x86-64-v3
// GC=Concurrent Workstation
// HardwareIntrinsics=AVX2+BMI1+BMI2+F16C+FMA+LZCNT+MOVBE,AVX,SSE3+SSSE3+SSE4.1+SSE4.2+POPCNT,X86Base+SSE+SSE2,AES+PCLMUL,AvxVnni,SERIALIZE VectorSize=256
// Job: B_Published(Affinity=100, IterationCount=1, LaunchCount=1, RunStrategy=ColdStart, UnrollFactor=1, WarmupCount=1)

// BeforeActualRun
WorkloadActual   1: 262144 op, 42784300.00 ns, 163.2092 ns/op

// AfterActualRun
WorkloadResult   1: 262144 op, 42784300.00 ns, 163.2092 ns/op
// GC:  0 0 0 48632 262144
// Threading:  0 0 262144

STEADY_ALLOCATION mode=KeyBatchesDistinct records=261888 bytes=0
// AfterAll
// Benchmark Process 99036 has exited with code 0.

Mean = 163.209 ns, StdErr = 0.000 ns (0.00%), N = 1, StdDev = 0.000 ns
Min = 163.209 ns, Q1 = 163.209 ns, Median = 163.209 ns, Q3 = 163.209 ns, Max = 163.209 ns
IQR = 0.000 ns, LowerFence = 163.209 ns, UpperFence = 163.209 ns
ConfidenceInterval = [NaN ns; NaN ns] (CI 99.9%), Margin = NaN ns (NaN% of Mean)
Skewness = NaN, Kurtosis = NaN, MValue = 2

// ** Remained 16 (66.7%) benchmark(s) to run. Estimated finish 2026-09-07 16:09 (0h 0m from now) **
Setup power plan (GUID: 8c5e7fda-e8bf-4a96-9a85-a6e23a8c635c FriendlyName: High performance)
// **************************
// Benchmark: PartitionedLifetimeBenchmarks.ProcessLifetime: C_SingleProbe(Affinity=00000000000000000100, EnvironmentVariables=DOTNET_TieredCompilation=0,DEKAF_DISPATCH_PROFILE=0,DEKAF_DISPATCH_SAMPLE_DIRECTORY=C:/git/Dekaf-perf-improvements-20260907/pr-3117/dry-v2\latency-samples,DEKAF_DISPATCH_JOB=C_SingleProbe, Arguments=/p:ProductDirectory=C:/git/Dekaf-perf-improvements-20260907/pr-3117/candidate,/p:UseSharedCompilation=false, IterationCount=1, LaunchCount=1, RunStrategy=ColdStart, UnrollFactor=1, WarmupCount=1) [Mode=KeyBatchesDistinct]
// *** Execute ***
// Launch: 1 / 1
// Execute: dotnet Dekaf.Benchmarks-C_SingleProbe-3.dll --anonymousPipes 1716 1512 --benchmarkName "Dekaf.Benchmarks.PartitionedLifetimeBenchmarks.ProcessLifetime(Mode: KeyBatchesDistinct)" --job C_SingleProbe --benchmarkId 1 in C:\git\Dekaf-perf-improvements-20260907\pr-3117\comparison-v2\bin\Release\net10.0\Dekaf.Benchmarks-C_SingleProbe-3\bin\Release\net10.0
// BeforeAnythingElse

// Benchmark Process Environment Information:
// BenchmarkDotNet v0.15.8
// Runtime=.NET 10.0.11 (10.0.11, 10.0.1126.37416), X64 RyuJIT x86-64-v3
// GC=Concurrent Workstation
// HardwareIntrinsics=AVX2+BMI1+BMI2+F16C+FMA+LZCNT+MOVBE,AVX,SSE3+SSSE3+SSE4.1+SSE4.2+POPCNT,X86Base+SSE+SSE2,AES+PCLMUL,AvxVnni,SERIALIZE VectorSize=256
// Job: C_SingleProbe(Affinity=100, IterationCount=1, LaunchCount=1, RunStrategy=ColdStart, UnrollFactor=1, WarmupCount=1)

// BeforeActualRun
WorkloadActual   1: 262144 op, 39982500.00 ns, 152.5211 ns/op

// AfterActualRun
WorkloadResult   1: 262144 op, 39982500.00 ns, 152.5211 ns/op
// GC:  0 0 0 48632 262144
// Threading:  0 0 262144

STEADY_ALLOCATION mode=KeyBatchesDistinct records=261888 bytes=0
// AfterAll
// Benchmark Process 99720 has exited with code 0.

Mean = 152.521 ns, StdErr = 0.000 ns (0.00%), N = 1, StdDev = 0.000 ns
Min = 152.521 ns, Q1 = 152.521 ns, Median = 152.521 ns, Q3 = 152.521 ns, Max = 152.521 ns
IQR = 0.000 ns, LowerFence = 152.521 ns, UpperFence = 152.521 ns
ConfidenceInterval = [NaN ns; NaN ns] (CI 99.9%), Margin = NaN ns (NaN% of Mean)
Skewness = NaN, Kurtosis = NaN, MValue = 2

// ** Remained 15 (62.5%) benchmark(s) to run. Estimated finish 2026-09-07 16:09 (0h 0m from now) **
Setup power plan (GUID: 8c5e7fda-e8bf-4a96-9a85-a6e23a8c635c FriendlyName: High performance)
// **************************
// Benchmark: PartitionedLifetimeBenchmarks.ProcessLifetime: D_ClearOnce(Affinity=00000000000000000100, EnvironmentVariables=DOTNET_TieredCompilation=0,DEKAF_DISPATCH_PROFILE=0,DEKAF_DISPATCH_SAMPLE_DIRECTORY=C:/git/Dekaf-perf-improvements-20260907/pr-3117/dry-v2\latency-samples,DEKAF_DISPATCH_JOB=D_ClearOnce, Arguments=/p:ProductDirectory=C:/git/Dekaf-perf-improvements-20260907/pr-3117/candidate-v2,/p:UseSharedCompilation=false, IterationCount=1, LaunchCount=1, RunStrategy=ColdStart, UnrollFactor=1, WarmupCount=1) [Mode=KeyBatchesDistinct]
// *** Execute ***
// Launch: 1 / 1
// Execute: dotnet Dekaf.Benchmarks-D_ClearOnce-4.dll --anonymousPipes 1672 1496 --benchmarkName "Dekaf.Benchmarks.PartitionedLifetimeBenchmarks.ProcessLifetime(Mode: KeyBatchesDistinct)" --job D_ClearOnce --benchmarkId 1 in C:\git\Dekaf-perf-improvements-20260907\pr-3117\comparison-v2\bin\Release\net10.0\Dekaf.Benchmarks-D_ClearOnce-4\bin\Release\net10.0
// BeforeAnythingElse

// Benchmark Process Environment Information:
// BenchmarkDotNet v0.15.8
// Runtime=.NET 10.0.11 (10.0.11, 10.0.1126.37416), X64 RyuJIT x86-64-v3
// GC=Concurrent Workstation
// HardwareIntrinsics=AVX2+BMI1+BMI2+F16C+FMA+LZCNT+MOVBE,AVX,SSE3+SSSE3+SSE4.1+SSE4.2+POPCNT,X86Base+SSE+SSE2,AES+PCLMUL,AvxVnni,SERIALIZE VectorSize=256
// Job: D_ClearOnce(Affinity=100, IterationCount=1, LaunchCount=1, RunStrategy=ColdStart, UnrollFactor=1, WarmupCount=1)

// BeforeActualRun
WorkloadActual   1: 262144 op, 40059800.00 ns, 152.8160 ns/op

// AfterActualRun
WorkloadResult   1: 262144 op, 40059800.00 ns, 152.8160 ns/op
// GC:  0 0 0 48632 262144
// Threading:  0 0 262144

STEADY_ALLOCATION mode=KeyBatchesDistinct records=261888 bytes=0
// AfterAll
// Benchmark Process 40996 has exited with code 0.

Mean = 152.816 ns, StdErr = 0.000 ns (0.00%), N = 1, StdDev = 0.000 ns
Min = 152.816 ns, Q1 = 152.816 ns, Median = 152.816 ns, Q3 = 152.816 ns, Max = 152.816 ns
IQR = 0.000 ns, LowerFence = 152.816 ns, UpperFence = 152.816 ns
ConfidenceInterval = [NaN ns; NaN ns] (CI 99.9%), Margin = NaN ns (NaN% of Mean)
Skewness = NaN, Kurtosis = NaN, MValue = 2

// ** Remained 14 (58.3%) benchmark(s) to run. Estimated finish 2026-09-07 16:09 (0h 0m from now) **
Setup power plan (GUID: 8c5e7fda-e8bf-4a96-9a85-a6e23a8c635c FriendlyName: High performance)
// **************************
// Benchmark: PartitionedLifetimeBenchmarks.ProcessLifetime: E_PublishedControl(Affinity=00000000000000000100, EnvironmentVariables=DOTNET_TieredCompilation=0,DEKAF_DISPATCH_PROFILE=0,DEKAF_DISPATCH_SAMPLE_DIRECTORY=C:/git/Dekaf-perf-improvements-20260907/pr-3117/dry-v2\latency-samples,DEKAF_DISPATCH_JOB=E_PublishedControl, Arguments=/p:ProductDirectory=C:/git/Dekaf-perf-improvements-20260907/pr-3117/published,/p:UseSharedCompilation=false, IterationCount=1, LaunchCount=1, RunStrategy=ColdStart, UnrollFactor=1, WarmupCount=1) [Mode=KeyBatchesDistinct]
// *** Execute ***
// Launch: 1 / 1
// Execute: dotnet Dekaf.Benchmarks-B_Published-2.dll --anonymousPipes 1176 1696 --benchmarkName "Dekaf.Benchmarks.PartitionedLifetimeBenchmarks.ProcessLifetime(Mode: KeyBatchesDistinct)" --job E_PublishedControl --benchmarkId 3 in C:\git\Dekaf-perf-improvements-20260907\pr-3117\comparison-v2\bin\Release\net10.0\Dekaf.Benchmarks-B_Published-2\bin\Release\net10.0
// BeforeAnythingElse

// Benchmark Process Environment Information:
// BenchmarkDotNet v0.15.8
// Runtime=.NET 10.0.11 (10.0.11, 10.0.1126.37416), X64 RyuJIT x86-64-v3
// GC=Concurrent Workstation
// HardwareIntrinsics=AVX2+BMI1+BMI2+F16C+FMA+LZCNT+MOVBE,AVX,SSE3+SSSE3+SSE4.1+SSE4.2+POPCNT,X86Base+SSE+SSE2,AES+PCLMUL,AvxVnni,SERIALIZE VectorSize=256
// Job: E_PublishedControl(Affinity=100, IterationCount=1, LaunchCount=1, RunStrategy=ColdStart, UnrollFactor=1, WarmupCount=1)

// BeforeActualRun
WorkloadActual   1: 262144 op, 40483800.00 ns, 154.4334 ns/op

// AfterActualRun
WorkloadResult   1: 262144 op, 40483800.00 ns, 154.4334 ns/op
// GC:  0 0 0 48632 262144
// Threading:  0 0 262144

STEADY_ALLOCATION mode=KeyBatchesDistinct records=261888 bytes=0
// AfterAll
// Benchmark Process 73508 has exited with code 0.

Mean = 154.433 ns, StdErr = 0.000 ns (0.00%), N = 1, StdDev = 0.000 ns
Min = 154.433 ns, Q1 = 154.433 ns, Median = 154.433 ns, Q3 = 154.433 ns, Max = 154.433 ns
IQR = 0.000 ns, LowerFence = 154.433 ns, UpperFence = 154.433 ns
ConfidenceInterval = [NaN ns; NaN ns] (CI 99.9%), Margin = NaN ns (NaN% of Mean)
Skewness = NaN, Kurtosis = NaN, MValue = 2

// ** Remained 13 (54.2%) benchmark(s) to run. Estimated finish 2026-09-07 16:09 (0h 0m from now) **
Setup power plan (GUID: 8c5e7fda-e8bf-4a96-9a85-a6e23a8c635c FriendlyName: High performance)
// **************************
// Benchmark: PartitionedLifetimeBenchmarks.ProcessLifetime: F_PredecessorControl(Affinity=00000000000000000100, EnvironmentVariables=DOTNET_TieredCompilation=0,DEKAF_DISPATCH_PROFILE=0,DEKAF_DISPATCH_SAMPLE_DIRECTORY=C:/git/Dekaf-perf-improvements-20260907/pr-3117/dry-v2\latency-samples,DEKAF_DISPATCH_JOB=F_PredecessorControl, Arguments=/p:ProductDirectory=C:/git/Dekaf-perf-improvements-20260907/pr-3117/predecessor,/p:UseSharedCompilation=false, IterationCount=1, LaunchCount=1, RunStrategy=ColdStart, UnrollFactor=1, WarmupCount=1) [Mode=KeyBatchesDistinct]
// *** Execute ***
// Launch: 1 / 1
// Execute: dotnet Dekaf.Benchmarks-A_Predecessor-1.dll --anonymousPipes 1516 1704 --benchmarkName "Dekaf.Benchmarks.PartitionedLifetimeBenchmarks.ProcessLifetime(Mode: KeyBatchesDistinct)" --job F_PredecessorControl --benchmarkId 3 in C:\git\Dekaf-perf-improvements-20260907\pr-3117\comparison-v2\bin\Release\net10.0\Dekaf.Benchmarks-A_Predecessor-1\bin\Release\net10.0
// BeforeAnythingElse

// Benchmark Process Environment Information:
// BenchmarkDotNet v0.15.8
// Runtime=.NET 10.0.11 (10.0.11, 10.0.1126.37416), X64 RyuJIT x86-64-v3
// GC=Concurrent Workstation
// HardwareIntrinsics=AVX2+BMI1+BMI2+F16C+FMA+LZCNT+MOVBE,AVX,SSE3+SSSE3+SSE4.1+SSE4.2+POPCNT,X86Base+SSE+SSE2,AES+PCLMUL,AvxVnni,SERIALIZE VectorSize=256
// Job: F_PredecessorControl(Affinity=100, IterationCount=1, LaunchCount=1, RunStrategy=ColdStart, UnrollFactor=1, WarmupCount=1)

// BeforeActualRun
WorkloadActual   1: 262144 op, 41502200.00 ns, 158.3183 ns/op

// AfterActualRun
WorkloadResult   1: 262144 op, 41502200.00 ns, 158.3183 ns/op
// GC:  0 0 0 48632 262144
// Threading:  0 0 262144

STEADY_ALLOCATION mode=KeyBatchesDistinct records=261888 bytes=0
// AfterAll
// Benchmark Process 101460 has exited with code 0.

Mean = 158.318 ns, StdErr = 0.000 ns (0.00%), N = 1, StdDev = 0.000 ns
Min = 158.318 ns, Q1 = 158.318 ns, Median = 158.318 ns, Q3 = 158.318 ns, Max = 158.318 ns
IQR = 0.000 ns, LowerFence = 158.318 ns, UpperFence = 158.318 ns
ConfidenceInterval = [NaN ns; NaN ns] (CI 99.9%), Margin = NaN ns (NaN% of Mean)
Skewness = NaN, Kurtosis = NaN, MValue = 2

// ** Remained 12 (50.0%) benchmark(s) to run. Estimated finish 2026-09-07 16:09 (0h 0m from now) **
Setup power plan (GUID: 8c5e7fda-e8bf-4a96-9a85-a6e23a8c635c FriendlyName: High performance)
// **************************
// Benchmark: PartitionedLifetimeBenchmarks.ProcessLifetime: A_Predecessor(Affinity=00000000000000000100, EnvironmentVariables=DOTNET_TieredCompilation=0,DEKAF_DISPATCH_PROFILE=0,DEKAF_DISPATCH_SAMPLE_DIRECTORY=C:/git/Dekaf-perf-improvements-20260907/pr-3117/dry-v2\latency-samples,DEKAF_DISPATCH_JOB=A_Predecessor, Arguments=/p:ProductDirectory=C:/git/Dekaf-perf-improvements-20260907/pr-3117/predecessor,/p:UseSharedCompilation=false, IterationCount=1, LaunchCount=1, RunStrategy=ColdStart, UnrollFactor=1, WarmupCount=1) [Mode=KeyRecordsPaired]
// *** Execute ***
// Launch: 1 / 1
// Execute: dotnet Dekaf.Benchmarks-A_Predecessor-1.dll --anonymousPipes 1560 1476 --benchmarkName "Dekaf.Benchmarks.PartitionedLifetimeBenchmarks.ProcessLifetime(Mode: KeyRecordsPaired)" --job A_Predecessor --benchmarkId 4 in C:\git\Dekaf-perf-improvements-20260907\pr-3117\comparison-v2\bin\Release\net10.0\Dekaf.Benchmarks-A_Predecessor-1\bin\Release\net10.0
// BeforeAnythingElse

// Benchmark Process Environment Information:
// BenchmarkDotNet v0.15.8
// Runtime=.NET 10.0.11 (10.0.11, 10.0.1126.37416), X64 RyuJIT x86-64-v3
// GC=Concurrent Workstation
// HardwareIntrinsics=AVX2+BMI1+BMI2+F16C+FMA+LZCNT+MOVBE,AVX,SSE3+SSSE3+SSE4.1+SSE4.2+POPCNT,X86Base+SSE+SSE2,AES+PCLMUL,AvxVnni,SERIALIZE VectorSize=256
// Job: A_Predecessor(Affinity=100, IterationCount=1, LaunchCount=1, RunStrategy=ColdStart, UnrollFactor=1, WarmupCount=1)

// BeforeActualRun
WorkloadActual   1: 262144 op, 47534300.00 ns, 181.3290 ns/op

// AfterActualRun
WorkloadResult   1: 262144 op, 47534300.00 ns, 181.3290 ns/op
// GC:  0 0 0 47624 262144
// Threading:  0 0 262144

STEADY_ALLOCATION mode=KeyRecordsPaired records=261888 bytes=0
// AfterAll
// Benchmark Process 110612 has exited with code 0.

Mean = 181.329 ns, StdErr = 0.000 ns (0.00%), N = 1, StdDev = 0.000 ns
Min = 181.329 ns, Q1 = 181.329 ns, Median = 181.329 ns, Q3 = 181.329 ns, Max = 181.329 ns
IQR = 0.000 ns, LowerFence = 181.329 ns, UpperFence = 181.329 ns
ConfidenceInterval = [NaN ns; NaN ns] (CI 99.9%), Margin = NaN ns (NaN% of Mean)
Skewness = NaN, Kurtosis = NaN, MValue = 2

// ** Remained 11 (45.8%) benchmark(s) to run. Estimated finish 2026-09-07 16:09 (0h 0m from now) **
Setup power plan (GUID: 8c5e7fda-e8bf-4a96-9a85-a6e23a8c635c FriendlyName: High performance)
// **************************
// Benchmark: PartitionedLifetimeBenchmarks.ProcessLifetime: B_Published(Affinity=00000000000000000100, EnvironmentVariables=DOTNET_TieredCompilation=0,DEKAF_DISPATCH_PROFILE=0,DEKAF_DISPATCH_SAMPLE_DIRECTORY=C:/git/Dekaf-perf-improvements-20260907/pr-3117/dry-v2\latency-samples,DEKAF_DISPATCH_JOB=B_Published, Arguments=/p:ProductDirectory=C:/git/Dekaf-perf-improvements-20260907/pr-3117/published,/p:UseSharedCompilation=false, IterationCount=1, LaunchCount=1, RunStrategy=ColdStart, UnrollFactor=1, WarmupCount=1) [Mode=KeyRecordsPaired]
// *** Execute ***
// Launch: 1 / 1
// Execute: dotnet Dekaf.Benchmarks-B_Published-2.dll --anonymousPipes 1224 1736 --benchmarkName "Dekaf.Benchmarks.PartitionedLifetimeBenchmarks.ProcessLifetime(Mode: KeyRecordsPaired)" --job B_Published --benchmarkId 4 in C:\git\Dekaf-perf-improvements-20260907\pr-3117\comparison-v2\bin\Release\net10.0\Dekaf.Benchmarks-B_Published-2\bin\Release\net10.0
// BeforeAnythingElse

// Benchmark Process Environment Information:
// BenchmarkDotNet v0.15.8
// Runtime=.NET 10.0.11 (10.0.11, 10.0.1126.37416), X64 RyuJIT x86-64-v3
// GC=Concurrent Workstation
// HardwareIntrinsics=AVX2+BMI1+BMI2+F16C+FMA+LZCNT+MOVBE,AVX,SSE3+SSSE3+SSE4.1+SSE4.2+POPCNT,X86Base+SSE+SSE2,AES+PCLMUL,AvxVnni,SERIALIZE VectorSize=256
// Job: B_Published(Affinity=100, IterationCount=1, LaunchCount=1, RunStrategy=ColdStart, UnrollFactor=1, WarmupCount=1)

// BeforeActualRun
WorkloadActual   1: 262144 op, 50319400.00 ns, 191.9533 ns/op

// AfterActualRun
WorkloadResult   1: 262144 op, 50319400.00 ns, 191.9533 ns/op
// GC:  0 0 0 47624 262144
// Threading:  0 0 262144

STEADY_ALLOCATION mode=KeyRecordsPaired records=261888 bytes=0
// AfterAll
// Benchmark Process 109460 has exited with code 0.

Mean = 191.953 ns, StdErr = 0.000 ns (0.00%), N = 1, StdDev = 0.000 ns
Min = 191.953 ns, Q1 = 191.953 ns, Median = 191.953 ns, Q3 = 191.953 ns, Max = 191.953 ns
IQR = 0.000 ns, LowerFence = 191.953 ns, UpperFence = 191.953 ns
ConfidenceInterval = [NaN ns; NaN ns] (CI 99.9%), Margin = NaN ns (NaN% of Mean)
Skewness = NaN, Kurtosis = NaN, MValue = 2

// ** Remained 10 (41.7%) benchmark(s) to run. Estimated finish 2026-09-07 16:09 (0h 0m from now) **
Setup power plan (GUID: 8c5e7fda-e8bf-4a96-9a85-a6e23a8c635c FriendlyName: High performance)
// **************************
// Benchmark: PartitionedLifetimeBenchmarks.ProcessLifetime: C_SingleProbe(Affinity=00000000000000000100, EnvironmentVariables=DOTNET_TieredCompilation=0,DEKAF_DISPATCH_PROFILE=0,DEKAF_DISPATCH_SAMPLE_DIRECTORY=C:/git/Dekaf-perf-improvements-20260907/pr-3117/dry-v2\latency-samples,DEKAF_DISPATCH_JOB=C_SingleProbe, Arguments=/p:ProductDirectory=C:/git/Dekaf-perf-improvements-20260907/pr-3117/candidate,/p:UseSharedCompilation=false, IterationCount=1, LaunchCount=1, RunStrategy=ColdStart, UnrollFactor=1, WarmupCount=1) [Mode=KeyRecordsPaired]
// *** Execute ***
// Launch: 1 / 1
// Execute: dotnet Dekaf.Benchmarks-C_SingleProbe-3.dll --anonymousPipes 1228 1168 --benchmarkName "Dekaf.Benchmarks.PartitionedLifetimeBenchmarks.ProcessLifetime(Mode: KeyRecordsPaired)" --job C_SingleProbe --benchmarkId 2 in C:\git\Dekaf-perf-improvements-20260907\pr-3117\comparison-v2\bin\Release\net10.0\Dekaf.Benchmarks-C_SingleProbe-3\bin\Release\net10.0
// BeforeAnythingElse

// Benchmark Process Environment Information:
// BenchmarkDotNet v0.15.8
// Runtime=.NET 10.0.11 (10.0.11, 10.0.1126.37416), X64 RyuJIT x86-64-v3
// GC=Concurrent Workstation
// HardwareIntrinsics=AVX2+BMI1+BMI2+F16C+FMA+LZCNT+MOVBE,AVX,SSE3+SSSE3+SSE4.1+SSE4.2+POPCNT,X86Base+SSE+SSE2,AES+PCLMUL,AvxVnni,SERIALIZE VectorSize=256
// Job: C_SingleProbe(Affinity=100, IterationCount=1, LaunchCount=1, RunStrategy=ColdStart, UnrollFactor=1, WarmupCount=1)

// BeforeActualRun
WorkloadActual   1: 262144 op, 43688600.00 ns, 166.6588 ns/op

// AfterActualRun
WorkloadResult   1: 262144 op, 43688600.00 ns, 166.6588 ns/op
// GC:  0 0 0 47624 262144
// Threading:  0 0 262144

STEADY_ALLOCATION mode=KeyRecordsPaired records=261888 bytes=0
// AfterAll
// Benchmark Process 91292 has exited with code 0.

Mean = 166.659 ns, StdErr = 0.000 ns (0.00%), N = 1, StdDev = 0.000 ns
Min = 166.659 ns, Q1 = 166.659 ns, Median = 166.659 ns, Q3 = 166.659 ns, Max = 166.659 ns
IQR = 0.000 ns, LowerFence = 166.659 ns, UpperFence = 166.659 ns
ConfidenceInterval = [NaN ns; NaN ns] (CI 99.9%), Margin = NaN ns (NaN% of Mean)
Skewness = NaN, Kurtosis = NaN, MValue = 2

// ** Remained 9 (37.5%) benchmark(s) to run. Estimated finish 2026-09-07 16:09 (0h 0m from now) **
Setup power plan (GUID: 8c5e7fda-e8bf-4a96-9a85-a6e23a8c635c FriendlyName: High performance)
// **************************
// Benchmark: PartitionedLifetimeBenchmarks.ProcessLifetime: D_ClearOnce(Affinity=00000000000000000100, EnvironmentVariables=DOTNET_TieredCompilation=0,DEKAF_DISPATCH_PROFILE=0,DEKAF_DISPATCH_SAMPLE_DIRECTORY=C:/git/Dekaf-perf-improvements-20260907/pr-3117/dry-v2\latency-samples,DEKAF_DISPATCH_JOB=D_ClearOnce, Arguments=/p:ProductDirectory=C:/git/Dekaf-perf-improvements-20260907/pr-3117/candidate-v2,/p:UseSharedCompilation=false, IterationCount=1, LaunchCount=1, RunStrategy=ColdStart, UnrollFactor=1, WarmupCount=1) [Mode=KeyRecordsPaired]
// *** Execute ***
// Launch: 1 / 1
// Execute: dotnet Dekaf.Benchmarks-D_ClearOnce-4.dll --anonymousPipes 1512 1716 --benchmarkName "Dekaf.Benchmarks.PartitionedLifetimeBenchmarks.ProcessLifetime(Mode: KeyRecordsPaired)" --job D_ClearOnce --benchmarkId 2 in C:\git\Dekaf-perf-improvements-20260907\pr-3117\comparison-v2\bin\Release\net10.0\Dekaf.Benchmarks-D_ClearOnce-4\bin\Release\net10.0
// BeforeAnythingElse

// Benchmark Process Environment Information:
// BenchmarkDotNet v0.15.8
// Runtime=.NET 10.0.11 (10.0.11, 10.0.1126.37416), X64 RyuJIT x86-64-v3
// GC=Concurrent Workstation
// HardwareIntrinsics=AVX2+BMI1+BMI2+F16C+FMA+LZCNT+MOVBE,AVX,SSE3+SSSE3+SSE4.1+SSE4.2+POPCNT,X86Base+SSE+SSE2,AES+PCLMUL,AvxVnni,SERIALIZE VectorSize=256
// Job: D_ClearOnce(Affinity=100, IterationCount=1, LaunchCount=1, RunStrategy=ColdStart, UnrollFactor=1, WarmupCount=1)

// BeforeActualRun
WorkloadActual   1: 262144 op, 43570100.00 ns, 166.2067 ns/op

// AfterActualRun
WorkloadResult   1: 262144 op, 43570100.00 ns, 166.2067 ns/op
// GC:  0 0 0 47624 262144
// Threading:  0 0 262144

STEADY_ALLOCATION mode=KeyRecordsPaired records=261888 bytes=0
// AfterAll
// Benchmark Process 57680 has exited with code 0.

Mean = 166.207 ns, StdErr = 0.000 ns (0.00%), N = 1, StdDev = 0.000 ns
Min = 166.207 ns, Q1 = 166.207 ns, Median = 166.207 ns, Q3 = 166.207 ns, Max = 166.207 ns
IQR = 0.000 ns, LowerFence = 166.207 ns, UpperFence = 166.207 ns
ConfidenceInterval = [NaN ns; NaN ns] (CI 99.9%), Margin = NaN ns (NaN% of Mean)
Skewness = NaN, Kurtosis = NaN, MValue = 2

// ** Remained 8 (33.3%) benchmark(s) to run. Estimated finish 2026-09-07 16:09 (0h 0m from now) **
Setup power plan (GUID: 8c5e7fda-e8bf-4a96-9a85-a6e23a8c635c FriendlyName: High performance)
// **************************
// Benchmark: PartitionedLifetimeBenchmarks.ProcessLifetime: E_PublishedControl(Affinity=00000000000000000100, EnvironmentVariables=DOTNET_TieredCompilation=0,DEKAF_DISPATCH_PROFILE=0,DEKAF_DISPATCH_SAMPLE_DIRECTORY=C:/git/Dekaf-perf-improvements-20260907/pr-3117/dry-v2\latency-samples,DEKAF_DISPATCH_JOB=E_PublishedControl, Arguments=/p:ProductDirectory=C:/git/Dekaf-perf-improvements-20260907/pr-3117/published,/p:UseSharedCompilation=false, IterationCount=1, LaunchCount=1, RunStrategy=ColdStart, UnrollFactor=1, WarmupCount=1) [Mode=KeyRecordsPaired]
// *** Execute ***
// Launch: 1 / 1
// Execute: dotnet Dekaf.Benchmarks-B_Published-2.dll --anonymousPipes 1656 1784 --benchmarkName "Dekaf.Benchmarks.PartitionedLifetimeBenchmarks.ProcessLifetime(Mode: KeyRecordsPaired)" --job E_PublishedControl --benchmarkId 5 in C:\git\Dekaf-perf-improvements-20260907\pr-3117\comparison-v2\bin\Release\net10.0\Dekaf.Benchmarks-B_Published-2\bin\Release\net10.0
// BeforeAnythingElse

// Benchmark Process Environment Information:
// BenchmarkDotNet v0.15.8
// Runtime=.NET 10.0.11 (10.0.11, 10.0.1126.37416), X64 RyuJIT x86-64-v3
// GC=Concurrent Workstation
// HardwareIntrinsics=AVX2+BMI1+BMI2+F16C+FMA+LZCNT+MOVBE,AVX,SSE3+SSSE3+SSE4.1+SSE4.2+POPCNT,X86Base+SSE+SSE2,AES+PCLMUL,AvxVnni,SERIALIZE VectorSize=256
// Job: E_PublishedControl(Affinity=100, IterationCount=1, LaunchCount=1, RunStrategy=ColdStart, UnrollFactor=1, WarmupCount=1)

// BeforeActualRun
WorkloadActual   1: 262144 op, 43412200.00 ns, 165.6044 ns/op

// AfterActualRun
WorkloadResult   1: 262144 op, 43412200.00 ns, 165.6044 ns/op
// GC:  0 0 0 47624 262144
// Threading:  0 0 262144

STEADY_ALLOCATION mode=KeyRecordsPaired records=261888 bytes=0
// AfterAll
// Benchmark Process 106140 has exited with code 0.

Mean = 165.604 ns, StdErr = 0.000 ns (0.00%), N = 1, StdDev = 0.000 ns
Min = 165.604 ns, Q1 = 165.604 ns, Median = 165.604 ns, Q3 = 165.604 ns, Max = 165.604 ns
IQR = 0.000 ns, LowerFence = 165.604 ns, UpperFence = 165.604 ns
ConfidenceInterval = [NaN ns; NaN ns] (CI 99.9%), Margin = NaN ns (NaN% of Mean)
Skewness = NaN, Kurtosis = NaN, MValue = 2

// ** Remained 7 (29.2%) benchmark(s) to run. Estimated finish 2026-09-07 16:09 (0h 0m from now) **
Setup power plan (GUID: 8c5e7fda-e8bf-4a96-9a85-a6e23a8c635c FriendlyName: High performance)
// **************************
// Benchmark: PartitionedLifetimeBenchmarks.ProcessLifetime: F_PredecessorControl(Affinity=00000000000000000100, EnvironmentVariables=DOTNET_TieredCompilation=0,DEKAF_DISPATCH_PROFILE=0,DEKAF_DISPATCH_SAMPLE_DIRECTORY=C:/git/Dekaf-perf-improvements-20260907/pr-3117/dry-v2\latency-samples,DEKAF_DISPATCH_JOB=F_PredecessorControl, Arguments=/p:ProductDirectory=C:/git/Dekaf-perf-improvements-20260907/pr-3117/predecessor,/p:UseSharedCompilation=false, IterationCount=1, LaunchCount=1, RunStrategy=ColdStart, UnrollFactor=1, WarmupCount=1) [Mode=KeyRecordsPaired]
// *** Execute ***
// Launch: 1 / 1
// Execute: dotnet Dekaf.Benchmarks-A_Predecessor-1.dll --anonymousPipes 1656 1668 --benchmarkName "Dekaf.Benchmarks.PartitionedLifetimeBenchmarks.ProcessLifetime(Mode: KeyRecordsPaired)" --job F_PredecessorControl --benchmarkId 5 in C:\git\Dekaf-perf-improvements-20260907\pr-3117\comparison-v2\bin\Release\net10.0\Dekaf.Benchmarks-A_Predecessor-1\bin\Release\net10.0
// BeforeAnythingElse

// Benchmark Process Environment Information:
// BenchmarkDotNet v0.15.8
// Runtime=.NET 10.0.11 (10.0.11, 10.0.1126.37416), X64 RyuJIT x86-64-v3
// GC=Concurrent Workstation
// HardwareIntrinsics=AVX2+BMI1+BMI2+F16C+FMA+LZCNT+MOVBE,AVX,SSE3+SSSE3+SSE4.1+SSE4.2+POPCNT,X86Base+SSE+SSE2,AES+PCLMUL,AvxVnni,SERIALIZE VectorSize=256
// Job: F_PredecessorControl(Affinity=100, IterationCount=1, LaunchCount=1, RunStrategy=ColdStart, UnrollFactor=1, WarmupCount=1)

// BeforeActualRun
WorkloadActual   1: 262144 op, 51090800.00 ns, 194.8959 ns/op

// AfterActualRun
WorkloadResult   1: 262144 op, 51090800.00 ns, 194.8959 ns/op
// GC:  0 0 0 47624 262144
// Threading:  0 0 262144

STEADY_ALLOCATION mode=KeyRecordsPaired records=261888 bytes=0
// AfterAll
// Benchmark Process 45416 has exited with code 0.

Mean = 194.896 ns, StdErr = 0.000 ns (0.00%), N = 1, StdDev = 0.000 ns
Min = 194.896 ns, Q1 = 194.896 ns, Median = 194.896 ns, Q3 = 194.896 ns, Max = 194.896 ns
IQR = 0.000 ns, LowerFence = 194.896 ns, UpperFence = 194.896 ns
ConfidenceInterval = [NaN ns; NaN ns] (CI 99.9%), Margin = NaN ns (NaN% of Mean)
Skewness = NaN, Kurtosis = NaN, MValue = 2

// ** Remained 6 (25.0%) benchmark(s) to run. Estimated finish 2026-09-07 16:09 (0h 0m from now) **
Setup power plan (GUID: 8c5e7fda-e8bf-4a96-9a85-a6e23a8c635c FriendlyName: High performance)
// **************************
// Benchmark: PartitionedLifetimeBenchmarks.ProcessLifetime: A_Predecessor(Affinity=00000000000000000100, EnvironmentVariables=DOTNET_TieredCompilation=0,DEKAF_DISPATCH_PROFILE=0,DEKAF_DISPATCH_SAMPLE_DIRECTORY=C:/git/Dekaf-perf-improvements-20260907/pr-3117/dry-v2\latency-samples,DEKAF_DISPATCH_JOB=A_Predecessor, Arguments=/p:ProductDirectory=C:/git/Dekaf-perf-improvements-20260907/pr-3117/predecessor,/p:UseSharedCompilation=false, IterationCount=1, LaunchCount=1, RunStrategy=ColdStart, UnrollFactor=1, WarmupCount=1) [Mode=KeyBatchesPaired]
// *** Execute ***
// Launch: 1 / 1
// Execute: dotnet Dekaf.Benchmarks-A_Predecessor-1.dll --anonymousPipes 1760 1792 --benchmarkName "Dekaf.Benchmarks.PartitionedLifetimeBenchmarks.ProcessLifetime(Mode: KeyBatchesPaired)" --job A_Predecessor --benchmarkId 6 in C:\git\Dekaf-perf-improvements-20260907\pr-3117\comparison-v2\bin\Release\net10.0\Dekaf.Benchmarks-A_Predecessor-1\bin\Release\net10.0
// BeforeAnythingElse

// Benchmark Process Environment Information:
// BenchmarkDotNet v0.15.8
// Runtime=.NET 10.0.11 (10.0.11, 10.0.1126.37416), X64 RyuJIT x86-64-v3
// GC=Concurrent Workstation
// HardwareIntrinsics=AVX2+BMI1+BMI2+F16C+FMA+LZCNT+MOVBE,AVX,SSE3+SSSE3+SSE4.1+SSE4.2+POPCNT,X86Base+SSE+SSE2,AES+PCLMUL,AvxVnni,SERIALIZE VectorSize=256
// Job: A_Predecessor(Affinity=100, IterationCount=1, LaunchCount=1, RunStrategy=ColdStart, UnrollFactor=1, WarmupCount=1)

// BeforeActualRun
WorkloadActual   1: 262144 op, 44692600.00 ns, 170.4887 ns/op

// AfterActualRun
WorkloadResult   1: 262144 op, 44692600.00 ns, 170.4887 ns/op
// GC:  0 0 0 50376 262144
// Threading:  0 0 262144

STEADY_ALLOCATION mode=KeyBatchesPaired records=261888 bytes=0
// AfterAll
// Benchmark Process 112584 has exited with code 0.

Mean = 170.489 ns, StdErr = 0.000 ns (0.00%), N = 1, StdDev = 0.000 ns
Min = 170.489 ns, Q1 = 170.489 ns, Median = 170.489 ns, Q3 = 170.489 ns, Max = 170.489 ns
IQR = 0.000 ns, LowerFence = 170.489 ns, UpperFence = 170.489 ns
ConfidenceInterval = [NaN ns; NaN ns] (CI 99.9%), Margin = NaN ns (NaN% of Mean)
Skewness = NaN, Kurtosis = NaN, MValue = 2

// ** Remained 5 (20.8%) benchmark(s) to run. Estimated finish 2026-09-07 16:09 (0h 0m from now) **
Setup power plan (GUID: 8c5e7fda-e8bf-4a96-9a85-a6e23a8c635c FriendlyName: High performance)
// **************************
// Benchmark: PartitionedLifetimeBenchmarks.ProcessLifetime: B_Published(Affinity=00000000000000000100, EnvironmentVariables=DOTNET_TieredCompilation=0,DEKAF_DISPATCH_PROFILE=0,DEKAF_DISPATCH_SAMPLE_DIRECTORY=C:/git/Dekaf-perf-improvements-20260907/pr-3117/dry-v2\latency-samples,DEKAF_DISPATCH_JOB=B_Published, Arguments=/p:ProductDirectory=C:/git/Dekaf-perf-improvements-20260907/pr-3117/published,/p:UseSharedCompilation=false, IterationCount=1, LaunchCount=1, RunStrategy=ColdStart, UnrollFactor=1, WarmupCount=1) [Mode=KeyBatchesPaired]
// *** Execute ***
// Launch: 1 / 1
// Execute: dotnet Dekaf.Benchmarks-B_Published-2.dll --anonymousPipes 1804 1796 --benchmarkName "Dekaf.Benchmarks.PartitionedLifetimeBenchmarks.ProcessLifetime(Mode: KeyBatchesPaired)" --job B_Published --benchmarkId 6 in C:\git\Dekaf-perf-improvements-20260907\pr-3117\comparison-v2\bin\Release\net10.0\Dekaf.Benchmarks-B_Published-2\bin\Release\net10.0
// BeforeAnythingElse

// Benchmark Process Environment Information:
// BenchmarkDotNet v0.15.8
// Runtime=.NET 10.0.11 (10.0.11, 10.0.1126.37416), X64 RyuJIT x86-64-v3
// GC=Concurrent Workstation
// HardwareIntrinsics=AVX2+BMI1+BMI2+F16C+FMA+LZCNT+MOVBE,AVX,SSE3+SSSE3+SSE4.1+SSE4.2+POPCNT,X86Base+SSE+SSE2,AES+PCLMUL,AvxVnni,SERIALIZE VectorSize=256
// Job: B_Published(Affinity=100, IterationCount=1, LaunchCount=1, RunStrategy=ColdStart, UnrollFactor=1, WarmupCount=1)

// BeforeActualRun
WorkloadActual   1: 262144 op, 44805200.00 ns, 170.9183 ns/op

// AfterActualRun
WorkloadResult   1: 262144 op, 44805200.00 ns, 170.9183 ns/op
// GC:  0 0 0 50376 262144
// Threading:  0 0 262144

STEADY_ALLOCATION mode=KeyBatchesPaired records=261888 bytes=0
// AfterAll
// Benchmark Process 65840 has exited with code 0.

Mean = 170.918 ns, StdErr = 0.000 ns (0.00%), N = 1, StdDev = 0.000 ns
Min = 170.918 ns, Q1 = 170.918 ns, Median = 170.918 ns, Q3 = 170.918 ns, Max = 170.918 ns
IQR = 0.000 ns, LowerFence = 170.918 ns, UpperFence = 170.918 ns
ConfidenceInterval = [NaN ns; NaN ns] (CI 99.9%), Margin = NaN ns (NaN% of Mean)
Skewness = NaN, Kurtosis = NaN, MValue = 2

// ** Remained 4 (16.7%) benchmark(s) to run. Estimated finish 2026-09-07 16:09 (0h 0m from now) **
Setup power plan (GUID: 8c5e7fda-e8bf-4a96-9a85-a6e23a8c635c FriendlyName: High performance)
// **************************
// Benchmark: PartitionedLifetimeBenchmarks.ProcessLifetime: C_SingleProbe(Affinity=00000000000000000100, EnvironmentVariables=DOTNET_TieredCompilation=0,DEKAF_DISPATCH_PROFILE=0,DEKAF_DISPATCH_SAMPLE_DIRECTORY=C:/git/Dekaf-perf-improvements-20260907/pr-3117/dry-v2\latency-samples,DEKAF_DISPATCH_JOB=C_SingleProbe, Arguments=/p:ProductDirectory=C:/git/Dekaf-perf-improvements-20260907/pr-3117/candidate,/p:UseSharedCompilation=false, IterationCount=1, LaunchCount=1, RunStrategy=ColdStart, UnrollFactor=1, WarmupCount=1) [Mode=KeyBatchesPaired]
// *** Execute ***
// Launch: 1 / 1
// Execute: dotnet Dekaf.Benchmarks-C_SingleProbe-3.dll --anonymousPipes 1512 1228 --benchmarkName "Dekaf.Benchmarks.PartitionedLifetimeBenchmarks.ProcessLifetime(Mode: KeyBatchesPaired)" --job C_SingleProbe --benchmarkId 3 in C:\git\Dekaf-perf-improvements-20260907\pr-3117\comparison-v2\bin\Release\net10.0\Dekaf.Benchmarks-C_SingleProbe-3\bin\Release\net10.0
// BeforeAnythingElse

// Benchmark Process Environment Information:
// BenchmarkDotNet v0.15.8
// Runtime=.NET 10.0.11 (10.0.11, 10.0.1126.37416), X64 RyuJIT x86-64-v3
// GC=Concurrent Workstation
// HardwareIntrinsics=AVX2+BMI1+BMI2+F16C+FMA+LZCNT+MOVBE,AVX,SSE3+SSSE3+SSE4.1+SSE4.2+POPCNT,X86Base+SSE+SSE2,AES+PCLMUL,AvxVnni,SERIALIZE VectorSize=256
// Job: C_SingleProbe(Affinity=100, IterationCount=1, LaunchCount=1, RunStrategy=ColdStart, UnrollFactor=1, WarmupCount=1)

// BeforeActualRun
WorkloadActual   1: 262144 op, 68241100.00 ns, 260.3191 ns/op

// AfterActualRun
WorkloadResult   1: 262144 op, 68241100.00 ns, 260.3191 ns/op
// GC:  0 0 0 50040 262144
// Threading:  0 0 262144

STEADY_ALLOCATION mode=KeyBatchesPaired records=261888 bytes=0
// AfterAll
// Benchmark Process 105028 has exited with code 0.

Mean = 260.319 ns, StdErr = 0.000 ns (0.00%), N = 1, StdDev = 0.000 ns
Min = 260.319 ns, Q1 = 260.319 ns, Median = 260.319 ns, Q3 = 260.319 ns, Max = 260.319 ns
IQR = 0.000 ns, LowerFence = 260.319 ns, UpperFence = 260.319 ns
ConfidenceInterval = [NaN ns; NaN ns] (CI 99.9%), Margin = NaN ns (NaN% of Mean)
Skewness = NaN, Kurtosis = NaN, MValue = 2

// ** Remained 3 (12.5%) benchmark(s) to run. Estimated finish 2026-09-07 16:09 (0h 0m from now) **
Setup power plan (GUID: 8c5e7fda-e8bf-4a96-9a85-a6e23a8c635c FriendlyName: High performance)
// **************************
// Benchmark: PartitionedLifetimeBenchmarks.ProcessLifetime: D_ClearOnce(Affinity=00000000000000000100, EnvironmentVariables=DOTNET_TieredCompilation=0,DEKAF_DISPATCH_PROFILE=0,DEKAF_DISPATCH_SAMPLE_DIRECTORY=C:/git/Dekaf-perf-improvements-20260907/pr-3117/dry-v2\latency-samples,DEKAF_DISPATCH_JOB=D_ClearOnce, Arguments=/p:ProductDirectory=C:/git/Dekaf-perf-improvements-20260907/pr-3117/candidate-v2,/p:UseSharedCompilation=false, IterationCount=1, LaunchCount=1, RunStrategy=ColdStart, UnrollFactor=1, WarmupCount=1) [Mode=KeyBatchesPaired]
// *** Execute ***
// Launch: 1 / 1
// Execute: dotnet Dekaf.Benchmarks-D_ClearOnce-4.dll --anonymousPipes 1492 1652 --benchmarkName "Dekaf.Benchmarks.PartitionedLifetimeBenchmarks.ProcessLifetime(Mode: KeyBatchesPaired)" --job D_ClearOnce --benchmarkId 3 in C:\git\Dekaf-perf-improvements-20260907\pr-3117\comparison-v2\bin\Release\net10.0\Dekaf.Benchmarks-D_ClearOnce-4\bin\Release\net10.0
// BeforeAnythingElse

// Benchmark Process Environment Information:
// BenchmarkDotNet v0.15.8
// Runtime=.NET 10.0.11 (10.0.11, 10.0.1126.37416), X64 RyuJIT x86-64-v3
// GC=Concurrent Workstation
// HardwareIntrinsics=AVX2+BMI1+BMI2+F16C+FMA+LZCNT+MOVBE,AVX,SSE3+SSSE3+SSE4.1+SSE4.2+POPCNT,X86Base+SSE+SSE2,AES+PCLMUL,AvxVnni,SERIALIZE VectorSize=256
// Job: D_ClearOnce(Affinity=100, IterationCount=1, LaunchCount=1, RunStrategy=ColdStart, UnrollFactor=1, WarmupCount=1)

// BeforeActualRun
WorkloadActual   1: 262144 op, 43831400.00 ns, 167.2035 ns/op

// AfterActualRun
WorkloadResult   1: 262144 op, 43831400.00 ns, 167.2035 ns/op
// GC:  0 0 0 50376 262144
// Threading:  0 0 262144

STEADY_ALLOCATION mode=KeyBatchesPaired records=261888 bytes=0
// AfterAll
// Benchmark Process 87848 has exited with code 0.

Mean = 167.204 ns, StdErr = 0.000 ns (0.00%), N = 1, StdDev = 0.000 ns
Min = 167.204 ns, Q1 = 167.204 ns, Median = 167.204 ns, Q3 = 167.204 ns, Max = 167.204 ns
IQR = 0.000 ns, LowerFence = 167.204 ns, UpperFence = 167.204 ns
ConfidenceInterval = [NaN ns; NaN ns] (CI 99.9%), Margin = NaN ns (NaN% of Mean)
Skewness = NaN, Kurtosis = NaN, MValue = 2

// ** Remained 2 (8.3%) benchmark(s) to run. Estimated finish 2026-09-07 16:09 (0h 0m from now) **
Setup power plan (GUID: 8c5e7fda-e8bf-4a96-9a85-a6e23a8c635c FriendlyName: High performance)
// **************************
// Benchmark: PartitionedLifetimeBenchmarks.ProcessLifetime: E_PublishedControl(Affinity=00000000000000000100, EnvironmentVariables=DOTNET_TieredCompilation=0,DEKAF_DISPATCH_PROFILE=0,DEKAF_DISPATCH_SAMPLE_DIRECTORY=C:/git/Dekaf-perf-improvements-20260907/pr-3117/dry-v2\latency-samples,DEKAF_DISPATCH_JOB=E_PublishedControl, Arguments=/p:ProductDirectory=C:/git/Dekaf-perf-improvements-20260907/pr-3117/published,/p:UseSharedCompilation=false, IterationCount=1, LaunchCount=1, RunStrategy=ColdStart, UnrollFactor=1, WarmupCount=1) [Mode=KeyBatchesPaired]
// *** Execute ***
// Launch: 1 / 1
// Execute: dotnet Dekaf.Benchmarks-B_Published-2.dll --anonymousPipes 1820 1732 --benchmarkName "Dekaf.Benchmarks.PartitionedLifetimeBenchmarks.ProcessLifetime(Mode: KeyBatchesPaired)" --job E_PublishedControl --benchmarkId 7 in C:\git\Dekaf-perf-improvements-20260907\pr-3117\comparison-v2\bin\Release\net10.0\Dekaf.Benchmarks-B_Published-2\bin\Release\net10.0
// BeforeAnythingElse

// Benchmark Process Environment Information:
// BenchmarkDotNet v0.15.8
// Runtime=.NET 10.0.11 (10.0.11, 10.0.1126.37416), X64 RyuJIT x86-64-v3
// GC=Concurrent Workstation
// HardwareIntrinsics=AVX2+BMI1+BMI2+F16C+FMA+LZCNT+MOVBE,AVX,SSE3+SSSE3+SSE4.1+SSE4.2+POPCNT,X86Base+SSE+SSE2,AES+PCLMUL,AvxVnni,SERIALIZE VectorSize=256
// Job: E_PublishedControl(Affinity=100, IterationCount=1, LaunchCount=1, RunStrategy=ColdStart, UnrollFactor=1, WarmupCount=1)

// BeforeActualRun
WorkloadActual   1: 262144 op, 47447800.00 ns, 180.9990 ns/op

// AfterActualRun
WorkloadResult   1: 262144 op, 47447800.00 ns, 180.9990 ns/op
// GC:  0 0 0 50376 262144
// Threading:  0 0 262144

STEADY_ALLOCATION mode=KeyBatchesPaired records=261888 bytes=0
// AfterAll
// Benchmark Process 114492 has exited with code 0.

Mean = 180.999 ns, StdErr = 0.000 ns (0.00%), N = 1, StdDev = 0.000 ns
Min = 180.999 ns, Q1 = 180.999 ns, Median = 180.999 ns, Q3 = 180.999 ns, Max = 180.999 ns
IQR = 0.000 ns, LowerFence = 180.999 ns, UpperFence = 180.999 ns
ConfidenceInterval = [NaN ns; NaN ns] (CI 99.9%), Margin = NaN ns (NaN% of Mean)
Skewness = NaN, Kurtosis = NaN, MValue = 2

// ** Remained 1 (4.2%) benchmark(s) to run. Estimated finish 2026-09-07 16:09 (0h 0m from now) **
Setup power plan (GUID: 8c5e7fda-e8bf-4a96-9a85-a6e23a8c635c FriendlyName: High performance)
// **************************
// Benchmark: PartitionedLifetimeBenchmarks.ProcessLifetime: F_PredecessorControl(Affinity=00000000000000000100, EnvironmentVariables=DOTNET_TieredCompilation=0,DEKAF_DISPATCH_PROFILE=0,DEKAF_DISPATCH_SAMPLE_DIRECTORY=C:/git/Dekaf-perf-improvements-20260907/pr-3117/dry-v2\latency-samples,DEKAF_DISPATCH_JOB=F_PredecessorControl, Arguments=/p:ProductDirectory=C:/git/Dekaf-perf-improvements-20260907/pr-3117/predecessor,/p:UseSharedCompilation=false, IterationCount=1, LaunchCount=1, RunStrategy=ColdStart, UnrollFactor=1, WarmupCount=1) [Mode=KeyBatchesPaired]
// *** Execute ***
// Launch: 1 / 1
// Execute: dotnet Dekaf.Benchmarks-A_Predecessor-1.dll --anonymousPipes 1804 1524 --benchmarkName "Dekaf.Benchmarks.PartitionedLifetimeBenchmarks.ProcessLifetime(Mode: KeyBatchesPaired)" --job F_PredecessorControl --benchmarkId 7 in C:\git\Dekaf-perf-improvements-20260907\pr-3117\comparison-v2\bin\Release\net10.0\Dekaf.Benchmarks-A_Predecessor-1\bin\Release\net10.0
// BeforeAnythingElse

// Benchmark Process Environment Information:
// BenchmarkDotNet v0.15.8
// Runtime=.NET 10.0.11 (10.0.11, 10.0.1126.37416), X64 RyuJIT x86-64-v3
// GC=Concurrent Workstation
// HardwareIntrinsics=AVX2+BMI1+BMI2+F16C+FMA+LZCNT+MOVBE,AVX,SSE3+SSSE3+SSE4.1+SSE4.2+POPCNT,X86Base+SSE+SSE2,AES+PCLMUL,AvxVnni,SERIALIZE VectorSize=256
// Job: F_PredecessorControl(Affinity=100, IterationCount=1, LaunchCount=1, RunStrategy=ColdStart, UnrollFactor=1, WarmupCount=1)

// BeforeActualRun
WorkloadActual   1: 262144 op, 44123700.00 ns, 168.3186 ns/op

// AfterActualRun
WorkloadResult   1: 262144 op, 44123700.00 ns, 168.3186 ns/op
// GC:  0 0 0 50376 262144
// Threading:  0 0 262144

STEADY_ALLOCATION mode=KeyBatchesPaired records=261888 bytes=0
// AfterAll
// Benchmark Process 2728 has exited with code 0.

Mean = 168.319 ns, StdErr = 0.000 ns (0.00%), N = 1, StdDev = 0.000 ns
Min = 168.319 ns, Q1 = 168.319 ns, Median = 168.319 ns, Q3 = 168.319 ns, Max = 168.319 ns
IQR = 0.000 ns, LowerFence = 168.319 ns, UpperFence = 168.319 ns
ConfidenceInterval = [NaN ns; NaN ns] (CI 99.9%), Margin = NaN ns (NaN% of Mean)
Skewness = NaN, Kurtosis = NaN, MValue = 2

// ** Remained 0 (0.0%) benchmark(s) to run. Estimated finish 2026-09-07 16:09 (0h 0m from now) **
Successfully reverted power plan (GUID: 8c5e7fda-e8bf-4a96-9a85-a6e23a8c635c FriendlyName: High performance)
// ***** BenchmarkRunner: Finish  *****

// * Export *
  C:\git\Dekaf-perf-improvements-20260907\pr-3117\dry-v2\results\Dekaf.Benchmarks.PartitionedLifetimeBenchmarks-report.csv
  C:\git\Dekaf-perf-improvements-20260907\pr-3117\dry-v2\results\Dekaf.Benchmarks.PartitionedLifetimeBenchmarks-report-github.md
  C:\git\Dekaf-perf-improvements-20260907\pr-3117\dry-v2\results\Dekaf.Benchmarks.PartitionedLifetimeBenchmarks-report.html

// * Detailed results *
PartitionedLifetimeBenchmarks.ProcessLifetime: A_Predecessor(Affinity=00000000000000000100, EnvironmentVariables=DOTNET_TieredCompilation=0,DEKAF_DISPATCH_PROFILE=0,DEKAF_DISPATCH_SAMPLE_DIRECTORY=C:/git/Dekaf-perf-improvements-20260907/pr-3117/dry-v2\latency-samples,DEKAF_DISPATCH_JOB=A_Predecessor, Arguments=/p:ProductDirectory=C:/git/Dekaf-perf-improvements-20260907/pr-3117/predecessor,/p:UseSharedCompilation=false, IterationCount=1, LaunchCount=1, RunStrategy=ColdStart, UnrollFactor=1, WarmupCount=1) [Mode=KeyRecordsDistinct]
Runtime = .NET 10.0.11 (10.0.11, 10.0.1126.37416), X64 RyuJIT x86-64-v3; GC = Concurrent Workstation
Mean = 168.719 ns, StdErr = 0.000 ns (0.00%), N = 1, StdDev = 0.000 ns
Min = 168.719 ns, Q1 = 168.719 ns, Median = 168.719 ns, Q3 = 168.719 ns, Max = 168.719 ns
IQR = 0.000 ns, LowerFence = 168.719 ns, UpperFence = 168.719 ns
ConfidenceInterval = [NaN ns; NaN ns] (CI 99.9%), Margin = NaN ns (NaN% of Mean)
Skewness = NaN, Kurtosis = NaN, MValue = 2
-------------------- Histogram --------------------
[168.219 ns ; 169.219 ns) | @
---------------------------------------------------

PartitionedLifetimeBenchmarks.ProcessLifetime: B_Published(Affinity=00000000000000000100, EnvironmentVariables=DOTNET_TieredCompilation=0,DEKAF_DISPATCH_PROFILE=0,DEKAF_DISPATCH_SAMPLE_DIRECTORY=C:/git/Dekaf-perf-improvements-20260907/pr-3117/dry-v2\latency-samples,DEKAF_DISPATCH_JOB=B_Published, Arguments=/p:ProductDirectory=C:/git/Dekaf-perf-improvements-20260907/pr-3117/published,/p:UseSharedCompilation=false, IterationCount=1, LaunchCount=1, RunStrategy=ColdStart, UnrollFactor=1, WarmupCount=1) [Mode=KeyRecordsDistinct]
Runtime = .NET 10.0.11 (10.0.11, 10.0.1126.37416), X64 RyuJIT x86-64-v3; GC = Concurrent Workstation
Mean = 157.950 ns, StdErr = 0.000 ns (0.00%), N = 1, StdDev = 0.000 ns
Min = 157.950 ns, Q1 = 157.950 ns, Median = 157.950 ns, Q3 = 157.950 ns, Max = 157.950 ns
IQR = 0.000 ns, LowerFence = 157.950 ns, UpperFence = 157.950 ns
ConfidenceInterval = [NaN ns; NaN ns] (CI 99.9%), Margin = NaN ns (NaN% of Mean)
Skewness = NaN, Kurtosis = NaN, MValue = 2
-------------------- Histogram --------------------
[157.450 ns ; 158.450 ns) | @
---------------------------------------------------

PartitionedLifetimeBenchmarks.ProcessLifetime: C_SingleProbe(Affinity=00000000000000000100, EnvironmentVariables=DOTNET_TieredCompilation=0,DEKAF_DISPATCH_PROFILE=0,DEKAF_DISPATCH_SAMPLE_DIRECTORY=C:/git/Dekaf-perf-improvements-20260907/pr-3117/dry-v2\latency-samples,DEKAF_DISPATCH_JOB=C_SingleProbe, Arguments=/p:ProductDirectory=C:/git/Dekaf-perf-improvements-20260907/pr-3117/candidate,/p:UseSharedCompilation=false, IterationCount=1, LaunchCount=1, RunStrategy=ColdStart, UnrollFactor=1, WarmupCount=1) [Mode=KeyRecordsDistinct]
Runtime = .NET 10.0.11 (10.0.11, 10.0.1126.37416), X64 RyuJIT x86-64-v3; GC = Concurrent Workstation
Mean = 160.232 ns, StdErr = 0.000 ns (0.00%), N = 1, StdDev = 0.000 ns
Min = 160.232 ns, Q1 = 160.232 ns, Median = 160.232 ns, Q3 = 160.232 ns, Max = 160.232 ns
IQR = 0.000 ns, LowerFence = 160.232 ns, UpperFence = 160.232 ns
ConfidenceInterval = [NaN ns; NaN ns] (CI 99.9%), Margin = NaN ns (NaN% of Mean)
Skewness = NaN, Kurtosis = NaN, MValue = 2
-------------------- Histogram --------------------
[159.732 ns ; 160.732 ns) | @
---------------------------------------------------

PartitionedLifetimeBenchmarks.ProcessLifetime: D_ClearOnce(Affinity=00000000000000000100, EnvironmentVariables=DOTNET_TieredCompilation=0,DEKAF_DISPATCH_PROFILE=0,DEKAF_DISPATCH_SAMPLE_DIRECTORY=C:/git/Dekaf-perf-improvements-20260907/pr-3117/dry-v2\latency-samples,DEKAF_DISPATCH_JOB=D_ClearOnce, Arguments=/p:ProductDirectory=C:/git/Dekaf-perf-improvements-20260907/pr-3117/candidate-v2,/p:UseSharedCompilation=false, IterationCount=1, LaunchCount=1, RunStrategy=ColdStart, UnrollFactor=1, WarmupCount=1) [Mode=KeyRecordsDistinct]
Runtime = .NET 10.0.11 (10.0.11, 10.0.1126.37416), X64 RyuJIT x86-64-v3; GC = Concurrent Workstation
Mean = 154.314 ns, StdErr = 0.000 ns (0.00%), N = 1, StdDev = 0.000 ns
Min = 154.314 ns, Q1 = 154.314 ns, Median = 154.314 ns, Q3 = 154.314 ns, Max = 154.314 ns
IQR = 0.000 ns, LowerFence = 154.314 ns, UpperFence = 154.314 ns
ConfidenceInterval = [NaN ns; NaN ns] (CI 99.9%), Margin = NaN ns (NaN% of Mean)
Skewness = NaN, Kurtosis = NaN, MValue = 2
-------------------- Histogram --------------------
[153.814 ns ; 154.814 ns) | @
---------------------------------------------------

PartitionedLifetimeBenchmarks.ProcessLifetime: E_PublishedControl(Affinity=00000000000000000100, EnvironmentVariables=DOTNET_TieredCompilation=0,DEKAF_DISPATCH_PROFILE=0,DEKAF_DISPATCH_SAMPLE_DIRECTORY=C:/git/Dekaf-perf-improvements-20260907/pr-3117/dry-v2\latency-samples,DEKAF_DISPATCH_JOB=E_PublishedControl, Arguments=/p:ProductDirectory=C:/git/Dekaf-perf-improvements-20260907/pr-3117/published,/p:UseSharedCompilation=false, IterationCount=1, LaunchCount=1, RunStrategy=ColdStart, UnrollFactor=1, WarmupCount=1) [Mode=KeyRecordsDistinct]
Runtime = .NET 10.0.11 (10.0.11, 10.0.1126.37416), X64 RyuJIT x86-64-v3; GC = Concurrent Workstation
Mean = 154.416 ns, StdErr = 0.000 ns (0.00%), N = 1, StdDev = 0.000 ns
Min = 154.416 ns, Q1 = 154.416 ns, Median = 154.416 ns, Q3 = 154.416 ns, Max = 154.416 ns
IQR = 0.000 ns, LowerFence = 154.416 ns, UpperFence = 154.416 ns
ConfidenceInterval = [NaN ns; NaN ns] (CI 99.9%), Margin = NaN ns (NaN% of Mean)
Skewness = NaN, Kurtosis = NaN, MValue = 2
-------------------- Histogram --------------------
[153.916 ns ; 154.916 ns) | @
---------------------------------------------------

PartitionedLifetimeBenchmarks.ProcessLifetime: F_PredecessorControl(Affinity=00000000000000000100, EnvironmentVariables=DOTNET_TieredCompilation=0,DEKAF_DISPATCH_PROFILE=0,DEKAF_DISPATCH_SAMPLE_DIRECTORY=C:/git/Dekaf-perf-improvements-20260907/pr-3117/dry-v2\latency-samples,DEKAF_DISPATCH_JOB=F_PredecessorControl, Arguments=/p:ProductDirectory=C:/git/Dekaf-perf-improvements-20260907/pr-3117/predecessor,/p:UseSharedCompilation=false, IterationCount=1, LaunchCount=1, RunStrategy=ColdStart, UnrollFactor=1, WarmupCount=1) [Mode=KeyRecordsDistinct]
Runtime = .NET 10.0.11 (10.0.11, 10.0.1126.37416), X64 RyuJIT x86-64-v3; GC = Concurrent Workstation
Mean = 160.241 ns, StdErr = 0.000 ns (0.00%), N = 1, StdDev = 0.000 ns
Min = 160.241 ns, Q1 = 160.241 ns, Median = 160.241 ns, Q3 = 160.241 ns, Max = 160.241 ns
IQR = 0.000 ns, LowerFence = 160.241 ns, UpperFence = 160.241 ns
ConfidenceInterval = [NaN ns; NaN ns] (CI 99.9%), Margin = NaN ns (NaN% of Mean)
Skewness = NaN, Kurtosis = NaN, MValue = 2
-------------------- Histogram --------------------
[159.741 ns ; 160.741 ns) | @
---------------------------------------------------

PartitionedLifetimeBenchmarks.ProcessLifetime: A_Predecessor(Affinity=00000000000000000100, EnvironmentVariables=DOTNET_TieredCompilation=0,DEKAF_DISPATCH_PROFILE=0,DEKAF_DISPATCH_SAMPLE_DIRECTORY=C:/git/Dekaf-perf-improvements-20260907/pr-3117/dry-v2\latency-samples,DEKAF_DISPATCH_JOB=A_Predecessor, Arguments=/p:ProductDirectory=C:/git/Dekaf-perf-improvements-20260907/pr-3117/predecessor,/p:UseSharedCompilation=false, IterationCount=1, LaunchCount=1, RunStrategy=ColdStart, UnrollFactor=1, WarmupCount=1) [Mode=KeyBatchesDistinct]
Runtime = .NET 10.0.11 (10.0.11, 10.0.1126.37416), X64 RyuJIT x86-64-v3; GC = Concurrent Workstation
Mean = 157.584 ns, StdErr = 0.000 ns (0.00%), N = 1, StdDev = 0.000 ns
Min = 157.584 ns, Q1 = 157.584 ns, Median = 157.584 ns, Q3 = 157.584 ns, Max = 157.584 ns
IQR = 0.000 ns, LowerFence = 157.584 ns, UpperFence = 157.584 ns
ConfidenceInterval = [NaN ns; NaN ns] (CI 99.9%), Margin = NaN ns (NaN% of Mean)
Skewness = NaN, Kurtosis = NaN, MValue = 2
-------------------- Histogram --------------------
[157.084 ns ; 158.084 ns) | @
---------------------------------------------------

PartitionedLifetimeBenchmarks.ProcessLifetime: B_Published(Affinity=00000000000000000100, EnvironmentVariables=DOTNET_TieredCompilation=0,DEKAF_DISPATCH_PROFILE=0,DEKAF_DISPATCH_SAMPLE_DIRECTORY=C:/git/Dekaf-perf-improvements-20260907/pr-3117/dry-v2\latency-samples,DEKAF_DISPATCH_JOB=B_Published, Arguments=/p:ProductDirectory=C:/git/Dekaf-perf-improvements-20260907/pr-3117/published,/p:UseSharedCompilation=false, IterationCount=1, LaunchCount=1, RunStrategy=ColdStart, UnrollFactor=1, WarmupCount=1) [Mode=KeyBatchesDistinct]
Runtime = .NET 10.0.11 (10.0.11, 10.0.1126.37416), X64 RyuJIT x86-64-v3; GC = Concurrent Workstation
Mean = 163.209 ns, StdErr = 0.000 ns (0.00%), N = 1, StdDev = 0.000 ns
Min = 163.209 ns, Q1 = 163.209 ns, Median = 163.209 ns, Q3 = 163.209 ns, Max = 163.209 ns
IQR = 0.000 ns, LowerFence = 163.209 ns, UpperFence = 163.209 ns
ConfidenceInterval = [NaN ns; NaN ns] (CI 99.9%), Margin = NaN ns (NaN% of Mean)
Skewness = NaN, Kurtosis = NaN, MValue = 2
-------------------- Histogram --------------------
[162.709 ns ; 163.709 ns) | @
---------------------------------------------------

PartitionedLifetimeBenchmarks.ProcessLifetime: C_SingleProbe(Affinity=00000000000000000100, EnvironmentVariables=DOTNET_TieredCompilation=0,DEKAF_DISPATCH_PROFILE=0,DEKAF_DISPATCH_SAMPLE_DIRECTORY=C:/git/Dekaf-perf-improvements-20260907/pr-3117/dry-v2\latency-samples,DEKAF_DISPATCH_JOB=C_SingleProbe, Arguments=/p:ProductDirectory=C:/git/Dekaf-perf-improvements-20260907/pr-3117/candidate,/p:UseSharedCompilation=false, IterationCount=1, LaunchCount=1, RunStrategy=ColdStart, UnrollFactor=1, WarmupCount=1) [Mode=KeyBatchesDistinct]
Runtime = .NET 10.0.11 (10.0.11, 10.0.1126.37416), X64 RyuJIT x86-64-v3; GC = Concurrent Workstation
Mean = 152.521 ns, StdErr = 0.000 ns (0.00%), N = 1, StdDev = 0.000 ns
Min = 152.521 ns, Q1 = 152.521 ns, Median = 152.521 ns, Q3 = 152.521 ns, Max = 152.521 ns
IQR = 0.000 ns, LowerFence = 152.521 ns, UpperFence = 152.521 ns
ConfidenceInterval = [NaN ns; NaN ns] (CI 99.9%), Margin = NaN ns (NaN% of Mean)
Skewness = NaN, Kurtosis = NaN, MValue = 2
-------------------- Histogram --------------------
[152.021 ns ; 153.021 ns) | @
---------------------------------------------------

PartitionedLifetimeBenchmarks.ProcessLifetime: D_ClearOnce(Affinity=00000000000000000100, EnvironmentVariables=DOTNET_TieredCompilation=0,DEKAF_DISPATCH_PROFILE=0,DEKAF_DISPATCH_SAMPLE_DIRECTORY=C:/git/Dekaf-perf-improvements-20260907/pr-3117/dry-v2\latency-samples,DEKAF_DISPATCH_JOB=D_ClearOnce, Arguments=/p:ProductDirectory=C:/git/Dekaf-perf-improvements-20260907/pr-3117/candidate-v2,/p:UseSharedCompilation=false, IterationCount=1, LaunchCount=1, RunStrategy=ColdStart, UnrollFactor=1, WarmupCount=1) [Mode=KeyBatchesDistinct]
Runtime = .NET 10.0.11 (10.0.11, 10.0.1126.37416), X64 RyuJIT x86-64-v3; GC = Concurrent Workstation
Mean = 152.816 ns, StdErr = 0.000 ns (0.00%), N = 1, StdDev = 0.000 ns
Min = 152.816 ns, Q1 = 152.816 ns, Median = 152.816 ns, Q3 = 152.816 ns, Max = 152.816 ns
IQR = 0.000 ns, LowerFence = 152.816 ns, UpperFence = 152.816 ns
ConfidenceInterval = [NaN ns; NaN ns] (CI 99.9%), Margin = NaN ns (NaN% of Mean)
Skewness = NaN, Kurtosis = NaN, MValue = 2
-------------------- Histogram --------------------
[152.316 ns ; 153.316 ns) | @
---------------------------------------------------

PartitionedLifetimeBenchmarks.ProcessLifetime: E_PublishedControl(Affinity=00000000000000000100, EnvironmentVariables=DOTNET_TieredCompilation=0,DEKAF_DISPATCH_PROFILE=0,DEKAF_DISPATCH_SAMPLE_DIRECTORY=C:/git/Dekaf-perf-improvements-20260907/pr-3117/dry-v2\latency-samples,DEKAF_DISPATCH_JOB=E_PublishedControl, Arguments=/p:ProductDirectory=C:/git/Dekaf-perf-improvements-20260907/pr-3117/published,/p:UseSharedCompilation=false, IterationCount=1, LaunchCount=1, RunStrategy=ColdStart, UnrollFactor=1, WarmupCount=1) [Mode=KeyBatchesDistinct]
Runtime = .NET 10.0.11 (10.0.11, 10.0.1126.37416), X64 RyuJIT x86-64-v3; GC = Concurrent Workstation
Mean = 154.433 ns, StdErr = 0.000 ns (0.00%), N = 1, StdDev = 0.000 ns
Min = 154.433 ns, Q1 = 154.433 ns, Median = 154.433 ns, Q3 = 154.433 ns, Max = 154.433 ns
IQR = 0.000 ns, LowerFence = 154.433 ns, UpperFence = 154.433 ns
ConfidenceInterval = [NaN ns; NaN ns] (CI 99.9%), Margin = NaN ns (NaN% of Mean)
Skewness = NaN, Kurtosis = NaN, MValue = 2
-------------------- Histogram --------------------
[153.933 ns ; 154.933 ns) | @
---------------------------------------------------

PartitionedLifetimeBenchmarks.ProcessLifetime: F_PredecessorControl(Affinity=00000000000000000100, EnvironmentVariables=DOTNET_TieredCompilation=0,DEKAF_DISPATCH_PROFILE=0,DEKAF_DISPATCH_SAMPLE_DIRECTORY=C:/git/Dekaf-perf-improvements-20260907/pr-3117/dry-v2\latency-samples,DEKAF_DISPATCH_JOB=F_PredecessorControl, Arguments=/p:ProductDirectory=C:/git/Dekaf-perf-improvements-20260907/pr-3117/predecessor,/p:UseSharedCompilation=false, IterationCount=1, LaunchCount=1, RunStrategy=ColdStart, UnrollFactor=1, WarmupCount=1) [Mode=KeyBatchesDistinct]
Runtime = .NET 10.0.11 (10.0.11, 10.0.1126.37416), X64 RyuJIT x86-64-v3; GC = Concurrent Workstation
Mean = 158.318 ns, StdErr = 0.000 ns (0.00%), N = 1, StdDev = 0.000 ns
Min = 158.318 ns, Q1 = 158.318 ns, Median = 158.318 ns, Q3 = 158.318 ns, Max = 158.318 ns
IQR = 0.000 ns, LowerFence = 158.318 ns, UpperFence = 158.318 ns
ConfidenceInterval = [NaN ns; NaN ns] (CI 99.9%), Margin = NaN ns (NaN% of Mean)
Skewness = NaN, Kurtosis = NaN, MValue = 2
-------------------- Histogram --------------------
[157.818 ns ; 158.818 ns) | @
---------------------------------------------------

PartitionedLifetimeBenchmarks.ProcessLifetime: A_Predecessor(Affinity=00000000000000000100, EnvironmentVariables=DOTNET_TieredCompilation=0,DEKAF_DISPATCH_PROFILE=0,DEKAF_DISPATCH_SAMPLE_DIRECTORY=C:/git/Dekaf-perf-improvements-20260907/pr-3117/dry-v2\latency-samples,DEKAF_DISPATCH_JOB=A_Predecessor, Arguments=/p:ProductDirectory=C:/git/Dekaf-perf-improvements-20260907/pr-3117/predecessor,/p:UseSharedCompilation=false, IterationCount=1, LaunchCount=1, RunStrategy=ColdStart, UnrollFactor=1, WarmupCount=1) [Mode=KeyRecordsPaired]
Runtime = .NET 10.0.11 (10.0.11, 10.0.1126.37416), X64 RyuJIT x86-64-v3; GC = Concurrent Workstation
Mean = 181.329 ns, StdErr = 0.000 ns (0.00%), N = 1, StdDev = 0.000 ns
Min = 181.329 ns, Q1 = 181.329 ns, Median = 181.329 ns, Q3 = 181.329 ns, Max = 181.329 ns
IQR = 0.000 ns, LowerFence = 181.329 ns, UpperFence = 181.329 ns
ConfidenceInterval = [NaN ns; NaN ns] (CI 99.9%), Margin = NaN ns (NaN% of Mean)
Skewness = NaN, Kurtosis = NaN, MValue = 2
-------------------- Histogram --------------------
[180.829 ns ; 181.829 ns) | @
---------------------------------------------------

PartitionedLifetimeBenchmarks.ProcessLifetime: B_Published(Affinity=00000000000000000100, EnvironmentVariables=DOTNET_TieredCompilation=0,DEKAF_DISPATCH_PROFILE=0,DEKAF_DISPATCH_SAMPLE_DIRECTORY=C:/git/Dekaf-perf-improvements-20260907/pr-3117/dry-v2\latency-samples,DEKAF_DISPATCH_JOB=B_Published, Arguments=/p:ProductDirectory=C:/git/Dekaf-perf-improvements-20260907/pr-3117/published,/p:UseSharedCompilation=false, IterationCount=1, LaunchCount=1, RunStrategy=ColdStart, UnrollFactor=1, WarmupCount=1) [Mode=KeyRecordsPaired]
Runtime = .NET 10.0.11 (10.0.11, 10.0.1126.37416), X64 RyuJIT x86-64-v3; GC = Concurrent Workstation
Mean = 191.953 ns, StdErr = 0.000 ns (0.00%), N = 1, StdDev = 0.000 ns
Min = 191.953 ns, Q1 = 191.953 ns, Median = 191.953 ns, Q3 = 191.953 ns, Max = 191.953 ns
IQR = 0.000 ns, LowerFence = 191.953 ns, UpperFence = 191.953 ns
ConfidenceInterval = [NaN ns; NaN ns] (CI 99.9%), Margin = NaN ns (NaN% of Mean)
Skewness = NaN, Kurtosis = NaN, MValue = 2
-------------------- Histogram --------------------
[191.453 ns ; 192.453 ns) | @
---------------------------------------------------

PartitionedLifetimeBenchmarks.ProcessLifetime: C_SingleProbe(Affinity=00000000000000000100, EnvironmentVariables=DOTNET_TieredCompilation=0,DEKAF_DISPATCH_PROFILE=0,DEKAF_DISPATCH_SAMPLE_DIRECTORY=C:/git/Dekaf-perf-improvements-20260907/pr-3117/dry-v2\latency-samples,DEKAF_DISPATCH_JOB=C_SingleProbe, Arguments=/p:ProductDirectory=C:/git/Dekaf-perf-improvements-20260907/pr-3117/candidate,/p:UseSharedCompilation=false, IterationCount=1, LaunchCount=1, RunStrategy=ColdStart, UnrollFactor=1, WarmupCount=1) [Mode=KeyRecordsPaired]
Runtime = .NET 10.0.11 (10.0.11, 10.0.1126.37416), X64 RyuJIT x86-64-v3; GC = Concurrent Workstation
Mean = 166.659 ns, StdErr = 0.000 ns (0.00%), N = 1, StdDev = 0.000 ns
Min = 166.659 ns, Q1 = 166.659 ns, Median = 166.659 ns, Q3 = 166.659 ns, Max = 166.659 ns
IQR = 0.000 ns, LowerFence = 166.659 ns, UpperFence = 166.659 ns
ConfidenceInterval = [NaN ns; NaN ns] (CI 99.9%), Margin = NaN ns (NaN% of Mean)
Skewness = NaN, Kurtosis = NaN, MValue = 2
-------------------- Histogram --------------------
[166.159 ns ; 167.159 ns) | @
---------------------------------------------------

PartitionedLifetimeBenchmarks.ProcessLifetime: D_ClearOnce(Affinity=00000000000000000100, EnvironmentVariables=DOTNET_TieredCompilation=0,DEKAF_DISPATCH_PROFILE=0,DEKAF_DISPATCH_SAMPLE_DIRECTORY=C:/git/Dekaf-perf-improvements-20260907/pr-3117/dry-v2\latency-samples,DEKAF_DISPATCH_JOB=D_ClearOnce, Arguments=/p:ProductDirectory=C:/git/Dekaf-perf-improvements-20260907/pr-3117/candidate-v2,/p:UseSharedCompilation=false, IterationCount=1, LaunchCount=1, RunStrategy=ColdStart, UnrollFactor=1, WarmupCount=1) [Mode=KeyRecordsPaired]
Runtime = .NET 10.0.11 (10.0.11, 10.0.1126.37416), X64 RyuJIT x86-64-v3; GC = Concurrent Workstation
Mean = 166.207 ns, StdErr = 0.000 ns (0.00%), N = 1, StdDev = 0.000 ns
Min = 166.207 ns, Q1 = 166.207 ns, Median = 166.207 ns, Q3 = 166.207 ns, Max = 166.207 ns
IQR = 0.000 ns, LowerFence = 166.207 ns, UpperFence = 166.207 ns
ConfidenceInterval = [NaN ns; NaN ns] (CI 99.9%), Margin = NaN ns (NaN% of Mean)
Skewness = NaN, Kurtosis = NaN, MValue = 2
-------------------- Histogram --------------------
[165.707 ns ; 166.707 ns) | @
---------------------------------------------------

PartitionedLifetimeBenchmarks.ProcessLifetime: E_PublishedControl(Affinity=00000000000000000100, EnvironmentVariables=DOTNET_TieredCompilation=0,DEKAF_DISPATCH_PROFILE=0,DEKAF_DISPATCH_SAMPLE_DIRECTORY=C:/git/Dekaf-perf-improvements-20260907/pr-3117/dry-v2\latency-samples,DEKAF_DISPATCH_JOB=E_PublishedControl, Arguments=/p:ProductDirectory=C:/git/Dekaf-perf-improvements-20260907/pr-3117/published,/p:UseSharedCompilation=false, IterationCount=1, LaunchCount=1, RunStrategy=ColdStart, UnrollFactor=1, WarmupCount=1) [Mode=KeyRecordsPaired]
Runtime = .NET 10.0.11 (10.0.11, 10.0.1126.37416), X64 RyuJIT x86-64-v3; GC = Concurrent Workstation
Mean = 165.604 ns, StdErr = 0.000 ns (0.00%), N = 1, StdDev = 0.000 ns
Min = 165.604 ns, Q1 = 165.604 ns, Median = 165.604 ns, Q3 = 165.604 ns, Max = 165.604 ns
IQR = 0.000 ns, LowerFence = 165.604 ns, UpperFence = 165.604 ns
ConfidenceInterval = [NaN ns; NaN ns] (CI 99.9%), Margin = NaN ns (NaN% of Mean)
Skewness = NaN, Kurtosis = NaN, MValue = 2
-------------------- Histogram --------------------
[165.104 ns ; 166.104 ns) | @
---------------------------------------------------

PartitionedLifetimeBenchmarks.ProcessLifetime: F_PredecessorControl(Affinity=00000000000000000100, EnvironmentVariables=DOTNET_TieredCompilation=0,DEKAF_DISPATCH_PROFILE=0,DEKAF_DISPATCH_SAMPLE_DIRECTORY=C:/git/Dekaf-perf-improvements-20260907/pr-3117/dry-v2\latency-samples,DEKAF_DISPATCH_JOB=F_PredecessorControl, Arguments=/p:ProductDirectory=C:/git/Dekaf-perf-improvements-20260907/pr-3117/predecessor,/p:UseSharedCompilation=false, IterationCount=1, LaunchCount=1, RunStrategy=ColdStart, UnrollFactor=1, WarmupCount=1) [Mode=KeyRecordsPaired]
Runtime = .NET 10.0.11 (10.0.11, 10.0.1126.37416), X64 RyuJIT x86-64-v3; GC = Concurrent Workstation
Mean = 194.896 ns, StdErr = 0.000 ns (0.00%), N = 1, StdDev = 0.000 ns
Min = 194.896 ns, Q1 = 194.896 ns, Median = 194.896 ns, Q3 = 194.896 ns, Max = 194.896 ns
IQR = 0.000 ns, LowerFence = 194.896 ns, UpperFence = 194.896 ns
ConfidenceInterval = [NaN ns; NaN ns] (CI 99.9%), Margin = NaN ns (NaN% of Mean)
Skewness = NaN, Kurtosis = NaN, MValue = 2
-------------------- Histogram --------------------
[194.396 ns ; 195.396 ns) | @
---------------------------------------------------

PartitionedLifetimeBenchmarks.ProcessLifetime: A_Predecessor(Affinity=00000000000000000100, EnvironmentVariables=DOTNET_TieredCompilation=0,DEKAF_DISPATCH_PROFILE=0,DEKAF_DISPATCH_SAMPLE_DIRECTORY=C:/git/Dekaf-perf-improvements-20260907/pr-3117/dry-v2\latency-samples,DEKAF_DISPATCH_JOB=A_Predecessor, Arguments=/p:ProductDirectory=C:/git/Dekaf-perf-improvements-20260907/pr-3117/predecessor,/p:UseSharedCompilation=false, IterationCount=1, LaunchCount=1, RunStrategy=ColdStart, UnrollFactor=1, WarmupCount=1) [Mode=KeyBatchesPaired]
Runtime = .NET 10.0.11 (10.0.11, 10.0.1126.37416), X64 RyuJIT x86-64-v3; GC = Concurrent Workstation
Mean = 170.489 ns, StdErr = 0.000 ns (0.00%), N = 1, StdDev = 0.000 ns
Min = 170.489 ns, Q1 = 170.489 ns, Median = 170.489 ns, Q3 = 170.489 ns, Max = 170.489 ns
IQR = 0.000 ns, LowerFence = 170.489 ns, UpperFence = 170.489 ns
ConfidenceInterval = [NaN ns; NaN ns] (CI 99.9%), Margin = NaN ns (NaN% of Mean)
Skewness = NaN, Kurtosis = NaN, MValue = 2
-------------------- Histogram --------------------
[169.989 ns ; 170.989 ns) | @
---------------------------------------------------

PartitionedLifetimeBenchmarks.ProcessLifetime: B_Published(Affinity=00000000000000000100, EnvironmentVariables=DOTNET_TieredCompilation=0,DEKAF_DISPATCH_PROFILE=0,DEKAF_DISPATCH_SAMPLE_DIRECTORY=C:/git/Dekaf-perf-improvements-20260907/pr-3117/dry-v2\latency-samples,DEKAF_DISPATCH_JOB=B_Published, Arguments=/p:ProductDirectory=C:/git/Dekaf-perf-improvements-20260907/pr-3117/published,/p:UseSharedCompilation=false, IterationCount=1, LaunchCount=1, RunStrategy=ColdStart, UnrollFactor=1, WarmupCount=1) [Mode=KeyBatchesPaired]
Runtime = .NET 10.0.11 (10.0.11, 10.0.1126.37416), X64 RyuJIT x86-64-v3; GC = Concurrent Workstation
Mean = 170.918 ns, StdErr = 0.000 ns (0.00%), N = 1, StdDev = 0.000 ns
Min = 170.918 ns, Q1 = 170.918 ns, Median = 170.918 ns, Q3 = 170.918 ns, Max = 170.918 ns
IQR = 0.000 ns, LowerFence = 170.918 ns, UpperFence = 170.918 ns
ConfidenceInterval = [NaN ns; NaN ns] (CI 99.9%), Margin = NaN ns (NaN% of Mean)
Skewness = NaN, Kurtosis = NaN, MValue = 2
-------------------- Histogram --------------------
[170.418 ns ; 171.418 ns) | @
---------------------------------------------------

PartitionedLifetimeBenchmarks.ProcessLifetime: C_SingleProbe(Affinity=00000000000000000100, EnvironmentVariables=DOTNET_TieredCompilation=0,DEKAF_DISPATCH_PROFILE=0,DEKAF_DISPATCH_SAMPLE_DIRECTORY=C:/git/Dekaf-perf-improvements-20260907/pr-3117/dry-v2\latency-samples,DEKAF_DISPATCH_JOB=C_SingleProbe, Arguments=/p:ProductDirectory=C:/git/Dekaf-perf-improvements-20260907/pr-3117/candidate,/p:UseSharedCompilation=false, IterationCount=1, LaunchCount=1, RunStrategy=ColdStart, UnrollFactor=1, WarmupCount=1) [Mode=KeyBatchesPaired]
Runtime = .NET 10.0.11 (10.0.11, 10.0.1126.37416), X64 RyuJIT x86-64-v3; GC = Concurrent Workstation
Mean = 260.319 ns, StdErr = 0.000 ns (0.00%), N = 1, StdDev = 0.000 ns
Min = 260.319 ns, Q1 = 260.319 ns, Median = 260.319 ns, Q3 = 260.319 ns, Max = 260.319 ns
IQR = 0.000 ns, LowerFence = 260.319 ns, UpperFence = 260.319 ns
ConfidenceInterval = [NaN ns; NaN ns] (CI 99.9%), Margin = NaN ns (NaN% of Mean)
Skewness = NaN, Kurtosis = NaN, MValue = 2
-------------------- Histogram --------------------
[259.819 ns ; 260.819 ns) | @
---------------------------------------------------

PartitionedLifetimeBenchmarks.ProcessLifetime: D_ClearOnce(Affinity=00000000000000000100, EnvironmentVariables=DOTNET_TieredCompilation=0,DEKAF_DISPATCH_PROFILE=0,DEKAF_DISPATCH_SAMPLE_DIRECTORY=C:/git/Dekaf-perf-improvements-20260907/pr-3117/dry-v2\latency-samples,DEKAF_DISPATCH_JOB=D_ClearOnce, Arguments=/p:ProductDirectory=C:/git/Dekaf-perf-improvements-20260907/pr-3117/candidate-v2,/p:UseSharedCompilation=false, IterationCount=1, LaunchCount=1, RunStrategy=ColdStart, UnrollFactor=1, WarmupCount=1) [Mode=KeyBatchesPaired]
Runtime = .NET 10.0.11 (10.0.11, 10.0.1126.37416), X64 RyuJIT x86-64-v3; GC = Concurrent Workstation
Mean = 167.204 ns, StdErr = 0.000 ns (0.00%), N = 1, StdDev = 0.000 ns
Min = 167.204 ns, Q1 = 167.204 ns, Median = 167.204 ns, Q3 = 167.204 ns, Max = 167.204 ns
IQR = 0.000 ns, LowerFence = 167.204 ns, UpperFence = 167.204 ns
ConfidenceInterval = [NaN ns; NaN ns] (CI 99.9%), Margin = NaN ns (NaN% of Mean)
Skewness = NaN, Kurtosis = NaN, MValue = 2
-------------------- Histogram --------------------
[166.704 ns ; 167.704 ns) | @
---------------------------------------------------

PartitionedLifetimeBenchmarks.ProcessLifetime: E_PublishedControl(Affinity=00000000000000000100, EnvironmentVariables=DOTNET_TieredCompilation=0,DEKAF_DISPATCH_PROFILE=0,DEKAF_DISPATCH_SAMPLE_DIRECTORY=C:/git/Dekaf-perf-improvements-20260907/pr-3117/dry-v2\latency-samples,DEKAF_DISPATCH_JOB=E_PublishedControl, Arguments=/p:ProductDirectory=C:/git/Dekaf-perf-improvements-20260907/pr-3117/published,/p:UseSharedCompilation=false, IterationCount=1, LaunchCount=1, RunStrategy=ColdStart, UnrollFactor=1, WarmupCount=1) [Mode=KeyBatchesPaired]
Runtime = .NET 10.0.11 (10.0.11, 10.0.1126.37416), X64 RyuJIT x86-64-v3; GC = Concurrent Workstation
Mean = 180.999 ns, StdErr = 0.000 ns (0.00%), N = 1, StdDev = 0.000 ns
Min = 180.999 ns, Q1 = 180.999 ns, Median = 180.999 ns, Q3 = 180.999 ns, Max = 180.999 ns
IQR = 0.000 ns, LowerFence = 180.999 ns, UpperFence = 180.999 ns
ConfidenceInterval = [NaN ns; NaN ns] (CI 99.9%), Margin = NaN ns (NaN% of Mean)
Skewness = NaN, Kurtosis = NaN, MValue = 2
-------------------- Histogram --------------------
[180.499 ns ; 181.499 ns) | @
---------------------------------------------------

PartitionedLifetimeBenchmarks.ProcessLifetime: F_PredecessorControl(Affinity=00000000000000000100, EnvironmentVariables=DOTNET_TieredCompilation=0,DEKAF_DISPATCH_PROFILE=0,DEKAF_DISPATCH_SAMPLE_DIRECTORY=C:/git/Dekaf-perf-improvements-20260907/pr-3117/dry-v2\latency-samples,DEKAF_DISPATCH_JOB=F_PredecessorControl, Arguments=/p:ProductDirectory=C:/git/Dekaf-perf-improvements-20260907/pr-3117/predecessor,/p:UseSharedCompilation=false, IterationCount=1, LaunchCount=1, RunStrategy=ColdStart, UnrollFactor=1, WarmupCount=1) [Mode=KeyBatchesPaired]
Runtime = .NET 10.0.11 (10.0.11, 10.0.1126.37416), X64 RyuJIT x86-64-v3; GC = Concurrent Workstation
Mean = 168.319 ns, StdErr = 0.000 ns (0.00%), N = 1, StdDev = 0.000 ns
Min = 168.319 ns, Q1 = 168.319 ns, Median = 168.319 ns, Q3 = 168.319 ns, Max = 168.319 ns
IQR = 0.000 ns, LowerFence = 168.319 ns, UpperFence = 168.319 ns
ConfidenceInterval = [NaN ns; NaN ns] (CI 99.9%), Margin = NaN ns (NaN% of Mean)
Skewness = NaN, Kurtosis = NaN, MValue = 2
-------------------- Histogram --------------------
[167.819 ns ; 168.819 ns) | @
---------------------------------------------------

// * Summary *

BenchmarkDotNet v0.15.8, Windows 11 (10.0.26200.9168/25H2/2025Update/HudsonValley2)
12th Gen Intel Core i7-12700K 3.60GHz, 1 CPU, 20 logical and 12 physical cores
.NET SDK 10.0.400
  [Host]               : .NET 10.0.11 (10.0.11, 10.0.1126.37416), X64 RyuJIT x86-64-v3
  A_Predecessor        : .NET 10.0.11 (10.0.11, 10.0.1126.37416), X64 RyuJIT x86-64-v3
  B_Published          : .NET 10.0.11 (10.0.11, 10.0.1126.37416), X64 RyuJIT x86-64-v3
  C_SingleProbe        : .NET 10.0.11 (10.0.11, 10.0.1126.37416), X64 RyuJIT x86-64-v3
  D_ClearOnce          : .NET 10.0.11 (10.0.11, 10.0.1126.37416), X64 RyuJIT x86-64-v3
  E_PublishedControl   : .NET 10.0.11 (10.0.11, 10.0.1126.37416), X64 RyuJIT x86-64-v3
  F_PredecessorControl : .NET 10.0.11 (10.0.11, 10.0.1126.37416), X64 RyuJIT x86-64-v3

Affinity=00000000000000000100  IterationCount=1  LaunchCount=1  
RunStrategy=ColdStart  UnrollFactor=1  WarmupCount=1  

| Method          | Job                  | EnvironmentVariables                                                                                                                                                                               | Arguments                                                                                                      | Mode               | Mean     | Error | Allocated |
|---------------- |--------------------- |--------------------------------------------------------------------------------------------------------------------------------------------------------------------------------------------------- |--------------------------------------------------------------------------------------------------------------- |------------------- |---------:|------:|----------:|
| ProcessLifetime | A_Predecessor        | DOTNET_TieredCompilation=0,DEKAF_DISPATCH_PROFILE=0,DEKAF_DISPATCH_SAMPLE_DIRECTORY=C:/git/Dekaf-perf-improvements-20260907/pr-3117/dry-v2\latency-samples,DEKAF_DISPATCH_JOB=A_Predecessor        | /p:ProductDirectory=C:/git/Dekaf-perf-improvements-20260907/pr-3117/predecessor,/p:UseSharedCompilation=false  | KeyRecordsDistinct | 168.7 ns |    NA |         - |
| ProcessLifetime | B_Published          | DOTNET_TieredCompilation=0,DEKAF_DISPATCH_PROFILE=0,DEKAF_DISPATCH_SAMPLE_DIRECTORY=C:/git/Dekaf-perf-improvements-20260907/pr-3117/dry-v2\latency-samples,DEKAF_DISPATCH_JOB=B_Published          | /p:ProductDirectory=C:/git/Dekaf-perf-improvements-20260907/pr-3117/published,/p:UseSharedCompilation=false    | KeyRecordsDistinct | 157.9 ns |    NA |         - |
| ProcessLifetime | C_SingleProbe        | DOTNET_TieredCompilation=0,DEKAF_DISPATCH_PROFILE=0,DEKAF_DISPATCH_SAMPLE_DIRECTORY=C:/git/Dekaf-perf-improvements-20260907/pr-3117/dry-v2\latency-samples,DEKAF_DISPATCH_JOB=C_SingleProbe        | /p:ProductDirectory=C:/git/Dekaf-perf-improvements-20260907/pr-3117/candidate,/p:UseSharedCompilation=false    | KeyRecordsDistinct | 160.2 ns |    NA |         - |
| ProcessLifetime | D_ClearOnce          | DOTNET_TieredCompilation=0,DEKAF_DISPATCH_PROFILE=0,DEKAF_DISPATCH_SAMPLE_DIRECTORY=C:/git/Dekaf-perf-improvements-20260907/pr-3117/dry-v2\latency-samples,DEKAF_DISPATCH_JOB=D_ClearOnce          | /p:ProductDirectory=C:/git/Dekaf-perf-improvements-20260907/pr-3117/candidate-v2,/p:UseSharedCompilation=false | KeyRecordsDistinct | 154.3 ns |    NA |         - |
| ProcessLifetime | E_PublishedControl   | DOTNET_TieredCompilation=0,DEKAF_DISPATCH_PROFILE=0,DEKAF_DISPATCH_SAMPLE_DIRECTORY=C:/git/Dekaf-perf-improvements-20260907/pr-3117/dry-v2\latency-samples,DEKAF_DISPATCH_JOB=E_PublishedControl   | /p:ProductDirectory=C:/git/Dekaf-perf-improvements-20260907/pr-3117/published,/p:UseSharedCompilation=false    | KeyRecordsDistinct | 154.4 ns |    NA |         - |
| ProcessLifetime | F_PredecessorControl | DOTNET_TieredCompilation=0,DEKAF_DISPATCH_PROFILE=0,DEKAF_DISPATCH_SAMPLE_DIRECTORY=C:/git/Dekaf-perf-improvements-20260907/pr-3117/dry-v2\latency-samples,DEKAF_DISPATCH_JOB=F_PredecessorControl | /p:ProductDirectory=C:/git/Dekaf-perf-improvements-20260907/pr-3117/predecessor,/p:UseSharedCompilation=false  | KeyRecordsDistinct | 160.2 ns |    NA |         - |
| ProcessLifetime | A_Predecessor        | DOTNET_TieredCompilation=0,DEKAF_DISPATCH_PROFILE=0,DEKAF_DISPATCH_SAMPLE_DIRECTORY=C:/git/Dekaf-perf-improvements-20260907/pr-3117/dry-v2\latency-samples,DEKAF_DISPATCH_JOB=A_Predecessor        | /p:ProductDirectory=C:/git/Dekaf-perf-improvements-20260907/pr-3117/predecessor,/p:UseSharedCompilation=false  | KeyBatchesDistinct | 157.6 ns |    NA |         - |
| ProcessLifetime | B_Published          | DOTNET_TieredCompilation=0,DEKAF_DISPATCH_PROFILE=0,DEKAF_DISPATCH_SAMPLE_DIRECTORY=C:/git/Dekaf-perf-improvements-20260907/pr-3117/dry-v2\latency-samples,DEKAF_DISPATCH_JOB=B_Published          | /p:ProductDirectory=C:/git/Dekaf-perf-improvements-20260907/pr-3117/published,/p:UseSharedCompilation=false    | KeyBatchesDistinct | 163.2 ns |    NA |         - |
| ProcessLifetime | C_SingleProbe        | DOTNET_TieredCompilation=0,DEKAF_DISPATCH_PROFILE=0,DEKAF_DISPATCH_SAMPLE_DIRECTORY=C:/git/Dekaf-perf-improvements-20260907/pr-3117/dry-v2\latency-samples,DEKAF_DISPATCH_JOB=C_SingleProbe        | /p:ProductDirectory=C:/git/Dekaf-perf-improvements-20260907/pr-3117/candidate,/p:UseSharedCompilation=false    | KeyBatchesDistinct | 152.5 ns |    NA |         - |
| ProcessLifetime | D_ClearOnce          | DOTNET_TieredCompilation=0,DEKAF_DISPATCH_PROFILE=0,DEKAF_DISPATCH_SAMPLE_DIRECTORY=C:/git/Dekaf-perf-improvements-20260907/pr-3117/dry-v2\latency-samples,DEKAF_DISPATCH_JOB=D_ClearOnce          | /p:ProductDirectory=C:/git/Dekaf-perf-improvements-20260907/pr-3117/candidate-v2,/p:UseSharedCompilation=false | KeyBatchesDistinct | 152.8 ns |    NA |         - |
| ProcessLifetime | E_PublishedControl   | DOTNET_TieredCompilation=0,DEKAF_DISPATCH_PROFILE=0,DEKAF_DISPATCH_SAMPLE_DIRECTORY=C:/git/Dekaf-perf-improvements-20260907/pr-3117/dry-v2\latency-samples,DEKAF_DISPATCH_JOB=E_PublishedControl   | /p:ProductDirectory=C:/git/Dekaf-perf-improvements-20260907/pr-3117/published,/p:UseSharedCompilation=false    | KeyBatchesDistinct | 154.4 ns |    NA |         - |
| ProcessLifetime | F_PredecessorControl | DOTNET_TieredCompilation=0,DEKAF_DISPATCH_PROFILE=0,DEKAF_DISPATCH_SAMPLE_DIRECTORY=C:/git/Dekaf-perf-improvements-20260907/pr-3117/dry-v2\latency-samples,DEKAF_DISPATCH_JOB=F_PredecessorControl | /p:ProductDirectory=C:/git/Dekaf-perf-improvements-20260907/pr-3117/predecessor,/p:UseSharedCompilation=false  | KeyBatchesDistinct | 158.3 ns |    NA |         - |
| ProcessLifetime | A_Predecessor        | DOTNET_TieredCompilation=0,DEKAF_DISPATCH_PROFILE=0,DEKAF_DISPATCH_SAMPLE_DIRECTORY=C:/git/Dekaf-perf-improvements-20260907/pr-3117/dry-v2\latency-samples,DEKAF_DISPATCH_JOB=A_Predecessor        | /p:ProductDirectory=C:/git/Dekaf-perf-improvements-20260907/pr-3117/predecessor,/p:UseSharedCompilation=false  | KeyRecordsPaired   | 181.3 ns |    NA |         - |
| ProcessLifetime | B_Published          | DOTNET_TieredCompilation=0,DEKAF_DISPATCH_PROFILE=0,DEKAF_DISPATCH_SAMPLE_DIRECTORY=C:/git/Dekaf-perf-improvements-20260907/pr-3117/dry-v2\latency-samples,DEKAF_DISPATCH_JOB=B_Published          | /p:ProductDirectory=C:/git/Dekaf-perf-improvements-20260907/pr-3117/published,/p:UseSharedCompilation=false    | KeyRecordsPaired   | 192.0 ns |    NA |         - |
| ProcessLifetime | C_SingleProbe        | DOTNET_TieredCompilation=0,DEKAF_DISPATCH_PROFILE=0,DEKAF_DISPATCH_SAMPLE_DIRECTORY=C:/git/Dekaf-perf-improvements-20260907/pr-3117/dry-v2\latency-samples,DEKAF_DISPATCH_JOB=C_SingleProbe        | /p:ProductDirectory=C:/git/Dekaf-perf-improvements-20260907/pr-3117/candidate,/p:UseSharedCompilation=false    | KeyRecordsPaired   | 166.7 ns |    NA |         - |
| ProcessLifetime | D_ClearOnce          | DOTNET_TieredCompilation=0,DEKAF_DISPATCH_PROFILE=0,DEKAF_DISPATCH_SAMPLE_DIRECTORY=C:/git/Dekaf-perf-improvements-20260907/pr-3117/dry-v2\latency-samples,DEKAF_DISPATCH_JOB=D_ClearOnce          | /p:ProductDirectory=C:/git/Dekaf-perf-improvements-20260907/pr-3117/candidate-v2,/p:UseSharedCompilation=false | KeyRecordsPaired   | 166.2 ns |    NA |         - |
| ProcessLifetime | E_PublishedControl   | DOTNET_TieredCompilation=0,DEKAF_DISPATCH_PROFILE=0,DEKAF_DISPATCH_SAMPLE_DIRECTORY=C:/git/Dekaf-perf-improvements-20260907/pr-3117/dry-v2\latency-samples,DEKAF_DISPATCH_JOB=E_PublishedControl   | /p:ProductDirectory=C:/git/Dekaf-perf-improvements-20260907/pr-3117/published,/p:UseSharedCompilation=false    | KeyRecordsPaired   | 165.6 ns |    NA |         - |
| ProcessLifetime | F_PredecessorControl | DOTNET_TieredCompilation=0,DEKAF_DISPATCH_PROFILE=0,DEKAF_DISPATCH_SAMPLE_DIRECTORY=C:/git/Dekaf-perf-improvements-20260907/pr-3117/dry-v2\latency-samples,DEKAF_DISPATCH_JOB=F_PredecessorControl | /p:ProductDirectory=C:/git/Dekaf-perf-improvements-20260907/pr-3117/predecessor,/p:UseSharedCompilation=false  | KeyRecordsPaired   | 194.9 ns |    NA |         - |
| ProcessLifetime | A_Predecessor        | DOTNET_TieredCompilation=0,DEKAF_DISPATCH_PROFILE=0,DEKAF_DISPATCH_SAMPLE_DIRECTORY=C:/git/Dekaf-perf-improvements-20260907/pr-3117/dry-v2\latency-samples,DEKAF_DISPATCH_JOB=A_Predecessor        | /p:ProductDirectory=C:/git/Dekaf-perf-improvements-20260907/pr-3117/predecessor,/p:UseSharedCompilation=false  | KeyBatchesPaired   | 170.5 ns |    NA |         - |
| ProcessLifetime | B_Published          | DOTNET_TieredCompilation=0,DEKAF_DISPATCH_PROFILE=0,DEKAF_DISPATCH_SAMPLE_DIRECTORY=C:/git/Dekaf-perf-improvements-20260907/pr-3117/dry-v2\latency-samples,DEKAF_DISPATCH_JOB=B_Published          | /p:ProductDirectory=C:/git/Dekaf-perf-improvements-20260907/pr-3117/published,/p:UseSharedCompilation=false    | KeyBatchesPaired   | 170.9 ns |    NA |         - |
| ProcessLifetime | C_SingleProbe        | DOTNET_TieredCompilation=0,DEKAF_DISPATCH_PROFILE=0,DEKAF_DISPATCH_SAMPLE_DIRECTORY=C:/git/Dekaf-perf-improvements-20260907/pr-3117/dry-v2\latency-samples,DEKAF_DISPATCH_JOB=C_SingleProbe        | /p:ProductDirectory=C:/git/Dekaf-perf-improvements-20260907/pr-3117/candidate,/p:UseSharedCompilation=false    | KeyBatchesPaired   | 260.3 ns |    NA |         - |
| ProcessLifetime | D_ClearOnce          | DOTNET_TieredCompilation=0,DEKAF_DISPATCH_PROFILE=0,DEKAF_DISPATCH_SAMPLE_DIRECTORY=C:/git/Dekaf-perf-improvements-20260907/pr-3117/dry-v2\latency-samples,DEKAF_DISPATCH_JOB=D_ClearOnce          | /p:ProductDirectory=C:/git/Dekaf-perf-improvements-20260907/pr-3117/candidate-v2,/p:UseSharedCompilation=false | KeyBatchesPaired   | 167.2 ns |    NA |         - |
| ProcessLifetime | E_PublishedControl   | DOTNET_TieredCompilation=0,DEKAF_DISPATCH_PROFILE=0,DEKAF_DISPATCH_SAMPLE_DIRECTORY=C:/git/Dekaf-perf-improvements-20260907/pr-3117/dry-v2\latency-samples,DEKAF_DISPATCH_JOB=E_PublishedControl   | /p:ProductDirectory=C:/git/Dekaf-perf-improvements-20260907/pr-3117/published,/p:UseSharedCompilation=false    | KeyBatchesPaired   | 181.0 ns |    NA |         - |
| ProcessLifetime | F_PredecessorControl | DOTNET_TieredCompilation=0,DEKAF_DISPATCH_PROFILE=0,DEKAF_DISPATCH_SAMPLE_DIRECTORY=C:/git/Dekaf-perf-improvements-20260907/pr-3117/dry-v2\latency-samples,DEKAF_DISPATCH_JOB=F_PredecessorControl | /p:ProductDirectory=C:/git/Dekaf-perf-improvements-20260907/pr-3117/predecessor,/p:UseSharedCompilation=false  | KeyBatchesPaired   | 168.3 ns |    NA |         - |

// * Warnings *
MinIterationTime
  PartitionedLifetimeBenchmarks.ProcessLifetime: A_Predecessor        -> The minimum observed iteration time is 44.229ms which is very small. It's recommended to increase it to at least 100ms using more operations.
  PartitionedLifetimeBenchmarks.ProcessLifetime: B_Published          -> The minimum observed iteration time is 41.406ms which is very small. It's recommended to increase it to at least 100ms using more operations.
  PartitionedLifetimeBenchmarks.ProcessLifetime: C_SingleProbe        -> The minimum observed iteration time is 42.004ms which is very small. It's recommended to increase it to at least 100ms using more operations.
  PartitionedLifetimeBenchmarks.ProcessLifetime: D_ClearOnce          -> The minimum observed iteration time is 40.453ms which is very small. It's recommended to increase it to at least 100ms using more operations.
  PartitionedLifetimeBenchmarks.ProcessLifetime: E_PublishedControl   -> The minimum observed iteration time is 40.479ms which is very small. It's recommended to increase it to at least 100ms using more operations.
  PartitionedLifetimeBenchmarks.ProcessLifetime: F_PredecessorControl -> The minimum observed iteration time is 42.006ms which is very small. It's recommended to increase it to at least 100ms using more operations.
  PartitionedLifetimeBenchmarks.ProcessLifetime: A_Predecessor        -> The minimum observed iteration time is 41.31ms which is very small. It's recommended to increase it to at least 100ms using more operations.
  PartitionedLifetimeBenchmarks.ProcessLifetime: B_Published          -> The minimum observed iteration time is 42.784ms which is very small. It's recommended to increase it to at least 100ms using more operations.
  PartitionedLifetimeBenchmarks.ProcessLifetime: C_SingleProbe        -> The minimum observed iteration time is 39.983ms which is very small. It's recommended to increase it to at least 100ms using more operations.
  PartitionedLifetimeBenchmarks.ProcessLifetime: D_ClearOnce          -> The minimum observed iteration time is 40.06ms which is very small. It's recommended to increase it to at least 100ms using more operations.
  PartitionedLifetimeBenchmarks.ProcessLifetime: E_PublishedControl   -> The minimum observed iteration time is 40.484ms which is very small. It's recommended to increase it to at least 100ms using more operations.
  PartitionedLifetimeBenchmarks.ProcessLifetime: F_PredecessorControl -> The minimum observed iteration time is 41.502ms which is very small. It's recommended to increase it to at least 100ms using more operations.
  PartitionedLifetimeBenchmarks.ProcessLifetime: A_Predecessor        -> The minimum observed iteration time is 47.534ms which is very small. It's recommended to increase it to at least 100ms using more operations.
  PartitionedLifetimeBenchmarks.ProcessLifetime: B_Published          -> The minimum observed iteration time is 50.319ms which is very small. It's recommended to increase it to at least 100ms using more operations.
  PartitionedLifetimeBenchmarks.ProcessLifetime: C_SingleProbe        -> The minimum observed iteration time is 43.689ms which is very small. It's recommended to increase it to at least 100ms using more operations.
  PartitionedLifetimeBenchmarks.ProcessLifetime: D_ClearOnce          -> The minimum observed iteration time is 43.57ms which is very small. It's recommended to increase it to at least 100ms using more operations.
  PartitionedLifetimeBenchmarks.ProcessLifetime: E_PublishedControl   -> The minimum observed iteration time is 43.412ms which is very small. It's recommended to increase it to at least 100ms using more operations.
  PartitionedLifetimeBenchmarks.ProcessLifetime: F_PredecessorControl -> The minimum observed iteration time is 51.091ms which is very small. It's recommended to increase it to at least 100ms using more operations.
  PartitionedLifetimeBenchmarks.ProcessLifetime: A_Predecessor        -> The minimum observed iteration time is 44.693ms which is very small. It's recommended to increase it to at least 100ms using more operations.
  PartitionedLifetimeBenchmarks.ProcessLifetime: B_Published          -> The minimum observed iteration time is 44.805ms which is very small. It's recommended to increase it to at least 100ms using more operations.
  PartitionedLifetimeBenchmarks.ProcessLifetime: C_SingleProbe        -> The minimum observed iteration time is 68.241ms which is very small. It's recommended to increase it to at least 100ms using more operations.
  PartitionedLifetimeBenchmarks.ProcessLifetime: D_ClearOnce          -> The minimum observed iteration time is 43.831ms which is very small. It's recommended to increase it to at least 100ms using more operations.
  PartitionedLifetimeBenchmarks.ProcessLifetime: E_PublishedControl   -> The minimum observed iteration time is 47.448ms which is very small. It's recommended to increase it to at least 100ms using more operations.
  PartitionedLifetimeBenchmarks.ProcessLifetime: F_PredecessorControl -> The minimum observed iteration time is 44.124ms which is very small. It's recommended to increase it to at least 100ms using more operations.

// * Legends *
  Mode      : Value of the 'Mode' parameter
  Mean      : Arithmetic mean of all measurements
  Error     : Half of 99.9% confidence interval
  Allocated : Allocated memory per single operation (managed only, inclusive, 1KB = 1024B)
  1 ns      : 1 Nanosecond (0.000000001 sec)

// * Diagnostic Output - MemoryDiagnoser *


// ***** BenchmarkRunner: End *****
Run time: 00:00:11 (11.35 sec), executed benchmarks: 24

Global total time: 00:00:17 (17.39 sec), executed benchmarks: 24
// * Artifacts cleanup *
Artifacts cleanup is finished
