// Validating benchmarks:
// ***** BenchmarkRunner: Start   *****
// ***** Found 28 benchmark(s) in total *****
// ***** Building 4 exe(s) in Parallel: Start   *****
// ***** Done, took 00:00:05 (5.78 sec)   *****
// Found 28 benchmarks:
//   PartitionedLifetimeBenchmarks.ProcessLifetime: A_Accepted(Affinity=00000000000000000100, EnvironmentVariables=DOTNET_TieredCompilation=0,DEKAF_DISPATCH_PROFILE=0,DEKAF_DISPATCH_SAMPLE_DIRECTORY=C:/git/Dekaf-perf-improvements-20260907/pr-3117/full\latency-samples,DEKAF_DISPATCH_JOB=A_Accepted, Arguments=/p:ProductDirectory=C:/git/Dekaf-perf-improvements-20260907/pr-3117/accepted,/p:UseSharedCompilation=false) [Mode=KeyRecordsDistinct]
//   PartitionedLifetimeBenchmarks.ProcessLifetime: B_Predecessor(Affinity=00000000000000000100, EnvironmentVariables=DOTNET_TieredCompilation=0,DEKAF_DISPATCH_PROFILE=0,DEKAF_DISPATCH_SAMPLE_DIRECTORY=C:/git/Dekaf-perf-improvements-20260907/pr-3117/full\latency-samples,DEKAF_DISPATCH_JOB=B_Predecessor, Arguments=/p:ProductDirectory=C:/git/Dekaf-perf-improvements-20260907/pr-3117/predecessor,/p:UseSharedCompilation=false) [Mode=KeyRecordsDistinct]
//   PartitionedLifetimeBenchmarks.ProcessLifetime: C_Published(Affinity=00000000000000000100, EnvironmentVariables=DOTNET_TieredCompilation=0,DEKAF_DISPATCH_PROFILE=0,DEKAF_DISPATCH_SAMPLE_DIRECTORY=C:/git/Dekaf-perf-improvements-20260907/pr-3117/full\latency-samples,DEKAF_DISPATCH_JOB=C_Published, Arguments=/p:ProductDirectory=C:/git/Dekaf-perf-improvements-20260907/pr-3117/published,/p:UseSharedCompilation=false) [Mode=KeyRecordsDistinct]
//   PartitionedLifetimeBenchmarks.ProcessLifetime: D_Candidate(Affinity=00000000000000000100, EnvironmentVariables=DOTNET_TieredCompilation=0,DEKAF_DISPATCH_PROFILE=0,DEKAF_DISPATCH_SAMPLE_DIRECTORY=C:/git/Dekaf-perf-improvements-20260907/pr-3117/full\latency-samples,DEKAF_DISPATCH_JOB=D_Candidate, Arguments=/p:ProductDirectory=C:/git/Dekaf-perf-improvements-20260907/pr-3117/candidate,/p:UseSharedCompilation=false) [Mode=KeyRecordsDistinct]
//   PartitionedLifetimeBenchmarks.ProcessLifetime: E_PublishedControl(Affinity=00000000000000000100, EnvironmentVariables=DOTNET_TieredCompilation=0,DEKAF_DISPATCH_PROFILE=0,DEKAF_DISPATCH_SAMPLE_DIRECTORY=C:/git/Dekaf-perf-improvements-20260907/pr-3117/full\latency-samples,DEKAF_DISPATCH_JOB=E_PublishedControl, Arguments=/p:ProductDirectory=C:/git/Dekaf-perf-improvements-20260907/pr-3117/published,/p:UseSharedCompilation=false) [Mode=KeyRecordsDistinct]
//   PartitionedLifetimeBenchmarks.ProcessLifetime: F_PredecessorControl(Affinity=00000000000000000100, EnvironmentVariables=DOTNET_TieredCompilation=0,DEKAF_DISPATCH_PROFILE=0,DEKAF_DISPATCH_SAMPLE_DIRECTORY=C:/git/Dekaf-perf-improvements-20260907/pr-3117/full\latency-samples,DEKAF_DISPATCH_JOB=F_PredecessorControl, Arguments=/p:ProductDirectory=C:/git/Dekaf-perf-improvements-20260907/pr-3117/predecessor,/p:UseSharedCompilation=false) [Mode=KeyRecordsDistinct]
//   PartitionedLifetimeBenchmarks.ProcessLifetime: G_AcceptedControl(Affinity=00000000000000000100, EnvironmentVariables=DOTNET_TieredCompilation=0,DEKAF_DISPATCH_PROFILE=0,DEKAF_DISPATCH_SAMPLE_DIRECTORY=C:/git/Dekaf-perf-improvements-20260907/pr-3117/full\latency-samples,DEKAF_DISPATCH_JOB=G_AcceptedControl, Arguments=/p:ProductDirectory=C:/git/Dekaf-perf-improvements-20260907/pr-3117/accepted,/p:UseSharedCompilation=false) [Mode=KeyRecordsDistinct]
//   PartitionedLifetimeBenchmarks.ProcessLifetime: A_Accepted(Affinity=00000000000000000100, EnvironmentVariables=DOTNET_TieredCompilation=0,DEKAF_DISPATCH_PROFILE=0,DEKAF_DISPATCH_SAMPLE_DIRECTORY=C:/git/Dekaf-perf-improvements-20260907/pr-3117/full\latency-samples,DEKAF_DISPATCH_JOB=A_Accepted, Arguments=/p:ProductDirectory=C:/git/Dekaf-perf-improvements-20260907/pr-3117/accepted,/p:UseSharedCompilation=false) [Mode=KeyBatchesDistinct]
//   PartitionedLifetimeBenchmarks.ProcessLifetime: B_Predecessor(Affinity=00000000000000000100, EnvironmentVariables=DOTNET_TieredCompilation=0,DEKAF_DISPATCH_PROFILE=0,DEKAF_DISPATCH_SAMPLE_DIRECTORY=C:/git/Dekaf-perf-improvements-20260907/pr-3117/full\latency-samples,DEKAF_DISPATCH_JOB=B_Predecessor, Arguments=/p:ProductDirectory=C:/git/Dekaf-perf-improvements-20260907/pr-3117/predecessor,/p:UseSharedCompilation=false) [Mode=KeyBatchesDistinct]
//   PartitionedLifetimeBenchmarks.ProcessLifetime: C_Published(Affinity=00000000000000000100, EnvironmentVariables=DOTNET_TieredCompilation=0,DEKAF_DISPATCH_PROFILE=0,DEKAF_DISPATCH_SAMPLE_DIRECTORY=C:/git/Dekaf-perf-improvements-20260907/pr-3117/full\latency-samples,DEKAF_DISPATCH_JOB=C_Published, Arguments=/p:ProductDirectory=C:/git/Dekaf-perf-improvements-20260907/pr-3117/published,/p:UseSharedCompilation=false) [Mode=KeyBatchesDistinct]
//   PartitionedLifetimeBenchmarks.ProcessLifetime: D_Candidate(Affinity=00000000000000000100, EnvironmentVariables=DOTNET_TieredCompilation=0,DEKAF_DISPATCH_PROFILE=0,DEKAF_DISPATCH_SAMPLE_DIRECTORY=C:/git/Dekaf-perf-improvements-20260907/pr-3117/full\latency-samples,DEKAF_DISPATCH_JOB=D_Candidate, Arguments=/p:ProductDirectory=C:/git/Dekaf-perf-improvements-20260907/pr-3117/candidate,/p:UseSharedCompilation=false) [Mode=KeyBatchesDistinct]
//   PartitionedLifetimeBenchmarks.ProcessLifetime: E_PublishedControl(Affinity=00000000000000000100, EnvironmentVariables=DOTNET_TieredCompilation=0,DEKAF_DISPATCH_PROFILE=0,DEKAF_DISPATCH_SAMPLE_DIRECTORY=C:/git/Dekaf-perf-improvements-20260907/pr-3117/full\latency-samples,DEKAF_DISPATCH_JOB=E_PublishedControl, Arguments=/p:ProductDirectory=C:/git/Dekaf-perf-improvements-20260907/pr-3117/published,/p:UseSharedCompilation=false) [Mode=KeyBatchesDistinct]
//   PartitionedLifetimeBenchmarks.ProcessLifetime: F_PredecessorControl(Affinity=00000000000000000100, EnvironmentVariables=DOTNET_TieredCompilation=0,DEKAF_DISPATCH_PROFILE=0,DEKAF_DISPATCH_SAMPLE_DIRECTORY=C:/git/Dekaf-perf-improvements-20260907/pr-3117/full\latency-samples,DEKAF_DISPATCH_JOB=F_PredecessorControl, Arguments=/p:ProductDirectory=C:/git/Dekaf-perf-improvements-20260907/pr-3117/predecessor,/p:UseSharedCompilation=false) [Mode=KeyBatchesDistinct]
//   PartitionedLifetimeBenchmarks.ProcessLifetime: G_AcceptedControl(Affinity=00000000000000000100, EnvironmentVariables=DOTNET_TieredCompilation=0,DEKAF_DISPATCH_PROFILE=0,DEKAF_DISPATCH_SAMPLE_DIRECTORY=C:/git/Dekaf-perf-improvements-20260907/pr-3117/full\latency-samples,DEKAF_DISPATCH_JOB=G_AcceptedControl, Arguments=/p:ProductDirectory=C:/git/Dekaf-perf-improvements-20260907/pr-3117/accepted,/p:UseSharedCompilation=false) [Mode=KeyBatchesDistinct]
//   PartitionedLifetimeBenchmarks.ProcessLifetime: A_Accepted(Affinity=00000000000000000100, EnvironmentVariables=DOTNET_TieredCompilation=0,DEKAF_DISPATCH_PROFILE=0,DEKAF_DISPATCH_SAMPLE_DIRECTORY=C:/git/Dekaf-perf-improvements-20260907/pr-3117/full\latency-samples,DEKAF_DISPATCH_JOB=A_Accepted, Arguments=/p:ProductDirectory=C:/git/Dekaf-perf-improvements-20260907/pr-3117/accepted,/p:UseSharedCompilation=false) [Mode=KeyRecordsPaired]
//   PartitionedLifetimeBenchmarks.ProcessLifetime: B_Predecessor(Affinity=00000000000000000100, EnvironmentVariables=DOTNET_TieredCompilation=0,DEKAF_DISPATCH_PROFILE=0,DEKAF_DISPATCH_SAMPLE_DIRECTORY=C:/git/Dekaf-perf-improvements-20260907/pr-3117/full\latency-samples,DEKAF_DISPATCH_JOB=B_Predecessor, Arguments=/p:ProductDirectory=C:/git/Dekaf-perf-improvements-20260907/pr-3117/predecessor,/p:UseSharedCompilation=false) [Mode=KeyRecordsPaired]
//   PartitionedLifetimeBenchmarks.ProcessLifetime: C_Published(Affinity=00000000000000000100, EnvironmentVariables=DOTNET_TieredCompilation=0,DEKAF_DISPATCH_PROFILE=0,DEKAF_DISPATCH_SAMPLE_DIRECTORY=C:/git/Dekaf-perf-improvements-20260907/pr-3117/full\latency-samples,DEKAF_DISPATCH_JOB=C_Published, Arguments=/p:ProductDirectory=C:/git/Dekaf-perf-improvements-20260907/pr-3117/published,/p:UseSharedCompilation=false) [Mode=KeyRecordsPaired]
//   PartitionedLifetimeBenchmarks.ProcessLifetime: D_Candidate(Affinity=00000000000000000100, EnvironmentVariables=DOTNET_TieredCompilation=0,DEKAF_DISPATCH_PROFILE=0,DEKAF_DISPATCH_SAMPLE_DIRECTORY=C:/git/Dekaf-perf-improvements-20260907/pr-3117/full\latency-samples,DEKAF_DISPATCH_JOB=D_Candidate, Arguments=/p:ProductDirectory=C:/git/Dekaf-perf-improvements-20260907/pr-3117/candidate,/p:UseSharedCompilation=false) [Mode=KeyRecordsPaired]
//   PartitionedLifetimeBenchmarks.ProcessLifetime: E_PublishedControl(Affinity=00000000000000000100, EnvironmentVariables=DOTNET_TieredCompilation=0,DEKAF_DISPATCH_PROFILE=0,DEKAF_DISPATCH_SAMPLE_DIRECTORY=C:/git/Dekaf-perf-improvements-20260907/pr-3117/full\latency-samples,DEKAF_DISPATCH_JOB=E_PublishedControl, Arguments=/p:ProductDirectory=C:/git/Dekaf-perf-improvements-20260907/pr-3117/published,/p:UseSharedCompilation=false) [Mode=KeyRecordsPaired]
//   PartitionedLifetimeBenchmarks.ProcessLifetime: F_PredecessorControl(Affinity=00000000000000000100, EnvironmentVariables=DOTNET_TieredCompilation=0,DEKAF_DISPATCH_PROFILE=0,DEKAF_DISPATCH_SAMPLE_DIRECTORY=C:/git/Dekaf-perf-improvements-20260907/pr-3117/full\latency-samples,DEKAF_DISPATCH_JOB=F_PredecessorControl, Arguments=/p:ProductDirectory=C:/git/Dekaf-perf-improvements-20260907/pr-3117/predecessor,/p:UseSharedCompilation=false) [Mode=KeyRecordsPaired]
//   PartitionedLifetimeBenchmarks.ProcessLifetime: G_AcceptedControl(Affinity=00000000000000000100, EnvironmentVariables=DOTNET_TieredCompilation=0,DEKAF_DISPATCH_PROFILE=0,DEKAF_DISPATCH_SAMPLE_DIRECTORY=C:/git/Dekaf-perf-improvements-20260907/pr-3117/full\latency-samples,DEKAF_DISPATCH_JOB=G_AcceptedControl, Arguments=/p:ProductDirectory=C:/git/Dekaf-perf-improvements-20260907/pr-3117/accepted,/p:UseSharedCompilation=false) [Mode=KeyRecordsPaired]
//   PartitionedLifetimeBenchmarks.ProcessLifetime: A_Accepted(Affinity=00000000000000000100, EnvironmentVariables=DOTNET_TieredCompilation=0,DEKAF_DISPATCH_PROFILE=0,DEKAF_DISPATCH_SAMPLE_DIRECTORY=C:/git/Dekaf-perf-improvements-20260907/pr-3117/full\latency-samples,DEKAF_DISPATCH_JOB=A_Accepted, Arguments=/p:ProductDirectory=C:/git/Dekaf-perf-improvements-20260907/pr-3117/accepted,/p:UseSharedCompilation=false) [Mode=KeyBatchesPaired]
//   PartitionedLifetimeBenchmarks.ProcessLifetime: B_Predecessor(Affinity=00000000000000000100, EnvironmentVariables=DOTNET_TieredCompilation=0,DEKAF_DISPATCH_PROFILE=0,DEKAF_DISPATCH_SAMPLE_DIRECTORY=C:/git/Dekaf-perf-improvements-20260907/pr-3117/full\latency-samples,DEKAF_DISPATCH_JOB=B_Predecessor, Arguments=/p:ProductDirectory=C:/git/Dekaf-perf-improvements-20260907/pr-3117/predecessor,/p:UseSharedCompilation=false) [Mode=KeyBatchesPaired]
//   PartitionedLifetimeBenchmarks.ProcessLifetime: C_Published(Affinity=00000000000000000100, EnvironmentVariables=DOTNET_TieredCompilation=0,DEKAF_DISPATCH_PROFILE=0,DEKAF_DISPATCH_SAMPLE_DIRECTORY=C:/git/Dekaf-perf-improvements-20260907/pr-3117/full\latency-samples,DEKAF_DISPATCH_JOB=C_Published, Arguments=/p:ProductDirectory=C:/git/Dekaf-perf-improvements-20260907/pr-3117/published,/p:UseSharedCompilation=false) [Mode=KeyBatchesPaired]
//   PartitionedLifetimeBenchmarks.ProcessLifetime: D_Candidate(Affinity=00000000000000000100, EnvironmentVariables=DOTNET_TieredCompilation=0,DEKAF_DISPATCH_PROFILE=0,DEKAF_DISPATCH_SAMPLE_DIRECTORY=C:/git/Dekaf-perf-improvements-20260907/pr-3117/full\latency-samples,DEKAF_DISPATCH_JOB=D_Candidate, Arguments=/p:ProductDirectory=C:/git/Dekaf-perf-improvements-20260907/pr-3117/candidate,/p:UseSharedCompilation=false) [Mode=KeyBatchesPaired]
//   PartitionedLifetimeBenchmarks.ProcessLifetime: E_PublishedControl(Affinity=00000000000000000100, EnvironmentVariables=DOTNET_TieredCompilation=0,DEKAF_DISPATCH_PROFILE=0,DEKAF_DISPATCH_SAMPLE_DIRECTORY=C:/git/Dekaf-perf-improvements-20260907/pr-3117/full\latency-samples,DEKAF_DISPATCH_JOB=E_PublishedControl, Arguments=/p:ProductDirectory=C:/git/Dekaf-perf-improvements-20260907/pr-3117/published,/p:UseSharedCompilation=false) [Mode=KeyBatchesPaired]
//   PartitionedLifetimeBenchmarks.ProcessLifetime: F_PredecessorControl(Affinity=00000000000000000100, EnvironmentVariables=DOTNET_TieredCompilation=0,DEKAF_DISPATCH_PROFILE=0,DEKAF_DISPATCH_SAMPLE_DIRECTORY=C:/git/Dekaf-perf-improvements-20260907/pr-3117/full\latency-samples,DEKAF_DISPATCH_JOB=F_PredecessorControl, Arguments=/p:ProductDirectory=C:/git/Dekaf-perf-improvements-20260907/pr-3117/predecessor,/p:UseSharedCompilation=false) [Mode=KeyBatchesPaired]
//   PartitionedLifetimeBenchmarks.ProcessLifetime: G_AcceptedControl(Affinity=00000000000000000100, EnvironmentVariables=DOTNET_TieredCompilation=0,DEKAF_DISPATCH_PROFILE=0,DEKAF_DISPATCH_SAMPLE_DIRECTORY=C:/git/Dekaf-perf-improvements-20260907/pr-3117/full\latency-samples,DEKAF_DISPATCH_JOB=G_AcceptedControl, Arguments=/p:ProductDirectory=C:/git/Dekaf-perf-improvements-20260907/pr-3117/accepted,/p:UseSharedCompilation=false) [Mode=KeyBatchesPaired]

Setup power plan (GUID: 8c5e7fda-e8bf-4a96-9a85-a6e23a8c635c FriendlyName: High performance)
// **************************
// Benchmark: PartitionedLifetimeBenchmarks.ProcessLifetime: A_Accepted(Affinity=00000000000000000100, EnvironmentVariables=DOTNET_TieredCompilation=0,DEKAF_DISPATCH_PROFILE=0,DEKAF_DISPATCH_SAMPLE_DIRECTORY=C:/git/Dekaf-perf-improvements-20260907/pr-3117/full\latency-samples,DEKAF_DISPATCH_JOB=A_Accepted, Arguments=/p:ProductDirectory=C:/git/Dekaf-perf-improvements-20260907/pr-3117/accepted,/p:UseSharedCompilation=false) [Mode=KeyRecordsDistinct]
// *** Execute ***
// Launch: 1 / 1
// Execute: dotnet Dekaf.Benchmarks-A_Accepted-1.dll --anonymousPipes 1792 1808 --benchmarkName "Dekaf.Benchmarks.PartitionedLifetimeBenchmarks.ProcessLifetime(Mode: KeyRecordsDistinct)" --job A_Accepted --benchmarkId 0 in C:\git\Dekaf-perf-improvements-20260907\pr-3117\comparison\bin\Release\net10.0\Dekaf.Benchmarks-A_Accepted-1\bin\Release\net10.0
// BeforeAnythingElse

// Benchmark Process Environment Information:
// BenchmarkDotNet v0.15.8
// Runtime=.NET 10.0.11 (10.0.11, 10.0.1126.37416), X64 RyuJIT x86-64-v3
// GC=Concurrent Workstation
// HardwareIntrinsics=AVX2+BMI1+BMI2+F16C+FMA+LZCNT+MOVBE,AVX,SSE3+SSSE3+SSE4.1+SSE4.2+POPCNT,X86Base+SSE+SSE2,AES+PCLMUL,AvxVnni,SERIALIZE VectorSize=256
// Job: A_Accepted(Affinity=100)

OverheadJitting  1: 262144 op, 153400.00 ns, 0.5852 ns/op
WorkloadJitting  1: 262144 op, 139779200.00 ns, 533.2153 ns/op

WorkloadPilot    1: 524288 op, 301830400.00 ns, 575.6958 ns/op
WorkloadPilot    2: 786432 op, 437250100.00 ns, 555.9923 ns/op
WorkloadPilot    3: 1048576 op, 560063300.00 ns, 534.1180 ns/op

WorkloadWarmup   1: 1048576 op, 549242500.00 ns, 523.7985 ns/op
WorkloadWarmup   2: 1048576 op, 557362600.00 ns, 531.5424 ns/op
WorkloadWarmup   3: 1048576 op, 594692200.00 ns, 567.1427 ns/op
WorkloadWarmup   4: 1048576 op, 550201800.00 ns, 524.7133 ns/op
WorkloadWarmup   5: 1048576 op, 550122100.00 ns, 524.6373 ns/op
WorkloadWarmup   6: 1048576 op, 608078000.00 ns, 579.9084 ns/op
WorkloadWarmup   7: 1048576 op, 560419500.00 ns, 534.4577 ns/op

// BeforeActualRun
WorkloadActual   1: 1048576 op, 553804300.00 ns, 528.1489 ns/op
WorkloadActual   2: 1048576 op, 553322900.00 ns, 527.6898 ns/op
WorkloadActual   3: 1048576 op, 567490900.00 ns, 541.2015 ns/op
WorkloadActual   4: 1048576 op, 566574700.00 ns, 540.3277 ns/op
WorkloadActual   5: 1048576 op, 558902300.00 ns, 533.0108 ns/op
WorkloadActual   6: 1048576 op, 558078000.00 ns, 532.2247 ns/op
WorkloadActual   7: 1048576 op, 556706100.00 ns, 530.9163 ns/op
WorkloadActual   8: 1048576 op, 559789600.00 ns, 533.8570 ns/op
WorkloadActual   9: 1048576 op, 576786800.00 ns, 550.0668 ns/op
WorkloadActual  10: 1048576 op, 566206900.00 ns, 539.9770 ns/op
WorkloadActual  11: 1048576 op, 559281100.00 ns, 533.3720 ns/op
WorkloadActual  12: 1048576 op, 560326800.00 ns, 534.3693 ns/op
WorkloadActual  13: 1048576 op, 559323000.00 ns, 533.4120 ns/op
WorkloadActual  14: 1048576 op, 590716900.00 ns, 563.3515 ns/op
WorkloadActual  15: 1048576 op, 550435900.00 ns, 524.9366 ns/op

// AfterActualRun
WorkloadResult   1: 1048576 op, 553804300.00 ns, 528.1489 ns/op
WorkloadResult   2: 1048576 op, 553322900.00 ns, 527.6898 ns/op
WorkloadResult   3: 1048576 op, 567490900.00 ns, 541.2015 ns/op
WorkloadResult   4: 1048576 op, 566574700.00 ns, 540.3277 ns/op
WorkloadResult   5: 1048576 op, 558902300.00 ns, 533.0108 ns/op
WorkloadResult   6: 1048576 op, 558078000.00 ns, 532.2247 ns/op
WorkloadResult   7: 1048576 op, 556706100.00 ns, 530.9163 ns/op
WorkloadResult   8: 1048576 op, 559789600.00 ns, 533.8570 ns/op
WorkloadResult   9: 1048576 op, 576786800.00 ns, 550.0668 ns/op
WorkloadResult  10: 1048576 op, 566206900.00 ns, 539.9770 ns/op
WorkloadResult  11: 1048576 op, 559281100.00 ns, 533.3720 ns/op
WorkloadResult  12: 1048576 op, 560326800.00 ns, 534.3693 ns/op
WorkloadResult  13: 1048576 op, 559323000.00 ns, 533.4120 ns/op
WorkloadResult  14: 1048576 op, 550435900.00 ns, 524.9366 ns/op
// GC:  74 0 0 973182576 1048576
// Threading:  0 0 1048576

STEADY_ALLOCATION mode=KeyRecordsDistinct records=261888 bytes=243032064
// AfterAll
// Benchmark Process 42232 has exited with code 0.

Mean = 534.536 ns, StdErr = 1.742 ns (0.33%), N = 14, StdDev = 6.519 ns
Min = 524.937 ns, Q1 = 531.243 ns, Median = 533.392 ns, Q3 = 538.575 ns, Max = 550.067 ns
IQR = 7.332 ns, LowerFence = 520.246 ns, UpperFence = 549.573 ns
ConfidenceInterval = [527.183 ns; 541.890 ns] (CI 99.9%), Margin = 7.354 ns (1.38% of Mean)
Skewness = 0.74, Kurtosis = 2.95, MValue = 2

// ** Remained 27 (96.4%) benchmark(s) to run. Estimated finish 2026-09-07 16:03 (0h 6m from now) **
Setup power plan (GUID: 8c5e7fda-e8bf-4a96-9a85-a6e23a8c635c FriendlyName: High performance)
// **************************
// Benchmark: PartitionedLifetimeBenchmarks.ProcessLifetime: B_Predecessor(Affinity=00000000000000000100, EnvironmentVariables=DOTNET_TieredCompilation=0,DEKAF_DISPATCH_PROFILE=0,DEKAF_DISPATCH_SAMPLE_DIRECTORY=C:/git/Dekaf-perf-improvements-20260907/pr-3117/full\latency-samples,DEKAF_DISPATCH_JOB=B_Predecessor, Arguments=/p:ProductDirectory=C:/git/Dekaf-perf-improvements-20260907/pr-3117/predecessor,/p:UseSharedCompilation=false) [Mode=KeyRecordsDistinct]
// *** Execute ***
// Launch: 1 / 1
// Execute: dotnet Dekaf.Benchmarks-B_Predecessor-2.dll --anonymousPipes 1820 1796 --benchmarkName "Dekaf.Benchmarks.PartitionedLifetimeBenchmarks.ProcessLifetime(Mode: KeyRecordsDistinct)" --job B_Predecessor --benchmarkId 0 in C:\git\Dekaf-perf-improvements-20260907\pr-3117\comparison\bin\Release\net10.0\Dekaf.Benchmarks-B_Predecessor-2\bin\Release\net10.0
// BeforeAnythingElse

// Benchmark Process Environment Information:
// BenchmarkDotNet v0.15.8
// Runtime=.NET 10.0.11 (10.0.11, 10.0.1126.37416), X64 RyuJIT x86-64-v3
// GC=Concurrent Workstation
// HardwareIntrinsics=AVX2+BMI1+BMI2+F16C+FMA+LZCNT+MOVBE,AVX,SSE3+SSSE3+SSE4.1+SSE4.2+POPCNT,X86Base+SSE+SSE2,AES+PCLMUL,AvxVnni,SERIALIZE VectorSize=256
// Job: B_Predecessor(Affinity=100)

OverheadJitting  1: 262144 op, 169100.00 ns, 0.6451 ns/op
WorkloadJitting  1: 262144 op, 41677800.00 ns, 158.9882 ns/op

WorkloadPilot    1: 524288 op, 83598800.00 ns, 159.4521 ns/op
WorkloadPilot    2: 786432 op, 123542500.00 ns, 157.0924 ns/op
WorkloadPilot    3: 1048576 op, 167461300.00 ns, 159.7035 ns/op
WorkloadPilot    4: 1310720 op, 213876100.00 ns, 163.1745 ns/op
WorkloadPilot    5: 1572864 op, 252771900.00 ns, 160.7080 ns/op
WorkloadPilot    6: 1835008 op, 293276900.00 ns, 159.8232 ns/op
WorkloadPilot    7: 2097152 op, 332039500.00 ns, 158.3288 ns/op
WorkloadPilot    8: 2359296 op, 385464700.00 ns, 163.3812 ns/op
WorkloadPilot    9: 2621440 op, 416959800.00 ns, 159.0575 ns/op
WorkloadPilot   10: 2883584 op, 459795500.00 ns, 159.4528 ns/op
WorkloadPilot   11: 3145728 op, 504000100.00 ns, 160.2173 ns/op

WorkloadWarmup   1: 3145728 op, 502944800.00 ns, 159.8818 ns/op
WorkloadWarmup   2: 3145728 op, 503898700.00 ns, 160.1851 ns/op
WorkloadWarmup   3: 3145728 op, 500186500.00 ns, 159.0050 ns/op
WorkloadWarmup   4: 3145728 op, 498613200.00 ns, 158.5049 ns/op
WorkloadWarmup   5: 3145728 op, 539918100.00 ns, 171.6353 ns/op
WorkloadWarmup   6: 3145728 op, 506890000.00 ns, 161.1360 ns/op

// BeforeActualRun
WorkloadActual   1: 3145728 op, 503681800.00 ns, 160.1161 ns/op
WorkloadActual   2: 3145728 op, 499941700.00 ns, 158.9272 ns/op
WorkloadActual   3: 3145728 op, 510225500.00 ns, 162.1963 ns/op
WorkloadActual   4: 3145728 op, 526982400.00 ns, 167.5232 ns/op
WorkloadActual   5: 3145728 op, 503684100.00 ns, 160.1169 ns/op
WorkloadActual   6: 3145728 op, 499605500.00 ns, 158.8203 ns/op
WorkloadActual   7: 3145728 op, 541359800.00 ns, 172.0936 ns/op
WorkloadActual   8: 3145728 op, 504281700.00 ns, 160.3068 ns/op
WorkloadActual   9: 3145728 op, 509917600.00 ns, 162.0984 ns/op
WorkloadActual  10: 3145728 op, 500538000.00 ns, 159.1167 ns/op
WorkloadActual  11: 3145728 op, 505169500.00 ns, 160.5891 ns/op
WorkloadActual  12: 3145728 op, 501407200.00 ns, 159.3931 ns/op
WorkloadActual  13: 3145728 op, 503967000.00 ns, 160.2068 ns/op
WorkloadActual  14: 3145728 op, 506272700.00 ns, 160.9398 ns/op
WorkloadActual  15: 3145728 op, 498397500.00 ns, 158.4363 ns/op

// AfterActualRun
WorkloadResult   1: 3145728 op, 503681800.00 ns, 160.1161 ns/op
WorkloadResult   2: 3145728 op, 499941700.00 ns, 158.9272 ns/op
WorkloadResult   3: 3145728 op, 510225500.00 ns, 162.1963 ns/op
WorkloadResult   4: 3145728 op, 503684100.00 ns, 160.1169 ns/op
WorkloadResult   5: 3145728 op, 499605500.00 ns, 158.8203 ns/op
WorkloadResult   6: 3145728 op, 504281700.00 ns, 160.3068 ns/op
WorkloadResult   7: 3145728 op, 509917600.00 ns, 162.0984 ns/op
WorkloadResult   8: 3145728 op, 500538000.00 ns, 159.1167 ns/op
WorkloadResult   9: 3145728 op, 505169500.00 ns, 160.5891 ns/op
WorkloadResult  10: 3145728 op, 501407200.00 ns, 159.3931 ns/op
WorkloadResult  11: 3145728 op, 503967000.00 ns, 160.2068 ns/op
WorkloadResult  12: 3145728 op, 506272700.00 ns, 160.9398 ns/op
WorkloadResult  13: 3145728 op, 498397500.00 ns, 158.4363 ns/op
// GC:  0 0 0 563376 3145728
// Threading:  0 0 3145728

STEADY_ALLOCATION mode=KeyRecordsDistinct records=261888 bytes=0
// AfterAll
// Benchmark Process 30552 has exited with code 0.

Mean = 160.097 ns, StdErr = 0.327 ns (0.20%), N = 13, StdDev = 1.177 ns
Min = 158.436 ns, Q1 = 159.117 ns, Median = 160.117 ns, Q3 = 160.589 ns, Max = 162.196 ns
IQR = 1.472 ns, LowerFence = 156.908 ns, UpperFence = 162.798 ns
ConfidenceInterval = [158.687 ns; 161.507 ns] (CI 99.9%), Margin = 1.410 ns (0.88% of Mean)
Skewness = 0.4, Kurtosis = 1.97, MValue = 2

// ** Remained 26 (92.9%) benchmark(s) to run. Estimated finish 2026-09-07 16:02 (0h 6m from now) **
Setup power plan (GUID: 8c5e7fda-e8bf-4a96-9a85-a6e23a8c635c FriendlyName: High performance)
// **************************
// Benchmark: PartitionedLifetimeBenchmarks.ProcessLifetime: C_Published(Affinity=00000000000000000100, EnvironmentVariables=DOTNET_TieredCompilation=0,DEKAF_DISPATCH_PROFILE=0,DEKAF_DISPATCH_SAMPLE_DIRECTORY=C:/git/Dekaf-perf-improvements-20260907/pr-3117/full\latency-samples,DEKAF_DISPATCH_JOB=C_Published, Arguments=/p:ProductDirectory=C:/git/Dekaf-perf-improvements-20260907/pr-3117/published,/p:UseSharedCompilation=false) [Mode=KeyRecordsDistinct]
// *** Execute ***
// Launch: 1 / 1
// Execute: dotnet Dekaf.Benchmarks-C_Published-3.dll --anonymousPipes 1676 1688 --benchmarkName "Dekaf.Benchmarks.PartitionedLifetimeBenchmarks.ProcessLifetime(Mode: KeyRecordsDistinct)" --job C_Published --benchmarkId 0 in C:\git\Dekaf-perf-improvements-20260907\pr-3117\comparison\bin\Release\net10.0\Dekaf.Benchmarks-C_Published-3\bin\Release\net10.0
// BeforeAnythingElse

// Benchmark Process Environment Information:
// BenchmarkDotNet v0.15.8
// Runtime=.NET 10.0.11 (10.0.11, 10.0.1126.37416), X64 RyuJIT x86-64-v3
// GC=Concurrent Workstation
// HardwareIntrinsics=AVX2+BMI1+BMI2+F16C+FMA+LZCNT+MOVBE,AVX,SSE3+SSSE3+SSE4.1+SSE4.2+POPCNT,X86Base+SSE+SSE2,AES+PCLMUL,AvxVnni,SERIALIZE VectorSize=256
// Job: C_Published(Affinity=100)

OverheadJitting  1: 262144 op, 244200.00 ns, 0.9315 ns/op
WorkloadJitting  1: 262144 op, 40543700.00 ns, 154.6619 ns/op

WorkloadPilot    1: 524288 op, 80320700.00 ns, 153.1996 ns/op
WorkloadPilot    2: 786432 op, 119293700.00 ns, 151.6898 ns/op
WorkloadPilot    3: 1048576 op, 161209500.00 ns, 153.7414 ns/op
WorkloadPilot    4: 1310720 op, 224628200.00 ns, 171.3777 ns/op
WorkloadPilot    5: 1572864 op, 250776200.00 ns, 159.4392 ns/op
WorkloadPilot    6: 1835008 op, 279177000.00 ns, 152.1394 ns/op
WorkloadPilot    7: 2097152 op, 321191800.00 ns, 153.1562 ns/op
WorkloadPilot    8: 2359296 op, 363844800.00 ns, 154.2175 ns/op
WorkloadPilot    9: 2621440 op, 401660700.00 ns, 153.2214 ns/op
WorkloadPilot   10: 2883584 op, 447343300.00 ns, 155.1345 ns/op
WorkloadPilot   11: 3145728 op, 515634300.00 ns, 163.9157 ns/op

WorkloadWarmup   1: 3145728 op, 486997500.00 ns, 154.8123 ns/op
WorkloadWarmup   2: 3145728 op, 484108600.00 ns, 153.8940 ns/op
WorkloadWarmup   3: 3145728 op, 508299500.00 ns, 161.5841 ns/op
WorkloadWarmup   4: 3145728 op, 493149300.00 ns, 156.7679 ns/op
WorkloadWarmup   5: 3145728 op, 484876200.00 ns, 154.1380 ns/op
WorkloadWarmup   6: 3145728 op, 484969600.00 ns, 154.1677 ns/op
WorkloadWarmup   7: 3145728 op, 483529000.00 ns, 153.7097 ns/op

// BeforeActualRun
WorkloadActual   1: 3145728 op, 481598500.00 ns, 153.0960 ns/op
WorkloadActual   2: 3145728 op, 471074400.00 ns, 149.7505 ns/op
WorkloadActual   3: 3145728 op, 480043200.00 ns, 152.6016 ns/op
WorkloadActual   4: 3145728 op, 484479700.00 ns, 154.0119 ns/op
WorkloadActual   5: 3145728 op, 477488100.00 ns, 151.7894 ns/op
WorkloadActual   6: 3145728 op, 480513300.00 ns, 152.7511 ns/op
WorkloadActual   7: 3145728 op, 474791900.00 ns, 150.9323 ns/op
WorkloadActual   8: 3145728 op, 473366200.00 ns, 150.4791 ns/op
WorkloadActual   9: 3145728 op, 511718100.00 ns, 162.6708 ns/op
WorkloadActual  10: 3145728 op, 474886800.00 ns, 150.9624 ns/op
WorkloadActual  11: 3145728 op, 486920000.00 ns, 154.7877 ns/op
WorkloadActual  12: 3145728 op, 479990600.00 ns, 152.5849 ns/op
WorkloadActual  13: 3145728 op, 475429600.00 ns, 151.1350 ns/op
WorkloadActual  14: 3145728 op, 517016800.00 ns, 164.3552 ns/op
WorkloadActual  15: 3145728 op, 484518400.00 ns, 154.0243 ns/op

// AfterActualRun
WorkloadResult   1: 3145728 op, 481598500.00 ns, 153.0960 ns/op
WorkloadResult   2: 3145728 op, 471074400.00 ns, 149.7505 ns/op
WorkloadResult   3: 3145728 op, 480043200.00 ns, 152.6016 ns/op
WorkloadResult   4: 3145728 op, 484479700.00 ns, 154.0119 ns/op
WorkloadResult   5: 3145728 op, 477488100.00 ns, 151.7894 ns/op
WorkloadResult   6: 3145728 op, 480513300.00 ns, 152.7511 ns/op
WorkloadResult   7: 3145728 op, 474791900.00 ns, 150.9323 ns/op
WorkloadResult   8: 3145728 op, 473366200.00 ns, 150.4791 ns/op
WorkloadResult   9: 3145728 op, 474886800.00 ns, 150.9624 ns/op
WorkloadResult  10: 3145728 op, 486920000.00 ns, 154.7877 ns/op
WorkloadResult  11: 3145728 op, 479990600.00 ns, 152.5849 ns/op
WorkloadResult  12: 3145728 op, 475429600.00 ns, 151.1350 ns/op
WorkloadResult  13: 3145728 op, 484518400.00 ns, 154.0243 ns/op
// GC:  0 0 0 563376 3145728
// Threading:  0 0 3145728

STEADY_ALLOCATION mode=KeyRecordsDistinct records=261888 bytes=0
// AfterAll
// Benchmark Process 48032 has exited with code 0.

Mean = 152.224 ns, StdErr = 0.425 ns (0.28%), N = 13, StdDev = 1.531 ns
Min = 149.751 ns, Q1 = 150.962 ns, Median = 152.585 ns, Q3 = 153.096 ns, Max = 154.788 ns
IQR = 2.134 ns, LowerFence = 147.762 ns, UpperFence = 156.296 ns
ConfidenceInterval = [150.390 ns; 154.057 ns] (CI 99.9%), Margin = 1.833 ns (1.20% of Mean)
Skewness = 0.07, Kurtosis = 1.65, MValue = 2

// ** Remained 25 (89.3%) benchmark(s) to run. Estimated finish 2026-09-07 16:02 (0h 6m from now) **
Setup power plan (GUID: 8c5e7fda-e8bf-4a96-9a85-a6e23a8c635c FriendlyName: High performance)
// **************************
// Benchmark: PartitionedLifetimeBenchmarks.ProcessLifetime: D_Candidate(Affinity=00000000000000000100, EnvironmentVariables=DOTNET_TieredCompilation=0,DEKAF_DISPATCH_PROFILE=0,DEKAF_DISPATCH_SAMPLE_DIRECTORY=C:/git/Dekaf-perf-improvements-20260907/pr-3117/full\latency-samples,DEKAF_DISPATCH_JOB=D_Candidate, Arguments=/p:ProductDirectory=C:/git/Dekaf-perf-improvements-20260907/pr-3117/candidate,/p:UseSharedCompilation=false) [Mode=KeyRecordsDistinct]
// *** Execute ***
// Launch: 1 / 1
// Execute: dotnet Dekaf.Benchmarks-D_Candidate-4.dll --anonymousPipes 1792 1216 --benchmarkName "Dekaf.Benchmarks.PartitionedLifetimeBenchmarks.ProcessLifetime(Mode: KeyRecordsDistinct)" --job D_Candidate --benchmarkId 0 in C:\git\Dekaf-perf-improvements-20260907\pr-3117\comparison\bin\Release\net10.0\Dekaf.Benchmarks-D_Candidate-4\bin\Release\net10.0
// BeforeAnythingElse

// Benchmark Process Environment Information:
// BenchmarkDotNet v0.15.8
// Runtime=.NET 10.0.11 (10.0.11, 10.0.1126.37416), X64 RyuJIT x86-64-v3
// GC=Concurrent Workstation
// HardwareIntrinsics=AVX2+BMI1+BMI2+F16C+FMA+LZCNT+MOVBE,AVX,SSE3+SSSE3+SSE4.1+SSE4.2+POPCNT,X86Base+SSE+SSE2,AES+PCLMUL,AvxVnni,SERIALIZE VectorSize=256
// Job: D_Candidate(Affinity=100)

OverheadJitting  1: 262144 op, 168800.00 ns, 0.6439 ns/op
WorkloadJitting  1: 262144 op, 41875600.00 ns, 159.7427 ns/op

WorkloadPilot    1: 524288 op, 81725700.00 ns, 155.8794 ns/op
WorkloadPilot    2: 786432 op, 118311500.00 ns, 150.4409 ns/op
WorkloadPilot    3: 1048576 op, 158849500.00 ns, 151.4907 ns/op
WorkloadPilot    4: 1310720 op, 197695400.00 ns, 150.8296 ns/op
WorkloadPilot    5: 1572864 op, 240248900.00 ns, 152.7461 ns/op
WorkloadPilot    6: 1835008 op, 282641200.00 ns, 154.0272 ns/op
WorkloadPilot    7: 2097152 op, 315696900.00 ns, 150.5360 ns/op
WorkloadPilot    8: 2359296 op, 357139600.00 ns, 151.3755 ns/op
WorkloadPilot    9: 2621440 op, 396718300.00 ns, 151.3360 ns/op
WorkloadPilot   10: 2883584 op, 433887400.00 ns, 150.4681 ns/op
WorkloadPilot   11: 3145728 op, 480047200.00 ns, 152.6029 ns/op
WorkloadPilot   12: 3407872 op, 518296100.00 ns, 152.0879 ns/op

WorkloadWarmup   1: 3407872 op, 509881100.00 ns, 149.6186 ns/op
WorkloadWarmup   2: 3407872 op, 512426200.00 ns, 150.3654 ns/op
WorkloadWarmup   3: 3407872 op, 511221800.00 ns, 150.0120 ns/op
WorkloadWarmup   4: 3407872 op, 508406300.00 ns, 149.1859 ns/op
WorkloadWarmup   5: 3407872 op, 543794000.00 ns, 159.5700 ns/op
WorkloadWarmup   6: 3407872 op, 509691800.00 ns, 149.5631 ns/op

// BeforeActualRun
WorkloadActual   1: 3407872 op, 519590900.00 ns, 152.4678 ns/op
WorkloadActual   2: 3407872 op, 507480800.00 ns, 148.9143 ns/op
WorkloadActual   3: 3407872 op, 560458200.00 ns, 164.4599 ns/op
WorkloadActual   4: 3407872 op, 519546100.00 ns, 152.4547 ns/op
WorkloadActual   5: 3407872 op, 512911900.00 ns, 150.5080 ns/op
WorkloadActual   6: 3407872 op, 537178100.00 ns, 157.6286 ns/op
WorkloadActual   7: 3407872 op, 511887000.00 ns, 150.2072 ns/op
WorkloadActual   8: 3407872 op, 525031800.00 ns, 154.0644 ns/op
WorkloadActual   9: 3407872 op, 511406300.00 ns, 150.0662 ns/op
WorkloadActual  10: 3407872 op, 518077900.00 ns, 152.0239 ns/op
WorkloadActual  11: 3407872 op, 510334600.00 ns, 149.7517 ns/op
WorkloadActual  12: 3407872 op, 515464900.00 ns, 151.2571 ns/op
WorkloadActual  13: 3407872 op, 521619900.00 ns, 153.0632 ns/op
WorkloadActual  14: 3407872 op, 514947300.00 ns, 151.1052 ns/op
WorkloadActual  15: 3407872 op, 517794400.00 ns, 151.9407 ns/op

// AfterActualRun
WorkloadResult   1: 3407872 op, 519590900.00 ns, 152.4678 ns/op
WorkloadResult   2: 3407872 op, 507480800.00 ns, 148.9143 ns/op
WorkloadResult   3: 3407872 op, 519546100.00 ns, 152.4547 ns/op
WorkloadResult   4: 3407872 op, 512911900.00 ns, 150.5080 ns/op
WorkloadResult   5: 3407872 op, 511887000.00 ns, 150.2072 ns/op
WorkloadResult   6: 3407872 op, 525031800.00 ns, 154.0644 ns/op
WorkloadResult   7: 3407872 op, 511406300.00 ns, 150.0662 ns/op
WorkloadResult   8: 3407872 op, 518077900.00 ns, 152.0239 ns/op
WorkloadResult   9: 3407872 op, 510334600.00 ns, 149.7517 ns/op
WorkloadResult  10: 3407872 op, 515464900.00 ns, 151.2571 ns/op
WorkloadResult  11: 3407872 op, 521619900.00 ns, 153.0632 ns/op
WorkloadResult  12: 3407872 op, 514947300.00 ns, 151.1052 ns/op
WorkloadResult  13: 3407872 op, 517794400.00 ns, 151.9407 ns/op
// GC:  0 0 0 610296 3407872
// Threading:  0 0 3407872

STEADY_ALLOCATION mode=KeyRecordsDistinct records=261888 bytes=0
// AfterAll
// Benchmark Process 111044 has exited with code 0.

Mean = 151.371 ns, StdErr = 0.407 ns (0.27%), N = 13, StdDev = 1.466 ns
Min = 148.914 ns, Q1 = 150.207 ns, Median = 151.257 ns, Q3 = 152.455 ns, Max = 154.064 ns
IQR = 2.247 ns, LowerFence = 146.836 ns, UpperFence = 155.826 ns
ConfidenceInterval = [149.616 ns; 153.127 ns] (CI 99.9%), Margin = 1.756 ns (1.16% of Mean)
Skewness = 0.1, Kurtosis = 1.87, MValue = 2

// ** Remained 24 (85.7%) benchmark(s) to run. Estimated finish 2026-09-07 16:03 (0h 6m from now) **
Setup power plan (GUID: 8c5e7fda-e8bf-4a96-9a85-a6e23a8c635c FriendlyName: High performance)
// **************************
// Benchmark: PartitionedLifetimeBenchmarks.ProcessLifetime: E_PublishedControl(Affinity=00000000000000000100, EnvironmentVariables=DOTNET_TieredCompilation=0,DEKAF_DISPATCH_PROFILE=0,DEKAF_DISPATCH_SAMPLE_DIRECTORY=C:/git/Dekaf-perf-improvements-20260907/pr-3117/full\latency-samples,DEKAF_DISPATCH_JOB=E_PublishedControl, Arguments=/p:ProductDirectory=C:/git/Dekaf-perf-improvements-20260907/pr-3117/published,/p:UseSharedCompilation=false) [Mode=KeyRecordsDistinct]
// *** Execute ***
// Launch: 1 / 1
// Execute: dotnet Dekaf.Benchmarks-C_Published-3.dll --anonymousPipes 848 1196 --benchmarkName "Dekaf.Benchmarks.PartitionedLifetimeBenchmarks.ProcessLifetime(Mode: KeyRecordsDistinct)" --job E_PublishedControl --benchmarkId 1 in C:\git\Dekaf-perf-improvements-20260907\pr-3117\comparison\bin\Release\net10.0\Dekaf.Benchmarks-C_Published-3\bin\Release\net10.0
// BeforeAnythingElse

// Benchmark Process Environment Information:
// BenchmarkDotNet v0.15.8
// Runtime=.NET 10.0.11 (10.0.11, 10.0.1126.37416), X64 RyuJIT x86-64-v3
// GC=Concurrent Workstation
// HardwareIntrinsics=AVX2+BMI1+BMI2+F16C+FMA+LZCNT+MOVBE,AVX,SSE3+SSSE3+SSE4.1+SSE4.2+POPCNT,X86Base+SSE+SSE2,AES+PCLMUL,AvxVnni,SERIALIZE VectorSize=256
// Job: E_PublishedControl(Affinity=100)

OverheadJitting  1: 262144 op, 162800.00 ns, 0.6210 ns/op
WorkloadJitting  1: 262144 op, 41184500.00 ns, 157.1064 ns/op

WorkloadPilot    1: 524288 op, 80160200.00 ns, 152.8934 ns/op
WorkloadPilot    2: 786432 op, 120729300.00 ns, 153.5152 ns/op
WorkloadPilot    3: 1048576 op, 198852300.00 ns, 189.6403 ns/op
WorkloadPilot    4: 1310720 op, 203206900.00 ns, 155.0346 ns/op
WorkloadPilot    5: 1572864 op, 244827100.00 ns, 155.6569 ns/op
WorkloadPilot    6: 1835008 op, 278675900.00 ns, 151.8663 ns/op
WorkloadPilot    7: 2097152 op, 330676200.00 ns, 157.6787 ns/op
WorkloadPilot    8: 2359296 op, 362544600.00 ns, 153.6664 ns/op
WorkloadPilot    9: 2621440 op, 401200300.00 ns, 153.0458 ns/op
WorkloadPilot   10: 2883584 op, 483318700.00 ns, 167.6104 ns/op
WorkloadPilot   11: 3145728 op, 496376400.00 ns, 157.7938 ns/op
WorkloadPilot   12: 3407872 op, 525021000.00 ns, 154.0612 ns/op

WorkloadWarmup   1: 3407872 op, 540608700.00 ns, 158.6353 ns/op
WorkloadWarmup   2: 3407872 op, 534512900.00 ns, 156.8465 ns/op
WorkloadWarmup   3: 3407872 op, 524619400.00 ns, 153.9434 ns/op
WorkloadWarmup   4: 3407872 op, 525378200.00 ns, 154.1661 ns/op
WorkloadWarmup   5: 3407872 op, 522605500.00 ns, 153.3524 ns/op
WorkloadWarmup   6: 3407872 op, 529482100.00 ns, 155.3703 ns/op
WorkloadWarmup   7: 3407872 op, 529070500.00 ns, 155.2495 ns/op

// BeforeActualRun
WorkloadActual   1: 3407872 op, 535157400.00 ns, 157.0357 ns/op
WorkloadActual   2: 3407872 op, 527889400.00 ns, 154.9029 ns/op
WorkloadActual   3: 3407872 op, 524549400.00 ns, 153.9229 ns/op
WorkloadActual   4: 3407872 op, 532122600.00 ns, 156.1451 ns/op
WorkloadActual   5: 3407872 op, 524906400.00 ns, 154.0276 ns/op
WorkloadActual   6: 3407872 op, 565605500.00 ns, 165.9703 ns/op
WorkloadActual   7: 3407872 op, 528812300.00 ns, 155.1738 ns/op
WorkloadActual   8: 3407872 op, 532448700.00 ns, 156.2408 ns/op
WorkloadActual   9: 3407872 op, 526530900.00 ns, 154.5043 ns/op
WorkloadActual  10: 3407872 op, 580023700.00 ns, 170.2011 ns/op
WorkloadActual  11: 3407872 op, 544294600.00 ns, 159.7169 ns/op
WorkloadActual  12: 3407872 op, 530314000.00 ns, 155.6144 ns/op
WorkloadActual  13: 3407872 op, 571960000.00 ns, 167.8349 ns/op
WorkloadActual  14: 3407872 op, 534652000.00 ns, 156.8873 ns/op
WorkloadActual  15: 3407872 op, 543020800.00 ns, 159.3431 ns/op
WorkloadActual  16: 3407872 op, 523649500.00 ns, 153.6588 ns/op
WorkloadActual  17: 3407872 op, 535476300.00 ns, 157.1292 ns/op
WorkloadActual  18: 3407872 op, 528431700.00 ns, 155.0621 ns/op

// AfterActualRun
WorkloadResult   1: 3407872 op, 535157400.00 ns, 157.0357 ns/op
WorkloadResult   2: 3407872 op, 527889400.00 ns, 154.9029 ns/op
WorkloadResult   3: 3407872 op, 524549400.00 ns, 153.9229 ns/op
WorkloadResult   4: 3407872 op, 532122600.00 ns, 156.1451 ns/op
WorkloadResult   5: 3407872 op, 524906400.00 ns, 154.0276 ns/op
WorkloadResult   6: 3407872 op, 528812300.00 ns, 155.1738 ns/op
WorkloadResult   7: 3407872 op, 532448700.00 ns, 156.2408 ns/op
WorkloadResult   8: 3407872 op, 526530900.00 ns, 154.5043 ns/op
WorkloadResult   9: 3407872 op, 544294600.00 ns, 159.7169 ns/op
WorkloadResult  10: 3407872 op, 530314000.00 ns, 155.6144 ns/op
WorkloadResult  11: 3407872 op, 534652000.00 ns, 156.8873 ns/op
WorkloadResult  12: 3407872 op, 543020800.00 ns, 159.3431 ns/op
WorkloadResult  13: 3407872 op, 523649500.00 ns, 153.6588 ns/op
WorkloadResult  14: 3407872 op, 535476300.00 ns, 157.1292 ns/op
WorkloadResult  15: 3407872 op, 528431700.00 ns, 155.0621 ns/op
// GC:  0 0 0 610296 3407872
// Threading:  0 0 3407872

STEADY_ALLOCATION mode=KeyRecordsDistinct records=261888 bytes=0
// AfterAll
// Benchmark Process 78756 has exited with code 0.

Mean = 155.958 ns, StdErr = 0.473 ns (0.30%), N = 15, StdDev = 1.833 ns
Min = 153.659 ns, Q1 = 154.704 ns, Median = 155.614 ns, Q3 = 156.961 ns, Max = 159.717 ns
IQR = 2.258 ns, LowerFence = 151.317 ns, UpperFence = 160.348 ns
ConfidenceInterval = [153.999 ns; 157.917 ns] (CI 99.9%), Margin = 1.959 ns (1.26% of Mean)
Skewness = 0.68, Kurtosis = 2.37, MValue = 2

// ** Remained 23 (82.1%) benchmark(s) to run. Estimated finish 2026-09-07 16:03 (0h 6m from now) **
Setup power plan (GUID: 8c5e7fda-e8bf-4a96-9a85-a6e23a8c635c FriendlyName: High performance)
// **************************
// Benchmark: PartitionedLifetimeBenchmarks.ProcessLifetime: F_PredecessorControl(Affinity=00000000000000000100, EnvironmentVariables=DOTNET_TieredCompilation=0,DEKAF_DISPATCH_PROFILE=0,DEKAF_DISPATCH_SAMPLE_DIRECTORY=C:/git/Dekaf-perf-improvements-20260907/pr-3117/full\latency-samples,DEKAF_DISPATCH_JOB=F_PredecessorControl, Arguments=/p:ProductDirectory=C:/git/Dekaf-perf-improvements-20260907/pr-3117/predecessor,/p:UseSharedCompilation=false) [Mode=KeyRecordsDistinct]
// *** Execute ***
// Launch: 1 / 1
// Execute: dotnet Dekaf.Benchmarks-B_Predecessor-2.dll --anonymousPipes 1112 1160 --benchmarkName "Dekaf.Benchmarks.PartitionedLifetimeBenchmarks.ProcessLifetime(Mode: KeyRecordsDistinct)" --job F_PredecessorControl --benchmarkId 1 in C:\git\Dekaf-perf-improvements-20260907\pr-3117\comparison\bin\Release\net10.0\Dekaf.Benchmarks-B_Predecessor-2\bin\Release\net10.0
// BeforeAnythingElse

// Benchmark Process Environment Information:
// BenchmarkDotNet v0.15.8
// Runtime=.NET 10.0.11 (10.0.11, 10.0.1126.37416), X64 RyuJIT x86-64-v3
// GC=Concurrent Workstation
// HardwareIntrinsics=AVX2+BMI1+BMI2+F16C+FMA+LZCNT+MOVBE,AVX,SSE3+SSSE3+SSE4.1+SSE4.2+POPCNT,X86Base+SSE+SSE2,AES+PCLMUL,AvxVnni,SERIALIZE VectorSize=256
// Job: F_PredecessorControl(Affinity=100)

OverheadJitting  1: 262144 op, 161800.00 ns, 0.6172 ns/op
WorkloadJitting  1: 262144 op, 41160900.00 ns, 157.0164 ns/op

WorkloadPilot    1: 524288 op, 80740100.00 ns, 153.9995 ns/op
WorkloadPilot    2: 786432 op, 121221000.00 ns, 154.1405 ns/op
WorkloadPilot    3: 1048576 op, 163515500.00 ns, 155.9405 ns/op
WorkloadPilot    4: 1310720 op, 203123200.00 ns, 154.9707 ns/op
WorkloadPilot    5: 1572864 op, 243135800.00 ns, 154.5816 ns/op
WorkloadPilot    6: 1835008 op, 282897300.00 ns, 154.1668 ns/op
WorkloadPilot    7: 2097152 op, 324849800.00 ns, 154.9005 ns/op
WorkloadPilot    8: 2359296 op, 366040600.00 ns, 155.1482 ns/op
WorkloadPilot    9: 2621440 op, 429796100.00 ns, 163.9542 ns/op
WorkloadPilot   10: 2883584 op, 448146900.00 ns, 155.4132 ns/op
WorkloadPilot   11: 3145728 op, 484559900.00 ns, 154.0374 ns/op
WorkloadPilot   12: 3407872 op, 537138900.00 ns, 157.6171 ns/op

WorkloadWarmup   1: 3407872 op, 519833100.00 ns, 152.5389 ns/op
WorkloadWarmup   2: 3407872 op, 564378300.00 ns, 165.6102 ns/op
WorkloadWarmup   3: 3407872 op, 534512800.00 ns, 156.8465 ns/op
WorkloadWarmup   4: 3407872 op, 527037200.00 ns, 154.6529 ns/op
WorkloadWarmup   5: 3407872 op, 558375900.00 ns, 163.8488 ns/op
WorkloadWarmup   6: 3407872 op, 528005400.00 ns, 154.9370 ns/op

// BeforeActualRun
WorkloadActual   1: 3407872 op, 530605000.00 ns, 155.6998 ns/op
WorkloadActual   2: 3407872 op, 525264000.00 ns, 154.1325 ns/op
WorkloadActual   3: 3407872 op, 529615400.00 ns, 155.4094 ns/op
WorkloadActual   4: 3407872 op, 529778000.00 ns, 155.4571 ns/op
WorkloadActual   5: 3407872 op, 524521200.00 ns, 153.9146 ns/op
WorkloadActual   6: 3407872 op, 533432200.00 ns, 156.5294 ns/op
WorkloadActual   7: 3407872 op, 526142000.00 ns, 154.3902 ns/op
WorkloadActual   8: 3407872 op, 528124300.00 ns, 154.9719 ns/op
WorkloadActual   9: 3407872 op, 523695400.00 ns, 153.6723 ns/op
WorkloadActual  10: 3407872 op, 546635600.00 ns, 160.4038 ns/op
WorkloadActual  11: 3407872 op, 531641600.00 ns, 156.0040 ns/op
WorkloadActual  12: 3407872 op, 528604100.00 ns, 155.1127 ns/op
WorkloadActual  13: 3407872 op, 523945100.00 ns, 153.7455 ns/op
WorkloadActual  14: 3407872 op, 536397600.00 ns, 157.3996 ns/op
WorkloadActual  15: 3407872 op, 573179000.00 ns, 168.1926 ns/op

// AfterActualRun
WorkloadResult   1: 3407872 op, 530605000.00 ns, 155.6998 ns/op
WorkloadResult   2: 3407872 op, 525264000.00 ns, 154.1325 ns/op
WorkloadResult   3: 3407872 op, 529615400.00 ns, 155.4094 ns/op
WorkloadResult   4: 3407872 op, 529778000.00 ns, 155.4571 ns/op
WorkloadResult   5: 3407872 op, 524521200.00 ns, 153.9146 ns/op
WorkloadResult   6: 3407872 op, 533432200.00 ns, 156.5294 ns/op
WorkloadResult   7: 3407872 op, 526142000.00 ns, 154.3902 ns/op
WorkloadResult   8: 3407872 op, 528124300.00 ns, 154.9719 ns/op
WorkloadResult   9: 3407872 op, 523695400.00 ns, 153.6723 ns/op
WorkloadResult  10: 3407872 op, 531641600.00 ns, 156.0040 ns/op
WorkloadResult  11: 3407872 op, 528604100.00 ns, 155.1127 ns/op
WorkloadResult  12: 3407872 op, 523945100.00 ns, 153.7455 ns/op
WorkloadResult  13: 3407872 op, 536397600.00 ns, 157.3996 ns/op
// GC:  0 0 0 610296 3407872
// Threading:  0 0 3407872

STEADY_ALLOCATION mode=KeyRecordsDistinct records=261888 bytes=0
// AfterAll
// Benchmark Process 57300 has exited with code 0.

Mean = 155.111 ns, StdErr = 0.315 ns (0.20%), N = 13, StdDev = 1.135 ns
Min = 153.672 ns, Q1 = 154.133 ns, Median = 155.113 ns, Q3 = 155.700 ns, Max = 157.400 ns
IQR = 1.567 ns, LowerFence = 151.782 ns, UpperFence = 158.051 ns
ConfidenceInterval = [153.751 ns; 156.470 ns] (CI 99.9%), Margin = 1.359 ns (0.88% of Mean)
Skewness = 0.38, Kurtosis = 2, MValue = 2

// ** Remained 22 (78.6%) benchmark(s) to run. Estimated finish 2026-09-07 16:03 (0h 5m from now) **
Setup power plan (GUID: 8c5e7fda-e8bf-4a96-9a85-a6e23a8c635c FriendlyName: High performance)
// **************************
// Benchmark: PartitionedLifetimeBenchmarks.ProcessLifetime: G_AcceptedControl(Affinity=00000000000000000100, EnvironmentVariables=DOTNET_TieredCompilation=0,DEKAF_DISPATCH_PROFILE=0,DEKAF_DISPATCH_SAMPLE_DIRECTORY=C:/git/Dekaf-perf-improvements-20260907/pr-3117/full\latency-samples,DEKAF_DISPATCH_JOB=G_AcceptedControl, Arguments=/p:ProductDirectory=C:/git/Dekaf-perf-improvements-20260907/pr-3117/accepted,/p:UseSharedCompilation=false) [Mode=KeyRecordsDistinct]
// *** Execute ***
// Launch: 1 / 1
// Execute: dotnet Dekaf.Benchmarks-A_Accepted-1.dll --anonymousPipes 1228 1788 --benchmarkName "Dekaf.Benchmarks.PartitionedLifetimeBenchmarks.ProcessLifetime(Mode: KeyRecordsDistinct)" --job G_AcceptedControl --benchmarkId 1 in C:\git\Dekaf-perf-improvements-20260907\pr-3117\comparison\bin\Release\net10.0\Dekaf.Benchmarks-A_Accepted-1\bin\Release\net10.0
// BeforeAnythingElse

// Benchmark Process Environment Information:
// BenchmarkDotNet v0.15.8
// Runtime=.NET 10.0.11 (10.0.11, 10.0.1126.37416), X64 RyuJIT x86-64-v3
// GC=Concurrent Workstation
// HardwareIntrinsics=AVX2+BMI1+BMI2+F16C+FMA+LZCNT+MOVBE,AVX,SSE3+SSSE3+SSE4.1+SSE4.2+POPCNT,X86Base+SSE+SSE2,AES+PCLMUL,AvxVnni,SERIALIZE VectorSize=256
// Job: G_AcceptedControl(Affinity=100)

OverheadJitting  1: 262144 op, 156100.00 ns, 0.5955 ns/op
WorkloadJitting  1: 262144 op, 138343900.00 ns, 527.7401 ns/op

WorkloadPilot    1: 524288 op, 312808900.00 ns, 596.6356 ns/op
WorkloadPilot    2: 786432 op, 416923700.00 ns, 530.1459 ns/op
WorkloadPilot    3: 1048576 op, 548892000.00 ns, 523.4642 ns/op

WorkloadWarmup   1: 1048576 op, 535663800.00 ns, 510.8488 ns/op
WorkloadWarmup   2: 1048576 op, 553214500.00 ns, 527.5865 ns/op
WorkloadWarmup   3: 1048576 op, 530822300.00 ns, 506.2316 ns/op
WorkloadWarmup   4: 1048576 op, 534058400.00 ns, 509.3178 ns/op
WorkloadWarmup   5: 1048576 op, 534694700.00 ns, 509.9246 ns/op
WorkloadWarmup   6: 1048576 op, 537060400.00 ns, 512.1807 ns/op
WorkloadWarmup   7: 1048576 op, 534194600.00 ns, 509.4477 ns/op

// BeforeActualRun
WorkloadActual   1: 1048576 op, 534408600.00 ns, 509.6518 ns/op
WorkloadActual   2: 1048576 op, 568145000.00 ns, 541.8253 ns/op
WorkloadActual   3: 1048576 op, 550372800.00 ns, 524.8764 ns/op
WorkloadActual   4: 1048576 op, 543076000.00 ns, 517.9176 ns/op
WorkloadActual   5: 1048576 op, 534798100.00 ns, 510.0232 ns/op
WorkloadActual   6: 1048576 op, 551031900.00 ns, 525.5050 ns/op
WorkloadActual   7: 1048576 op, 601184800.00 ns, 573.3345 ns/op
WorkloadActual   8: 1048576 op, 546556300.00 ns, 521.2367 ns/op
WorkloadActual   9: 1048576 op, 538353400.00 ns, 513.4138 ns/op
WorkloadActual  10: 1048576 op, 596002700.00 ns, 568.3925 ns/op
WorkloadActual  11: 1048576 op, 547311500.00 ns, 521.9569 ns/op
WorkloadActual  12: 1048576 op, 544531300.00 ns, 519.3055 ns/op
WorkloadActual  13: 1048576 op, 543216000.00 ns, 518.0511 ns/op
WorkloadActual  14: 1048576 op, 538561200.00 ns, 513.6120 ns/op
WorkloadActual  15: 1048576 op, 535882900.00 ns, 511.0578 ns/op
WorkloadActual  16: 1048576 op, 537391800.00 ns, 512.4968 ns/op

// AfterActualRun
WorkloadResult   1: 1048576 op, 534408600.00 ns, 509.6518 ns/op
WorkloadResult   2: 1048576 op, 568145000.00 ns, 541.8253 ns/op
WorkloadResult   3: 1048576 op, 550372800.00 ns, 524.8764 ns/op
WorkloadResult   4: 1048576 op, 543076000.00 ns, 517.9176 ns/op
WorkloadResult   5: 1048576 op, 534798100.00 ns, 510.0232 ns/op
WorkloadResult   6: 1048576 op, 551031900.00 ns, 525.5050 ns/op
WorkloadResult   7: 1048576 op, 546556300.00 ns, 521.2367 ns/op
WorkloadResult   8: 1048576 op, 538353400.00 ns, 513.4138 ns/op
WorkloadResult   9: 1048576 op, 547311500.00 ns, 521.9569 ns/op
WorkloadResult  10: 1048576 op, 544531300.00 ns, 519.3055 ns/op
WorkloadResult  11: 1048576 op, 543216000.00 ns, 518.0511 ns/op
WorkloadResult  12: 1048576 op, 538561200.00 ns, 513.6120 ns/op
WorkloadResult  13: 1048576 op, 535882900.00 ns, 511.0578 ns/op
WorkloadResult  14: 1048576 op, 537391800.00 ns, 512.4968 ns/op
// GC:  74 0 0 973182576 1048576
// Threading:  0 0 1048576

STEADY_ALLOCATION mode=KeyRecordsDistinct records=261888 bytes=243032064
// AfterAll
// Benchmark Process 86160 has exited with code 0.

Mean = 518.638 ns, StdErr = 2.279 ns (0.44%), N = 14, StdDev = 8.528 ns
Min = 509.652 ns, Q1 = 512.726 ns, Median = 517.984 ns, Q3 = 521.777 ns, Max = 541.825 ns
IQR = 9.051 ns, LowerFence = 499.150 ns, UpperFence = 535.353 ns
ConfidenceInterval = [509.017 ns; 528.258 ns] (CI 99.9%), Margin = 9.620 ns (1.85% of Mean)
Skewness = 1.24, Kurtosis = 4.2, MValue = 2

// ** Remained 21 (75.0%) benchmark(s) to run. Estimated finish 2026-09-07 16:03 (0h 5m from now) **
Setup power plan (GUID: 8c5e7fda-e8bf-4a96-9a85-a6e23a8c635c FriendlyName: High performance)
// **************************
// Benchmark: PartitionedLifetimeBenchmarks.ProcessLifetime: A_Accepted(Affinity=00000000000000000100, EnvironmentVariables=DOTNET_TieredCompilation=0,DEKAF_DISPATCH_PROFILE=0,DEKAF_DISPATCH_SAMPLE_DIRECTORY=C:/git/Dekaf-perf-improvements-20260907/pr-3117/full\latency-samples,DEKAF_DISPATCH_JOB=A_Accepted, Arguments=/p:ProductDirectory=C:/git/Dekaf-perf-improvements-20260907/pr-3117/accepted,/p:UseSharedCompilation=false) [Mode=KeyBatchesDistinct]
// *** Execute ***
// Launch: 1 / 1
// Execute: dotnet Dekaf.Benchmarks-A_Accepted-1.dll --anonymousPipes 1148 1248 --benchmarkName "Dekaf.Benchmarks.PartitionedLifetimeBenchmarks.ProcessLifetime(Mode: KeyBatchesDistinct)" --job A_Accepted --benchmarkId 2 in C:\git\Dekaf-perf-improvements-20260907\pr-3117\comparison\bin\Release\net10.0\Dekaf.Benchmarks-A_Accepted-1\bin\Release\net10.0
// BeforeAnythingElse

// Benchmark Process Environment Information:
// BenchmarkDotNet v0.15.8
// Runtime=.NET 10.0.11 (10.0.11, 10.0.1126.37416), X64 RyuJIT x86-64-v3
// GC=Concurrent Workstation
// HardwareIntrinsics=AVX2+BMI1+BMI2+F16C+FMA+LZCNT+MOVBE,AVX,SSE3+SSSE3+SSE4.1+SSE4.2+POPCNT,X86Base+SSE+SSE2,AES+PCLMUL,AvxVnni,SERIALIZE VectorSize=256
// Job: A_Accepted(Affinity=100)

OverheadJitting  1: 262144 op, 149500.00 ns, 0.5703 ns/op
WorkloadJitting  1: 262144 op, 158592800.00 ns, 604.9835 ns/op

WorkloadPilot    1: 524288 op, 303789300.00 ns, 579.4321 ns/op
WorkloadPilot    2: 786432 op, 449536300.00 ns, 571.6150 ns/op
WorkloadPilot    3: 1048576 op, 658292800.00 ns, 627.7969 ns/op

WorkloadWarmup   1: 1048576 op, 593658000.00 ns, 566.1564 ns/op
WorkloadWarmup   2: 1048576 op, 613323000.00 ns, 584.9104 ns/op
WorkloadWarmup   3: 1048576 op, 608156900.00 ns, 579.9836 ns/op
WorkloadWarmup   4: 1048576 op, 677376600.00 ns, 645.9967 ns/op
WorkloadWarmup   5: 1048576 op, 607789800.00 ns, 579.6335 ns/op
WorkloadWarmup   6: 1048576 op, 654550100.00 ns, 624.2276 ns/op

// BeforeActualRun
WorkloadActual   1: 1048576 op, 633431200.00 ns, 604.0871 ns/op
WorkloadActual   2: 1048576 op, 617095800.00 ns, 588.5084 ns/op
WorkloadActual   3: 1048576 op, 595770300.00 ns, 568.1708 ns/op
WorkloadActual   4: 1048576 op, 613982300.00 ns, 585.5392 ns/op
WorkloadActual   5: 1048576 op, 607633700.00 ns, 579.4847 ns/op
WorkloadActual   6: 1048576 op, 606947000.00 ns, 578.8298 ns/op
WorkloadActual   7: 1048576 op, 608905100.00 ns, 580.6972 ns/op
WorkloadActual   8: 1048576 op, 593456900.00 ns, 565.9646 ns/op
WorkloadActual   9: 1048576 op, 592384900.00 ns, 564.9423 ns/op
WorkloadActual  10: 1048576 op, 651705300.00 ns, 621.5146 ns/op
WorkloadActual  11: 1048576 op, 600442600.00 ns, 572.6267 ns/op
WorkloadActual  12: 1048576 op, 599220200.00 ns, 571.4609 ns/op
WorkloadActual  13: 1048576 op, 600278300.00 ns, 572.4700 ns/op
WorkloadActual  14: 1048576 op, 680939000.00 ns, 649.3940 ns/op
WorkloadActual  15: 1048576 op, 615056200.00 ns, 586.5633 ns/op
WorkloadActual  16: 1048576 op, 639142400.00 ns, 609.5337 ns/op
WorkloadActual  17: 1048576 op, 670366400.00 ns, 639.3112 ns/op
WorkloadActual  18: 1048576 op, 624016000.00 ns, 595.1080 ns/op
WorkloadActual  19: 1048576 op, 640899300.00 ns, 611.2092 ns/op
WorkloadActual  20: 1048576 op, 606117900.00 ns, 578.0391 ns/op
WorkloadActual  21: 1048576 op, 607450300.00 ns, 579.3097 ns/op
WorkloadActual  22: 1048576 op, 598481100.00 ns, 570.7561 ns/op
WorkloadActual  23: 1048576 op, 614128000.00 ns, 585.6781 ns/op
WorkloadActual  24: 1048576 op, 606698800.00 ns, 578.5931 ns/op
WorkloadActual  25: 1048576 op, 599199200.00 ns, 571.4409 ns/op
WorkloadActual  26: 1048576 op, 664749400.00 ns, 633.9544 ns/op
WorkloadActual  27: 1048576 op, 609756100.00 ns, 581.5087 ns/op
WorkloadActual  28: 1048576 op, 609702300.00 ns, 581.4574 ns/op
WorkloadActual  29: 1048576 op, 595340500.00 ns, 567.7609 ns/op

// AfterActualRun
WorkloadResult   1: 1048576 op, 633431200.00 ns, 604.0871 ns/op
WorkloadResult   2: 1048576 op, 617095800.00 ns, 588.5084 ns/op
WorkloadResult   3: 1048576 op, 595770300.00 ns, 568.1708 ns/op
WorkloadResult   4: 1048576 op, 613982300.00 ns, 585.5392 ns/op
WorkloadResult   5: 1048576 op, 607633700.00 ns, 579.4847 ns/op
WorkloadResult   6: 1048576 op, 606947000.00 ns, 578.8298 ns/op
WorkloadResult   7: 1048576 op, 608905100.00 ns, 580.6972 ns/op
WorkloadResult   8: 1048576 op, 593456900.00 ns, 565.9646 ns/op
WorkloadResult   9: 1048576 op, 592384900.00 ns, 564.9423 ns/op
WorkloadResult  10: 1048576 op, 651705300.00 ns, 621.5146 ns/op
WorkloadResult  11: 1048576 op, 600442600.00 ns, 572.6267 ns/op
WorkloadResult  12: 1048576 op, 599220200.00 ns, 571.4609 ns/op
WorkloadResult  13: 1048576 op, 600278300.00 ns, 572.4700 ns/op
WorkloadResult  14: 1048576 op, 615056200.00 ns, 586.5633 ns/op
WorkloadResult  15: 1048576 op, 639142400.00 ns, 609.5337 ns/op
WorkloadResult  16: 1048576 op, 624016000.00 ns, 595.1080 ns/op
WorkloadResult  17: 1048576 op, 640899300.00 ns, 611.2092 ns/op
WorkloadResult  18: 1048576 op, 606117900.00 ns, 578.0391 ns/op
WorkloadResult  19: 1048576 op, 607450300.00 ns, 579.3097 ns/op
WorkloadResult  20: 1048576 op, 598481100.00 ns, 570.7561 ns/op
WorkloadResult  21: 1048576 op, 614128000.00 ns, 585.6781 ns/op
WorkloadResult  22: 1048576 op, 606698800.00 ns, 578.5931 ns/op
WorkloadResult  23: 1048576 op, 599199200.00 ns, 571.4409 ns/op
WorkloadResult  24: 1048576 op, 609756100.00 ns, 581.5087 ns/op
WorkloadResult  25: 1048576 op, 609702300.00 ns, 581.4574 ns/op
WorkloadResult  26: 1048576 op, 595340500.00 ns, 567.7609 ns/op
// GC:  180 1 0 2357311584 1048576
// Threading:  1 0 1048576

STEADY_ALLOCATION mode=KeyBatchesDistinct records=261888 bytes=588724224
// AfterAll
// Benchmark Process 64228 has exited with code 0.

Mean = 582.741 ns, StdErr = 2.890 ns (0.50%), N = 26, StdDev = 14.738 ns
Min = 564.942 ns, Q1 = 571.713 ns, Median = 579.397 ns, Q3 = 586.342 ns, Max = 621.515 ns
IQR = 14.629 ns, LowerFence = 549.770 ns, UpperFence = 608.285 ns
ConfidenceInterval = [571.974 ns; 593.508 ns] (CI 99.9%), Margin = 10.767 ns (1.85% of Mean)
Skewness = 1.07, Kurtosis = 3.27, MValue = 2

// ** Remained 20 (71.4%) benchmark(s) to run. Estimated finish 2026-09-07 16:03 (0h 5m from now) **
Setup power plan (GUID: 8c5e7fda-e8bf-4a96-9a85-a6e23a8c635c FriendlyName: High performance)
// **************************
// Benchmark: PartitionedLifetimeBenchmarks.ProcessLifetime: B_Predecessor(Affinity=00000000000000000100, EnvironmentVariables=DOTNET_TieredCompilation=0,DEKAF_DISPATCH_PROFILE=0,DEKAF_DISPATCH_SAMPLE_DIRECTORY=C:/git/Dekaf-perf-improvements-20260907/pr-3117/full\latency-samples,DEKAF_DISPATCH_JOB=B_Predecessor, Arguments=/p:ProductDirectory=C:/git/Dekaf-perf-improvements-20260907/pr-3117/predecessor,/p:UseSharedCompilation=false) [Mode=KeyBatchesDistinct]
// *** Execute ***
// Launch: 1 / 1
// Execute: dotnet Dekaf.Benchmarks-B_Predecessor-2.dll --anonymousPipes 1848 1596 --benchmarkName "Dekaf.Benchmarks.PartitionedLifetimeBenchmarks.ProcessLifetime(Mode: KeyBatchesDistinct)" --job B_Predecessor --benchmarkId 2 in C:\git\Dekaf-perf-improvements-20260907\pr-3117\comparison\bin\Release\net10.0\Dekaf.Benchmarks-B_Predecessor-2\bin\Release\net10.0
// BeforeAnythingElse

// Benchmark Process Environment Information:
// BenchmarkDotNet v0.15.8
// Runtime=.NET 10.0.11 (10.0.11, 10.0.1126.37416), X64 RyuJIT x86-64-v3
// GC=Concurrent Workstation
// HardwareIntrinsics=AVX2+BMI1+BMI2+F16C+FMA+LZCNT+MOVBE,AVX,SSE3+SSSE3+SSE4.1+SSE4.2+POPCNT,X86Base+SSE+SSE2,AES+PCLMUL,AvxVnni,SERIALIZE VectorSize=256
// Job: B_Predecessor(Affinity=100)

OverheadJitting  1: 262144 op, 242900.00 ns, 0.9266 ns/op
WorkloadJitting  1: 262144 op, 40009800.00 ns, 152.6253 ns/op

WorkloadPilot    1: 524288 op, 80926700.00 ns, 154.3554 ns/op
WorkloadPilot    2: 786432 op, 122480600.00 ns, 155.7421 ns/op
WorkloadPilot    3: 1048576 op, 161534500.00 ns, 154.0513 ns/op
WorkloadPilot    4: 1310720 op, 201626500.00 ns, 153.8288 ns/op
WorkloadPilot    5: 1572864 op, 272405300.00 ns, 173.1906 ns/op
WorkloadPilot    6: 1835008 op, 294795000.00 ns, 160.6505 ns/op
WorkloadPilot    7: 2097152 op, 331819200.00 ns, 158.2237 ns/op
WorkloadPilot    8: 2359296 op, 371017400.00 ns, 157.2577 ns/op
WorkloadPilot    9: 2621440 op, 413416400.00 ns, 157.7058 ns/op
WorkloadPilot   10: 2883584 op, 446562000.00 ns, 154.8635 ns/op
WorkloadPilot   11: 3145728 op, 490990700.00 ns, 156.0817 ns/op
WorkloadPilot   12: 3407872 op, 527393000.00 ns, 154.7573 ns/op

WorkloadWarmup   1: 3407872 op, 531374100.00 ns, 155.9255 ns/op
WorkloadWarmup   2: 3407872 op, 531772900.00 ns, 156.0425 ns/op
WorkloadWarmup   3: 3407872 op, 530163900.00 ns, 155.5704 ns/op
WorkloadWarmup   4: 3407872 op, 527498300.00 ns, 154.7882 ns/op
WorkloadWarmup   5: 3407872 op, 528461600.00 ns, 155.0708 ns/op
WorkloadWarmup   6: 3407872 op, 567861300.00 ns, 166.6322 ns/op
WorkloadWarmup   7: 3407872 op, 533824800.00 ns, 156.6446 ns/op

// BeforeActualRun
WorkloadActual   1: 3407872 op, 530993700.00 ns, 155.8139 ns/op
WorkloadActual   2: 3407872 op, 530363600.00 ns, 155.6290 ns/op
WorkloadActual   3: 3407872 op, 532873100.00 ns, 156.3654 ns/op
WorkloadActual   4: 3407872 op, 560461800.00 ns, 164.4609 ns/op
WorkloadActual   5: 3407872 op, 541405000.00 ns, 158.8689 ns/op
WorkloadActual   6: 3407872 op, 531720800.00 ns, 156.0272 ns/op
WorkloadActual   7: 3407872 op, 559116800.00 ns, 164.0663 ns/op
WorkloadActual   8: 3407872 op, 533373900.00 ns, 156.5123 ns/op
WorkloadActual   9: 3407872 op, 537242700.00 ns, 157.6476 ns/op
WorkloadActual  10: 3407872 op, 529809500.00 ns, 155.4664 ns/op
WorkloadActual  11: 3407872 op, 530985600.00 ns, 155.8115 ns/op
WorkloadActual  12: 3407872 op, 529775400.00 ns, 155.4564 ns/op
WorkloadActual  13: 3407872 op, 532390600.00 ns, 156.2238 ns/op
WorkloadActual  14: 3407872 op, 537498000.00 ns, 157.7225 ns/op
WorkloadActual  15: 3407872 op, 527743400.00 ns, 154.8601 ns/op

// AfterActualRun
WorkloadResult   1: 3407872 op, 530993700.00 ns, 155.8139 ns/op
WorkloadResult   2: 3407872 op, 530363600.00 ns, 155.6290 ns/op
WorkloadResult   3: 3407872 op, 532873100.00 ns, 156.3654 ns/op
WorkloadResult   4: 3407872 op, 541405000.00 ns, 158.8689 ns/op
WorkloadResult   5: 3407872 op, 531720800.00 ns, 156.0272 ns/op
WorkloadResult   6: 3407872 op, 533373900.00 ns, 156.5123 ns/op
WorkloadResult   7: 3407872 op, 537242700.00 ns, 157.6476 ns/op
WorkloadResult   8: 3407872 op, 529809500.00 ns, 155.4664 ns/op
WorkloadResult   9: 3407872 op, 530985600.00 ns, 155.8115 ns/op
WorkloadResult  10: 3407872 op, 529775400.00 ns, 155.4564 ns/op
WorkloadResult  11: 3407872 op, 532390600.00 ns, 156.2238 ns/op
WorkloadResult  12: 3407872 op, 537498000.00 ns, 157.7225 ns/op
WorkloadResult  13: 3407872 op, 527743400.00 ns, 154.8601 ns/op
// GC:  0 0 0 628184 3407872
// Threading:  0 0 3407872

STEADY_ALLOCATION mode=KeyBatchesDistinct records=261888 bytes=0
// AfterAll
// Benchmark Process 90372 has exited with code 0.

Mean = 156.339 ns, StdErr = 0.310 ns (0.20%), N = 13, StdDev = 1.116 ns
Min = 154.860 ns, Q1 = 155.629 ns, Median = 156.027 ns, Q3 = 156.512 ns, Max = 158.869 ns
IQR = 0.883 ns, LowerFence = 154.304 ns, UpperFence = 157.837 ns
ConfidenceInterval = [155.002 ns; 157.676 ns] (CI 99.9%), Margin = 1.337 ns (0.86% of Mean)
Skewness = 0.88, Kurtosis = 2.67, MValue = 2

// ** Remained 19 (67.9%) benchmark(s) to run. Estimated finish 2026-09-07 16:03 (0h 5m from now) **
Setup power plan (GUID: 8c5e7fda-e8bf-4a96-9a85-a6e23a8c635c FriendlyName: High performance)
// **************************
// Benchmark: PartitionedLifetimeBenchmarks.ProcessLifetime: C_Published(Affinity=00000000000000000100, EnvironmentVariables=DOTNET_TieredCompilation=0,DEKAF_DISPATCH_PROFILE=0,DEKAF_DISPATCH_SAMPLE_DIRECTORY=C:/git/Dekaf-perf-improvements-20260907/pr-3117/full\latency-samples,DEKAF_DISPATCH_JOB=C_Published, Arguments=/p:ProductDirectory=C:/git/Dekaf-perf-improvements-20260907/pr-3117/published,/p:UseSharedCompilation=false) [Mode=KeyBatchesDistinct]
// *** Execute ***
// Launch: 1 / 1
// Execute: dotnet Dekaf.Benchmarks-C_Published-3.dll --anonymousPipes 1716 1548 --benchmarkName "Dekaf.Benchmarks.PartitionedLifetimeBenchmarks.ProcessLifetime(Mode: KeyBatchesDistinct)" --job C_Published --benchmarkId 2 in C:\git\Dekaf-perf-improvements-20260907\pr-3117\comparison\bin\Release\net10.0\Dekaf.Benchmarks-C_Published-3\bin\Release\net10.0
// BeforeAnythingElse

// Benchmark Process Environment Information:
// BenchmarkDotNet v0.15.8
// Runtime=.NET 10.0.11 (10.0.11, 10.0.1126.37416), X64 RyuJIT x86-64-v3
// GC=Concurrent Workstation
// HardwareIntrinsics=AVX2+BMI1+BMI2+F16C+FMA+LZCNT+MOVBE,AVX,SSE3+SSSE3+SSE4.1+SSE4.2+POPCNT,X86Base+SSE+SSE2,AES+PCLMUL,AvxVnni,SERIALIZE VectorSize=256
// Job: C_Published(Affinity=100)

OverheadJitting  1: 262144 op, 165500.00 ns, 0.6313 ns/op
WorkloadJitting  1: 262144 op, 40334700.00 ns, 153.8647 ns/op

WorkloadPilot    1: 524288 op, 79747700.00 ns, 152.1067 ns/op
WorkloadPilot    2: 786432 op, 119040700.00 ns, 151.3681 ns/op
WorkloadPilot    3: 1048576 op, 190994600.00 ns, 182.1466 ns/op
WorkloadPilot    4: 1310720 op, 205572800.00 ns, 156.8396 ns/op
WorkloadPilot    5: 1572864 op, 237201400.00 ns, 150.8086 ns/op
WorkloadPilot    6: 1835008 op, 278091700.00 ns, 151.5479 ns/op
WorkloadPilot    7: 2097152 op, 323593600.00 ns, 154.3015 ns/op
WorkloadPilot    8: 2359296 op, 358588900.00 ns, 151.9898 ns/op
WorkloadPilot    9: 2621440 op, 397948700.00 ns, 151.8054 ns/op
WorkloadPilot   10: 2883584 op, 446354700.00 ns, 154.7916 ns/op
WorkloadPilot   11: 3145728 op, 514594300.00 ns, 163.5851 ns/op

WorkloadWarmup   1: 3145728 op, 488428600.00 ns, 155.2673 ns/op
WorkloadWarmup   2: 3145728 op, 478709000.00 ns, 152.1775 ns/op
WorkloadWarmup   3: 3145728 op, 518593700.00 ns, 164.8565 ns/op
WorkloadWarmup   4: 3145728 op, 479493600.00 ns, 152.4269 ns/op
WorkloadWarmup   5: 3145728 op, 484585500.00 ns, 154.0456 ns/op
WorkloadWarmup   6: 3145728 op, 477089100.00 ns, 151.6625 ns/op

// BeforeActualRun
WorkloadActual   1: 3145728 op, 475167000.00 ns, 151.0515 ns/op
WorkloadActual   2: 3145728 op, 473202700.00 ns, 150.4271 ns/op
WorkloadActual   3: 3145728 op, 478635800.00 ns, 152.1542 ns/op
WorkloadActual   4: 3145728 op, 473560200.00 ns, 150.5407 ns/op
WorkloadActual   5: 3145728 op, 485063700.00 ns, 154.1976 ns/op
WorkloadActual   6: 3145728 op, 472355700.00 ns, 150.1578 ns/op
WorkloadActual   7: 3145728 op, 475511300.00 ns, 151.1610 ns/op
WorkloadActual   8: 3145728 op, 471531900.00 ns, 149.8960 ns/op
WorkloadActual   9: 3145728 op, 512842300.00 ns, 163.0282 ns/op
WorkloadActual  10: 3145728 op, 477007500.00 ns, 151.6366 ns/op
WorkloadActual  11: 3145728 op, 478482000.00 ns, 152.1053 ns/op
WorkloadActual  12: 3145728 op, 477756000.00 ns, 151.8745 ns/op
WorkloadActual  13: 3145728 op, 466383100.00 ns, 148.2592 ns/op
WorkloadActual  14: 3145728 op, 515206300.00 ns, 163.7797 ns/op
WorkloadActual  15: 3145728 op, 485576800.00 ns, 154.3607 ns/op

// AfterActualRun
WorkloadResult   1: 3145728 op, 475167000.00 ns, 151.0515 ns/op
WorkloadResult   2: 3145728 op, 473202700.00 ns, 150.4271 ns/op
WorkloadResult   3: 3145728 op, 478635800.00 ns, 152.1542 ns/op
WorkloadResult   4: 3145728 op, 473560200.00 ns, 150.5407 ns/op
WorkloadResult   5: 3145728 op, 485063700.00 ns, 154.1976 ns/op
WorkloadResult   6: 3145728 op, 472355700.00 ns, 150.1578 ns/op
WorkloadResult   7: 3145728 op, 475511300.00 ns, 151.1610 ns/op
WorkloadResult   8: 3145728 op, 471531900.00 ns, 149.8960 ns/op
WorkloadResult   9: 3145728 op, 477007500.00 ns, 151.6366 ns/op
WorkloadResult  10: 3145728 op, 478482000.00 ns, 152.1053 ns/op
WorkloadResult  11: 3145728 op, 477756000.00 ns, 151.8745 ns/op
WorkloadResult  12: 3145728 op, 466383100.00 ns, 148.2592 ns/op
WorkloadResult  13: 3145728 op, 485576800.00 ns, 154.3607 ns/op
// GC:  0 0 0 579888 3145728
// Threading:  0 0 3145728

STEADY_ALLOCATION mode=KeyBatchesDistinct records=261888 bytes=0
// AfterAll
// Benchmark Process 90644 has exited with code 0.

Mean = 151.371 ns, StdErr = 0.463 ns (0.31%), N = 13, StdDev = 1.670 ns
Min = 148.259 ns, Q1 = 150.427 ns, Median = 151.161 ns, Q3 = 152.105 ns, Max = 154.361 ns
IQR = 1.678 ns, LowerFence = 147.910 ns, UpperFence = 154.623 ns
ConfidenceInterval = [149.371 ns; 153.371 ns] (CI 99.9%), Margin = 2.000 ns (1.32% of Mean)
Skewness = 0.23, Kurtosis = 2.44, MValue = 2

// ** Remained 18 (64.3%) benchmark(s) to run. Estimated finish 2026-09-07 16:03 (0h 4m from now) **
Setup power plan (GUID: 8c5e7fda-e8bf-4a96-9a85-a6e23a8c635c FriendlyName: High performance)
// **************************
// Benchmark: PartitionedLifetimeBenchmarks.ProcessLifetime: D_Candidate(Affinity=00000000000000000100, EnvironmentVariables=DOTNET_TieredCompilation=0,DEKAF_DISPATCH_PROFILE=0,DEKAF_DISPATCH_SAMPLE_DIRECTORY=C:/git/Dekaf-perf-improvements-20260907/pr-3117/full\latency-samples,DEKAF_DISPATCH_JOB=D_Candidate, Arguments=/p:ProductDirectory=C:/git/Dekaf-perf-improvements-20260907/pr-3117/candidate,/p:UseSharedCompilation=false) [Mode=KeyBatchesDistinct]
// *** Execute ***
// Launch: 1 / 1
// Execute: dotnet Dekaf.Benchmarks-D_Candidate-4.dll --anonymousPipes 1184 1780 --benchmarkName "Dekaf.Benchmarks.PartitionedLifetimeBenchmarks.ProcessLifetime(Mode: KeyBatchesDistinct)" --job D_Candidate --benchmarkId 1 in C:\git\Dekaf-perf-improvements-20260907\pr-3117\comparison\bin\Release\net10.0\Dekaf.Benchmarks-D_Candidate-4\bin\Release\net10.0
// BeforeAnythingElse

// Benchmark Process Environment Information:
// BenchmarkDotNet v0.15.8
// Runtime=.NET 10.0.11 (10.0.11, 10.0.1126.37416), X64 RyuJIT x86-64-v3
// GC=Concurrent Workstation
// HardwareIntrinsics=AVX2+BMI1+BMI2+F16C+FMA+LZCNT+MOVBE,AVX,SSE3+SSSE3+SSE4.1+SSE4.2+POPCNT,X86Base+SSE+SSE2,AES+PCLMUL,AvxVnni,SERIALIZE VectorSize=256
// Job: D_Candidate(Affinity=100)

OverheadJitting  1: 262144 op, 174300.00 ns, 0.6649 ns/op
WorkloadJitting  1: 262144 op, 41656400.00 ns, 158.9066 ns/op

WorkloadPilot    1: 524288 op, 106613100.00 ns, 203.3484 ns/op
WorkloadPilot    2: 786432 op, 127730800.00 ns, 162.4181 ns/op
WorkloadPilot    3: 1048576 op, 160491800.00 ns, 153.0569 ns/op
WorkloadPilot    4: 1310720 op, 200661200.00 ns, 153.0923 ns/op
WorkloadPilot    5: 1572864 op, 238018300.00 ns, 151.3280 ns/op
WorkloadPilot    6: 1835008 op, 273756400.00 ns, 149.1854 ns/op
WorkloadPilot    7: 2097152 op, 320003200.00 ns, 152.5894 ns/op
WorkloadPilot    8: 2359296 op, 350530100.00 ns, 148.5740 ns/op
WorkloadPilot    9: 2621440 op, 396129300.00 ns, 151.1113 ns/op
WorkloadPilot   10: 2883584 op, 426984800.00 ns, 148.0743 ns/op
WorkloadPilot   11: 3145728 op, 470091400.00 ns, 149.4380 ns/op
WorkloadPilot   12: 3407872 op, 506139700.00 ns, 148.5207 ns/op

WorkloadWarmup   1: 3407872 op, 501579100.00 ns, 147.1825 ns/op
WorkloadWarmup   2: 3407872 op, 514808300.00 ns, 151.0644 ns/op
WorkloadWarmup   3: 3407872 op, 506270300.00 ns, 148.5591 ns/op
WorkloadWarmup   4: 3407872 op, 503213700.00 ns, 147.6621 ns/op
WorkloadWarmup   5: 3407872 op, 515378300.00 ns, 151.2317 ns/op
WorkloadWarmup   6: 3407872 op, 526477600.00 ns, 154.4887 ns/op
WorkloadWarmup   7: 3407872 op, 509547400.00 ns, 149.5207 ns/op

// BeforeActualRun
WorkloadActual   1: 3407872 op, 512087200.00 ns, 150.2660 ns/op
WorkloadActual   2: 3407872 op, 503468200.00 ns, 147.7368 ns/op
WorkloadActual   3: 3407872 op, 557784300.00 ns, 163.6752 ns/op
WorkloadActual   4: 3407872 op, 515474300.00 ns, 151.2599 ns/op
WorkloadActual   5: 3407872 op, 502571200.00 ns, 147.4736 ns/op
WorkloadActual   6: 3407872 op, 548637300.00 ns, 160.9912 ns/op
WorkloadActual   7: 3407872 op, 517111300.00 ns, 151.7402 ns/op
WorkloadActual   8: 3407872 op, 519586000.00 ns, 152.4664 ns/op
WorkloadActual   9: 3407872 op, 504621900.00 ns, 148.0754 ns/op
WorkloadActual  10: 3407872 op, 508231100.00 ns, 149.1344 ns/op
WorkloadActual  11: 3407872 op, 504273600.00 ns, 147.9732 ns/op
WorkloadActual  12: 3407872 op, 508430200.00 ns, 149.1929 ns/op
WorkloadActual  13: 3407872 op, 508488300.00 ns, 149.2099 ns/op
WorkloadActual  14: 3407872 op, 520522000.00 ns, 152.7411 ns/op
WorkloadActual  15: 3407872 op, 502090300.00 ns, 147.3325 ns/op

// AfterActualRun
WorkloadResult   1: 3407872 op, 512087200.00 ns, 150.2660 ns/op
WorkloadResult   2: 3407872 op, 503468200.00 ns, 147.7368 ns/op
WorkloadResult   3: 3407872 op, 515474300.00 ns, 151.2599 ns/op
WorkloadResult   4: 3407872 op, 502571200.00 ns, 147.4736 ns/op
WorkloadResult   5: 3407872 op, 517111300.00 ns, 151.7402 ns/op
WorkloadResult   6: 3407872 op, 519586000.00 ns, 152.4664 ns/op
WorkloadResult   7: 3407872 op, 504621900.00 ns, 148.0754 ns/op
WorkloadResult   8: 3407872 op, 508231100.00 ns, 149.1344 ns/op
WorkloadResult   9: 3407872 op, 504273600.00 ns, 147.9732 ns/op
WorkloadResult  10: 3407872 op, 508430200.00 ns, 149.1929 ns/op
WorkloadResult  11: 3407872 op, 508488300.00 ns, 149.2099 ns/op
WorkloadResult  12: 3407872 op, 520522000.00 ns, 152.7411 ns/op
WorkloadResult  13: 3407872 op, 502090300.00 ns, 147.3325 ns/op
// GC:  0 0 0 628184 3407872
// Threading:  0 0 3407872

STEADY_ALLOCATION mode=KeyBatchesDistinct records=261888 bytes=0
// AfterAll
// Benchmark Process 101444 has exited with code 0.

Mean = 149.585 ns, StdErr = 0.534 ns (0.36%), N = 13, StdDev = 1.926 ns
Min = 147.332 ns, Q1 = 147.973 ns, Median = 149.193 ns, Q3 = 151.260 ns, Max = 152.741 ns
IQR = 3.287 ns, LowerFence = 143.043 ns, UpperFence = 156.190 ns
ConfidenceInterval = [147.279 ns; 151.891 ns] (CI 99.9%), Margin = 2.306 ns (1.54% of Mean)
Skewness = 0.38, Kurtosis = 1.49, MValue = 2

// ** Remained 17 (60.7%) benchmark(s) to run. Estimated finish 2026-09-07 16:03 (0h 4m from now) **
Setup power plan (GUID: 8c5e7fda-e8bf-4a96-9a85-a6e23a8c635c FriendlyName: High performance)
// **************************
// Benchmark: PartitionedLifetimeBenchmarks.ProcessLifetime: E_PublishedControl(Affinity=00000000000000000100, EnvironmentVariables=DOTNET_TieredCompilation=0,DEKAF_DISPATCH_PROFILE=0,DEKAF_DISPATCH_SAMPLE_DIRECTORY=C:/git/Dekaf-perf-improvements-20260907/pr-3117/full\latency-samples,DEKAF_DISPATCH_JOB=E_PublishedControl, Arguments=/p:ProductDirectory=C:/git/Dekaf-perf-improvements-20260907/pr-3117/published,/p:UseSharedCompilation=false) [Mode=KeyBatchesDistinct]
// *** Execute ***
// Launch: 1 / 1
// Execute: dotnet Dekaf.Benchmarks-C_Published-3.dll --anonymousPipes 1276 1788 --benchmarkName "Dekaf.Benchmarks.PartitionedLifetimeBenchmarks.ProcessLifetime(Mode: KeyBatchesDistinct)" --job E_PublishedControl --benchmarkId 3 in C:\git\Dekaf-perf-improvements-20260907\pr-3117\comparison\bin\Release\net10.0\Dekaf.Benchmarks-C_Published-3\bin\Release\net10.0
// BeforeAnythingElse

// Benchmark Process Environment Information:
// BenchmarkDotNet v0.15.8
// Runtime=.NET 10.0.11 (10.0.11, 10.0.1126.37416), X64 RyuJIT x86-64-v3
// GC=Concurrent Workstation
// HardwareIntrinsics=AVX2+BMI1+BMI2+F16C+FMA+LZCNT+MOVBE,AVX,SSE3+SSSE3+SSE4.1+SSE4.2+POPCNT,X86Base+SSE+SSE2,AES+PCLMUL,AvxVnni,SERIALIZE VectorSize=256
// Job: E_PublishedControl(Affinity=100)

OverheadJitting  1: 262144 op, 177100.00 ns, 0.6756 ns/op
WorkloadJitting  1: 262144 op, 41311400.00 ns, 157.5905 ns/op

WorkloadPilot    1: 524288 op, 81863400.00 ns, 156.1420 ns/op
WorkloadPilot    2: 786432 op, 126341300.00 ns, 160.6513 ns/op
WorkloadPilot    3: 1048576 op, 198097200.00 ns, 188.9202 ns/op
WorkloadPilot    4: 1310720 op, 207277300.00 ns, 158.1400 ns/op
WorkloadPilot    5: 1572864 op, 243586800.00 ns, 154.8683 ns/op
WorkloadPilot    6: 1835008 op, 288312500.00 ns, 157.1178 ns/op
WorkloadPilot    7: 2097152 op, 329983000.00 ns, 157.3482 ns/op
WorkloadPilot    8: 2359296 op, 366576200.00 ns, 155.3752 ns/op
WorkloadPilot    9: 2621440 op, 406490800.00 ns, 155.0639 ns/op
WorkloadPilot   10: 2883584 op, 480716200.00 ns, 166.7079 ns/op
WorkloadPilot   11: 3145728 op, 495532900.00 ns, 157.5257 ns/op
WorkloadPilot   12: 3407872 op, 536591300.00 ns, 157.4564 ns/op

WorkloadWarmup   1: 3407872 op, 553462700.00 ns, 162.4071 ns/op
WorkloadWarmup   2: 3407872 op, 546550800.00 ns, 160.3789 ns/op
WorkloadWarmup   3: 3407872 op, 531962100.00 ns, 156.0980 ns/op
WorkloadWarmup   4: 3407872 op, 525417400.00 ns, 154.1776 ns/op
WorkloadWarmup   5: 3407872 op, 532727000.00 ns, 156.3225 ns/op
WorkloadWarmup   6: 3407872 op, 539018900.00 ns, 158.1688 ns/op
WorkloadWarmup   7: 3407872 op, 529303600.00 ns, 155.3179 ns/op
WorkloadWarmup   8: 3407872 op, 530308400.00 ns, 155.6128 ns/op
WorkloadWarmup   9: 3407872 op, 539170500.00 ns, 158.2132 ns/op
WorkloadWarmup  10: 3407872 op, 533548900.00 ns, 156.5637 ns/op

// BeforeActualRun
WorkloadActual   1: 3407872 op, 528614700.00 ns, 155.1158 ns/op
WorkloadActual   2: 3407872 op, 534865800.00 ns, 156.9501 ns/op
WorkloadActual   3: 3407872 op, 569918400.00 ns, 167.2359 ns/op
WorkloadActual   4: 3407872 op, 530041400.00 ns, 155.5344 ns/op
WorkloadActual   5: 3407872 op, 537019600.00 ns, 157.5821 ns/op
WorkloadActual   6: 3407872 op, 531155600.00 ns, 155.8614 ns/op
WorkloadActual   7: 3407872 op, 574023700.00 ns, 168.4405 ns/op
WorkloadActual   8: 3407872 op, 536987300.00 ns, 157.5726 ns/op
WorkloadActual   9: 3407872 op, 531327500.00 ns, 155.9118 ns/op
WorkloadActual  10: 3407872 op, 581699500.00 ns, 170.6929 ns/op
WorkloadActual  11: 3407872 op, 534325100.00 ns, 156.7914 ns/op
WorkloadActual  12: 3407872 op, 539025100.00 ns, 158.1706 ns/op
WorkloadActual  13: 3407872 op, 528963400.00 ns, 155.2181 ns/op
WorkloadActual  14: 3407872 op, 530432900.00 ns, 155.6493 ns/op
WorkloadActual  15: 3407872 op, 528585000.00 ns, 155.1071 ns/op

// AfterActualRun
WorkloadResult   1: 3407872 op, 528614700.00 ns, 155.1158 ns/op
WorkloadResult   2: 3407872 op, 534865800.00 ns, 156.9501 ns/op
WorkloadResult   3: 3407872 op, 530041400.00 ns, 155.5344 ns/op
WorkloadResult   4: 3407872 op, 537019600.00 ns, 157.5821 ns/op
WorkloadResult   5: 3407872 op, 531155600.00 ns, 155.8614 ns/op
WorkloadResult   6: 3407872 op, 536987300.00 ns, 157.5726 ns/op
WorkloadResult   7: 3407872 op, 531327500.00 ns, 155.9118 ns/op
WorkloadResult   8: 3407872 op, 534325100.00 ns, 156.7914 ns/op
WorkloadResult   9: 3407872 op, 539025100.00 ns, 158.1706 ns/op
WorkloadResult  10: 3407872 op, 528963400.00 ns, 155.2181 ns/op
WorkloadResult  11: 3407872 op, 530432900.00 ns, 155.6493 ns/op
WorkloadResult  12: 3407872 op, 528585000.00 ns, 155.1071 ns/op
// GC:  0 0 0 628184 3407872
// Threading:  0 0 3407872

STEADY_ALLOCATION mode=KeyBatchesDistinct records=261888 bytes=0
// AfterAll
// Benchmark Process 99312 has exited with code 0.

Mean = 156.289 ns, StdErr = 0.311 ns (0.20%), N = 12, StdDev = 1.078 ns
Min = 155.107 ns, Q1 = 155.455 ns, Median = 155.887 ns, Q3 = 157.106 ns, Max = 158.171 ns
IQR = 1.650 ns, LowerFence = 152.980 ns, UpperFence = 159.581 ns
ConfidenceInterval = [154.908 ns; 157.669 ns] (CI 99.9%), Margin = 1.380 ns (0.88% of Mean)
Skewness = 0.4, Kurtosis = 1.48, MValue = 2

// ** Remained 16 (57.1%) benchmark(s) to run. Estimated finish 2026-09-07 16:03 (0h 4m from now) **
Setup power plan (GUID: 8c5e7fda-e8bf-4a96-9a85-a6e23a8c635c FriendlyName: High performance)
// **************************
// Benchmark: PartitionedLifetimeBenchmarks.ProcessLifetime: F_PredecessorControl(Affinity=00000000000000000100, EnvironmentVariables=DOTNET_TieredCompilation=0,DEKAF_DISPATCH_PROFILE=0,DEKAF_DISPATCH_SAMPLE_DIRECTORY=C:/git/Dekaf-perf-improvements-20260907/pr-3117/full\latency-samples,DEKAF_DISPATCH_JOB=F_PredecessorControl, Arguments=/p:ProductDirectory=C:/git/Dekaf-perf-improvements-20260907/pr-3117/predecessor,/p:UseSharedCompilation=false) [Mode=KeyBatchesDistinct]
// *** Execute ***
// Launch: 1 / 1
// Execute: dotnet Dekaf.Benchmarks-B_Predecessor-2.dll --anonymousPipes 1548 1876 --benchmarkName "Dekaf.Benchmarks.PartitionedLifetimeBenchmarks.ProcessLifetime(Mode: KeyBatchesDistinct)" --job F_PredecessorControl --benchmarkId 3 in C:\git\Dekaf-perf-improvements-20260907\pr-3117\comparison\bin\Release\net10.0\Dekaf.Benchmarks-B_Predecessor-2\bin\Release\net10.0
// BeforeAnythingElse

// Benchmark Process Environment Information:
// BenchmarkDotNet v0.15.8
// Runtime=.NET 10.0.11 (10.0.11, 10.0.1126.37416), X64 RyuJIT x86-64-v3
// GC=Concurrent Workstation
// HardwareIntrinsics=AVX2+BMI1+BMI2+F16C+FMA+LZCNT+MOVBE,AVX,SSE3+SSSE3+SSE4.1+SSE4.2+POPCNT,X86Base+SSE+SSE2,AES+PCLMUL,AvxVnni,SERIALIZE VectorSize=256
// Job: F_PredecessorControl(Affinity=100)

OverheadJitting  1: 262144 op, 159400.00 ns, 0.6081 ns/op
WorkloadJitting  1: 262144 op, 43235300.00 ns, 164.9296 ns/op

WorkloadPilot    1: 524288 op, 78727400.00 ns, 150.1606 ns/op
WorkloadPilot    2: 786432 op, 119192200.00 ns, 151.5607 ns/op
WorkloadPilot    3: 1048576 op, 168714300.00 ns, 160.8985 ns/op
WorkloadPilot    4: 1310720 op, 199364200.00 ns, 152.1028 ns/op
WorkloadPilot    5: 1572864 op, 239332800.00 ns, 152.1637 ns/op
WorkloadPilot    6: 1835008 op, 281667200.00 ns, 153.4964 ns/op
WorkloadPilot    7: 2097152 op, 320518300.00 ns, 152.8350 ns/op
WorkloadPilot    8: 2359296 op, 359334400.00 ns, 152.3058 ns/op
WorkloadPilot    9: 2621440 op, 445759400.00 ns, 170.0437 ns/op
WorkloadPilot   10: 2883584 op, 442592000.00 ns, 153.4868 ns/op
WorkloadPilot   11: 3145728 op, 479107000.00 ns, 152.3040 ns/op
WorkloadPilot   12: 3407872 op, 524320200.00 ns, 153.8556 ns/op

WorkloadWarmup   1: 3407872 op, 525234600.00 ns, 154.1239 ns/op
WorkloadWarmup   2: 3407872 op, 581181100.00 ns, 170.5408 ns/op
WorkloadWarmup   3: 3407872 op, 534558100.00 ns, 156.8598 ns/op
WorkloadWarmup   4: 3407872 op, 522523000.00 ns, 153.3282 ns/op
WorkloadWarmup   5: 3407872 op, 550494800.00 ns, 161.5362 ns/op
WorkloadWarmup   6: 3407872 op, 523662600.00 ns, 153.6626 ns/op

// BeforeActualRun
WorkloadActual   1: 3407872 op, 527202500.00 ns, 154.7014 ns/op
WorkloadActual   2: 3407872 op, 518637000.00 ns, 152.1879 ns/op
WorkloadActual   3: 3407872 op, 518773600.00 ns, 152.2280 ns/op
WorkloadActual   4: 3407872 op, 520505000.00 ns, 152.7361 ns/op
WorkloadActual   5: 3407872 op, 523722700.00 ns, 153.6803 ns/op
WorkloadActual   6: 3407872 op, 517510000.00 ns, 151.8572 ns/op
WorkloadActual   7: 3407872 op, 528042500.00 ns, 154.9479 ns/op
WorkloadActual   8: 3407872 op, 519865500.00 ns, 152.5484 ns/op
WorkloadActual   9: 3407872 op, 519893300.00 ns, 152.5566 ns/op
WorkloadActual  10: 3407872 op, 539992300.00 ns, 158.4544 ns/op
WorkloadActual  11: 3407872 op, 529252200.00 ns, 155.3028 ns/op
WorkloadActual  12: 3407872 op, 528351500.00 ns, 155.0385 ns/op
WorkloadActual  13: 3407872 op, 520189000.00 ns, 152.6434 ns/op
WorkloadActual  14: 3407872 op, 524701800.00 ns, 153.9676 ns/op
WorkloadActual  15: 3407872 op, 561390200.00 ns, 164.7334 ns/op

// AfterActualRun
WorkloadResult   1: 3407872 op, 527202500.00 ns, 154.7014 ns/op
WorkloadResult   2: 3407872 op, 518637000.00 ns, 152.1879 ns/op
WorkloadResult   3: 3407872 op, 518773600.00 ns, 152.2280 ns/op
WorkloadResult   4: 3407872 op, 520505000.00 ns, 152.7361 ns/op
WorkloadResult   5: 3407872 op, 523722700.00 ns, 153.6803 ns/op
WorkloadResult   6: 3407872 op, 517510000.00 ns, 151.8572 ns/op
WorkloadResult   7: 3407872 op, 528042500.00 ns, 154.9479 ns/op
WorkloadResult   8: 3407872 op, 519865500.00 ns, 152.5484 ns/op
WorkloadResult   9: 3407872 op, 519893300.00 ns, 152.5566 ns/op
WorkloadResult  10: 3407872 op, 539992300.00 ns, 158.4544 ns/op
WorkloadResult  11: 3407872 op, 529252200.00 ns, 155.3028 ns/op
WorkloadResult  12: 3407872 op, 528351500.00 ns, 155.0385 ns/op
WorkloadResult  13: 3407872 op, 520189000.00 ns, 152.6434 ns/op
WorkloadResult  14: 3407872 op, 524701800.00 ns, 153.9676 ns/op
// GC:  0 0 0 628184 3407872
// Threading:  0 0 3407872

STEADY_ALLOCATION mode=KeyBatchesDistinct records=261888 bytes=0
// AfterAll
// Benchmark Process 95220 has exited with code 0.

Mean = 153.775 ns, StdErr = 0.481 ns (0.31%), N = 14, StdDev = 1.798 ns
Min = 151.857 ns, Q1 = 152.550 ns, Median = 153.208 ns, Q3 = 154.886 ns, Max = 158.454 ns
IQR = 2.336 ns, LowerFence = 149.047 ns, UpperFence = 158.390 ns
ConfidenceInterval = [151.746 ns; 155.804 ns] (CI 99.9%), Margin = 2.029 ns (1.32% of Mean)
Skewness = 1.1, Kurtosis = 3.57, MValue = 2

// ** Remained 15 (53.6%) benchmark(s) to run. Estimated finish 2026-09-07 16:03 (0h 4m from now) **
Setup power plan (GUID: 8c5e7fda-e8bf-4a96-9a85-a6e23a8c635c FriendlyName: High performance)
// **************************
// Benchmark: PartitionedLifetimeBenchmarks.ProcessLifetime: G_AcceptedControl(Affinity=00000000000000000100, EnvironmentVariables=DOTNET_TieredCompilation=0,DEKAF_DISPATCH_PROFILE=0,DEKAF_DISPATCH_SAMPLE_DIRECTORY=C:/git/Dekaf-perf-improvements-20260907/pr-3117/full\latency-samples,DEKAF_DISPATCH_JOB=G_AcceptedControl, Arguments=/p:ProductDirectory=C:/git/Dekaf-perf-improvements-20260907/pr-3117/accepted,/p:UseSharedCompilation=false) [Mode=KeyBatchesDistinct]
// *** Execute ***
// Launch: 1 / 1
// Execute: dotnet Dekaf.Benchmarks-A_Accepted-1.dll --anonymousPipes 632 1908 --benchmarkName "Dekaf.Benchmarks.PartitionedLifetimeBenchmarks.ProcessLifetime(Mode: KeyBatchesDistinct)" --job G_AcceptedControl --benchmarkId 3 in C:\git\Dekaf-perf-improvements-20260907\pr-3117\comparison\bin\Release\net10.0\Dekaf.Benchmarks-A_Accepted-1\bin\Release\net10.0
// BeforeAnythingElse

// Benchmark Process Environment Information:
// BenchmarkDotNet v0.15.8
// Runtime=.NET 10.0.11 (10.0.11, 10.0.1126.37416), X64 RyuJIT x86-64-v3
// GC=Concurrent Workstation
// HardwareIntrinsics=AVX2+BMI1+BMI2+F16C+FMA+LZCNT+MOVBE,AVX,SSE3+SSSE3+SSE4.1+SSE4.2+POPCNT,X86Base+SSE+SSE2,AES+PCLMUL,AvxVnni,SERIALIZE VectorSize=256
// Job: G_AcceptedControl(Affinity=100)

OverheadJitting  1: 262144 op, 152300.00 ns, 0.5810 ns/op
WorkloadJitting  1: 262144 op, 157837100.00 ns, 602.1008 ns/op

WorkloadPilot    1: 524288 op, 364994000.00 ns, 696.1708 ns/op
WorkloadPilot    2: 786432 op, 468470600.00 ns, 595.6912 ns/op
WorkloadPilot    3: 1048576 op, 607046800.00 ns, 578.9249 ns/op

WorkloadWarmup   1: 1048576 op, 593438600.00 ns, 565.9472 ns/op
WorkloadWarmup   2: 1048576 op, 604057600.00 ns, 576.0742 ns/op
WorkloadWarmup   3: 1048576 op, 607885700.00 ns, 579.7250 ns/op
WorkloadWarmup   4: 1048576 op, 595534800.00 ns, 567.9462 ns/op
WorkloadWarmup   5: 1048576 op, 596624800.00 ns, 568.9857 ns/op
WorkloadWarmup   6: 1048576 op, 590383100.00 ns, 563.0332 ns/op

// BeforeActualRun
WorkloadActual   1: 1048576 op, 586594100.00 ns, 559.4197 ns/op
WorkloadActual   2: 1048576 op, 654978700.00 ns, 624.6364 ns/op
WorkloadActual   3: 1048576 op, 591489500.00 ns, 564.0883 ns/op
WorkloadActual   4: 1048576 op, 599500100.00 ns, 571.7278 ns/op
WorkloadActual   5: 1048576 op, 603194000.00 ns, 575.2506 ns/op
WorkloadActual   6: 1048576 op, 669403600.00 ns, 638.3930 ns/op
WorkloadActual   7: 1048576 op, 630305900.00 ns, 601.1065 ns/op
WorkloadActual   8: 1048576 op, 596964900.00 ns, 569.3101 ns/op
WorkloadActual   9: 1048576 op, 692052300.00 ns, 659.9925 ns/op
WorkloadActual  10: 1048576 op, 610238700.00 ns, 581.9690 ns/op
WorkloadActual  11: 1048576 op, 594179100.00 ns, 566.6533 ns/op
WorkloadActual  12: 1048576 op, 596643600.00 ns, 569.0037 ns/op
WorkloadActual  13: 1048576 op, 595520200.00 ns, 567.9323 ns/op
WorkloadActual  14: 1048576 op, 589595900.00 ns, 562.2825 ns/op
WorkloadActual  15: 1048576 op, 587587400.00 ns, 560.3670 ns/op
WorkloadActual  16: 1048576 op, 605789600.00 ns, 577.7260 ns/op
WorkloadActual  17: 1048576 op, 587276000.00 ns, 560.0700 ns/op
WorkloadActual  18: 1048576 op, 593581400.00 ns, 566.0833 ns/op
WorkloadActual  19: 1048576 op, 657266600.00 ns, 626.8183 ns/op
WorkloadActual  20: 1048576 op, 589091300.00 ns, 561.8012 ns/op
WorkloadActual  21: 1048576 op, 606608400.00 ns, 578.5069 ns/op

// AfterActualRun
WorkloadResult   1: 1048576 op, 586594100.00 ns, 559.4197 ns/op
WorkloadResult   2: 1048576 op, 591489500.00 ns, 564.0883 ns/op
WorkloadResult   3: 1048576 op, 599500100.00 ns, 571.7278 ns/op
WorkloadResult   4: 1048576 op, 603194000.00 ns, 575.2506 ns/op
WorkloadResult   5: 1048576 op, 630305900.00 ns, 601.1065 ns/op
WorkloadResult   6: 1048576 op, 596964900.00 ns, 569.3101 ns/op
WorkloadResult   7: 1048576 op, 610238700.00 ns, 581.9690 ns/op
WorkloadResult   8: 1048576 op, 594179100.00 ns, 566.6533 ns/op
WorkloadResult   9: 1048576 op, 596643600.00 ns, 569.0037 ns/op
WorkloadResult  10: 1048576 op, 595520200.00 ns, 567.9323 ns/op
WorkloadResult  11: 1048576 op, 589595900.00 ns, 562.2825 ns/op
WorkloadResult  12: 1048576 op, 587587400.00 ns, 560.3670 ns/op
WorkloadResult  13: 1048576 op, 605789600.00 ns, 577.7260 ns/op
WorkloadResult  14: 1048576 op, 587276000.00 ns, 560.0700 ns/op
WorkloadResult  15: 1048576 op, 593581400.00 ns, 566.0833 ns/op
WorkloadResult  16: 1048576 op, 589091300.00 ns, 561.8012 ns/op
WorkloadResult  17: 1048576 op, 606608400.00 ns, 578.5069 ns/op
// GC:  180 1 0 2357302896 1048576
// Threading:  0 0 1048576

STEADY_ALLOCATION mode=KeyBatchesDistinct records=261888 bytes=588724224
// AfterAll
// Benchmark Process 102156 has exited with code 0.

Mean = 570.194 ns, StdErr = 2.551 ns (0.45%), N = 17, StdDev = 10.518 ns
Min = 559.420 ns, Q1 = 562.282 ns, Median = 567.932 ns, Q3 = 575.251 ns, Max = 601.107 ns
IQR = 12.968 ns, LowerFence = 542.830 ns, UpperFence = 594.703 ns
ConfidenceInterval = [559.951 ns; 580.437 ns] (CI 99.9%), Margin = 10.243 ns (1.80% of Mean)
Skewness = 1.4, Kurtosis = 4.73, MValue = 2

// ** Remained 14 (50.0%) benchmark(s) to run. Estimated finish 2026-09-07 16:03 (0h 3m from now) **
Setup power plan (GUID: 8c5e7fda-e8bf-4a96-9a85-a6e23a8c635c FriendlyName: High performance)
// **************************
// Benchmark: PartitionedLifetimeBenchmarks.ProcessLifetime: A_Accepted(Affinity=00000000000000000100, EnvironmentVariables=DOTNET_TieredCompilation=0,DEKAF_DISPATCH_PROFILE=0,DEKAF_DISPATCH_SAMPLE_DIRECTORY=C:/git/Dekaf-perf-improvements-20260907/pr-3117/full\latency-samples,DEKAF_DISPATCH_JOB=A_Accepted, Arguments=/p:ProductDirectory=C:/git/Dekaf-perf-improvements-20260907/pr-3117/accepted,/p:UseSharedCompilation=false) [Mode=KeyRecordsPaired]
// *** Execute ***
// Launch: 1 / 1
// Execute: dotnet Dekaf.Benchmarks-A_Accepted-1.dll --anonymousPipes 1532 1660 --benchmarkName "Dekaf.Benchmarks.PartitionedLifetimeBenchmarks.ProcessLifetime(Mode: KeyRecordsPaired)" --job A_Accepted --benchmarkId 4 in C:\git\Dekaf-perf-improvements-20260907\pr-3117\comparison\bin\Release\net10.0\Dekaf.Benchmarks-A_Accepted-1\bin\Release\net10.0
// BeforeAnythingElse

// Benchmark Process Environment Information:
// BenchmarkDotNet v0.15.8
// Runtime=.NET 10.0.11 (10.0.11, 10.0.1126.37416), X64 RyuJIT x86-64-v3
// GC=Concurrent Workstation
// HardwareIntrinsics=AVX2+BMI1+BMI2+F16C+FMA+LZCNT+MOVBE,AVX,SSE3+SSSE3+SSE4.1+SSE4.2+POPCNT,X86Base+SSE+SSE2,AES+PCLMUL,AvxVnni,SERIALIZE VectorSize=256
// Job: A_Accepted(Affinity=100)

OverheadJitting  1: 262144 op, 290800.00 ns, 1.1093 ns/op
WorkloadJitting  1: 262144 op, 190388700.00 ns, 726.2753 ns/op

WorkloadPilot    1: 524288 op, 373316000.00 ns, 712.0438 ns/op
WorkloadPilot    2: 786432 op, 585362600.00 ns, 744.3270 ns/op

WorkloadWarmup   1: 786432 op, 537744700.00 ns, 683.7777 ns/op
WorkloadWarmup   2: 786432 op, 545288800.00 ns, 693.3706 ns/op
WorkloadWarmup   3: 786432 op, 532447700.00 ns, 677.0423 ns/op
WorkloadWarmup   4: 786432 op, 534302400.00 ns, 679.4006 ns/op
WorkloadWarmup   5: 786432 op, 534367500.00 ns, 679.4834 ns/op
WorkloadWarmup   6: 786432 op, 535446500.00 ns, 680.8554 ns/op
WorkloadWarmup   7: 786432 op, 532222200.00 ns, 676.7555 ns/op

// BeforeActualRun
WorkloadActual   1: 786432 op, 545986700.00 ns, 694.2580 ns/op
WorkloadActual   2: 786432 op, 537219600.00 ns, 683.1100 ns/op
WorkloadActual   3: 786432 op, 527794900.00 ns, 671.1259 ns/op
WorkloadActual   4: 786432 op, 595048000.00 ns, 756.6427 ns/op
WorkloadActual   5: 786432 op, 542439100.00 ns, 689.7470 ns/op
WorkloadActual   6: 786432 op, 537543800.00 ns, 683.5223 ns/op
WorkloadActual   7: 786432 op, 529937600.00 ns, 673.8505 ns/op
WorkloadActual   8: 786432 op, 562106800.00 ns, 714.7558 ns/op
WorkloadActual   9: 786432 op, 559969700.00 ns, 712.0383 ns/op
WorkloadActual  10: 786432 op, 546559100.00 ns, 694.9858 ns/op
WorkloadActual  11: 786432 op, 579134600.00 ns, 736.4077 ns/op
WorkloadActual  12: 786432 op, 555820200.00 ns, 706.7619 ns/op
WorkloadActual  13: 786432 op, 545670600.00 ns, 693.8560 ns/op
WorkloadActual  14: 786432 op, 532383400.00 ns, 676.9605 ns/op
WorkloadActual  15: 786432 op, 537803700.00 ns, 683.8528 ns/op
WorkloadActual  16: 786432 op, 531719200.00 ns, 676.1159 ns/op
WorkloadActual  17: 786432 op, 542602100.00 ns, 689.9542 ns/op
WorkloadActual  18: 786432 op, 529946200.00 ns, 673.8614 ns/op
WorkloadActual  19: 786432 op, 539434000.00 ns, 685.9258 ns/op
WorkloadActual  20: 786432 op, 565215400.00 ns, 718.7085 ns/op
WorkloadActual  21: 786432 op, 545109800.00 ns, 693.1430 ns/op
WorkloadActual  22: 786432 op, 562315700.00 ns, 715.0214 ns/op
WorkloadActual  23: 786432 op, 548788900.00 ns, 697.8212 ns/op
WorkloadActual  24: 786432 op, 540692000.00 ns, 687.5254 ns/op

// AfterActualRun
WorkloadResult   1: 786432 op, 545986700.00 ns, 694.2580 ns/op
WorkloadResult   2: 786432 op, 537219600.00 ns, 683.1100 ns/op
WorkloadResult   3: 786432 op, 527794900.00 ns, 671.1259 ns/op
WorkloadResult   4: 786432 op, 542439100.00 ns, 689.7470 ns/op
WorkloadResult   5: 786432 op, 537543800.00 ns, 683.5223 ns/op
WorkloadResult   6: 786432 op, 529937600.00 ns, 673.8505 ns/op
WorkloadResult   7: 786432 op, 562106800.00 ns, 714.7558 ns/op
WorkloadResult   8: 786432 op, 559969700.00 ns, 712.0383 ns/op
WorkloadResult   9: 786432 op, 546559100.00 ns, 694.9858 ns/op
WorkloadResult  10: 786432 op, 579134600.00 ns, 736.4077 ns/op
WorkloadResult  11: 786432 op, 555820200.00 ns, 706.7619 ns/op
WorkloadResult  12: 786432 op, 545670600.00 ns, 693.8560 ns/op
WorkloadResult  13: 786432 op, 532383400.00 ns, 676.9605 ns/op
WorkloadResult  14: 786432 op, 537803700.00 ns, 683.8528 ns/op
WorkloadResult  15: 786432 op, 531719200.00 ns, 676.1159 ns/op
WorkloadResult  16: 786432 op, 542602100.00 ns, 689.9542 ns/op
WorkloadResult  17: 786432 op, 529946200.00 ns, 673.8614 ns/op
WorkloadResult  18: 786432 op, 539434000.00 ns, 685.9258 ns/op
WorkloadResult  19: 786432 op, 565215400.00 ns, 718.7085 ns/op
WorkloadResult  20: 786432 op, 545109800.00 ns, 693.1430 ns/op
WorkloadResult  21: 786432 op, 562315700.00 ns, 715.0214 ns/op
WorkloadResult  22: 786432 op, 548788900.00 ns, 697.8212 ns/op
WorkloadResult  23: 786432 op, 540692000.00 ns, 687.5254 ns/op
// GC:  70 0 0 915484968 786432
// Threading:  0 0 786432

STEADY_ALLOCATION mode=KeyRecordsPaired records=261888 bytes=304837632
// AfterAll
// Benchmark Process 107860 has exited with code 0.

Mean = 693.622 ns, StdErr = 3.501 ns (0.50%), N = 23, StdDev = 16.789 ns
Min = 671.126 ns, Q1 = 683.316 ns, Median = 689.954 ns, Q3 = 702.292 ns, Max = 736.408 ns
IQR = 18.975 ns, LowerFence = 654.853 ns, UpperFence = 730.755 ns
ConfidenceInterval = [680.347 ns; 706.897 ns] (CI 99.9%), Margin = 13.275 ns (1.91% of Mean)
Skewness = 0.75, Kurtosis = 2.78, MValue = 2

// ** Remained 13 (46.4%) benchmark(s) to run. Estimated finish 2026-09-07 16:03 (0h 3m from now) **
Setup power plan (GUID: 8c5e7fda-e8bf-4a96-9a85-a6e23a8c635c FriendlyName: High performance)
// **************************
// Benchmark: PartitionedLifetimeBenchmarks.ProcessLifetime: B_Predecessor(Affinity=00000000000000000100, EnvironmentVariables=DOTNET_TieredCompilation=0,DEKAF_DISPATCH_PROFILE=0,DEKAF_DISPATCH_SAMPLE_DIRECTORY=C:/git/Dekaf-perf-improvements-20260907/pr-3117/full\latency-samples,DEKAF_DISPATCH_JOB=B_Predecessor, Arguments=/p:ProductDirectory=C:/git/Dekaf-perf-improvements-20260907/pr-3117/predecessor,/p:UseSharedCompilation=false) [Mode=KeyRecordsPaired]
// *** Execute ***
// Launch: 1 / 1
// Execute: dotnet Dekaf.Benchmarks-B_Predecessor-2.dll --anonymousPipes 896 1216 --benchmarkName "Dekaf.Benchmarks.PartitionedLifetimeBenchmarks.ProcessLifetime(Mode: KeyRecordsPaired)" --job B_Predecessor --benchmarkId 4 in C:\git\Dekaf-perf-improvements-20260907\pr-3117\comparison\bin\Release\net10.0\Dekaf.Benchmarks-B_Predecessor-2\bin\Release\net10.0
// BeforeAnythingElse

// Benchmark Process Environment Information:
// BenchmarkDotNet v0.15.8
// Runtime=.NET 10.0.11 (10.0.11, 10.0.1126.37416), X64 RyuJIT x86-64-v3
// GC=Concurrent Workstation
// HardwareIntrinsics=AVX2+BMI1+BMI2+F16C+FMA+LZCNT+MOVBE,AVX,SSE3+SSSE3+SSE4.1+SSE4.2+POPCNT,X86Base+SSE+SSE2,AES+PCLMUL,AvxVnni,SERIALIZE VectorSize=256
// Job: B_Predecessor(Affinity=100)

OverheadJitting  1: 262144 op, 242600.00 ns, 0.9254 ns/op
WorkloadJitting  1: 262144 op, 49402500.00 ns, 188.4556 ns/op

WorkloadPilot    1: 524288 op, 86720000.00 ns, 165.4053 ns/op
WorkloadPilot    2: 786432 op, 145265600.00 ns, 184.7148 ns/op
WorkloadPilot    3: 1048576 op, 201956900.00 ns, 192.6011 ns/op
WorkloadPilot    4: 1310720 op, 216680900.00 ns, 165.3144 ns/op
WorkloadPilot    5: 1572864 op, 259611400.00 ns, 165.0565 ns/op
WorkloadPilot    6: 1835008 op, 311387700.00 ns, 169.6928 ns/op
WorkloadPilot    7: 2097152 op, 348231100.00 ns, 166.0495 ns/op
WorkloadPilot    8: 2359296 op, 419901400.00 ns, 177.9774 ns/op
WorkloadPilot    9: 2621440 op, 435995900.00 ns, 166.3192 ns/op
WorkloadPilot   10: 2883584 op, 481420000.00 ns, 166.9520 ns/op
WorkloadPilot   11: 3145728 op, 524852900.00 ns, 166.8462 ns/op

WorkloadWarmup   1: 3145728 op, 519718900.00 ns, 165.2142 ns/op
WorkloadWarmup   2: 3145728 op, 525750500.00 ns, 167.1316 ns/op
WorkloadWarmup   3: 3145728 op, 523433600.00 ns, 166.3951 ns/op
WorkloadWarmup   4: 3145728 op, 521092900.00 ns, 165.6510 ns/op
WorkloadWarmup   5: 3145728 op, 528075100.00 ns, 167.8706 ns/op
WorkloadWarmup   6: 3145728 op, 526952800.00 ns, 167.5138 ns/op

// BeforeActualRun
WorkloadActual   1: 3145728 op, 519116700.00 ns, 165.0228 ns/op
WorkloadActual   2: 3145728 op, 516920600.00 ns, 164.3246 ns/op
WorkloadActual   3: 3145728 op, 558565500.00 ns, 177.5632 ns/op
WorkloadActual   4: 3145728 op, 518432600.00 ns, 164.8053 ns/op
WorkloadActual   5: 3145728 op, 529918000.00 ns, 168.4564 ns/op
WorkloadActual   6: 3145728 op, 527127800.00 ns, 167.5694 ns/op
WorkloadActual   7: 3145728 op, 562970900.00 ns, 178.9636 ns/op
WorkloadActual   8: 3145728 op, 528900400.00 ns, 168.1329 ns/op
WorkloadActual   9: 3145728 op, 529973900.00 ns, 168.4742 ns/op
WorkloadActual  10: 3145728 op, 545020700.00 ns, 173.2574 ns/op
WorkloadActual  11: 3145728 op, 536852800.00 ns, 170.6609 ns/op
WorkloadActual  12: 3145728 op, 521442000.00 ns, 165.7619 ns/op
WorkloadActual  13: 3145728 op, 522903900.00 ns, 166.2267 ns/op
WorkloadActual  14: 3145728 op, 523428000.00 ns, 166.3933 ns/op
WorkloadActual  15: 3145728 op, 517418200.00 ns, 164.4828 ns/op

// AfterActualRun
WorkloadResult   1: 3145728 op, 519116700.00 ns, 165.0228 ns/op
WorkloadResult   2: 3145728 op, 516920600.00 ns, 164.3246 ns/op
WorkloadResult   3: 3145728 op, 518432600.00 ns, 164.8053 ns/op
WorkloadResult   4: 3145728 op, 529918000.00 ns, 168.4564 ns/op
WorkloadResult   5: 3145728 op, 527127800.00 ns, 167.5694 ns/op
WorkloadResult   6: 3145728 op, 528900400.00 ns, 168.1329 ns/op
WorkloadResult   7: 3145728 op, 529973900.00 ns, 168.4742 ns/op
WorkloadResult   8: 3145728 op, 545020700.00 ns, 173.2574 ns/op
WorkloadResult   9: 3145728 op, 536852800.00 ns, 170.6609 ns/op
WorkloadResult  10: 3145728 op, 521442000.00 ns, 165.7619 ns/op
WorkloadResult  11: 3145728 op, 522903900.00 ns, 166.2267 ns/op
WorkloadResult  12: 3145728 op, 523428000.00 ns, 166.3933 ns/op
WorkloadResult  13: 3145728 op, 517418200.00 ns, 164.4828 ns/op
// GC:  0 0 0 567792 3145728
// Threading:  0 0 3145728

STEADY_ALLOCATION mode=KeyRecordsPaired records=261888 bytes=0
// AfterAll
// Benchmark Process 93780 has exited with code 0.

Mean = 167.198 ns, StdErr = 0.728 ns (0.44%), N = 13, StdDev = 2.625 ns
Min = 164.325 ns, Q1 = 165.023 ns, Median = 166.393 ns, Q3 = 168.456 ns, Max = 173.257 ns
IQR = 3.434 ns, LowerFence = 159.872 ns, UpperFence = 173.607 ns
ConfidenceInterval = [164.054 ns; 170.341 ns] (CI 99.9%), Margin = 3.143 ns (1.88% of Mean)
Skewness = 0.84, Kurtosis = 2.73, MValue = 2

// ** Remained 12 (42.9%) benchmark(s) to run. Estimated finish 2026-09-07 16:03 (0h 3m from now) **
Setup power plan (GUID: 8c5e7fda-e8bf-4a96-9a85-a6e23a8c635c FriendlyName: High performance)
// **************************
// Benchmark: PartitionedLifetimeBenchmarks.ProcessLifetime: C_Published(Affinity=00000000000000000100, EnvironmentVariables=DOTNET_TieredCompilation=0,DEKAF_DISPATCH_PROFILE=0,DEKAF_DISPATCH_SAMPLE_DIRECTORY=C:/git/Dekaf-perf-improvements-20260907/pr-3117/full\latency-samples,DEKAF_DISPATCH_JOB=C_Published, Arguments=/p:ProductDirectory=C:/git/Dekaf-perf-improvements-20260907/pr-3117/published,/p:UseSharedCompilation=false) [Mode=KeyRecordsPaired]
// *** Execute ***
// Launch: 1 / 1
// Execute: dotnet Dekaf.Benchmarks-C_Published-3.dll --anonymousPipes 1908 632 --benchmarkName "Dekaf.Benchmarks.PartitionedLifetimeBenchmarks.ProcessLifetime(Mode: KeyRecordsPaired)" --job C_Published --benchmarkId 4 in C:\git\Dekaf-perf-improvements-20260907\pr-3117\comparison\bin\Release\net10.0\Dekaf.Benchmarks-C_Published-3\bin\Release\net10.0
// BeforeAnythingElse

// Benchmark Process Environment Information:
// BenchmarkDotNet v0.15.8
// Runtime=.NET 10.0.11 (10.0.11, 10.0.1126.37416), X64 RyuJIT x86-64-v3
// GC=Concurrent Workstation
// HardwareIntrinsics=AVX2+BMI1+BMI2+F16C+FMA+LZCNT+MOVBE,AVX,SSE3+SSSE3+SSE4.1+SSE4.2+POPCNT,X86Base+SSE+SSE2,AES+PCLMUL,AvxVnni,SERIALIZE VectorSize=256
// Job: C_Published(Affinity=100)

OverheadJitting  1: 262144 op, 173200.00 ns, 0.6607 ns/op
WorkloadJitting  1: 262144 op, 45327400.00 ns, 172.9103 ns/op

WorkloadPilot    1: 524288 op, 92247300.00 ns, 175.9478 ns/op
WorkloadPilot    2: 786432 op, 137383900.00 ns, 174.6927 ns/op
WorkloadPilot    3: 1048576 op, 186240700.00 ns, 177.6130 ns/op
WorkloadPilot    4: 1310720 op, 233138900.00 ns, 177.8709 ns/op
WorkloadPilot    5: 1572864 op, 282758200.00 ns, 179.7728 ns/op
WorkloadPilot    6: 1835008 op, 334824300.00 ns, 182.4648 ns/op
WorkloadPilot    7: 2097152 op, 375163100.00 ns, 178.8917 ns/op
WorkloadPilot    8: 2359296 op, 418368400.00 ns, 177.3276 ns/op
WorkloadPilot    9: 2621440 op, 499201500.00 ns, 190.4303 ns/op
WorkloadPilot   10: 2883584 op, 517023400.00 ns, 179.2989 ns/op

WorkloadWarmup   1: 2883584 op, 516916000.00 ns, 179.2616 ns/op
WorkloadWarmup   2: 2883584 op, 511185200.00 ns, 177.2743 ns/op
WorkloadWarmup   3: 2883584 op, 522592600.00 ns, 181.2302 ns/op
WorkloadWarmup   4: 2883584 op, 547892300.00 ns, 190.0039 ns/op
WorkloadWarmup   5: 2883584 op, 520491500.00 ns, 180.5016 ns/op
WorkloadWarmup   6: 2883584 op, 524344100.00 ns, 181.8376 ns/op
WorkloadWarmup   7: 2883584 op, 555404300.00 ns, 192.6090 ns/op
WorkloadWarmup   8: 2883584 op, 525687200.00 ns, 182.3034 ns/op

// BeforeActualRun
WorkloadActual   1: 2883584 op, 521687400.00 ns, 180.9163 ns/op
WorkloadActual   2: 2883584 op, 516806900.00 ns, 179.2238 ns/op
WorkloadActual   3: 2883584 op, 506104500.00 ns, 175.5123 ns/op
WorkloadActual   4: 2883584 op, 504249700.00 ns, 174.8691 ns/op
WorkloadActual   5: 2883584 op, 506757700.00 ns, 175.7388 ns/op
WorkloadActual   6: 2883584 op, 506022800.00 ns, 175.4840 ns/op
WorkloadActual   7: 2883584 op, 505326900.00 ns, 175.2426 ns/op
WorkloadActual   8: 2883584 op, 512368700.00 ns, 177.6847 ns/op
WorkloadActual   9: 2883584 op, 506261400.00 ns, 175.5667 ns/op
WorkloadActual  10: 2883584 op, 501153800.00 ns, 173.7955 ns/op
WorkloadActual  11: 2883584 op, 537833700.00 ns, 186.5157 ns/op
WorkloadActual  12: 2883584 op, 505905800.00 ns, 175.4434 ns/op
WorkloadActual  13: 2883584 op, 516475700.00 ns, 179.1089 ns/op
WorkloadActual  14: 2883584 op, 507983100.00 ns, 176.1638 ns/op
WorkloadActual  15: 2883584 op, 543120100.00 ns, 188.3490 ns/op

// AfterActualRun
WorkloadResult   1: 2883584 op, 521687400.00 ns, 180.9163 ns/op
WorkloadResult   2: 2883584 op, 516806900.00 ns, 179.2238 ns/op
WorkloadResult   3: 2883584 op, 506104500.00 ns, 175.5123 ns/op
WorkloadResult   4: 2883584 op, 504249700.00 ns, 174.8691 ns/op
WorkloadResult   5: 2883584 op, 506757700.00 ns, 175.7388 ns/op
WorkloadResult   6: 2883584 op, 506022800.00 ns, 175.4840 ns/op
WorkloadResult   7: 2883584 op, 505326900.00 ns, 175.2426 ns/op
WorkloadResult   8: 2883584 op, 512368700.00 ns, 177.6847 ns/op
WorkloadResult   9: 2883584 op, 506261400.00 ns, 175.5667 ns/op
WorkloadResult  10: 2883584 op, 501153800.00 ns, 173.7955 ns/op
WorkloadResult  11: 2883584 op, 505905800.00 ns, 175.4434 ns/op
WorkloadResult  12: 2883584 op, 516475700.00 ns, 179.1089 ns/op
WorkloadResult  13: 2883584 op, 507983100.00 ns, 176.1638 ns/op
// GC:  0 0 0 520504 2883584
// Threading:  0 0 2883584

STEADY_ALLOCATION mode=KeyRecordsPaired records=261888 bytes=0
// AfterAll
// Benchmark Process 10076 has exited with code 0.

Mean = 176.519 ns, StdErr = 0.574 ns (0.33%), N = 13, StdDev = 2.069 ns
Min = 173.795 ns, Q1 = 175.443 ns, Median = 175.567 ns, Q3 = 177.685 ns, Max = 180.916 ns
IQR = 2.241 ns, LowerFence = 172.081 ns, UpperFence = 181.047 ns
ConfidenceInterval = [174.041 ns; 178.997 ns] (CI 99.9%), Margin = 2.478 ns (1.40% of Mean)
Skewness = 0.8, Kurtosis = 2.28, MValue = 2

// ** Remained 11 (39.3%) benchmark(s) to run. Estimated finish 2026-09-07 16:03 (0h 3m from now) **
Setup power plan (GUID: 8c5e7fda-e8bf-4a96-9a85-a6e23a8c635c FriendlyName: High performance)
// **************************
// Benchmark: PartitionedLifetimeBenchmarks.ProcessLifetime: D_Candidate(Affinity=00000000000000000100, EnvironmentVariables=DOTNET_TieredCompilation=0,DEKAF_DISPATCH_PROFILE=0,DEKAF_DISPATCH_SAMPLE_DIRECTORY=C:/git/Dekaf-perf-improvements-20260907/pr-3117/full\latency-samples,DEKAF_DISPATCH_JOB=D_Candidate, Arguments=/p:ProductDirectory=C:/git/Dekaf-perf-improvements-20260907/pr-3117/candidate,/p:UseSharedCompilation=false) [Mode=KeyRecordsPaired]
// *** Execute ***
// Launch: 1 / 1
// Execute: dotnet Dekaf.Benchmarks-D_Candidate-4.dll --anonymousPipes 1888 1908 --benchmarkName "Dekaf.Benchmarks.PartitionedLifetimeBenchmarks.ProcessLifetime(Mode: KeyRecordsPaired)" --job D_Candidate --benchmarkId 2 in C:\git\Dekaf-perf-improvements-20260907\pr-3117\comparison\bin\Release\net10.0\Dekaf.Benchmarks-D_Candidate-4\bin\Release\net10.0
// BeforeAnythingElse

// Benchmark Process Environment Information:
// BenchmarkDotNet v0.15.8
// Runtime=.NET 10.0.11 (10.0.11, 10.0.1126.37416), X64 RyuJIT x86-64-v3
// GC=Concurrent Workstation
// HardwareIntrinsics=AVX2+BMI1+BMI2+F16C+FMA+LZCNT+MOVBE,AVX,SSE3+SSSE3+SSE4.1+SSE4.2+POPCNT,X86Base+SSE+SSE2,AES+PCLMUL,AvxVnni,SERIALIZE VectorSize=256
// Job: D_Candidate(Affinity=100)

OverheadJitting  1: 262144 op, 224900.00 ns, 0.8579 ns/op
WorkloadJitting  1: 262144 op, 47871500.00 ns, 182.6153 ns/op

WorkloadPilot    1: 524288 op, 95330200.00 ns, 181.8279 ns/op
WorkloadPilot    2: 786432 op, 136723300.00 ns, 173.8527 ns/op
WorkloadPilot    3: 1048576 op, 202327200.00 ns, 192.9543 ns/op
WorkloadPilot    4: 1310720 op, 245113900.00 ns, 187.0071 ns/op
WorkloadPilot    5: 1572864 op, 275590700.00 ns, 175.2158 ns/op
WorkloadPilot    6: 1835008 op, 319975200.00 ns, 174.3726 ns/op
WorkloadPilot    7: 2097152 op, 368090800.00 ns, 175.5194 ns/op
WorkloadPilot    8: 2359296 op, 404493400.00 ns, 171.4467 ns/op
WorkloadPilot    9: 2621440 op, 446029200.00 ns, 170.1466 ns/op
WorkloadPilot   10: 2883584 op, 494256700.00 ns, 171.4036 ns/op
WorkloadPilot   11: 3145728 op, 535295600.00 ns, 170.1659 ns/op

WorkloadWarmup   1: 3145728 op, 540702000.00 ns, 171.8845 ns/op
WorkloadWarmup   2: 3145728 op, 535972500.00 ns, 170.3811 ns/op
WorkloadWarmup   3: 3145728 op, 542370900.00 ns, 172.4151 ns/op
WorkloadWarmup   4: 3145728 op, 541300700.00 ns, 172.0749 ns/op
WorkloadWarmup   5: 3145728 op, 538663500.00 ns, 171.2365 ns/op
WorkloadWarmup   6: 3145728 op, 567225200.00 ns, 180.3160 ns/op
WorkloadWarmup   7: 3145728 op, 546353200.00 ns, 173.6810 ns/op

// BeforeActualRun
WorkloadActual   1: 3145728 op, 553989300.00 ns, 176.1085 ns/op
WorkloadActual   2: 3145728 op, 539699300.00 ns, 171.5658 ns/op
WorkloadActual   3: 3145728 op, 574765500.00 ns, 182.7130 ns/op
WorkloadActual   4: 3145728 op, 539832000.00 ns, 171.6080 ns/op
WorkloadActual   5: 3145728 op, 555404700.00 ns, 176.5584 ns/op
WorkloadActual   6: 3145728 op, 588009800.00 ns, 186.9233 ns/op
WorkloadActual   7: 3145728 op, 549499700.00 ns, 174.6813 ns/op
WorkloadActual   8: 3145728 op, 546798200.00 ns, 173.8225 ns/op
WorkloadActual   9: 3145728 op, 553003700.00 ns, 175.7951 ns/op
WorkloadActual  10: 3145728 op, 540417000.00 ns, 171.7939 ns/op
WorkloadActual  11: 3145728 op, 540550900.00 ns, 171.8365 ns/op
WorkloadActual  12: 3145728 op, 538764100.00 ns, 171.2685 ns/op
WorkloadActual  13: 3145728 op, 538773200.00 ns, 171.2714 ns/op
WorkloadActual  14: 3145728 op, 535148100.00 ns, 170.1190 ns/op
WorkloadActual  15: 3145728 op, 546360100.00 ns, 173.6832 ns/op

// AfterActualRun
WorkloadResult   1: 3145728 op, 553989300.00 ns, 176.1085 ns/op
WorkloadResult   2: 3145728 op, 539699300.00 ns, 171.5658 ns/op
WorkloadResult   3: 3145728 op, 539832000.00 ns, 171.6080 ns/op
WorkloadResult   4: 3145728 op, 555404700.00 ns, 176.5584 ns/op
WorkloadResult   5: 3145728 op, 549499700.00 ns, 174.6813 ns/op
WorkloadResult   6: 3145728 op, 546798200.00 ns, 173.8225 ns/op
WorkloadResult   7: 3145728 op, 553003700.00 ns, 175.7951 ns/op
WorkloadResult   8: 3145728 op, 540417000.00 ns, 171.7939 ns/op
WorkloadResult   9: 3145728 op, 540550900.00 ns, 171.8365 ns/op
WorkloadResult  10: 3145728 op, 538764100.00 ns, 171.2685 ns/op
WorkloadResult  11: 3145728 op, 538773200.00 ns, 171.2714 ns/op
WorkloadResult  12: 3145728 op, 535148100.00 ns, 170.1190 ns/op
WorkloadResult  13: 3145728 op, 546360100.00 ns, 173.6832 ns/op
// GC:  0 0 0 567792 3145728
// Threading:  0 0 3145728

STEADY_ALLOCATION mode=KeyRecordsPaired records=261888 bytes=0
// AfterAll
// Benchmark Process 80524 has exited with code 0.

Mean = 173.086 ns, StdErr = 0.594 ns (0.34%), N = 13, StdDev = 2.143 ns
Min = 170.119 ns, Q1 = 171.566 ns, Median = 171.837 ns, Q3 = 174.681 ns, Max = 176.558 ns
IQR = 3.115 ns, LowerFence = 166.893 ns, UpperFence = 179.354 ns
ConfidenceInterval = [170.519 ns; 175.652 ns] (CI 99.9%), Margin = 2.566 ns (1.48% of Mean)
Skewness = 0.35, Kurtosis = 1.47, MValue = 2

// ** Remained 10 (35.7%) benchmark(s) to run. Estimated finish 2026-09-07 16:03 (0h 2m from now) **
Setup power plan (GUID: 8c5e7fda-e8bf-4a96-9a85-a6e23a8c635c FriendlyName: High performance)
// **************************
// Benchmark: PartitionedLifetimeBenchmarks.ProcessLifetime: E_PublishedControl(Affinity=00000000000000000100, EnvironmentVariables=DOTNET_TieredCompilation=0,DEKAF_DISPATCH_PROFILE=0,DEKAF_DISPATCH_SAMPLE_DIRECTORY=C:/git/Dekaf-perf-improvements-20260907/pr-3117/full\latency-samples,DEKAF_DISPATCH_JOB=E_PublishedControl, Arguments=/p:ProductDirectory=C:/git/Dekaf-perf-improvements-20260907/pr-3117/published,/p:UseSharedCompilation=false) [Mode=KeyRecordsPaired]
// *** Execute ***
// Launch: 1 / 1
// Execute: dotnet Dekaf.Benchmarks-C_Published-3.dll --anonymousPipes 632 1960 --benchmarkName "Dekaf.Benchmarks.PartitionedLifetimeBenchmarks.ProcessLifetime(Mode: KeyRecordsPaired)" --job E_PublishedControl --benchmarkId 5 in C:\git\Dekaf-perf-improvements-20260907\pr-3117\comparison\bin\Release\net10.0\Dekaf.Benchmarks-C_Published-3\bin\Release\net10.0
// BeforeAnythingElse

// Benchmark Process Environment Information:
// BenchmarkDotNet v0.15.8
// Runtime=.NET 10.0.11 (10.0.11, 10.0.1126.37416), X64 RyuJIT x86-64-v3
// GC=Concurrent Workstation
// HardwareIntrinsics=AVX2+BMI1+BMI2+F16C+FMA+LZCNT+MOVBE,AVX,SSE3+SSSE3+SSE4.1+SSE4.2+POPCNT,X86Base+SSE+SSE2,AES+PCLMUL,AvxVnni,SERIALIZE VectorSize=256
// Job: E_PublishedControl(Affinity=100)

OverheadJitting  1: 262144 op, 164500.00 ns, 0.6275 ns/op
WorkloadJitting  1: 262144 op, 45870500.00 ns, 174.9821 ns/op

WorkloadPilot    1: 524288 op, 90858300.00 ns, 173.2985 ns/op
WorkloadPilot    2: 786432 op, 149341900.00 ns, 189.8980 ns/op
WorkloadPilot    3: 1048576 op, 188469900.00 ns, 179.7389 ns/op
WorkloadPilot    4: 1310720 op, 223327600.00 ns, 170.3854 ns/op
WorkloadPilot    5: 1572864 op, 268451100.00 ns, 170.6766 ns/op
WorkloadPilot    6: 1835008 op, 310779700.00 ns, 169.3615 ns/op
WorkloadPilot    7: 2097152 op, 364157900.00 ns, 173.6440 ns/op
WorkloadPilot    8: 2359296 op, 400274100.00 ns, 169.6583 ns/op
WorkloadPilot    9: 2621440 op, 470447100.00 ns, 179.4613 ns/op
WorkloadPilot   10: 2883584 op, 495863200.00 ns, 171.9607 ns/op
WorkloadPilot   11: 3145728 op, 539596500.00 ns, 171.5331 ns/op

WorkloadWarmup   1: 3145728 op, 582739000.00 ns, 185.2477 ns/op
WorkloadWarmup   2: 3145728 op, 547342000.00 ns, 173.9953 ns/op
WorkloadWarmup   3: 3145728 op, 533920000.00 ns, 169.7286 ns/op
WorkloadWarmup   4: 3145728 op, 545052500.00 ns, 173.2675 ns/op
WorkloadWarmup   5: 3145728 op, 545211600.00 ns, 173.3181 ns/op
WorkloadWarmup   6: 3145728 op, 547500100.00 ns, 174.0456 ns/op
WorkloadWarmup   7: 3145728 op, 543663500.00 ns, 172.8260 ns/op
WorkloadWarmup   8: 3145728 op, 543720200.00 ns, 172.8440 ns/op
WorkloadWarmup   9: 3145728 op, 544560700.00 ns, 173.1112 ns/op
WorkloadWarmup  10: 3145728 op, 551854800.00 ns, 175.4299 ns/op
WorkloadWarmup  11: 3145728 op, 538781300.00 ns, 171.2740 ns/op

// BeforeActualRun
WorkloadActual   1: 3145728 op, 545881900.00 ns, 173.5312 ns/op
WorkloadActual   2: 3145728 op, 575285400.00 ns, 182.8783 ns/op
WorkloadActual   3: 3145728 op, 539041700.00 ns, 171.3567 ns/op
WorkloadActual   4: 3145728 op, 546760100.00 ns, 173.8104 ns/op
WorkloadActual   5: 3145728 op, 545943200.00 ns, 173.5507 ns/op
WorkloadActual   6: 3145728 op, 571083800.00 ns, 181.5427 ns/op
WorkloadActual   7: 3145728 op, 544517200.00 ns, 173.0974 ns/op
WorkloadActual   8: 3145728 op, 572557600.00 ns, 182.0112 ns/op
WorkloadActual   9: 3145728 op, 555253400.00 ns, 176.5103 ns/op
WorkloadActual  10: 3145728 op, 549702400.00 ns, 174.7457 ns/op
WorkloadActual  11: 3145728 op, 547245500.00 ns, 173.9647 ns/op
WorkloadActual  12: 3145728 op, 547687900.00 ns, 174.1053 ns/op
WorkloadActual  13: 3145728 op, 542187200.00 ns, 172.3567 ns/op
WorkloadActual  14: 3145728 op, 539805300.00 ns, 171.5995 ns/op
WorkloadActual  15: 3145728 op, 543175200.00 ns, 172.6707 ns/op

// AfterActualRun
WorkloadResult   1: 3145728 op, 545881900.00 ns, 173.5312 ns/op
WorkloadResult   2: 3145728 op, 539041700.00 ns, 171.3567 ns/op
WorkloadResult   3: 3145728 op, 546760100.00 ns, 173.8104 ns/op
WorkloadResult   4: 3145728 op, 545943200.00 ns, 173.5507 ns/op
WorkloadResult   5: 3145728 op, 544517200.00 ns, 173.0974 ns/op
WorkloadResult   6: 3145728 op, 555253400.00 ns, 176.5103 ns/op
WorkloadResult   7: 3145728 op, 549702400.00 ns, 174.7457 ns/op
WorkloadResult   8: 3145728 op, 547245500.00 ns, 173.9647 ns/op
WorkloadResult   9: 3145728 op, 547687900.00 ns, 174.1053 ns/op
WorkloadResult  10: 3145728 op, 542187200.00 ns, 172.3567 ns/op
WorkloadResult  11: 3145728 op, 539805300.00 ns, 171.5995 ns/op
WorkloadResult  12: 3145728 op, 543175200.00 ns, 172.6707 ns/op
// GC:  0 0 0 567792 3145728
// Threading:  0 0 3145728

STEADY_ALLOCATION mode=KeyRecordsPaired records=261888 bytes=0
// AfterAll
// Benchmark Process 32540 has exited with code 0.

Mean = 173.442 ns, StdErr = 0.405 ns (0.23%), N = 12, StdDev = 1.402 ns
Min = 171.357 ns, Q1 = 172.592 ns, Median = 173.541 ns, Q3 = 174.000 ns, Max = 176.510 ns
IQR = 1.408 ns, LowerFence = 170.481 ns, UpperFence = 176.111 ns
ConfidenceInterval = [171.646 ns; 175.237 ns] (CI 99.9%), Margin = 1.796 ns (1.04% of Mean)
Skewness = 0.44, Kurtosis = 2.68, MValue = 2

// ** Remained 9 (32.1%) benchmark(s) to run. Estimated finish 2026-09-07 16:03 (0h 2m from now) **
Setup power plan (GUID: 8c5e7fda-e8bf-4a96-9a85-a6e23a8c635c FriendlyName: High performance)
// **************************
// Benchmark: PartitionedLifetimeBenchmarks.ProcessLifetime: F_PredecessorControl(Affinity=00000000000000000100, EnvironmentVariables=DOTNET_TieredCompilation=0,DEKAF_DISPATCH_PROFILE=0,DEKAF_DISPATCH_SAMPLE_DIRECTORY=C:/git/Dekaf-perf-improvements-20260907/pr-3117/full\latency-samples,DEKAF_DISPATCH_JOB=F_PredecessorControl, Arguments=/p:ProductDirectory=C:/git/Dekaf-perf-improvements-20260907/pr-3117/predecessor,/p:UseSharedCompilation=false) [Mode=KeyRecordsPaired]
// *** Execute ***
// Launch: 1 / 1
// Execute: dotnet Dekaf.Benchmarks-B_Predecessor-2.dll --anonymousPipes 1972 1968 --benchmarkName "Dekaf.Benchmarks.PartitionedLifetimeBenchmarks.ProcessLifetime(Mode: KeyRecordsPaired)" --job F_PredecessorControl --benchmarkId 5 in C:\git\Dekaf-perf-improvements-20260907\pr-3117\comparison\bin\Release\net10.0\Dekaf.Benchmarks-B_Predecessor-2\bin\Release\net10.0
// BeforeAnythingElse

// Benchmark Process Environment Information:
// BenchmarkDotNet v0.15.8
// Runtime=.NET 10.0.11 (10.0.11, 10.0.1126.37416), X64 RyuJIT x86-64-v3
// GC=Concurrent Workstation
// HardwareIntrinsics=AVX2+BMI1+BMI2+F16C+FMA+LZCNT+MOVBE,AVX,SSE3+SSSE3+SSE4.1+SSE4.2+POPCNT,X86Base+SSE+SSE2,AES+PCLMUL,AvxVnni,SERIALIZE VectorSize=256
// Job: F_PredecessorControl(Affinity=100)

OverheadJitting  1: 262144 op, 170900.00 ns, 0.6519 ns/op
WorkloadJitting  1: 262144 op, 44310600.00 ns, 169.0315 ns/op

WorkloadPilot    1: 524288 op, 85958300.00 ns, 163.9524 ns/op
WorkloadPilot    2: 786432 op, 129229400.00 ns, 164.3237 ns/op
WorkloadPilot    3: 1048576 op, 170899700.00 ns, 162.9827 ns/op
WorkloadPilot    4: 1310720 op, 216686600.00 ns, 165.3188 ns/op
WorkloadPilot    5: 1572864 op, 258457300.00 ns, 164.3227 ns/op
WorkloadPilot    6: 1835008 op, 301748000.00 ns, 164.4396 ns/op
WorkloadPilot    7: 2097152 op, 362555500.00 ns, 172.8799 ns/op
WorkloadPilot    8: 2359296 op, 407207700.00 ns, 172.5971 ns/op
WorkloadPilot    9: 2621440 op, 435948400.00 ns, 166.3011 ns/op
WorkloadPilot   10: 2883584 op, 482086900.00 ns, 167.1832 ns/op
WorkloadPilot   11: 3145728 op, 517015400.00 ns, 164.3548 ns/op

WorkloadWarmup   1: 3145728 op, 559017100.00 ns, 177.7068 ns/op
WorkloadWarmup   2: 3145728 op, 517713700.00 ns, 164.5768 ns/op
WorkloadWarmup   3: 3145728 op, 530514700.00 ns, 168.6461 ns/op
WorkloadWarmup   4: 3145728 op, 561699200.00 ns, 178.5594 ns/op
WorkloadWarmup   5: 3145728 op, 527103400.00 ns, 167.5617 ns/op
WorkloadWarmup   6: 3145728 op, 516073800.00 ns, 164.0554 ns/op
WorkloadWarmup   7: 3145728 op, 524298200.00 ns, 166.6699 ns/op
WorkloadWarmup   8: 3145728 op, 517742300.00 ns, 164.5858 ns/op

// BeforeActualRun
WorkloadActual   1: 3145728 op, 516831300.00 ns, 164.2962 ns/op
WorkloadActual   2: 3145728 op, 519491500.00 ns, 165.1419 ns/op
WorkloadActual   3: 3145728 op, 518423200.00 ns, 164.8023 ns/op
WorkloadActual   4: 3145728 op, 520460100.00 ns, 165.4498 ns/op
WorkloadActual   5: 3145728 op, 525248800.00 ns, 166.9721 ns/op
WorkloadActual   6: 3145728 op, 519026600.00 ns, 164.9941 ns/op
WorkloadActual   7: 3145728 op, 523260200.00 ns, 166.3399 ns/op
WorkloadActual   8: 3145728 op, 560306200.00 ns, 178.1165 ns/op
WorkloadActual   9: 3145728 op, 521402100.00 ns, 165.7493 ns/op
WorkloadActual  10: 3145728 op, 522161200.00 ns, 165.9906 ns/op
WorkloadActual  11: 3145728 op, 517986900.00 ns, 164.6636 ns/op
WorkloadActual  12: 3145728 op, 553478600.00 ns, 175.9461 ns/op
WorkloadActual  13: 3145728 op, 516881800.00 ns, 164.3123 ns/op
WorkloadActual  14: 3145728 op, 528913700.00 ns, 168.1371 ns/op
WorkloadActual  15: 3145728 op, 559766500.00 ns, 177.9450 ns/op

// AfterActualRun
WorkloadResult   1: 3145728 op, 516831300.00 ns, 164.2962 ns/op
WorkloadResult   2: 3145728 op, 519491500.00 ns, 165.1419 ns/op
WorkloadResult   3: 3145728 op, 518423200.00 ns, 164.8023 ns/op
WorkloadResult   4: 3145728 op, 520460100.00 ns, 165.4498 ns/op
WorkloadResult   5: 3145728 op, 525248800.00 ns, 166.9721 ns/op
WorkloadResult   6: 3145728 op, 519026600.00 ns, 164.9941 ns/op
WorkloadResult   7: 3145728 op, 523260200.00 ns, 166.3399 ns/op
WorkloadResult   8: 3145728 op, 521402100.00 ns, 165.7493 ns/op
WorkloadResult   9: 3145728 op, 522161200.00 ns, 165.9906 ns/op
WorkloadResult  10: 3145728 op, 517986900.00 ns, 164.6636 ns/op
WorkloadResult  11: 3145728 op, 516881800.00 ns, 164.3123 ns/op
WorkloadResult  12: 3145728 op, 528913700.00 ns, 168.1371 ns/op
// GC:  0 0 0 567456 3145728
// Threading:  0 0 3145728

STEADY_ALLOCATION mode=KeyRecordsPaired records=261888 bytes=0
// AfterAll
// Benchmark Process 32356 has exited with code 0.

Mean = 165.571 ns, StdErr = 0.331 ns (0.20%), N = 12, StdDev = 1.148 ns
Min = 164.296 ns, Q1 = 164.768 ns, Median = 165.296 ns, Q3 = 166.078 ns, Max = 168.137 ns
IQR = 1.310 ns, LowerFence = 162.802 ns, UpperFence = 168.043 ns
ConfidenceInterval = [164.100 ns; 167.041 ns] (CI 99.9%), Margin = 1.471 ns (0.89% of Mean)
Skewness = 0.81, Kurtosis = 2.59, MValue = 2

// ** Remained 8 (28.6%) benchmark(s) to run. Estimated finish 2026-09-07 16:03 (0h 2m from now) **
Setup power plan (GUID: 8c5e7fda-e8bf-4a96-9a85-a6e23a8c635c FriendlyName: High performance)
// **************************
// Benchmark: PartitionedLifetimeBenchmarks.ProcessLifetime: G_AcceptedControl(Affinity=00000000000000000100, EnvironmentVariables=DOTNET_TieredCompilation=0,DEKAF_DISPATCH_PROFILE=0,DEKAF_DISPATCH_SAMPLE_DIRECTORY=C:/git/Dekaf-perf-improvements-20260907/pr-3117/full\latency-samples,DEKAF_DISPATCH_JOB=G_AcceptedControl, Arguments=/p:ProductDirectory=C:/git/Dekaf-perf-improvements-20260907/pr-3117/accepted,/p:UseSharedCompilation=false) [Mode=KeyRecordsPaired]
// *** Execute ***
// Launch: 1 / 1
// Execute: dotnet Dekaf.Benchmarks-A_Accepted-1.dll --anonymousPipes 1984 1976 --benchmarkName "Dekaf.Benchmarks.PartitionedLifetimeBenchmarks.ProcessLifetime(Mode: KeyRecordsPaired)" --job G_AcceptedControl --benchmarkId 5 in C:\git\Dekaf-perf-improvements-20260907\pr-3117\comparison\bin\Release\net10.0\Dekaf.Benchmarks-A_Accepted-1\bin\Release\net10.0
// BeforeAnythingElse

// Benchmark Process Environment Information:
// BenchmarkDotNet v0.15.8
// Runtime=.NET 10.0.11 (10.0.11, 10.0.1126.37416), X64 RyuJIT x86-64-v3
// GC=Concurrent Workstation
// HardwareIntrinsics=AVX2+BMI1+BMI2+F16C+FMA+LZCNT+MOVBE,AVX,SSE3+SSSE3+SSE4.1+SSE4.2+POPCNT,X86Base+SSE+SSE2,AES+PCLMUL,AvxVnni,SERIALIZE VectorSize=256
// Job: G_AcceptedControl(Affinity=100)

OverheadJitting  1: 262144 op, 171300.00 ns, 0.6535 ns/op
WorkloadJitting  1: 262144 op, 197372400.00 ns, 752.9160 ns/op

WorkloadPilot    1: 524288 op, 373018200.00 ns, 711.4758 ns/op
WorkloadPilot    2: 786432 op, 534415200.00 ns, 679.5441 ns/op

WorkloadWarmup   1: 786432 op, 538188000.00 ns, 684.3414 ns/op
WorkloadWarmup   2: 786432 op, 537206900.00 ns, 683.0939 ns/op
WorkloadWarmup   3: 786432 op, 530709700.00 ns, 674.8323 ns/op
WorkloadWarmup   4: 786432 op, 531246200.00 ns, 675.5145 ns/op
WorkloadWarmup   5: 786432 op, 541011200.00 ns, 687.9313 ns/op
WorkloadWarmup   6: 786432 op, 527187000.00 ns, 670.3529 ns/op
WorkloadWarmup   7: 786432 op, 542516400.00 ns, 689.8453 ns/op
WorkloadWarmup   8: 786432 op, 585745200.00 ns, 744.8135 ns/op
WorkloadWarmup   9: 786432 op, 543674400.00 ns, 691.3177 ns/op

// BeforeActualRun
WorkloadActual   1: 786432 op, 539745000.00 ns, 686.3213 ns/op
WorkloadActual   2: 786432 op, 587841200.00 ns, 747.4787 ns/op
WorkloadActual   3: 786432 op, 548621000.00 ns, 697.6077 ns/op
WorkloadActual   4: 786432 op, 541301500.00 ns, 688.3005 ns/op
WorkloadActual   5: 786432 op, 591627800.00 ns, 752.2937 ns/op
WorkloadActual   6: 786432 op, 564221900.00 ns, 717.4452 ns/op
WorkloadActual   7: 786432 op, 540674400.00 ns, 687.5031 ns/op
WorkloadActual   8: 786432 op, 546819100.00 ns, 695.3164 ns/op
WorkloadActual   9: 786432 op, 536317100.00 ns, 681.9625 ns/op
WorkloadActual  10: 786432 op, 556128500.00 ns, 707.1540 ns/op
WorkloadActual  11: 786432 op, 563557500.00 ns, 716.6004 ns/op
WorkloadActual  12: 786432 op, 574695500.00 ns, 730.7631 ns/op
WorkloadActual  13: 786432 op, 540675300.00 ns, 687.5042 ns/op
WorkloadActual  14: 786432 op, 548335600.00 ns, 697.2448 ns/op
WorkloadActual  15: 786432 op, 535962900.00 ns, 681.5121 ns/op
WorkloadActual  16: 786432 op, 537557300.00 ns, 683.5395 ns/op
WorkloadActual  17: 786432 op, 578029800.00 ns, 735.0029 ns/op
WorkloadActual  18: 786432 op, 535858900.00 ns, 681.3798 ns/op
WorkloadActual  19: 786432 op, 545195400.00 ns, 693.2518 ns/op
WorkloadActual  20: 786432 op, 579767700.00 ns, 737.2128 ns/op
WorkloadActual  21: 786432 op, 544245900.00 ns, 692.0444 ns/op
WorkloadActual  22: 786432 op, 542544700.00 ns, 689.8813 ns/op
WorkloadActual  23: 786432 op, 587071300.00 ns, 746.4998 ns/op
WorkloadActual  24: 786432 op, 557721800.00 ns, 709.1799 ns/op
WorkloadActual  25: 786432 op, 538800100.00 ns, 685.1198 ns/op
WorkloadActual  26: 786432 op, 544873000.00 ns, 692.8418 ns/op
WorkloadActual  27: 786432 op, 529229600.00 ns, 672.9502 ns/op
WorkloadActual  28: 786432 op, 538277400.00 ns, 684.4551 ns/op
WorkloadActual  29: 786432 op, 537454200.00 ns, 683.4084 ns/op
WorkloadActual  30: 786432 op, 537990000.00 ns, 684.0897 ns/op
WorkloadActual  31: 786432 op, 540177100.00 ns, 686.8707 ns/op
WorkloadActual  32: 786432 op, 558648700.00 ns, 710.3586 ns/op
WorkloadActual  33: 786432 op, 530408800.00 ns, 674.4497 ns/op

// AfterActualRun
WorkloadResult   1: 786432 op, 539745000.00 ns, 686.3213 ns/op
WorkloadResult   2: 786432 op, 587841200.00 ns, 747.4787 ns/op
WorkloadResult   3: 786432 op, 548621000.00 ns, 697.6077 ns/op
WorkloadResult   4: 786432 op, 541301500.00 ns, 688.3005 ns/op
WorkloadResult   5: 786432 op, 564221900.00 ns, 717.4452 ns/op
WorkloadResult   6: 786432 op, 540674400.00 ns, 687.5031 ns/op
WorkloadResult   7: 786432 op, 546819100.00 ns, 695.3164 ns/op
WorkloadResult   8: 786432 op, 536317100.00 ns, 681.9625 ns/op
WorkloadResult   9: 786432 op, 556128500.00 ns, 707.1540 ns/op
WorkloadResult  10: 786432 op, 563557500.00 ns, 716.6004 ns/op
WorkloadResult  11: 786432 op, 574695500.00 ns, 730.7631 ns/op
WorkloadResult  12: 786432 op, 540675300.00 ns, 687.5042 ns/op
WorkloadResult  13: 786432 op, 548335600.00 ns, 697.2448 ns/op
WorkloadResult  14: 786432 op, 535962900.00 ns, 681.5121 ns/op
WorkloadResult  15: 786432 op, 537557300.00 ns, 683.5395 ns/op
WorkloadResult  16: 786432 op, 578029800.00 ns, 735.0029 ns/op
WorkloadResult  17: 786432 op, 535858900.00 ns, 681.3798 ns/op
WorkloadResult  18: 786432 op, 545195400.00 ns, 693.2518 ns/op
WorkloadResult  19: 786432 op, 579767700.00 ns, 737.2128 ns/op
WorkloadResult  20: 786432 op, 544245900.00 ns, 692.0444 ns/op
WorkloadResult  21: 786432 op, 542544700.00 ns, 689.8813 ns/op
WorkloadResult  22: 786432 op, 587071300.00 ns, 746.4998 ns/op
WorkloadResult  23: 786432 op, 557721800.00 ns, 709.1799 ns/op
WorkloadResult  24: 786432 op, 538800100.00 ns, 685.1198 ns/op
WorkloadResult  25: 786432 op, 544873000.00 ns, 692.8418 ns/op
WorkloadResult  26: 786432 op, 529229600.00 ns, 672.9502 ns/op
WorkloadResult  27: 786432 op, 538277400.00 ns, 684.4551 ns/op
WorkloadResult  28: 786432 op, 537454200.00 ns, 683.4084 ns/op
WorkloadResult  29: 786432 op, 537990000.00 ns, 684.0897 ns/op
WorkloadResult  30: 786432 op, 540177100.00 ns, 686.8707 ns/op
WorkloadResult  31: 786432 op, 558648700.00 ns, 710.3586 ns/op
WorkloadResult  32: 786432 op, 530408800.00 ns, 674.4497 ns/op
// GC:  70 0 0 915485256 786432
// Threading:  0 0 786432

STEADY_ALLOCATION mode=KeyRecordsPaired records=261888 bytes=304837632
// AfterAll
// Benchmark Process 9980 has exited with code 0.

Mean = 698.914 ns, StdErr = 3.692 ns (0.53%), N = 32, StdDev = 20.888 ns
Min = 672.950 ns, Q1 = 684.364 ns, Median = 690.963 ns, Q3 = 709.475 ns, Max = 747.479 ns
IQR = 25.111 ns, LowerFence = 646.697 ns, UpperFence = 747.141 ns
ConfidenceInterval = [685.498 ns; 712.330 ns] (CI 99.9%), Margin = 13.416 ns (1.92% of Mean)
Skewness = 1.03, Kurtosis = 2.83, MValue = 2

// ** Remained 7 (25.0%) benchmark(s) to run. Estimated finish 2026-09-07 16:04 (0h 2m from now) **
Setup power plan (GUID: 8c5e7fda-e8bf-4a96-9a85-a6e23a8c635c FriendlyName: High performance)
// **************************
// Benchmark: PartitionedLifetimeBenchmarks.ProcessLifetime: A_Accepted(Affinity=00000000000000000100, EnvironmentVariables=DOTNET_TieredCompilation=0,DEKAF_DISPATCH_PROFILE=0,DEKAF_DISPATCH_SAMPLE_DIRECTORY=C:/git/Dekaf-perf-improvements-20260907/pr-3117/full\latency-samples,DEKAF_DISPATCH_JOB=A_Accepted, Arguments=/p:ProductDirectory=C:/git/Dekaf-perf-improvements-20260907/pr-3117/accepted,/p:UseSharedCompilation=false) [Mode=KeyBatchesPaired]
// *** Execute ***
// Launch: 1 / 1
// Execute: dotnet Dekaf.Benchmarks-A_Accepted-1.dll --anonymousPipes 2032 2028 --benchmarkName "Dekaf.Benchmarks.PartitionedLifetimeBenchmarks.ProcessLifetime(Mode: KeyBatchesPaired)" --job A_Accepted --benchmarkId 6 in C:\git\Dekaf-perf-improvements-20260907\pr-3117\comparison\bin\Release\net10.0\Dekaf.Benchmarks-A_Accepted-1\bin\Release\net10.0
// BeforeAnythingElse

// Benchmark Process Environment Information:
// BenchmarkDotNet v0.15.8
// Runtime=.NET 10.0.11 (10.0.11, 10.0.1126.37416), X64 RyuJIT x86-64-v3
// GC=Concurrent Workstation
// HardwareIntrinsics=AVX2+BMI1+BMI2+F16C+FMA+LZCNT+MOVBE,AVX,SSE3+SSSE3+SSE4.1+SSE4.2+POPCNT,X86Base+SSE+SSE2,AES+PCLMUL,AvxVnni,SERIALIZE VectorSize=256
// Job: A_Accepted(Affinity=100)

OverheadJitting  1: 262144 op, 164700.00 ns, 0.6283 ns/op
WorkloadJitting  1: 262144 op, 199483000.00 ns, 760.9673 ns/op

WorkloadPilot    1: 524288 op, 376060900.00 ns, 717.2792 ns/op
WorkloadPilot    2: 786432 op, 575695100.00 ns, 732.0342 ns/op

WorkloadWarmup   1: 786432 op, 616837100.00 ns, 784.3489 ns/op
WorkloadWarmup   2: 786432 op, 577952800.00 ns, 734.9050 ns/op
WorkloadWarmup   3: 786432 op, 561912200.00 ns, 714.5083 ns/op
WorkloadWarmup   4: 786432 op, 625602400.00 ns, 795.4946 ns/op
WorkloadWarmup   5: 786432 op, 613703100.00 ns, 780.3638 ns/op
WorkloadWarmup   6: 786432 op, 580035500.00 ns, 737.5533 ns/op
WorkloadWarmup   7: 786432 op, 579448400.00 ns, 736.8067 ns/op
WorkloadWarmup   8: 786432 op, 572501200.00 ns, 727.9729 ns/op
WorkloadWarmup   9: 786432 op, 582250500.00 ns, 740.3698 ns/op
WorkloadWarmup  10: 786432 op, 582824300.00 ns, 741.0994 ns/op
WorkloadWarmup  11: 786432 op, 578546500.00 ns, 735.6599 ns/op

// BeforeActualRun
WorkloadActual   1: 786432 op, 593660200.00 ns, 754.8780 ns/op
WorkloadActual   2: 786432 op, 577745700.00 ns, 734.6416 ns/op
WorkloadActual   3: 786432 op, 574445000.00 ns, 730.4446 ns/op
WorkloadActual   4: 786432 op, 637745000.00 ns, 810.9347 ns/op
WorkloadActual   5: 786432 op, 585381700.00 ns, 744.3513 ns/op
WorkloadActual   6: 786432 op, 581991100.00 ns, 740.0400 ns/op
WorkloadActual   7: 786432 op, 638885100.00 ns, 812.3844 ns/op
WorkloadActual   8: 786432 op, 582780700.00 ns, 741.0440 ns/op
WorkloadActual   9: 786432 op, 588546700.00 ns, 748.3758 ns/op
WorkloadActual  10: 786432 op, 627583200.00 ns, 798.0133 ns/op
WorkloadActual  11: 786432 op, 635410800.00 ns, 807.9666 ns/op
WorkloadActual  12: 786432 op, 600153600.00 ns, 763.1348 ns/op
WorkloadActual  13: 786432 op, 582358700.00 ns, 740.5074 ns/op
WorkloadActual  14: 786432 op, 575951900.00 ns, 732.3607 ns/op
WorkloadActual  15: 786432 op, 572666900.00 ns, 728.1836 ns/op
WorkloadActual  16: 786432 op, 581546500.00 ns, 739.4746 ns/op
WorkloadActual  17: 786432 op, 571822100.00 ns, 727.1094 ns/op
WorkloadActual  18: 786432 op, 585997400.00 ns, 745.1342 ns/op
WorkloadActual  19: 786432 op, 569751600.00 ns, 724.4766 ns/op
WorkloadActual  20: 786432 op, 570820000.00 ns, 725.8352 ns/op
WorkloadActual  21: 786432 op, 632250600.00 ns, 803.9482 ns/op
WorkloadActual  22: 786432 op, 579162100.00 ns, 736.4427 ns/op
WorkloadActual  23: 786432 op, 577348100.00 ns, 734.1361 ns/op
WorkloadActual  24: 786432 op, 626443700.00 ns, 796.5644 ns/op
WorkloadActual  25: 786432 op, 568974200.00 ns, 723.4881 ns/op
WorkloadActual  26: 786432 op, 583925200.00 ns, 742.4993 ns/op
WorkloadActual  27: 786432 op, 638812700.00 ns, 812.2924 ns/op
WorkloadActual  28: 786432 op, 595550600.00 ns, 757.2817 ns/op
WorkloadActual  29: 786432 op, 584273900.00 ns, 742.9427 ns/op
WorkloadActual  30: 786432 op, 576698200.00 ns, 733.3097 ns/op
WorkloadActual  31: 786432 op, 579236700.00 ns, 736.5376 ns/op

// AfterActualRun
WorkloadResult   1: 786432 op, 593660200.00 ns, 754.8780 ns/op
WorkloadResult   2: 786432 op, 577745700.00 ns, 734.6416 ns/op
WorkloadResult   3: 786432 op, 574445000.00 ns, 730.4446 ns/op
WorkloadResult   4: 786432 op, 585381700.00 ns, 744.3513 ns/op
WorkloadResult   5: 786432 op, 581991100.00 ns, 740.0400 ns/op
WorkloadResult   6: 786432 op, 582780700.00 ns, 741.0440 ns/op
WorkloadResult   7: 786432 op, 588546700.00 ns, 748.3758 ns/op
WorkloadResult   8: 786432 op, 627583200.00 ns, 798.0133 ns/op
WorkloadResult   9: 786432 op, 600153600.00 ns, 763.1348 ns/op
WorkloadResult  10: 786432 op, 582358700.00 ns, 740.5074 ns/op
WorkloadResult  11: 786432 op, 575951900.00 ns, 732.3607 ns/op
WorkloadResult  12: 786432 op, 572666900.00 ns, 728.1836 ns/op
WorkloadResult  13: 786432 op, 581546500.00 ns, 739.4746 ns/op
WorkloadResult  14: 786432 op, 571822100.00 ns, 727.1094 ns/op
WorkloadResult  15: 786432 op, 585997400.00 ns, 745.1342 ns/op
WorkloadResult  16: 786432 op, 569751600.00 ns, 724.4766 ns/op
WorkloadResult  17: 786432 op, 570820000.00 ns, 725.8352 ns/op
WorkloadResult  18: 786432 op, 579162100.00 ns, 736.4427 ns/op
WorkloadResult  19: 786432 op, 577348100.00 ns, 734.1361 ns/op
WorkloadResult  20: 786432 op, 626443700.00 ns, 796.5644 ns/op
WorkloadResult  21: 786432 op, 568974200.00 ns, 723.4881 ns/op
WorkloadResult  22: 786432 op, 583925200.00 ns, 742.4993 ns/op
WorkloadResult  23: 786432 op, 595550600.00 ns, 757.2817 ns/op
WorkloadResult  24: 786432 op, 584273900.00 ns, 742.9427 ns/op
WorkloadResult  25: 786432 op, 576698200.00 ns, 733.3097 ns/op
WorkloadResult  26: 786432 op, 579236700.00 ns, 736.5376 ns/op
// GC:  146 0 0 1918972488 786432
// Threading:  0 0 786432

STEADY_ALLOCATION mode=KeyBatchesPaired records=261888 bytes=639006720
// AfterAll
// Benchmark Process 103288 has exited with code 0.

Mean = 743.123 ns, StdErr = 3.680 ns (0.50%), N = 26, StdDev = 18.763 ns
Min = 723.488 ns, Q1 = 732.598 ns, Median = 739.757 ns, Q3 = 744.939 ns, Max = 798.013 ns
IQR = 12.341 ns, LowerFence = 714.087 ns, UpperFence = 763.449 ns
ConfidenceInterval = [729.416 ns; 756.831 ns] (CI 99.9%), Margin = 13.707 ns (1.84% of Mean)
Skewness = 1.73, Kurtosis = 5.58, MValue = 2

// ** Remained 6 (21.4%) benchmark(s) to run. Estimated finish 2026-09-07 16:04 (0h 1m from now) **
Setup power plan (GUID: 8c5e7fda-e8bf-4a96-9a85-a6e23a8c635c FriendlyName: High performance)
// **************************
// Benchmark: PartitionedLifetimeBenchmarks.ProcessLifetime: B_Predecessor(Affinity=00000000000000000100, EnvironmentVariables=DOTNET_TieredCompilation=0,DEKAF_DISPATCH_PROFILE=0,DEKAF_DISPATCH_SAMPLE_DIRECTORY=C:/git/Dekaf-perf-improvements-20260907/pr-3117/full\latency-samples,DEKAF_DISPATCH_JOB=B_Predecessor, Arguments=/p:ProductDirectory=C:/git/Dekaf-perf-improvements-20260907/pr-3117/predecessor,/p:UseSharedCompilation=false) [Mode=KeyBatchesPaired]
// *** Execute ***
// Launch: 1 / 1
// Execute: dotnet Dekaf.Benchmarks-B_Predecessor-2.dll --anonymousPipes 2064 2068 --benchmarkName "Dekaf.Benchmarks.PartitionedLifetimeBenchmarks.ProcessLifetime(Mode: KeyBatchesPaired)" --job B_Predecessor --benchmarkId 6 in C:\git\Dekaf-perf-improvements-20260907\pr-3117\comparison\bin\Release\net10.0\Dekaf.Benchmarks-B_Predecessor-2\bin\Release\net10.0
// BeforeAnythingElse

// Benchmark Process Environment Information:
// BenchmarkDotNet v0.15.8
// Runtime=.NET 10.0.11 (10.0.11, 10.0.1126.37416), X64 RyuJIT x86-64-v3
// GC=Concurrent Workstation
// HardwareIntrinsics=AVX2+BMI1+BMI2+F16C+FMA+LZCNT+MOVBE,AVX,SSE3+SSSE3+SSE4.1+SSE4.2+POPCNT,X86Base+SSE+SSE2,AES+PCLMUL,AvxVnni,SERIALIZE VectorSize=256
// Job: B_Predecessor(Affinity=100)

OverheadJitting  1: 262144 op, 161300.00 ns, 0.6153 ns/op
WorkloadJitting  1: 262144 op, 43488700.00 ns, 165.8962 ns/op

WorkloadPilot    1: 524288 op, 87618400.00 ns, 167.1188 ns/op
WorkloadPilot    2: 786432 op, 132657300.00 ns, 168.6825 ns/op
WorkloadPilot    3: 1048576 op, 178592800.00 ns, 170.3194 ns/op
WorkloadPilot    4: 1310720 op, 223346800.00 ns, 170.4001 ns/op
WorkloadPilot    5: 1572864 op, 271192800.00 ns, 172.4197 ns/op
WorkloadPilot    6: 1835008 op, 318149200.00 ns, 173.3776 ns/op
WorkloadPilot    7: 2097152 op, 361625000.00 ns, 172.4362 ns/op
WorkloadPilot    8: 2359296 op, 406260200.00 ns, 172.1955 ns/op
WorkloadPilot    9: 2621440 op, 455747500.00 ns, 173.8539 ns/op
WorkloadPilot   10: 2883584 op, 538607700.00 ns, 186.7841 ns/op

WorkloadWarmup   1: 2883584 op, 490430100.00 ns, 170.0766 ns/op
WorkloadWarmup   2: 2883584 op, 496653200.00 ns, 172.2347 ns/op
WorkloadWarmup   3: 2883584 op, 493025400.00 ns, 170.9766 ns/op
WorkloadWarmup   4: 2883584 op, 533272300.00 ns, 184.9339 ns/op
WorkloadWarmup   5: 2883584 op, 493126300.00 ns, 171.0116 ns/op
WorkloadWarmup   6: 2883584 op, 495174200.00 ns, 171.7218 ns/op

// BeforeActualRun
WorkloadActual   1: 2883584 op, 522507800.00 ns, 181.2008 ns/op
WorkloadActual   2: 2883584 op, 500710300.00 ns, 173.6417 ns/op
WorkloadActual   3: 2883584 op, 490264000.00 ns, 170.0190 ns/op
WorkloadActual   4: 2883584 op, 498327400.00 ns, 172.8153 ns/op
WorkloadActual   5: 2883584 op, 490379900.00 ns, 170.0592 ns/op
WorkloadActual   6: 2883584 op, 487604300.00 ns, 169.0966 ns/op
WorkloadActual   7: 2883584 op, 482589300.00 ns, 167.3575 ns/op
WorkloadActual   8: 2883584 op, 487580300.00 ns, 169.0883 ns/op
WorkloadActual   9: 2883584 op, 486206100.00 ns, 168.6117 ns/op
WorkloadActual  10: 2883584 op, 486143700.00 ns, 168.5901 ns/op
WorkloadActual  11: 2883584 op, 496714800.00 ns, 172.2561 ns/op
WorkloadActual  12: 2883584 op, 483372700.00 ns, 167.6291 ns/op
WorkloadActual  13: 2883584 op, 495038900.00 ns, 171.6749 ns/op
WorkloadActual  14: 2883584 op, 525522000.00 ns, 182.2461 ns/op
WorkloadActual  15: 2883584 op, 490890000.00 ns, 170.2361 ns/op

// AfterActualRun
WorkloadResult   1: 2883584 op, 500710300.00 ns, 173.6417 ns/op
WorkloadResult   2: 2883584 op, 490264000.00 ns, 170.0190 ns/op
WorkloadResult   3: 2883584 op, 498327400.00 ns, 172.8153 ns/op
WorkloadResult   4: 2883584 op, 490379900.00 ns, 170.0592 ns/op
WorkloadResult   5: 2883584 op, 487604300.00 ns, 169.0966 ns/op
WorkloadResult   6: 2883584 op, 482589300.00 ns, 167.3575 ns/op
WorkloadResult   7: 2883584 op, 487580300.00 ns, 169.0883 ns/op
WorkloadResult   8: 2883584 op, 486206100.00 ns, 168.6117 ns/op
WorkloadResult   9: 2883584 op, 486143700.00 ns, 168.5901 ns/op
WorkloadResult  10: 2883584 op, 496714800.00 ns, 172.2561 ns/op
WorkloadResult  11: 2883584 op, 483372700.00 ns, 167.6291 ns/op
WorkloadResult  12: 2883584 op, 495038900.00 ns, 171.6749 ns/op
WorkloadResult  13: 2883584 op, 490890000.00 ns, 170.2361 ns/op
// GC:  0 0 0 550776 2883584
// Threading:  0 0 2883584

STEADY_ALLOCATION mode=KeyBatchesPaired records=261888 bytes=0
// AfterAll
// Benchmark Process 60956 has exited with code 0.

Mean = 170.083 ns, StdErr = 0.550 ns (0.32%), N = 13, StdDev = 1.984 ns
Min = 167.357 ns, Q1 = 168.612 ns, Median = 170.019 ns, Q3 = 171.675 ns, Max = 173.642 ns
IQR = 3.063 ns, LowerFence = 164.017 ns, UpperFence = 176.270 ns
ConfidenceInterval = [167.707 ns; 172.458 ns] (CI 99.9%), Margin = 2.376 ns (1.40% of Mean)
Skewness = 0.36, Kurtosis = 1.73, MValue = 2

// ** Remained 5 (17.9%) benchmark(s) to run. Estimated finish 2026-09-07 16:04 (0h 1m from now) **
Setup power plan (GUID: 8c5e7fda-e8bf-4a96-9a85-a6e23a8c635c FriendlyName: High performance)
// **************************
// Benchmark: PartitionedLifetimeBenchmarks.ProcessLifetime: C_Published(Affinity=00000000000000000100, EnvironmentVariables=DOTNET_TieredCompilation=0,DEKAF_DISPATCH_PROFILE=0,DEKAF_DISPATCH_SAMPLE_DIRECTORY=C:/git/Dekaf-perf-improvements-20260907/pr-3117/full\latency-samples,DEKAF_DISPATCH_JOB=C_Published, Arguments=/p:ProductDirectory=C:/git/Dekaf-perf-improvements-20260907/pr-3117/published,/p:UseSharedCompilation=false) [Mode=KeyBatchesPaired]
// *** Execute ***
// Launch: 1 / 1
// Execute: dotnet Dekaf.Benchmarks-C_Published-3.dll --anonymousPipes 1528 1864 --benchmarkName "Dekaf.Benchmarks.PartitionedLifetimeBenchmarks.ProcessLifetime(Mode: KeyBatchesPaired)" --job C_Published --benchmarkId 6 in C:\git\Dekaf-perf-improvements-20260907\pr-3117\comparison\bin\Release\net10.0\Dekaf.Benchmarks-C_Published-3\bin\Release\net10.0
// BeforeAnythingElse

// Benchmark Process Environment Information:
// BenchmarkDotNet v0.15.8
// Runtime=.NET 10.0.11 (10.0.11, 10.0.1126.37416), X64 RyuJIT x86-64-v3
// GC=Concurrent Workstation
// HardwareIntrinsics=AVX2+BMI1+BMI2+F16C+FMA+LZCNT+MOVBE,AVX,SSE3+SSSE3+SSE4.1+SSE4.2+POPCNT,X86Base+SSE+SSE2,AES+PCLMUL,AvxVnni,SERIALIZE VectorSize=256
// Job: C_Published(Affinity=100)

OverheadJitting  1: 262144 op, 162800.00 ns, 0.6210 ns/op
WorkloadJitting  1: 262144 op, 44744600.00 ns, 170.6871 ns/op

WorkloadPilot    1: 524288 op, 85777600.00 ns, 163.6078 ns/op
WorkloadPilot    2: 786432 op, 127491200.00 ns, 162.1134 ns/op
WorkloadPilot    3: 1048576 op, 196404200.00 ns, 187.3056 ns/op
WorkloadPilot    4: 1310720 op, 219574800.00 ns, 167.5223 ns/op
WorkloadPilot    5: 1572864 op, 259523300.00 ns, 165.0005 ns/op
WorkloadPilot    6: 1835008 op, 306121800.00 ns, 166.8231 ns/op
WorkloadPilot    7: 2097152 op, 350007700.00 ns, 166.8967 ns/op
WorkloadPilot    8: 2359296 op, 426942000.00 ns, 180.9616 ns/op
WorkloadPilot    9: 2621440 op, 454948800.00 ns, 173.5492 ns/op
WorkloadPilot   10: 2883584 op, 473734600.00 ns, 164.2867 ns/op
WorkloadPilot   11: 3145728 op, 526533200.00 ns, 167.3804 ns/op

WorkloadWarmup   1: 3145728 op, 516787400.00 ns, 164.2823 ns/op
WorkloadWarmup   2: 3145728 op, 517548900.00 ns, 164.5244 ns/op
WorkloadWarmup   3: 3145728 op, 519112400.00 ns, 165.0214 ns/op
WorkloadWarmup   4: 3145728 op, 516269200.00 ns, 164.1176 ns/op
WorkloadWarmup   5: 3145728 op, 522265300.00 ns, 166.0237 ns/op
WorkloadWarmup   6: 3145728 op, 517825100.00 ns, 164.6122 ns/op

// BeforeActualRun
WorkloadActual   1: 3145728 op, 521226000.00 ns, 165.6933 ns/op
WorkloadActual   2: 3145728 op, 520554700.00 ns, 165.4799 ns/op
WorkloadActual   3: 3145728 op, 521560800.00 ns, 165.7997 ns/op
WorkloadActual   4: 3145728 op, 544959400.00 ns, 173.2379 ns/op
WorkloadActual   5: 3145728 op, 517167100.00 ns, 164.4030 ns/op
WorkloadActual   6: 3145728 op, 528236200.00 ns, 167.9218 ns/op
WorkloadActual   7: 3145728 op, 519308200.00 ns, 165.0836 ns/op
WorkloadActual   8: 3145728 op, 554142100.00 ns, 176.1570 ns/op
WorkloadActual   9: 3145728 op, 520999000.00 ns, 165.6211 ns/op
WorkloadActual  10: 3145728 op, 522645200.00 ns, 166.1444 ns/op
WorkloadActual  11: 3145728 op, 571534400.00 ns, 181.6859 ns/op
WorkloadActual  12: 3145728 op, 519292600.00 ns, 165.0787 ns/op
WorkloadActual  13: 3145728 op, 528537900.00 ns, 168.0177 ns/op
WorkloadActual  14: 3145728 op, 523468500.00 ns, 166.4062 ns/op
WorkloadActual  15: 3145728 op, 522598400.00 ns, 166.1296 ns/op

// AfterActualRun
WorkloadResult   1: 3145728 op, 521226000.00 ns, 165.6933 ns/op
WorkloadResult   2: 3145728 op, 520554700.00 ns, 165.4799 ns/op
WorkloadResult   3: 3145728 op, 521560800.00 ns, 165.7997 ns/op
WorkloadResult   4: 3145728 op, 517167100.00 ns, 164.4030 ns/op
WorkloadResult   5: 3145728 op, 528236200.00 ns, 167.9218 ns/op
WorkloadResult   6: 3145728 op, 519308200.00 ns, 165.0836 ns/op
WorkloadResult   7: 3145728 op, 520999000.00 ns, 165.6211 ns/op
WorkloadResult   8: 3145728 op, 522645200.00 ns, 166.1444 ns/op
WorkloadResult   9: 3145728 op, 519292600.00 ns, 165.0787 ns/op
WorkloadResult  10: 3145728 op, 528537900.00 ns, 168.0177 ns/op
WorkloadResult  11: 3145728 op, 523468500.00 ns, 166.4062 ns/op
WorkloadResult  12: 3145728 op, 522598400.00 ns, 166.1296 ns/op
// GC:  0 0 0 600816 3145728
// Threading:  0 0 3145728

STEADY_ALLOCATION mode=KeyBatchesPaired records=261888 bytes=0
// AfterAll
// Benchmark Process 19904 has exited with code 0.

Mean = 165.982 ns, StdErr = 0.311 ns (0.19%), N = 12, StdDev = 1.077 ns
Min = 164.403 ns, Q1 = 165.381 ns, Median = 165.746 ns, Q3 = 166.210 ns, Max = 168.018 ns
IQR = 0.829 ns, LowerFence = 164.137 ns, UpperFence = 167.453 ns
ConfidenceInterval = [164.603 ns; 167.361 ns] (CI 99.9%), Margin = 1.379 ns (0.83% of Mean)
Skewness = 0.68, Kurtosis = 2.42, MValue = 2

// ** Remained 4 (14.3%) benchmark(s) to run. Estimated finish 2026-09-07 16:04 (0h 1m from now) **
Setup power plan (GUID: 8c5e7fda-e8bf-4a96-9a85-a6e23a8c635c FriendlyName: High performance)
// **************************
// Benchmark: PartitionedLifetimeBenchmarks.ProcessLifetime: D_Candidate(Affinity=00000000000000000100, EnvironmentVariables=DOTNET_TieredCompilation=0,DEKAF_DISPATCH_PROFILE=0,DEKAF_DISPATCH_SAMPLE_DIRECTORY=C:/git/Dekaf-perf-improvements-20260907/pr-3117/full\latency-samples,DEKAF_DISPATCH_JOB=D_Candidate, Arguments=/p:ProductDirectory=C:/git/Dekaf-perf-improvements-20260907/pr-3117/candidate,/p:UseSharedCompilation=false) [Mode=KeyBatchesPaired]
// *** Execute ***
// Launch: 1 / 1
// Execute: dotnet Dekaf.Benchmarks-D_Candidate-4.dll --anonymousPipes 1960 632 --benchmarkName "Dekaf.Benchmarks.PartitionedLifetimeBenchmarks.ProcessLifetime(Mode: KeyBatchesPaired)" --job D_Candidate --benchmarkId 3 in C:\git\Dekaf-perf-improvements-20260907\pr-3117\comparison\bin\Release\net10.0\Dekaf.Benchmarks-D_Candidate-4\bin\Release\net10.0
// BeforeAnythingElse

// Benchmark Process Environment Information:
// BenchmarkDotNet v0.15.8
// Runtime=.NET 10.0.11 (10.0.11, 10.0.1126.37416), X64 RyuJIT x86-64-v3
// GC=Concurrent Workstation
// HardwareIntrinsics=AVX2+BMI1+BMI2+F16C+FMA+LZCNT+MOVBE,AVX,SSE3+SSSE3+SSE4.1+SSE4.2+POPCNT,X86Base+SSE+SSE2,AES+PCLMUL,AvxVnni,SERIALIZE VectorSize=256
// Job: D_Candidate(Affinity=100)

OverheadJitting  1: 262144 op, 181400.00 ns, 0.6920 ns/op
WorkloadJitting  1: 262144 op, 44825000.00 ns, 170.9938 ns/op

WorkloadPilot    1: 524288 op, 86795400.00 ns, 165.5491 ns/op
WorkloadPilot    2: 786432 op, 128117200.00 ns, 162.9094 ns/op
WorkloadPilot    3: 1048576 op, 171738300.00 ns, 163.7824 ns/op
WorkloadPilot    4: 1310720 op, 213379500.00 ns, 162.7956 ns/op
WorkloadPilot    5: 1572864 op, 260726900.00 ns, 165.7657 ns/op
WorkloadPilot    6: 1835008 op, 306664500.00 ns, 167.1189 ns/op
WorkloadPilot    7: 2097152 op, 345085300.00 ns, 164.5495 ns/op
WorkloadPilot    8: 2359296 op, 397123500.00 ns, 168.3229 ns/op
WorkloadPilot    9: 2621440 op, 431648200.00 ns, 164.6607 ns/op
WorkloadPilot   10: 2883584 op, 516007100.00 ns, 178.9464 ns/op

WorkloadWarmup   1: 2883584 op, 483343300.00 ns, 167.6189 ns/op
WorkloadWarmup   2: 2883584 op, 469612000.00 ns, 162.8571 ns/op
WorkloadWarmup   3: 2883584 op, 483360300.00 ns, 167.6248 ns/op
WorkloadWarmup   4: 2883584 op, 480278700.00 ns, 166.5562 ns/op
WorkloadWarmup   5: 2883584 op, 506797700.00 ns, 175.7527 ns/op
WorkloadWarmup   6: 2883584 op, 475672800.00 ns, 164.9589 ns/op

// BeforeActualRun
WorkloadActual   1: 2883584 op, 488692000.00 ns, 169.4738 ns/op
WorkloadActual   2: 2883584 op, 515016300.00 ns, 178.6028 ns/op
WorkloadActual   3: 2883584 op, 482076500.00 ns, 167.1796 ns/op
WorkloadActual   4: 2883584 op, 481647000.00 ns, 167.0307 ns/op
WorkloadActual   5: 2883584 op, 482631100.00 ns, 167.3720 ns/op
WorkloadActual   6: 2883584 op, 474903900.00 ns, 164.6922 ns/op
WorkloadActual   7: 2883584 op, 480356200.00 ns, 166.5830 ns/op
WorkloadActual   8: 2883584 op, 483359100.00 ns, 167.6244 ns/op
WorkloadActual   9: 2883584 op, 479995600.00 ns, 166.4580 ns/op
WorkloadActual  10: 2883584 op, 477348500.00 ns, 165.5400 ns/op
WorkloadActual  11: 2883584 op, 487175100.00 ns, 168.9478 ns/op
WorkloadActual  12: 2883584 op, 483147700.00 ns, 167.5511 ns/op
WorkloadActual  13: 2883584 op, 485239100.00 ns, 168.2764 ns/op
WorkloadActual  14: 2883584 op, 480049600.00 ns, 166.4767 ns/op
WorkloadActual  15: 2883584 op, 511656300.00 ns, 177.4376 ns/op

// AfterActualRun
WorkloadResult   1: 2883584 op, 488692000.00 ns, 169.4738 ns/op
WorkloadResult   2: 2883584 op, 482076500.00 ns, 167.1796 ns/op
WorkloadResult   3: 2883584 op, 481647000.00 ns, 167.0307 ns/op
WorkloadResult   4: 2883584 op, 482631100.00 ns, 167.3720 ns/op
WorkloadResult   5: 2883584 op, 474903900.00 ns, 164.6922 ns/op
WorkloadResult   6: 2883584 op, 480356200.00 ns, 166.5830 ns/op
WorkloadResult   7: 2883584 op, 483359100.00 ns, 167.6244 ns/op
WorkloadResult   8: 2883584 op, 479995600.00 ns, 166.4580 ns/op
WorkloadResult   9: 2883584 op, 477348500.00 ns, 165.5400 ns/op
WorkloadResult  10: 2883584 op, 487175100.00 ns, 168.9478 ns/op
WorkloadResult  11: 2883584 op, 483147700.00 ns, 167.5511 ns/op
WorkloadResult  12: 2883584 op, 485239100.00 ns, 168.2764 ns/op
WorkloadResult  13: 2883584 op, 480049600.00 ns, 166.4767 ns/op
// GC:  0 0 0 550776 2883584
// Threading:  0 0 2883584

STEADY_ALLOCATION mode=KeyBatchesPaired records=261888 bytes=0
// AfterAll
// Benchmark Process 99596 has exited with code 0.

Mean = 167.170 ns, StdErr = 0.360 ns (0.22%), N = 13, StdDev = 1.298 ns
Min = 164.692 ns, Q1 = 166.477 ns, Median = 167.180 ns, Q3 = 167.624 ns, Max = 169.474 ns
IQR = 1.148 ns, LowerFence = 164.755 ns, UpperFence = 169.346 ns
ConfidenceInterval = [165.615 ns; 168.725 ns] (CI 99.9%), Margin = 1.555 ns (0.93% of Mean)
Skewness = -0.04, Kurtosis = 2.3, MValue = 2

// ** Remained 3 (10.7%) benchmark(s) to run. Estimated finish 2026-09-07 16:04 (0h 0m from now) **
Setup power plan (GUID: 8c5e7fda-e8bf-4a96-9a85-a6e23a8c635c FriendlyName: High performance)
// **************************
// Benchmark: PartitionedLifetimeBenchmarks.ProcessLifetime: E_PublishedControl(Affinity=00000000000000000100, EnvironmentVariables=DOTNET_TieredCompilation=0,DEKAF_DISPATCH_PROFILE=0,DEKAF_DISPATCH_SAMPLE_DIRECTORY=C:/git/Dekaf-perf-improvements-20260907/pr-3117/full\latency-samples,DEKAF_DISPATCH_JOB=E_PublishedControl, Arguments=/p:ProductDirectory=C:/git/Dekaf-perf-improvements-20260907/pr-3117/published,/p:UseSharedCompilation=false) [Mode=KeyBatchesPaired]
// *** Execute ***
// Launch: 1 / 1
// Execute: dotnet Dekaf.Benchmarks-C_Published-3.dll --anonymousPipes 1580 2064 --benchmarkName "Dekaf.Benchmarks.PartitionedLifetimeBenchmarks.ProcessLifetime(Mode: KeyBatchesPaired)" --job E_PublishedControl --benchmarkId 7 in C:\git\Dekaf-perf-improvements-20260907\pr-3117\comparison\bin\Release\net10.0\Dekaf.Benchmarks-C_Published-3\bin\Release\net10.0
// BeforeAnythingElse

// Benchmark Process Environment Information:
// BenchmarkDotNet v0.15.8
// Runtime=.NET 10.0.11 (10.0.11, 10.0.1126.37416), X64 RyuJIT x86-64-v3
// GC=Concurrent Workstation
// HardwareIntrinsics=AVX2+BMI1+BMI2+F16C+FMA+LZCNT+MOVBE,AVX,SSE3+SSSE3+SSE4.1+SSE4.2+POPCNT,X86Base+SSE+SSE2,AES+PCLMUL,AvxVnni,SERIALIZE VectorSize=256
// Job: E_PublishedControl(Affinity=100)

OverheadJitting  1: 262144 op, 168800.00 ns, 0.6439 ns/op
WorkloadJitting  1: 262144 op, 45853800.00 ns, 174.9184 ns/op

WorkloadPilot    1: 524288 op, 86381700.00 ns, 164.7600 ns/op
WorkloadPilot    2: 786432 op, 129896100.00 ns, 165.1714 ns/op
WorkloadPilot    3: 1048576 op, 174214300.00 ns, 166.1437 ns/op
WorkloadPilot    4: 1310720 op, 221962200.00 ns, 169.3437 ns/op
WorkloadPilot    5: 1572864 op, 291089900.00 ns, 185.0700 ns/op
WorkloadPilot    6: 1835008 op, 319675700.00 ns, 174.2094 ns/op
WorkloadPilot    7: 2097152 op, 359217200.00 ns, 171.2881 ns/op
WorkloadPilot    8: 2359296 op, 403544100.00 ns, 171.0443 ns/op
WorkloadPilot    9: 2621440 op, 451645000.00 ns, 172.2889 ns/op
WorkloadPilot   10: 2883584 op, 531039300.00 ns, 184.1595 ns/op

WorkloadWarmup   1: 2883584 op, 491088500.00 ns, 170.3049 ns/op
WorkloadWarmup   2: 2883584 op, 487630100.00 ns, 169.1056 ns/op
WorkloadWarmup   3: 2883584 op, 487367700.00 ns, 169.0146 ns/op
WorkloadWarmup   4: 2883584 op, 484241700.00 ns, 167.9305 ns/op
WorkloadWarmup   5: 2883584 op, 487126200.00 ns, 168.9308 ns/op
WorkloadWarmup   6: 2883584 op, 481866600.00 ns, 167.1068 ns/op
WorkloadWarmup   7: 2883584 op, 488711900.00 ns, 169.4807 ns/op
WorkloadWarmup   8: 2883584 op, 488754700.00 ns, 169.4956 ns/op
WorkloadWarmup   9: 2883584 op, 485756100.00 ns, 168.4557 ns/op

// BeforeActualRun
WorkloadActual   1: 2883584 op, 487858200.00 ns, 169.1847 ns/op
WorkloadActual   2: 2883584 op, 484749200.00 ns, 168.1065 ns/op
WorkloadActual   3: 2883584 op, 519195800.00 ns, 180.0523 ns/op
WorkloadActual   4: 2883584 op, 491784400.00 ns, 170.5462 ns/op
WorkloadActual   5: 2883584 op, 486101900.00 ns, 168.5756 ns/op
WorkloadActual   6: 2883584 op, 488180700.00 ns, 169.2965 ns/op
WorkloadActual   7: 2883584 op, 483166900.00 ns, 167.5578 ns/op
WorkloadActual   8: 2883584 op, 524937800.00 ns, 182.0435 ns/op
WorkloadActual   9: 2883584 op, 483349500.00 ns, 167.6211 ns/op
WorkloadActual  10: 2883584 op, 491022200.00 ns, 170.2819 ns/op
WorkloadActual  11: 2883584 op, 537873000.00 ns, 186.5293 ns/op
WorkloadActual  12: 2883584 op, 491501300.00 ns, 170.4481 ns/op
WorkloadActual  13: 2883584 op, 482478100.00 ns, 167.3189 ns/op
WorkloadActual  14: 2883584 op, 495152500.00 ns, 171.7143 ns/op
WorkloadActual  15: 2883584 op, 484507800.00 ns, 168.0228 ns/op

// AfterActualRun
WorkloadResult   1: 2883584 op, 487858200.00 ns, 169.1847 ns/op
WorkloadResult   2: 2883584 op, 484749200.00 ns, 168.1065 ns/op
WorkloadResult   3: 2883584 op, 491784400.00 ns, 170.5462 ns/op
WorkloadResult   4: 2883584 op, 486101900.00 ns, 168.5756 ns/op
WorkloadResult   5: 2883584 op, 488180700.00 ns, 169.2965 ns/op
WorkloadResult   6: 2883584 op, 483166900.00 ns, 167.5578 ns/op
WorkloadResult   7: 2883584 op, 483349500.00 ns, 167.6211 ns/op
WorkloadResult   8: 2883584 op, 491022200.00 ns, 170.2819 ns/op
WorkloadResult   9: 2883584 op, 491501300.00 ns, 170.4481 ns/op
WorkloadResult  10: 2883584 op, 482478100.00 ns, 167.3189 ns/op
WorkloadResult  11: 2883584 op, 495152500.00 ns, 171.7143 ns/op
WorkloadResult  12: 2883584 op, 484507800.00 ns, 168.0228 ns/op
// GC:  0 0 0 550776 2883584
// Threading:  0 0 2883584

STEADY_ALLOCATION mode=KeyBatchesPaired records=261888 bytes=0
// AfterAll
// Benchmark Process 65956 has exited with code 0.

Mean = 169.056 ns, StdErr = 0.411 ns (0.24%), N = 12, StdDev = 1.425 ns
Min = 167.319 ns, Q1 = 167.922 ns, Median = 168.880 ns, Q3 = 170.323 ns, Max = 171.714 ns
IQR = 2.401 ns, LowerFence = 164.321 ns, UpperFence = 173.925 ns
ConfidenceInterval = [167.232 ns; 170.881 ns] (CI 99.9%), Margin = 1.825 ns (1.08% of Mean)
Skewness = 0.37, Kurtosis = 1.64, MValue = 2

// ** Remained 2 (7.1%) benchmark(s) to run. Estimated finish 2026-09-07 16:04 (0h 0m from now) **
Setup power plan (GUID: 8c5e7fda-e8bf-4a96-9a85-a6e23a8c635c FriendlyName: High performance)
// **************************
// Benchmark: PartitionedLifetimeBenchmarks.ProcessLifetime: F_PredecessorControl(Affinity=00000000000000000100, EnvironmentVariables=DOTNET_TieredCompilation=0,DEKAF_DISPATCH_PROFILE=0,DEKAF_DISPATCH_SAMPLE_DIRECTORY=C:/git/Dekaf-perf-improvements-20260907/pr-3117/full\latency-samples,DEKAF_DISPATCH_JOB=F_PredecessorControl, Arguments=/p:ProductDirectory=C:/git/Dekaf-perf-improvements-20260907/pr-3117/predecessor,/p:UseSharedCompilation=false) [Mode=KeyBatchesPaired]
// *** Execute ***
// Launch: 1 / 1
// Execute: dotnet Dekaf.Benchmarks-B_Predecessor-2.dll --anonymousPipes 1972 1276 --benchmarkName "Dekaf.Benchmarks.PartitionedLifetimeBenchmarks.ProcessLifetime(Mode: KeyBatchesPaired)" --job F_PredecessorControl --benchmarkId 7 in C:\git\Dekaf-perf-improvements-20260907\pr-3117\comparison\bin\Release\net10.0\Dekaf.Benchmarks-B_Predecessor-2\bin\Release\net10.0
// BeforeAnythingElse

// Benchmark Process Environment Information:
// BenchmarkDotNet v0.15.8
// Runtime=.NET 10.0.11 (10.0.11, 10.0.1126.37416), X64 RyuJIT x86-64-v3
// GC=Concurrent Workstation
// HardwareIntrinsics=AVX2+BMI1+BMI2+F16C+FMA+LZCNT+MOVBE,AVX,SSE3+SSSE3+SSE4.1+SSE4.2+POPCNT,X86Base+SSE+SSE2,AES+PCLMUL,AvxVnni,SERIALIZE VectorSize=256
// Job: F_PredecessorControl(Affinity=100)

OverheadJitting  1: 262144 op, 171500.00 ns, 0.6542 ns/op
WorkloadJitting  1: 262144 op, 43170200.00 ns, 164.6812 ns/op

WorkloadPilot    1: 524288 op, 90307100.00 ns, 172.2471 ns/op
WorkloadPilot    2: 786432 op, 136240100.00 ns, 173.2382 ns/op
WorkloadPilot    3: 1048576 op, 180986500.00 ns, 172.6022 ns/op
WorkloadPilot    4: 1310720 op, 227781800.00 ns, 173.7837 ns/op
WorkloadPilot    5: 1572864 op, 276846100.00 ns, 176.0140 ns/op
WorkloadPilot    6: 1835008 op, 324419900.00 ns, 176.7948 ns/op
WorkloadPilot    7: 2097152 op, 367400900.00 ns, 175.1904 ns/op
WorkloadPilot    8: 2359296 op, 413230700.00 ns, 175.1500 ns/op
WorkloadPilot    9: 2621440 op, 467044500.00 ns, 178.1633 ns/op
WorkloadPilot   10: 2883584 op, 506371800.00 ns, 175.6050 ns/op

WorkloadWarmup   1: 2883584 op, 546789400.00 ns, 189.6215 ns/op
WorkloadWarmup   2: 2883584 op, 506432500.00 ns, 175.6261 ns/op
WorkloadWarmup   3: 2883584 op, 518353000.00 ns, 179.7600 ns/op
WorkloadWarmup   4: 2883584 op, 508630800.00 ns, 176.3884 ns/op
WorkloadWarmup   5: 2883584 op, 545971900.00 ns, 189.3380 ns/op
WorkloadWarmup   6: 2883584 op, 505462400.00 ns, 175.2896 ns/op

// BeforeActualRun
WorkloadActual   1: 2883584 op, 505158100.00 ns, 175.1841 ns/op
WorkloadActual   2: 2883584 op, 556621900.00 ns, 193.0313 ns/op
WorkloadActual   3: 2883584 op, 514093100.00 ns, 178.2827 ns/op
WorkloadActual   4: 2883584 op, 513471700.00 ns, 178.0672 ns/op
WorkloadActual   5: 2883584 op, 507239400.00 ns, 175.9059 ns/op
WorkloadActual   6: 2883584 op, 508210900.00 ns, 176.2428 ns/op
WorkloadActual   7: 2883584 op, 513228200.00 ns, 177.9827 ns/op
WorkloadActual   8: 2883584 op, 505123200.00 ns, 175.1720 ns/op
WorkloadActual   9: 2883584 op, 502870700.00 ns, 174.3909 ns/op
WorkloadActual  10: 2883584 op, 498308300.00 ns, 172.8087 ns/op
WorkloadActual  11: 2883584 op, 499101500.00 ns, 173.0837 ns/op
WorkloadActual  12: 2883584 op, 502147300.00 ns, 174.1400 ns/op
WorkloadActual  13: 2883584 op, 497404600.00 ns, 172.4953 ns/op
WorkloadActual  14: 2883584 op, 541790400.00 ns, 187.8879 ns/op
WorkloadActual  15: 2883584 op, 507509300.00 ns, 175.9995 ns/op

// AfterActualRun
WorkloadResult   1: 2883584 op, 505158100.00 ns, 175.1841 ns/op
WorkloadResult   2: 2883584 op, 514093100.00 ns, 178.2827 ns/op
WorkloadResult   3: 2883584 op, 513471700.00 ns, 178.0672 ns/op
WorkloadResult   4: 2883584 op, 507239400.00 ns, 175.9059 ns/op
WorkloadResult   5: 2883584 op, 508210900.00 ns, 176.2428 ns/op
WorkloadResult   6: 2883584 op, 513228200.00 ns, 177.9827 ns/op
WorkloadResult   7: 2883584 op, 505123200.00 ns, 175.1720 ns/op
WorkloadResult   8: 2883584 op, 502870700.00 ns, 174.3909 ns/op
WorkloadResult   9: 2883584 op, 498308300.00 ns, 172.8087 ns/op
WorkloadResult  10: 2883584 op, 499101500.00 ns, 173.0837 ns/op
WorkloadResult  11: 2883584 op, 502147300.00 ns, 174.1400 ns/op
WorkloadResult  12: 2883584 op, 497404600.00 ns, 172.4953 ns/op
WorkloadResult  13: 2883584 op, 507509300.00 ns, 175.9995 ns/op
// GC:  0 0 0 550776 2883584
// Threading:  0 0 2883584

STEADY_ALLOCATION mode=KeyBatchesPaired records=261888 bytes=0
// AfterAll
// Benchmark Process 79112 has exited with code 0.

Mean = 175.366 ns, StdErr = 0.547 ns (0.31%), N = 13, StdDev = 1.971 ns
Min = 172.495 ns, Q1 = 174.140 ns, Median = 175.184 ns, Q3 = 176.243 ns, Max = 178.283 ns
IQR = 2.103 ns, LowerFence = 170.986 ns, UpperFence = 179.397 ns
ConfidenceInterval = [173.005 ns; 177.726 ns] (CI 99.9%), Margin = 2.361 ns (1.35% of Mean)
Skewness = 0.09, Kurtosis = 1.6, MValue = 2

// ** Remained 1 (3.6%) benchmark(s) to run. Estimated finish 2026-09-07 16:03 (0h 0m from now) **
Setup power plan (GUID: 8c5e7fda-e8bf-4a96-9a85-a6e23a8c635c FriendlyName: High performance)
// **************************
// Benchmark: PartitionedLifetimeBenchmarks.ProcessLifetime: G_AcceptedControl(Affinity=00000000000000000100, EnvironmentVariables=DOTNET_TieredCompilation=0,DEKAF_DISPATCH_PROFILE=0,DEKAF_DISPATCH_SAMPLE_DIRECTORY=C:/git/Dekaf-perf-improvements-20260907/pr-3117/full\latency-samples,DEKAF_DISPATCH_JOB=G_AcceptedControl, Arguments=/p:ProductDirectory=C:/git/Dekaf-perf-improvements-20260907/pr-3117/accepted,/p:UseSharedCompilation=false) [Mode=KeyBatchesPaired]
// *** Execute ***
// Launch: 1 / 1
// Execute: dotnet Dekaf.Benchmarks-A_Accepted-1.dll --anonymousPipes 2008 2112 --benchmarkName "Dekaf.Benchmarks.PartitionedLifetimeBenchmarks.ProcessLifetime(Mode: KeyBatchesPaired)" --job G_AcceptedControl --benchmarkId 7 in C:\git\Dekaf-perf-improvements-20260907\pr-3117\comparison\bin\Release\net10.0\Dekaf.Benchmarks-A_Accepted-1\bin\Release\net10.0
// BeforeAnythingElse

// Benchmark Process Environment Information:
// BenchmarkDotNet v0.15.8
// Runtime=.NET 10.0.11 (10.0.11, 10.0.1126.37416), X64 RyuJIT x86-64-v3
// GC=Concurrent Workstation
// HardwareIntrinsics=AVX2+BMI1+BMI2+F16C+FMA+LZCNT+MOVBE,AVX,SSE3+SSSE3+SSE4.1+SSE4.2+POPCNT,X86Base+SSE+SSE2,AES+PCLMUL,AvxVnni,SERIALIZE VectorSize=256
// Job: G_AcceptedControl(Affinity=100)

OverheadJitting  1: 262144 op, 163600.00 ns, 0.6241 ns/op
WorkloadJitting  1: 262144 op, 204565600.00 ns, 780.3558 ns/op

WorkloadPilot    1: 524288 op, 453580000.00 ns, 865.1352 ns/op
WorkloadPilot    2: 786432 op, 597410400.00 ns, 759.6466 ns/op

WorkloadWarmup   1: 786432 op, 620797800.00 ns, 789.3852 ns/op
WorkloadWarmup   2: 786432 op, 649550600.00 ns, 825.9463 ns/op
WorkloadWarmup   3: 786432 op, 607048600.00 ns, 771.9022 ns/op
WorkloadWarmup   4: 786432 op, 583119300.00 ns, 741.4745 ns/op
WorkloadWarmup   5: 786432 op, 580894800.00 ns, 738.6459 ns/op
WorkloadWarmup   6: 786432 op, 585239500.00 ns, 744.1705 ns/op
WorkloadWarmup   7: 786432 op, 577819100.00 ns, 734.7350 ns/op

// BeforeActualRun
WorkloadActual   1: 786432 op, 575077600.00 ns, 731.2490 ns/op
WorkloadActual   2: 786432 op, 587789000.00 ns, 747.4124 ns/op
WorkloadActual   3: 786432 op, 577116600.00 ns, 733.8417 ns/op
WorkloadActual   4: 786432 op, 592546300.00 ns, 753.4616 ns/op
WorkloadActual   5: 786432 op, 632808800.00 ns, 804.6580 ns/op
WorkloadActual   6: 786432 op, 584378900.00 ns, 743.0762 ns/op
WorkloadActual   7: 786432 op, 601567800.00 ns, 764.9330 ns/op
WorkloadActual   8: 786432 op, 587362500.00 ns, 746.8700 ns/op
WorkloadActual   9: 786432 op, 640937800.00 ns, 814.9946 ns/op
WorkloadActual  10: 786432 op, 584233000.00 ns, 742.8907 ns/op
WorkloadActual  11: 786432 op, 648299700.00 ns, 824.3557 ns/op
WorkloadActual  12: 786432 op, 633214200.00 ns, 805.1735 ns/op
WorkloadActual  13: 786432 op, 572814400.00 ns, 728.3712 ns/op
WorkloadActual  14: 786432 op, 599895400.00 ns, 762.8064 ns/op
WorkloadActual  15: 786432 op, 590844900.00 ns, 751.2981 ns/op
WorkloadActual  16: 786432 op, 579928000.00 ns, 737.4166 ns/op
WorkloadActual  17: 786432 op, 572758500.00 ns, 728.3001 ns/op
WorkloadActual  18: 786432 op, 594784000.00 ns, 756.3070 ns/op
WorkloadActual  19: 786432 op, 618380600.00 ns, 786.3116 ns/op
WorkloadActual  20: 786432 op, 594232000.00 ns, 755.6051 ns/op
WorkloadActual  21: 786432 op, 575818300.00 ns, 732.1908 ns/op
WorkloadActual  22: 786432 op, 645656600.00 ns, 820.9948 ns/op
WorkloadActual  23: 786432 op, 580212900.00 ns, 737.7789 ns/op
WorkloadActual  24: 786432 op, 583032400.00 ns, 741.3640 ns/op
WorkloadActual  25: 786432 op, 610803600.00 ns, 776.6769 ns/op
WorkloadActual  26: 786432 op, 599649400.00 ns, 762.4936 ns/op
WorkloadActual  27: 786432 op, 584989400.00 ns, 743.8525 ns/op
WorkloadActual  28: 786432 op, 608693700.00 ns, 773.9941 ns/op
WorkloadActual  29: 786432 op, 624943800.00 ns, 794.6571 ns/op
WorkloadActual  30: 786432 op, 591522100.00 ns, 752.1592 ns/op
WorkloadActual  31: 786432 op, 581107300.00 ns, 738.9161 ns/op
WorkloadActual  32: 786432 op, 593104500.00 ns, 754.1714 ns/op
WorkloadActual  33: 786432 op, 587381600.00 ns, 746.8943 ns/op
WorkloadActual  34: 786432 op, 596982200.00 ns, 759.1021 ns/op
WorkloadActual  35: 786432 op, 589478100.00 ns, 749.5602 ns/op

// AfterActualRun
WorkloadResult   1: 786432 op, 575077600.00 ns, 731.2490 ns/op
WorkloadResult   2: 786432 op, 587789000.00 ns, 747.4124 ns/op
WorkloadResult   3: 786432 op, 577116600.00 ns, 733.8417 ns/op
WorkloadResult   4: 786432 op, 592546300.00 ns, 753.4616 ns/op
WorkloadResult   5: 786432 op, 632808800.00 ns, 804.6580 ns/op
WorkloadResult   6: 786432 op, 584378900.00 ns, 743.0762 ns/op
WorkloadResult   7: 786432 op, 601567800.00 ns, 764.9330 ns/op
WorkloadResult   8: 786432 op, 587362500.00 ns, 746.8700 ns/op
WorkloadResult   9: 786432 op, 584233000.00 ns, 742.8907 ns/op
WorkloadResult  10: 786432 op, 633214200.00 ns, 805.1735 ns/op
WorkloadResult  11: 786432 op, 572814400.00 ns, 728.3712 ns/op
WorkloadResult  12: 786432 op, 599895400.00 ns, 762.8064 ns/op
WorkloadResult  13: 786432 op, 590844900.00 ns, 751.2981 ns/op
WorkloadResult  14: 786432 op, 579928000.00 ns, 737.4166 ns/op
WorkloadResult  15: 786432 op, 572758500.00 ns, 728.3001 ns/op
WorkloadResult  16: 786432 op, 594784000.00 ns, 756.3070 ns/op
WorkloadResult  17: 786432 op, 618380600.00 ns, 786.3116 ns/op
WorkloadResult  18: 786432 op, 594232000.00 ns, 755.6051 ns/op
WorkloadResult  19: 786432 op, 575818300.00 ns, 732.1908 ns/op
WorkloadResult  20: 786432 op, 580212900.00 ns, 737.7789 ns/op
WorkloadResult  21: 786432 op, 583032400.00 ns, 741.3640 ns/op
WorkloadResult  22: 786432 op, 610803600.00 ns, 776.6769 ns/op
WorkloadResult  23: 786432 op, 599649400.00 ns, 762.4936 ns/op
WorkloadResult  24: 786432 op, 584989400.00 ns, 743.8525 ns/op
WorkloadResult  25: 786432 op, 608693700.00 ns, 773.9941 ns/op
WorkloadResult  26: 786432 op, 624943800.00 ns, 794.6571 ns/op
WorkloadResult  27: 786432 op, 591522100.00 ns, 752.1592 ns/op
WorkloadResult  28: 786432 op, 581107300.00 ns, 738.9161 ns/op
WorkloadResult  29: 786432 op, 593104500.00 ns, 754.1714 ns/op
WorkloadResult  30: 786432 op, 587381600.00 ns, 746.8943 ns/op
WorkloadResult  31: 786432 op, 596982200.00 ns, 759.1021 ns/op
WorkloadResult  32: 786432 op, 589478100.00 ns, 749.5602 ns/op
// GC:  146 0 0 1918972488 786432
// Threading:  0 0 786432

STEADY_ALLOCATION mode=KeyBatchesPaired records=261888 bytes=639006720
// AfterAll
// Benchmark Process 49804 has exited with code 0.

Mean = 754.494 ns, StdErr = 3.655 ns (0.48%), N = 32, StdDev = 20.678 ns
Min = 728.300 ns, Q1 = 740.752 ns, Median = 750.429 ns, Q3 = 762.572 ns, Max = 805.173 ns
IQR = 21.820 ns, LowerFence = 708.022 ns, UpperFence = 795.302 ns
ConfidenceInterval = [741.212 ns; 767.775 ns] (CI 99.9%), Margin = 13.282 ns (1.76% of Mean)
Skewness = 1.01, Kurtosis = 3.24, MValue = 2

// ** Remained 0 (0.0%) benchmark(s) to run. Estimated finish 2026-09-07 16:04 (0h 0m from now) **
Successfully reverted power plan (GUID: 8c5e7fda-e8bf-4a96-9a85-a6e23a8c635c FriendlyName: High performance)
// ***** BenchmarkRunner: Finish  *****

// * Export *
  C:\git\Dekaf-perf-improvements-20260907\pr-3117\full\results\Dekaf.Benchmarks.PartitionedLifetimeBenchmarks-report.csv
  C:\git\Dekaf-perf-improvements-20260907\pr-3117\full\results\Dekaf.Benchmarks.PartitionedLifetimeBenchmarks-report-github.md
  C:\git\Dekaf-perf-improvements-20260907\pr-3117\full\results\Dekaf.Benchmarks.PartitionedLifetimeBenchmarks-report.html
  C:\git\Dekaf-perf-improvements-20260907\pr-3117\full\results\Dekaf.Benchmarks.PartitionedLifetimeBenchmarks-report-full.json

// * Detailed results *
PartitionedLifetimeBenchmarks.ProcessLifetime: A_Accepted(Affinity=00000000000000000100, EnvironmentVariables=DOTNET_TieredCompilation=0,DEKAF_DISPATCH_PROFILE=0,DEKAF_DISPATCH_SAMPLE_DIRECTORY=C:/git/Dekaf-perf-improvements-20260907/pr-3117/full\latency-samples,DEKAF_DISPATCH_JOB=A_Accepted, Arguments=/p:ProductDirectory=C:/git/Dekaf-perf-improvements-20260907/pr-3117/accepted,/p:UseSharedCompilation=false) [Mode=KeyRecordsDistinct]
Runtime = .NET 10.0.11 (10.0.11, 10.0.1126.37416), X64 RyuJIT x86-64-v3; GC = Concurrent Workstation
Mean = 534.536 ns, StdErr = 1.742 ns (0.33%), N = 14, StdDev = 6.519 ns
Min = 524.937 ns, Q1 = 531.243 ns, Median = 533.392 ns, Q3 = 538.575 ns, Max = 550.067 ns
IQR = 7.332 ns, LowerFence = 520.246 ns, UpperFence = 549.573 ns
ConfidenceInterval = [527.183 ns; 541.890 ns] (CI 99.9%), Margin = 7.354 ns (1.38% of Mean)
Skewness = 0.74, Kurtosis = 2.95, MValue = 2
-------------------- Histogram --------------------
[521.386 ns ; 536.340 ns) | @@@@@@@@@@
[536.340 ns ; 553.617 ns) | @@@@
---------------------------------------------------

PartitionedLifetimeBenchmarks.ProcessLifetime: B_Predecessor(Affinity=00000000000000000100, EnvironmentVariables=DOTNET_TieredCompilation=0,DEKAF_DISPATCH_PROFILE=0,DEKAF_DISPATCH_SAMPLE_DIRECTORY=C:/git/Dekaf-perf-improvements-20260907/pr-3117/full\latency-samples,DEKAF_DISPATCH_JOB=B_Predecessor, Arguments=/p:ProductDirectory=C:/git/Dekaf-perf-improvements-20260907/pr-3117/predecessor,/p:UseSharedCompilation=false) [Mode=KeyRecordsDistinct]
Runtime = .NET 10.0.11 (10.0.11, 10.0.1126.37416), X64 RyuJIT x86-64-v3; GC = Concurrent Workstation
Mean = 160.097 ns, StdErr = 0.327 ns (0.20%), N = 13, StdDev = 1.177 ns
Min = 158.436 ns, Q1 = 159.117 ns, Median = 160.117 ns, Q3 = 160.589 ns, Max = 162.196 ns
IQR = 1.472 ns, LowerFence = 156.908 ns, UpperFence = 162.798 ns
ConfidenceInterval = [158.687 ns; 161.507 ns] (CI 99.9%), Margin = 1.410 ns (0.88% of Mean)
Skewness = 0.4, Kurtosis = 1.97, MValue = 2
-------------------- Histogram --------------------
[157.779 ns ; 162.854 ns) | @@@@@@@@@@@@@
---------------------------------------------------

PartitionedLifetimeBenchmarks.ProcessLifetime: C_Published(Affinity=00000000000000000100, EnvironmentVariables=DOTNET_TieredCompilation=0,DEKAF_DISPATCH_PROFILE=0,DEKAF_DISPATCH_SAMPLE_DIRECTORY=C:/git/Dekaf-perf-improvements-20260907/pr-3117/full\latency-samples,DEKAF_DISPATCH_JOB=C_Published, Arguments=/p:ProductDirectory=C:/git/Dekaf-perf-improvements-20260907/pr-3117/published,/p:UseSharedCompilation=false) [Mode=KeyRecordsDistinct]
Runtime = .NET 10.0.11 (10.0.11, 10.0.1126.37416), X64 RyuJIT x86-64-v3; GC = Concurrent Workstation
Mean = 152.224 ns, StdErr = 0.425 ns (0.28%), N = 13, StdDev = 1.531 ns
Min = 149.751 ns, Q1 = 150.962 ns, Median = 152.585 ns, Q3 = 153.096 ns, Max = 154.788 ns
IQR = 2.134 ns, LowerFence = 147.762 ns, UpperFence = 156.296 ns
ConfidenceInterval = [150.390 ns; 154.057 ns] (CI 99.9%), Margin = 1.833 ns (1.20% of Mean)
Skewness = 0.07, Kurtosis = 1.65, MValue = 2
-------------------- Histogram --------------------
[148.896 ns ; 154.838 ns) | @@@@@@@@@@@@@
---------------------------------------------------

PartitionedLifetimeBenchmarks.ProcessLifetime: D_Candidate(Affinity=00000000000000000100, EnvironmentVariables=DOTNET_TieredCompilation=0,DEKAF_DISPATCH_PROFILE=0,DEKAF_DISPATCH_SAMPLE_DIRECTORY=C:/git/Dekaf-perf-improvements-20260907/pr-3117/full\latency-samples,DEKAF_DISPATCH_JOB=D_Candidate, Arguments=/p:ProductDirectory=C:/git/Dekaf-perf-improvements-20260907/pr-3117/candidate,/p:UseSharedCompilation=false) [Mode=KeyRecordsDistinct]
Runtime = .NET 10.0.11 (10.0.11, 10.0.1126.37416), X64 RyuJIT x86-64-v3; GC = Concurrent Workstation
Mean = 151.371 ns, StdErr = 0.407 ns (0.27%), N = 13, StdDev = 1.466 ns
Min = 148.914 ns, Q1 = 150.207 ns, Median = 151.257 ns, Q3 = 152.455 ns, Max = 154.064 ns
IQR = 2.247 ns, LowerFence = 146.836 ns, UpperFence = 155.826 ns
ConfidenceInterval = [149.616 ns; 153.127 ns] (CI 99.9%), Margin = 1.756 ns (1.16% of Mean)
Skewness = 0.1, Kurtosis = 1.87, MValue = 2
-------------------- Histogram --------------------
[148.096 ns ; 154.883 ns) | @@@@@@@@@@@@@
---------------------------------------------------

PartitionedLifetimeBenchmarks.ProcessLifetime: E_PublishedControl(Affinity=00000000000000000100, EnvironmentVariables=DOTNET_TieredCompilation=0,DEKAF_DISPATCH_PROFILE=0,DEKAF_DISPATCH_SAMPLE_DIRECTORY=C:/git/Dekaf-perf-improvements-20260907/pr-3117/full\latency-samples,DEKAF_DISPATCH_JOB=E_PublishedControl, Arguments=/p:ProductDirectory=C:/git/Dekaf-perf-improvements-20260907/pr-3117/published,/p:UseSharedCompilation=false) [Mode=KeyRecordsDistinct]
Runtime = .NET 10.0.11 (10.0.11, 10.0.1126.37416), X64 RyuJIT x86-64-v3; GC = Concurrent Workstation
Mean = 155.958 ns, StdErr = 0.473 ns (0.30%), N = 15, StdDev = 1.833 ns
Min = 153.659 ns, Q1 = 154.704 ns, Median = 155.614 ns, Q3 = 156.961 ns, Max = 159.717 ns
IQR = 2.258 ns, LowerFence = 151.317 ns, UpperFence = 160.348 ns
ConfidenceInterval = [153.999 ns; 157.917 ns] (CI 99.9%), Margin = 1.959 ns (1.26% of Mean)
Skewness = 0.68, Kurtosis = 2.37, MValue = 2
-------------------- Histogram --------------------
[152.683 ns ; 155.960 ns) | @@@@@@@@
[155.960 ns ; 160.692 ns) | @@@@@@@
---------------------------------------------------

PartitionedLifetimeBenchmarks.ProcessLifetime: F_PredecessorControl(Affinity=00000000000000000100, EnvironmentVariables=DOTNET_TieredCompilation=0,DEKAF_DISPATCH_PROFILE=0,DEKAF_DISPATCH_SAMPLE_DIRECTORY=C:/git/Dekaf-perf-improvements-20260907/pr-3117/full\latency-samples,DEKAF_DISPATCH_JOB=F_PredecessorControl, Arguments=/p:ProductDirectory=C:/git/Dekaf-perf-improvements-20260907/pr-3117/predecessor,/p:UseSharedCompilation=false) [Mode=KeyRecordsDistinct]
Runtime = .NET 10.0.11 (10.0.11, 10.0.1126.37416), X64 RyuJIT x86-64-v3; GC = Concurrent Workstation
Mean = 155.111 ns, StdErr = 0.315 ns (0.20%), N = 13, StdDev = 1.135 ns
Min = 153.672 ns, Q1 = 154.133 ns, Median = 155.113 ns, Q3 = 155.700 ns, Max = 157.400 ns
IQR = 1.567 ns, LowerFence = 151.782 ns, UpperFence = 158.051 ns
ConfidenceInterval = [153.751 ns; 156.470 ns] (CI 99.9%), Margin = 1.359 ns (0.88% of Mean)
Skewness = 0.38, Kurtosis = 2, MValue = 2
-------------------- Histogram --------------------
[153.038 ns ; 158.033 ns) | @@@@@@@@@@@@@
---------------------------------------------------

PartitionedLifetimeBenchmarks.ProcessLifetime: G_AcceptedControl(Affinity=00000000000000000100, EnvironmentVariables=DOTNET_TieredCompilation=0,DEKAF_DISPATCH_PROFILE=0,DEKAF_DISPATCH_SAMPLE_DIRECTORY=C:/git/Dekaf-perf-improvements-20260907/pr-3117/full\latency-samples,DEKAF_DISPATCH_JOB=G_AcceptedControl, Arguments=/p:ProductDirectory=C:/git/Dekaf-perf-improvements-20260907/pr-3117/accepted,/p:UseSharedCompilation=false) [Mode=KeyRecordsDistinct]
Runtime = .NET 10.0.11 (10.0.11, 10.0.1126.37416), X64 RyuJIT x86-64-v3; GC = Concurrent Workstation
Mean = 518.638 ns, StdErr = 2.279 ns (0.44%), N = 14, StdDev = 8.528 ns
Min = 509.652 ns, Q1 = 512.726 ns, Median = 517.984 ns, Q3 = 521.777 ns, Max = 541.825 ns
IQR = 9.051 ns, LowerFence = 499.150 ns, UpperFence = 535.353 ns
ConfidenceInterval = [509.017 ns; 528.258 ns] (CI 99.9%), Margin = 9.620 ns (1.85% of Mean)
Skewness = 1.24, Kurtosis = 4.2, MValue = 2
-------------------- Histogram --------------------
[508.713 ns ; 527.629 ns) | @@@@@@@@@@@@@
[527.629 ns ; 546.470 ns) | @
---------------------------------------------------

PartitionedLifetimeBenchmarks.ProcessLifetime: A_Accepted(Affinity=00000000000000000100, EnvironmentVariables=DOTNET_TieredCompilation=0,DEKAF_DISPATCH_PROFILE=0,DEKAF_DISPATCH_SAMPLE_DIRECTORY=C:/git/Dekaf-perf-improvements-20260907/pr-3117/full\latency-samples,DEKAF_DISPATCH_JOB=A_Accepted, Arguments=/p:ProductDirectory=C:/git/Dekaf-perf-improvements-20260907/pr-3117/accepted,/p:UseSharedCompilation=false) [Mode=KeyBatchesDistinct]
Runtime = .NET 10.0.11 (10.0.11, 10.0.1126.37416), X64 RyuJIT x86-64-v3; GC = Concurrent Workstation
Mean = 582.741 ns, StdErr = 2.890 ns (0.50%), N = 26, StdDev = 14.738 ns
Min = 564.942 ns, Q1 = 571.713 ns, Median = 579.397 ns, Q3 = 586.342 ns, Max = 621.515 ns
IQR = 14.629 ns, LowerFence = 549.770 ns, UpperFence = 608.285 ns
ConfidenceInterval = [571.974 ns; 593.508 ns] (CI 99.9%), Margin = 10.767 ns (1.85% of Mean)
Skewness = 1.07, Kurtosis = 3.27, MValue = 2
-------------------- Histogram --------------------
[558.413 ns ; 582.662 ns) | @@@@@@@@@@@@@@@@@
[582.662 ns ; 596.853 ns) | @@@@@
[596.853 ns ; 614.178 ns) | @@@
[614.178 ns ; 628.044 ns) | @
---------------------------------------------------

PartitionedLifetimeBenchmarks.ProcessLifetime: B_Predecessor(Affinity=00000000000000000100, EnvironmentVariables=DOTNET_TieredCompilation=0,DEKAF_DISPATCH_PROFILE=0,DEKAF_DISPATCH_SAMPLE_DIRECTORY=C:/git/Dekaf-perf-improvements-20260907/pr-3117/full\latency-samples,DEKAF_DISPATCH_JOB=B_Predecessor, Arguments=/p:ProductDirectory=C:/git/Dekaf-perf-improvements-20260907/pr-3117/predecessor,/p:UseSharedCompilation=false) [Mode=KeyBatchesDistinct]
Runtime = .NET 10.0.11 (10.0.11, 10.0.1126.37416), X64 RyuJIT x86-64-v3; GC = Concurrent Workstation
Mean = 156.339 ns, StdErr = 0.310 ns (0.20%), N = 13, StdDev = 1.116 ns
Min = 154.860 ns, Q1 = 155.629 ns, Median = 156.027 ns, Q3 = 156.512 ns, Max = 158.869 ns
IQR = 0.883 ns, LowerFence = 154.304 ns, UpperFence = 157.837 ns
ConfidenceInterval = [155.002 ns; 157.676 ns] (CI 99.9%), Margin = 1.337 ns (0.86% of Mean)
Skewness = 0.88, Kurtosis = 2.67, MValue = 2
-------------------- Histogram --------------------
[154.424 ns ; 159.492 ns) | @@@@@@@@@@@@@
---------------------------------------------------

PartitionedLifetimeBenchmarks.ProcessLifetime: C_Published(Affinity=00000000000000000100, EnvironmentVariables=DOTNET_TieredCompilation=0,DEKAF_DISPATCH_PROFILE=0,DEKAF_DISPATCH_SAMPLE_DIRECTORY=C:/git/Dekaf-perf-improvements-20260907/pr-3117/full\latency-samples,DEKAF_DISPATCH_JOB=C_Published, Arguments=/p:ProductDirectory=C:/git/Dekaf-perf-improvements-20260907/pr-3117/published,/p:UseSharedCompilation=false) [Mode=KeyBatchesDistinct]
Runtime = .NET 10.0.11 (10.0.11, 10.0.1126.37416), X64 RyuJIT x86-64-v3; GC = Concurrent Workstation
Mean = 151.371 ns, StdErr = 0.463 ns (0.31%), N = 13, StdDev = 1.670 ns
Min = 148.259 ns, Q1 = 150.427 ns, Median = 151.161 ns, Q3 = 152.105 ns, Max = 154.361 ns
IQR = 1.678 ns, LowerFence = 147.910 ns, UpperFence = 154.623 ns
ConfidenceInterval = [149.371 ns; 153.371 ns] (CI 99.9%), Margin = 2.000 ns (1.32% of Mean)
Skewness = 0.23, Kurtosis = 2.44, MValue = 2
-------------------- Histogram --------------------
[147.327 ns ; 155.293 ns) | @@@@@@@@@@@@@
---------------------------------------------------

PartitionedLifetimeBenchmarks.ProcessLifetime: D_Candidate(Affinity=00000000000000000100, EnvironmentVariables=DOTNET_TieredCompilation=0,DEKAF_DISPATCH_PROFILE=0,DEKAF_DISPATCH_SAMPLE_DIRECTORY=C:/git/Dekaf-perf-improvements-20260907/pr-3117/full\latency-samples,DEKAF_DISPATCH_JOB=D_Candidate, Arguments=/p:ProductDirectory=C:/git/Dekaf-perf-improvements-20260907/pr-3117/candidate,/p:UseSharedCompilation=false) [Mode=KeyBatchesDistinct]
Runtime = .NET 10.0.11 (10.0.11, 10.0.1126.37416), X64 RyuJIT x86-64-v3; GC = Concurrent Workstation
Mean = 149.585 ns, StdErr = 0.534 ns (0.36%), N = 13, StdDev = 1.926 ns
Min = 147.332 ns, Q1 = 147.973 ns, Median = 149.193 ns, Q3 = 151.260 ns, Max = 152.741 ns
IQR = 3.287 ns, LowerFence = 143.043 ns, UpperFence = 156.190 ns
ConfidenceInterval = [147.279 ns; 151.891 ns] (CI 99.9%), Margin = 2.306 ns (1.54% of Mean)
Skewness = 0.38, Kurtosis = 1.49, MValue = 2
-------------------- Histogram --------------------
[146.788 ns ; 153.520 ns) | @@@@@@@@@@@@@
---------------------------------------------------

PartitionedLifetimeBenchmarks.ProcessLifetime: E_PublishedControl(Affinity=00000000000000000100, EnvironmentVariables=DOTNET_TieredCompilation=0,DEKAF_DISPATCH_PROFILE=0,DEKAF_DISPATCH_SAMPLE_DIRECTORY=C:/git/Dekaf-perf-improvements-20260907/pr-3117/full\latency-samples,DEKAF_DISPATCH_JOB=E_PublishedControl, Arguments=/p:ProductDirectory=C:/git/Dekaf-perf-improvements-20260907/pr-3117/published,/p:UseSharedCompilation=false) [Mode=KeyBatchesDistinct]
Runtime = .NET 10.0.11 (10.0.11, 10.0.1126.37416), X64 RyuJIT x86-64-v3; GC = Concurrent Workstation
Mean = 156.289 ns, StdErr = 0.311 ns (0.20%), N = 12, StdDev = 1.078 ns
Min = 155.107 ns, Q1 = 155.455 ns, Median = 155.887 ns, Q3 = 157.106 ns, Max = 158.171 ns
IQR = 1.650 ns, LowerFence = 152.980 ns, UpperFence = 159.581 ns
ConfidenceInterval = [154.908 ns; 157.669 ns] (CI 99.9%), Margin = 1.380 ns (0.88% of Mean)
Skewness = 0.4, Kurtosis = 1.48, MValue = 2
-------------------- Histogram --------------------
[154.489 ns ; 158.788 ns) | @@@@@@@@@@@@
---------------------------------------------------

PartitionedLifetimeBenchmarks.ProcessLifetime: F_PredecessorControl(Affinity=00000000000000000100, EnvironmentVariables=DOTNET_TieredCompilation=0,DEKAF_DISPATCH_PROFILE=0,DEKAF_DISPATCH_SAMPLE_DIRECTORY=C:/git/Dekaf-perf-improvements-20260907/pr-3117/full\latency-samples,DEKAF_DISPATCH_JOB=F_PredecessorControl, Arguments=/p:ProductDirectory=C:/git/Dekaf-perf-improvements-20260907/pr-3117/predecessor,/p:UseSharedCompilation=false) [Mode=KeyBatchesDistinct]
Runtime = .NET 10.0.11 (10.0.11, 10.0.1126.37416), X64 RyuJIT x86-64-v3; GC = Concurrent Workstation
Mean = 153.775 ns, StdErr = 0.481 ns (0.31%), N = 14, StdDev = 1.798 ns
Min = 151.857 ns, Q1 = 152.550 ns, Median = 153.208 ns, Q3 = 154.886 ns, Max = 158.454 ns
IQR = 2.336 ns, LowerFence = 149.047 ns, UpperFence = 158.390 ns
ConfidenceInterval = [151.746 ns; 155.804 ns] (CI 99.9%), Margin = 2.029 ns (1.32% of Mean)
Skewness = 1.1, Kurtosis = 3.57, MValue = 2
-------------------- Histogram --------------------
[151.547 ns ; 159.434 ns) | @@@@@@@@@@@@@@
---------------------------------------------------

PartitionedLifetimeBenchmarks.ProcessLifetime: G_AcceptedControl(Affinity=00000000000000000100, EnvironmentVariables=DOTNET_TieredCompilation=0,DEKAF_DISPATCH_PROFILE=0,DEKAF_DISPATCH_SAMPLE_DIRECTORY=C:/git/Dekaf-perf-improvements-20260907/pr-3117/full\latency-samples,DEKAF_DISPATCH_JOB=G_AcceptedControl, Arguments=/p:ProductDirectory=C:/git/Dekaf-perf-improvements-20260907/pr-3117/accepted,/p:UseSharedCompilation=false) [Mode=KeyBatchesDistinct]
Runtime = .NET 10.0.11 (10.0.11, 10.0.1126.37416), X64 RyuJIT x86-64-v3; GC = Concurrent Workstation
Mean = 570.194 ns, StdErr = 2.551 ns (0.45%), N = 17, StdDev = 10.518 ns
Min = 559.420 ns, Q1 = 562.282 ns, Median = 567.932 ns, Q3 = 575.251 ns, Max = 601.107 ns
IQR = 12.968 ns, LowerFence = 542.830 ns, UpperFence = 594.703 ns
ConfidenceInterval = [559.951 ns; 580.437 ns] (CI 99.9%), Margin = 10.243 ns (1.80% of Mean)
Skewness = 1.4, Kurtosis = 4.73, MValue = 2
-------------------- Histogram --------------------
[558.721 ns ; 582.617 ns) | @@@@@@@@@@@@@@@@
[582.617 ns ; 606.476 ns) | @
---------------------------------------------------

PartitionedLifetimeBenchmarks.ProcessLifetime: A_Accepted(Affinity=00000000000000000100, EnvironmentVariables=DOTNET_TieredCompilation=0,DEKAF_DISPATCH_PROFILE=0,DEKAF_DISPATCH_SAMPLE_DIRECTORY=C:/git/Dekaf-perf-improvements-20260907/pr-3117/full\latency-samples,DEKAF_DISPATCH_JOB=A_Accepted, Arguments=/p:ProductDirectory=C:/git/Dekaf-perf-improvements-20260907/pr-3117/accepted,/p:UseSharedCompilation=false) [Mode=KeyRecordsPaired]
Runtime = .NET 10.0.11 (10.0.11, 10.0.1126.37416), X64 RyuJIT x86-64-v3; GC = Concurrent Workstation
Mean = 693.622 ns, StdErr = 3.501 ns (0.50%), N = 23, StdDev = 16.789 ns
Min = 671.126 ns, Q1 = 683.316 ns, Median = 689.954 ns, Q3 = 702.292 ns, Max = 736.408 ns
IQR = 18.975 ns, LowerFence = 654.853 ns, UpperFence = 730.755 ns
ConfidenceInterval = [680.347 ns; 706.897 ns] (CI 99.9%), Margin = 13.275 ns (1.91% of Mean)
Skewness = 0.75, Kurtosis = 2.78, MValue = 2
-------------------- Histogram --------------------
[666.295 ns ; 682.717 ns) | @@@@@
[682.717 ns ; 698.214 ns) | @@@@@@@@@@@@
[698.214 ns ; 720.484 ns) | @@@@@
[720.484 ns ; 744.156 ns) | @
---------------------------------------------------

PartitionedLifetimeBenchmarks.ProcessLifetime: B_Predecessor(Affinity=00000000000000000100, EnvironmentVariables=DOTNET_TieredCompilation=0,DEKAF_DISPATCH_PROFILE=0,DEKAF_DISPATCH_SAMPLE_DIRECTORY=C:/git/Dekaf-perf-improvements-20260907/pr-3117/full\latency-samples,DEKAF_DISPATCH_JOB=B_Predecessor, Arguments=/p:ProductDirectory=C:/git/Dekaf-perf-improvements-20260907/pr-3117/predecessor,/p:UseSharedCompilation=false) [Mode=KeyRecordsPaired]
Runtime = .NET 10.0.11 (10.0.11, 10.0.1126.37416), X64 RyuJIT x86-64-v3; GC = Concurrent Workstation
Mean = 167.198 ns, StdErr = 0.728 ns (0.44%), N = 13, StdDev = 2.625 ns
Min = 164.325 ns, Q1 = 165.023 ns, Median = 166.393 ns, Q3 = 168.456 ns, Max = 173.257 ns
IQR = 3.434 ns, LowerFence = 159.872 ns, UpperFence = 173.607 ns
ConfidenceInterval = [164.054 ns; 170.341 ns] (CI 99.9%), Margin = 3.143 ns (1.88% of Mean)
Skewness = 0.84, Kurtosis = 2.73, MValue = 2
-------------------- Histogram --------------------
[163.705 ns ; 169.702 ns) | @@@@@@@@@@@
[169.702 ns ; 173.679 ns) | @@
---------------------------------------------------

PartitionedLifetimeBenchmarks.ProcessLifetime: C_Published(Affinity=00000000000000000100, EnvironmentVariables=DOTNET_TieredCompilation=0,DEKAF_DISPATCH_PROFILE=0,DEKAF_DISPATCH_SAMPLE_DIRECTORY=C:/git/Dekaf-perf-improvements-20260907/pr-3117/full\latency-samples,DEKAF_DISPATCH_JOB=C_Published, Arguments=/p:ProductDirectory=C:/git/Dekaf-perf-improvements-20260907/pr-3117/published,/p:UseSharedCompilation=false) [Mode=KeyRecordsPaired]
Runtime = .NET 10.0.11 (10.0.11, 10.0.1126.37416), X64 RyuJIT x86-64-v3; GC = Concurrent Workstation
Mean = 176.519 ns, StdErr = 0.574 ns (0.33%), N = 13, StdDev = 2.069 ns
Min = 173.795 ns, Q1 = 175.443 ns, Median = 175.567 ns, Q3 = 177.685 ns, Max = 180.916 ns
IQR = 2.241 ns, LowerFence = 172.081 ns, UpperFence = 181.047 ns
ConfidenceInterval = [174.041 ns; 178.997 ns] (CI 99.9%), Margin = 2.478 ns (1.40% of Mean)
Skewness = 0.8, Kurtosis = 2.28, MValue = 2
-------------------- Histogram --------------------
[173.761 ns ; 182.071 ns) | @@@@@@@@@@@@@
---------------------------------------------------

PartitionedLifetimeBenchmarks.ProcessLifetime: D_Candidate(Affinity=00000000000000000100, EnvironmentVariables=DOTNET_TieredCompilation=0,DEKAF_DISPATCH_PROFILE=0,DEKAF_DISPATCH_SAMPLE_DIRECTORY=C:/git/Dekaf-perf-improvements-20260907/pr-3117/full\latency-samples,DEKAF_DISPATCH_JOB=D_Candidate, Arguments=/p:ProductDirectory=C:/git/Dekaf-perf-improvements-20260907/pr-3117/candidate,/p:UseSharedCompilation=false) [Mode=KeyRecordsPaired]
Runtime = .NET 10.0.11 (10.0.11, 10.0.1126.37416), X64 RyuJIT x86-64-v3; GC = Concurrent Workstation
Mean = 173.086 ns, StdErr = 0.594 ns (0.34%), N = 13, StdDev = 2.143 ns
Min = 170.119 ns, Q1 = 171.566 ns, Median = 171.837 ns, Q3 = 174.681 ns, Max = 176.558 ns
IQR = 3.115 ns, LowerFence = 166.893 ns, UpperFence = 179.354 ns
ConfidenceInterval = [170.519 ns; 175.652 ns] (CI 99.9%), Margin = 2.566 ns (1.48% of Mean)
Skewness = 0.35, Kurtosis = 1.47, MValue = 2
-------------------- Histogram --------------------
[169.268 ns ; 177.376 ns) | @@@@@@@@@@@@@
---------------------------------------------------

PartitionedLifetimeBenchmarks.ProcessLifetime: E_PublishedControl(Affinity=00000000000000000100, EnvironmentVariables=DOTNET_TieredCompilation=0,DEKAF_DISPATCH_PROFILE=0,DEKAF_DISPATCH_SAMPLE_DIRECTORY=C:/git/Dekaf-perf-improvements-20260907/pr-3117/full\latency-samples,DEKAF_DISPATCH_JOB=E_PublishedControl, Arguments=/p:ProductDirectory=C:/git/Dekaf-perf-improvements-20260907/pr-3117/published,/p:UseSharedCompilation=false) [Mode=KeyRecordsPaired]
Runtime = .NET 10.0.11 (10.0.11, 10.0.1126.37416), X64 RyuJIT x86-64-v3; GC = Concurrent Workstation
Mean = 173.442 ns, StdErr = 0.405 ns (0.23%), N = 12, StdDev = 1.402 ns
Min = 171.357 ns, Q1 = 172.592 ns, Median = 173.541 ns, Q3 = 174.000 ns, Max = 176.510 ns
IQR = 1.408 ns, LowerFence = 170.481 ns, UpperFence = 176.111 ns
ConfidenceInterval = [171.646 ns; 175.237 ns] (CI 99.9%), Margin = 1.796 ns (1.04% of Mean)
Skewness = 0.44, Kurtosis = 2.68, MValue = 2
-------------------- Histogram --------------------
[170.553 ns ; 177.314 ns) | @@@@@@@@@@@@
---------------------------------------------------

PartitionedLifetimeBenchmarks.ProcessLifetime: F_PredecessorControl(Affinity=00000000000000000100, EnvironmentVariables=DOTNET_TieredCompilation=0,DEKAF_DISPATCH_PROFILE=0,DEKAF_DISPATCH_SAMPLE_DIRECTORY=C:/git/Dekaf-perf-improvements-20260907/pr-3117/full\latency-samples,DEKAF_DISPATCH_JOB=F_PredecessorControl, Arguments=/p:ProductDirectory=C:/git/Dekaf-perf-improvements-20260907/pr-3117/predecessor,/p:UseSharedCompilation=false) [Mode=KeyRecordsPaired]
Runtime = .NET 10.0.11 (10.0.11, 10.0.1126.37416), X64 RyuJIT x86-64-v3; GC = Concurrent Workstation
Mean = 165.571 ns, StdErr = 0.331 ns (0.20%), N = 12, StdDev = 1.148 ns
Min = 164.296 ns, Q1 = 164.768 ns, Median = 165.296 ns, Q3 = 166.078 ns, Max = 168.137 ns
IQR = 1.310 ns, LowerFence = 162.802 ns, UpperFence = 168.043 ns
ConfidenceInterval = [164.100 ns; 167.041 ns] (CI 99.9%), Margin = 1.471 ns (0.89% of Mean)
Skewness = 0.81, Kurtosis = 2.59, MValue = 2
-------------------- Histogram --------------------
[163.638 ns ; 168.796 ns) | @@@@@@@@@@@@
---------------------------------------------------

PartitionedLifetimeBenchmarks.ProcessLifetime: G_AcceptedControl(Affinity=00000000000000000100, EnvironmentVariables=DOTNET_TieredCompilation=0,DEKAF_DISPATCH_PROFILE=0,DEKAF_DISPATCH_SAMPLE_DIRECTORY=C:/git/Dekaf-perf-improvements-20260907/pr-3117/full\latency-samples,DEKAF_DISPATCH_JOB=G_AcceptedControl, Arguments=/p:ProductDirectory=C:/git/Dekaf-perf-improvements-20260907/pr-3117/accepted,/p:UseSharedCompilation=false) [Mode=KeyRecordsPaired]
Runtime = .NET 10.0.11 (10.0.11, 10.0.1126.37416), X64 RyuJIT x86-64-v3; GC = Concurrent Workstation
Mean = 698.914 ns, StdErr = 3.692 ns (0.53%), N = 32, StdDev = 20.888 ns
Min = 672.950 ns, Q1 = 684.364 ns, Median = 690.963 ns, Q3 = 709.475 ns, Max = 747.479 ns
IQR = 25.111 ns, LowerFence = 646.697 ns, UpperFence = 747.141 ns
ConfidenceInterval = [685.498 ns; 712.330 ns] (CI 99.9%), Margin = 13.416 ns (1.92% of Mean)
Skewness = 1.03, Kurtosis = 2.83, MValue = 2
-------------------- Histogram --------------------
[664.315 ns ; 680.859 ns) | @@
[680.859 ns ; 698.129 ns) | @@@@@@@@@@@@@@@@@@@@
[698.129 ns ; 720.935 ns) | @@@@@
[720.935 ns ; 747.756 ns) | @@@@@
---------------------------------------------------

PartitionedLifetimeBenchmarks.ProcessLifetime: A_Accepted(Affinity=00000000000000000100, EnvironmentVariables=DOTNET_TieredCompilation=0,DEKAF_DISPATCH_PROFILE=0,DEKAF_DISPATCH_SAMPLE_DIRECTORY=C:/git/Dekaf-perf-improvements-20260907/pr-3117/full\latency-samples,DEKAF_DISPATCH_JOB=A_Accepted, Arguments=/p:ProductDirectory=C:/git/Dekaf-perf-improvements-20260907/pr-3117/accepted,/p:UseSharedCompilation=false) [Mode=KeyBatchesPaired]
Runtime = .NET 10.0.11 (10.0.11, 10.0.1126.37416), X64 RyuJIT x86-64-v3; GC = Concurrent Workstation
Mean = 743.123 ns, StdErr = 3.680 ns (0.50%), N = 26, StdDev = 18.763 ns
Min = 723.488 ns, Q1 = 732.598 ns, Median = 739.757 ns, Q3 = 744.939 ns, Max = 798.013 ns
IQR = 12.341 ns, LowerFence = 714.087 ns, UpperFence = 763.449 ns
ConfidenceInterval = [729.416 ns; 756.831 ns] (CI 99.9%), Margin = 13.707 ns (1.84% of Mean)
Skewness = 1.73, Kurtosis = 5.58, MValue = 2
-------------------- Histogram --------------------
[715.176 ns ; 746.102 ns) | @@@@@@@@@@@@@@@@@@@@
[746.102 ns ; 764.068 ns) | @@@@
[764.068 ns ; 788.976 ns) | 
[788.976 ns ; 806.326 ns) | @@
---------------------------------------------------

PartitionedLifetimeBenchmarks.ProcessLifetime: B_Predecessor(Affinity=00000000000000000100, EnvironmentVariables=DOTNET_TieredCompilation=0,DEKAF_DISPATCH_PROFILE=0,DEKAF_DISPATCH_SAMPLE_DIRECTORY=C:/git/Dekaf-perf-improvements-20260907/pr-3117/full\latency-samples,DEKAF_DISPATCH_JOB=B_Predecessor, Arguments=/p:ProductDirectory=C:/git/Dekaf-perf-improvements-20260907/pr-3117/predecessor,/p:UseSharedCompilation=false) [Mode=KeyBatchesPaired]
Runtime = .NET 10.0.11 (10.0.11, 10.0.1126.37416), X64 RyuJIT x86-64-v3; GC = Concurrent Workstation
Mean = 170.083 ns, StdErr = 0.550 ns (0.32%), N = 13, StdDev = 1.984 ns
Min = 167.357 ns, Q1 = 168.612 ns, Median = 170.019 ns, Q3 = 171.675 ns, Max = 173.642 ns
IQR = 3.063 ns, LowerFence = 164.017 ns, UpperFence = 176.270 ns
ConfidenceInterval = [167.707 ns; 172.458 ns] (CI 99.9%), Margin = 2.376 ns (1.40% of Mean)
Skewness = 0.36, Kurtosis = 1.73, MValue = 2
-------------------- Histogram --------------------
[166.250 ns ; 174.385 ns) | @@@@@@@@@@@@@
---------------------------------------------------

PartitionedLifetimeBenchmarks.ProcessLifetime: C_Published(Affinity=00000000000000000100, EnvironmentVariables=DOTNET_TieredCompilation=0,DEKAF_DISPATCH_PROFILE=0,DEKAF_DISPATCH_SAMPLE_DIRECTORY=C:/git/Dekaf-perf-improvements-20260907/pr-3117/full\latency-samples,DEKAF_DISPATCH_JOB=C_Published, Arguments=/p:ProductDirectory=C:/git/Dekaf-perf-improvements-20260907/pr-3117/published,/p:UseSharedCompilation=false) [Mode=KeyBatchesPaired]
Runtime = .NET 10.0.11 (10.0.11, 10.0.1126.37416), X64 RyuJIT x86-64-v3; GC = Concurrent Workstation
Mean = 165.982 ns, StdErr = 0.311 ns (0.19%), N = 12, StdDev = 1.077 ns
Min = 164.403 ns, Q1 = 165.381 ns, Median = 165.746 ns, Q3 = 166.210 ns, Max = 168.018 ns
IQR = 0.829 ns, LowerFence = 164.137 ns, UpperFence = 167.453 ns
ConfidenceInterval = [164.603 ns; 167.361 ns] (CI 99.9%), Margin = 1.379 ns (0.83% of Mean)
Skewness = 0.68, Kurtosis = 2.42, MValue = 2
-------------------- Histogram --------------------
[163.955 ns ; 168.635 ns) | @@@@@@@@@@@@
---------------------------------------------------

PartitionedLifetimeBenchmarks.ProcessLifetime: D_Candidate(Affinity=00000000000000000100, EnvironmentVariables=DOTNET_TieredCompilation=0,DEKAF_DISPATCH_PROFILE=0,DEKAF_DISPATCH_SAMPLE_DIRECTORY=C:/git/Dekaf-perf-improvements-20260907/pr-3117/full\latency-samples,DEKAF_DISPATCH_JOB=D_Candidate, Arguments=/p:ProductDirectory=C:/git/Dekaf-perf-improvements-20260907/pr-3117/candidate,/p:UseSharedCompilation=false) [Mode=KeyBatchesPaired]
Runtime = .NET 10.0.11 (10.0.11, 10.0.1126.37416), X64 RyuJIT x86-64-v3; GC = Concurrent Workstation
Mean = 167.170 ns, StdErr = 0.360 ns (0.22%), N = 13, StdDev = 1.298 ns
Min = 164.692 ns, Q1 = 166.477 ns, Median = 167.180 ns, Q3 = 167.624 ns, Max = 169.474 ns
IQR = 1.148 ns, LowerFence = 164.755 ns, UpperFence = 169.346 ns
ConfidenceInterval = [165.615 ns; 168.725 ns] (CI 99.9%), Margin = 1.555 ns (0.93% of Mean)
Skewness = -0.04, Kurtosis = 2.3, MValue = 2
-------------------- Histogram --------------------
[163.967 ns ; 170.199 ns) | @@@@@@@@@@@@@
---------------------------------------------------

PartitionedLifetimeBenchmarks.ProcessLifetime: E_PublishedControl(Affinity=00000000000000000100, EnvironmentVariables=DOTNET_TieredCompilation=0,DEKAF_DISPATCH_PROFILE=0,DEKAF_DISPATCH_SAMPLE_DIRECTORY=C:/git/Dekaf-perf-improvements-20260907/pr-3117/full\latency-samples,DEKAF_DISPATCH_JOB=E_PublishedControl, Arguments=/p:ProductDirectory=C:/git/Dekaf-perf-improvements-20260907/pr-3117/published,/p:UseSharedCompilation=false) [Mode=KeyBatchesPaired]
Runtime = .NET 10.0.11 (10.0.11, 10.0.1126.37416), X64 RyuJIT x86-64-v3; GC = Concurrent Workstation
Mean = 169.056 ns, StdErr = 0.411 ns (0.24%), N = 12, StdDev = 1.425 ns
Min = 167.319 ns, Q1 = 167.922 ns, Median = 168.880 ns, Q3 = 170.323 ns, Max = 171.714 ns
IQR = 2.401 ns, LowerFence = 164.321 ns, UpperFence = 173.925 ns
ConfidenceInterval = [167.232 ns; 170.881 ns] (CI 99.9%), Margin = 1.825 ns (1.08% of Mean)
Skewness = 0.37, Kurtosis = 1.64, MValue = 2
-------------------- Histogram --------------------
[166.502 ns ; 172.531 ns) | @@@@@@@@@@@@
---------------------------------------------------

PartitionedLifetimeBenchmarks.ProcessLifetime: F_PredecessorControl(Affinity=00000000000000000100, EnvironmentVariables=DOTNET_TieredCompilation=0,DEKAF_DISPATCH_PROFILE=0,DEKAF_DISPATCH_SAMPLE_DIRECTORY=C:/git/Dekaf-perf-improvements-20260907/pr-3117/full\latency-samples,DEKAF_DISPATCH_JOB=F_PredecessorControl, Arguments=/p:ProductDirectory=C:/git/Dekaf-perf-improvements-20260907/pr-3117/predecessor,/p:UseSharedCompilation=false) [Mode=KeyBatchesPaired]
Runtime = .NET 10.0.11 (10.0.11, 10.0.1126.37416), X64 RyuJIT x86-64-v3; GC = Concurrent Workstation
Mean = 175.366 ns, StdErr = 0.547 ns (0.31%), N = 13, StdDev = 1.971 ns
Min = 172.495 ns, Q1 = 174.140 ns, Median = 175.184 ns, Q3 = 176.243 ns, Max = 178.283 ns
IQR = 2.103 ns, LowerFence = 170.986 ns, UpperFence = 179.397 ns
ConfidenceInterval = [173.005 ns; 177.726 ns] (CI 99.9%), Margin = 2.361 ns (1.35% of Mean)
Skewness = 0.09, Kurtosis = 1.6, MValue = 2
-------------------- Histogram --------------------
[171.395 ns ; 179.383 ns) | @@@@@@@@@@@@@
---------------------------------------------------

PartitionedLifetimeBenchmarks.ProcessLifetime: G_AcceptedControl(Affinity=00000000000000000100, EnvironmentVariables=DOTNET_TieredCompilation=0,DEKAF_DISPATCH_PROFILE=0,DEKAF_DISPATCH_SAMPLE_DIRECTORY=C:/git/Dekaf-perf-improvements-20260907/pr-3117/full\latency-samples,DEKAF_DISPATCH_JOB=G_AcceptedControl, Arguments=/p:ProductDirectory=C:/git/Dekaf-perf-improvements-20260907/pr-3117/accepted,/p:UseSharedCompilation=false) [Mode=KeyBatchesPaired]
Runtime = .NET 10.0.11 (10.0.11, 10.0.1126.37416), X64 RyuJIT x86-64-v3; GC = Concurrent Workstation
Mean = 754.494 ns, StdErr = 3.655 ns (0.48%), N = 32, StdDev = 20.678 ns
Min = 728.300 ns, Q1 = 740.752 ns, Median = 750.429 ns, Q3 = 762.572 ns, Max = 805.173 ns
IQR = 21.820 ns, LowerFence = 708.022 ns, UpperFence = 795.302 ns
ConfidenceInterval = [741.212 ns; 767.775 ns] (CI 99.9%), Margin = 13.282 ns (1.76% of Mean)
Skewness = 1.01, Kurtosis = 3.24, MValue = 2
-------------------- Histogram --------------------
[719.752 ns ; 737.245 ns) | @@@@@
[737.245 ns ; 754.342 ns) | @@@@@@@@@@@@@@@
[754.342 ns ; 771.604 ns) | @@@@@@
[771.604 ns ; 791.367 ns) | @@@
[791.367 ns ; 808.464 ns) | @@@
---------------------------------------------------

// * Summary *

BenchmarkDotNet v0.15.8, Windows 11 (10.0.26200.9168/25H2/2025Update/HudsonValley2)
12th Gen Intel Core i7-12700K 3.60GHz, 1 CPU, 20 logical and 12 physical cores
.NET SDK 10.0.400
  [Host]               : .NET 10.0.11 (10.0.11, 10.0.1126.37416), X64 RyuJIT x86-64-v3
  A_Accepted           : .NET 10.0.11 (10.0.11, 10.0.1126.37416), X64 RyuJIT x86-64-v3
  B_Predecessor        : .NET 10.0.11 (10.0.11, 10.0.1126.37416), X64 RyuJIT x86-64-v3
  C_Published          : .NET 10.0.11 (10.0.11, 10.0.1126.37416), X64 RyuJIT x86-64-v3
  D_Candidate          : .NET 10.0.11 (10.0.11, 10.0.1126.37416), X64 RyuJIT x86-64-v3
  E_PublishedControl   : .NET 10.0.11 (10.0.11, 10.0.1126.37416), X64 RyuJIT x86-64-v3
  F_PredecessorControl : .NET 10.0.11 (10.0.11, 10.0.1126.37416), X64 RyuJIT x86-64-v3
  G_AcceptedControl    : .NET 10.0.11 (10.0.11, 10.0.1126.37416), X64 RyuJIT x86-64-v3

Affinity=00000000000000000100  

| Method          | Job                  | EnvironmentVariables                                                                                                                                                                             | Arguments                                                                                                     | Mode               | Mean     | Error    | StdDev   | Gen0   | Gen1   | Allocated |
|---------------- |--------------------- |------------------------------------------------------------------------------------------------------------------------------------------------------------------------------------------------- |-------------------------------------------------------------------------------------------------------------- |------------------- |---------:|---------:|---------:|-------:|-------:|----------:|
| ProcessLifetime | A_Accepted           | DOTNET_TieredCompilation=0,DEKAF_DISPATCH_PROFILE=0,DEKAF_DISPATCH_SAMPLE_DIRECTORY=C:/git/Dekaf-perf-improvements-20260907/pr-3117/full\latency-samples,DEKAF_DISPATCH_JOB=A_Accepted           | /p:ProductDirectory=C:/git/Dekaf-perf-improvements-20260907/pr-3117/accepted,/p:UseSharedCompilation=false    | KeyRecordsDistinct | 534.5 ns |  7.35 ns |  6.52 ns | 0.0706 |      - |     928 B |
| ProcessLifetime | B_Predecessor        | DOTNET_TieredCompilation=0,DEKAF_DISPATCH_PROFILE=0,DEKAF_DISPATCH_SAMPLE_DIRECTORY=C:/git/Dekaf-perf-improvements-20260907/pr-3117/full\latency-samples,DEKAF_DISPATCH_JOB=B_Predecessor        | /p:ProductDirectory=C:/git/Dekaf-perf-improvements-20260907/pr-3117/predecessor,/p:UseSharedCompilation=false | KeyRecordsDistinct | 160.1 ns |  1.41 ns |  1.18 ns |      - |      - |         - |
| ProcessLifetime | C_Published          | DOTNET_TieredCompilation=0,DEKAF_DISPATCH_PROFILE=0,DEKAF_DISPATCH_SAMPLE_DIRECTORY=C:/git/Dekaf-perf-improvements-20260907/pr-3117/full\latency-samples,DEKAF_DISPATCH_JOB=C_Published          | /p:ProductDirectory=C:/git/Dekaf-perf-improvements-20260907/pr-3117/published,/p:UseSharedCompilation=false   | KeyRecordsDistinct | 152.2 ns |  1.83 ns |  1.53 ns |      - |      - |         - |
| ProcessLifetime | D_Candidate          | DOTNET_TieredCompilation=0,DEKAF_DISPATCH_PROFILE=0,DEKAF_DISPATCH_SAMPLE_DIRECTORY=C:/git/Dekaf-perf-improvements-20260907/pr-3117/full\latency-samples,DEKAF_DISPATCH_JOB=D_Candidate          | /p:ProductDirectory=C:/git/Dekaf-perf-improvements-20260907/pr-3117/candidate,/p:UseSharedCompilation=false   | KeyRecordsDistinct | 151.4 ns |  1.76 ns |  1.47 ns |      - |      - |         - |
| ProcessLifetime | E_PublishedControl   | DOTNET_TieredCompilation=0,DEKAF_DISPATCH_PROFILE=0,DEKAF_DISPATCH_SAMPLE_DIRECTORY=C:/git/Dekaf-perf-improvements-20260907/pr-3117/full\latency-samples,DEKAF_DISPATCH_JOB=E_PublishedControl   | /p:ProductDirectory=C:/git/Dekaf-perf-improvements-20260907/pr-3117/published,/p:UseSharedCompilation=false   | KeyRecordsDistinct | 156.0 ns |  1.96 ns |  1.83 ns |      - |      - |         - |
| ProcessLifetime | F_PredecessorControl | DOTNET_TieredCompilation=0,DEKAF_DISPATCH_PROFILE=0,DEKAF_DISPATCH_SAMPLE_DIRECTORY=C:/git/Dekaf-perf-improvements-20260907/pr-3117/full\latency-samples,DEKAF_DISPATCH_JOB=F_PredecessorControl | /p:ProductDirectory=C:/git/Dekaf-perf-improvements-20260907/pr-3117/predecessor,/p:UseSharedCompilation=false | KeyRecordsDistinct | 155.1 ns |  1.36 ns |  1.14 ns |      - |      - |         - |
| ProcessLifetime | G_AcceptedControl    | DOTNET_TieredCompilation=0,DEKAF_DISPATCH_PROFILE=0,DEKAF_DISPATCH_SAMPLE_DIRECTORY=C:/git/Dekaf-perf-improvements-20260907/pr-3117/full\latency-samples,DEKAF_DISPATCH_JOB=G_AcceptedControl    | /p:ProductDirectory=C:/git/Dekaf-perf-improvements-20260907/pr-3117/accepted,/p:UseSharedCompilation=false    | KeyRecordsDistinct | 518.6 ns |  9.62 ns |  8.53 ns | 0.0706 |      - |     928 B |
| ProcessLifetime | A_Accepted           | DOTNET_TieredCompilation=0,DEKAF_DISPATCH_PROFILE=0,DEKAF_DISPATCH_SAMPLE_DIRECTORY=C:/git/Dekaf-perf-improvements-20260907/pr-3117/full\latency-samples,DEKAF_DISPATCH_JOB=A_Accepted           | /p:ProductDirectory=C:/git/Dekaf-perf-improvements-20260907/pr-3117/accepted,/p:UseSharedCompilation=false    | KeyBatchesDistinct | 582.7 ns | 10.77 ns | 14.74 ns | 0.1717 | 0.0010 |    2248 B |
| ProcessLifetime | B_Predecessor        | DOTNET_TieredCompilation=0,DEKAF_DISPATCH_PROFILE=0,DEKAF_DISPATCH_SAMPLE_DIRECTORY=C:/git/Dekaf-perf-improvements-20260907/pr-3117/full\latency-samples,DEKAF_DISPATCH_JOB=B_Predecessor        | /p:ProductDirectory=C:/git/Dekaf-perf-improvements-20260907/pr-3117/predecessor,/p:UseSharedCompilation=false | KeyBatchesDistinct | 156.3 ns |  1.34 ns |  1.12 ns |      - |      - |         - |
| ProcessLifetime | C_Published          | DOTNET_TieredCompilation=0,DEKAF_DISPATCH_PROFILE=0,DEKAF_DISPATCH_SAMPLE_DIRECTORY=C:/git/Dekaf-perf-improvements-20260907/pr-3117/full\latency-samples,DEKAF_DISPATCH_JOB=C_Published          | /p:ProductDirectory=C:/git/Dekaf-perf-improvements-20260907/pr-3117/published,/p:UseSharedCompilation=false   | KeyBatchesDistinct | 151.4 ns |  2.00 ns |  1.67 ns |      - |      - |         - |
| ProcessLifetime | D_Candidate          | DOTNET_TieredCompilation=0,DEKAF_DISPATCH_PROFILE=0,DEKAF_DISPATCH_SAMPLE_DIRECTORY=C:/git/Dekaf-perf-improvements-20260907/pr-3117/full\latency-samples,DEKAF_DISPATCH_JOB=D_Candidate          | /p:ProductDirectory=C:/git/Dekaf-perf-improvements-20260907/pr-3117/candidate,/p:UseSharedCompilation=false   | KeyBatchesDistinct | 149.6 ns |  2.31 ns |  1.93 ns |      - |      - |         - |
| ProcessLifetime | E_PublishedControl   | DOTNET_TieredCompilation=0,DEKAF_DISPATCH_PROFILE=0,DEKAF_DISPATCH_SAMPLE_DIRECTORY=C:/git/Dekaf-perf-improvements-20260907/pr-3117/full\latency-samples,DEKAF_DISPATCH_JOB=E_PublishedControl   | /p:ProductDirectory=C:/git/Dekaf-perf-improvements-20260907/pr-3117/published,/p:UseSharedCompilation=false   | KeyBatchesDistinct | 156.3 ns |  1.38 ns |  1.08 ns |      - |      - |         - |
| ProcessLifetime | F_PredecessorControl | DOTNET_TieredCompilation=0,DEKAF_DISPATCH_PROFILE=0,DEKAF_DISPATCH_SAMPLE_DIRECTORY=C:/git/Dekaf-perf-improvements-20260907/pr-3117/full\latency-samples,DEKAF_DISPATCH_JOB=F_PredecessorControl | /p:ProductDirectory=C:/git/Dekaf-perf-improvements-20260907/pr-3117/predecessor,/p:UseSharedCompilation=false | KeyBatchesDistinct | 153.8 ns |  2.03 ns |  1.80 ns |      - |      - |         - |
| ProcessLifetime | G_AcceptedControl    | DOTNET_TieredCompilation=0,DEKAF_DISPATCH_PROFILE=0,DEKAF_DISPATCH_SAMPLE_DIRECTORY=C:/git/Dekaf-perf-improvements-20260907/pr-3117/full\latency-samples,DEKAF_DISPATCH_JOB=G_AcceptedControl    | /p:ProductDirectory=C:/git/Dekaf-perf-improvements-20260907/pr-3117/accepted,/p:UseSharedCompilation=false    | KeyBatchesDistinct | 570.2 ns | 10.24 ns | 10.52 ns | 0.1717 | 0.0010 |    2248 B |
| ProcessLifetime | A_Accepted           | DOTNET_TieredCompilation=0,DEKAF_DISPATCH_PROFILE=0,DEKAF_DISPATCH_SAMPLE_DIRECTORY=C:/git/Dekaf-perf-improvements-20260907/pr-3117/full\latency-samples,DEKAF_DISPATCH_JOB=A_Accepted           | /p:ProductDirectory=C:/git/Dekaf-perf-improvements-20260907/pr-3117/accepted,/p:UseSharedCompilation=false    | KeyRecordsPaired   | 693.6 ns | 13.27 ns | 16.79 ns | 0.0890 |      - |    1164 B |
| ProcessLifetime | B_Predecessor        | DOTNET_TieredCompilation=0,DEKAF_DISPATCH_PROFILE=0,DEKAF_DISPATCH_SAMPLE_DIRECTORY=C:/git/Dekaf-perf-improvements-20260907/pr-3117/full\latency-samples,DEKAF_DISPATCH_JOB=B_Predecessor        | /p:ProductDirectory=C:/git/Dekaf-perf-improvements-20260907/pr-3117/predecessor,/p:UseSharedCompilation=false | KeyRecordsPaired   | 167.2 ns |  3.14 ns |  2.62 ns |      - |      - |         - |
| ProcessLifetime | C_Published          | DOTNET_TieredCompilation=0,DEKAF_DISPATCH_PROFILE=0,DEKAF_DISPATCH_SAMPLE_DIRECTORY=C:/git/Dekaf-perf-improvements-20260907/pr-3117/full\latency-samples,DEKAF_DISPATCH_JOB=C_Published          | /p:ProductDirectory=C:/git/Dekaf-perf-improvements-20260907/pr-3117/published,/p:UseSharedCompilation=false   | KeyRecordsPaired   | 176.5 ns |  2.48 ns |  2.07 ns |      - |      - |         - |
| ProcessLifetime | D_Candidate          | DOTNET_TieredCompilation=0,DEKAF_DISPATCH_PROFILE=0,DEKAF_DISPATCH_SAMPLE_DIRECTORY=C:/git/Dekaf-perf-improvements-20260907/pr-3117/full\latency-samples,DEKAF_DISPATCH_JOB=D_Candidate          | /p:ProductDirectory=C:/git/Dekaf-perf-improvements-20260907/pr-3117/candidate,/p:UseSharedCompilation=false   | KeyRecordsPaired   | 173.1 ns |  2.57 ns |  2.14 ns |      - |      - |         - |
| ProcessLifetime | E_PublishedControl   | DOTNET_TieredCompilation=0,DEKAF_DISPATCH_PROFILE=0,DEKAF_DISPATCH_SAMPLE_DIRECTORY=C:/git/Dekaf-perf-improvements-20260907/pr-3117/full\latency-samples,DEKAF_DISPATCH_JOB=E_PublishedControl   | /p:ProductDirectory=C:/git/Dekaf-perf-improvements-20260907/pr-3117/published,/p:UseSharedCompilation=false   | KeyRecordsPaired   | 173.4 ns |  1.80 ns |  1.40 ns |      - |      - |         - |
| ProcessLifetime | F_PredecessorControl | DOTNET_TieredCompilation=0,DEKAF_DISPATCH_PROFILE=0,DEKAF_DISPATCH_SAMPLE_DIRECTORY=C:/git/Dekaf-perf-improvements-20260907/pr-3117/full\latency-samples,DEKAF_DISPATCH_JOB=F_PredecessorControl | /p:ProductDirectory=C:/git/Dekaf-perf-improvements-20260907/pr-3117/predecessor,/p:UseSharedCompilation=false | KeyRecordsPaired   | 165.6 ns |  1.47 ns |  1.15 ns |      - |      - |         - |
| ProcessLifetime | G_AcceptedControl    | DOTNET_TieredCompilation=0,DEKAF_DISPATCH_PROFILE=0,DEKAF_DISPATCH_SAMPLE_DIRECTORY=C:/git/Dekaf-perf-improvements-20260907/pr-3117/full\latency-samples,DEKAF_DISPATCH_JOB=G_AcceptedControl    | /p:ProductDirectory=C:/git/Dekaf-perf-improvements-20260907/pr-3117/accepted,/p:UseSharedCompilation=false    | KeyRecordsPaired   | 698.9 ns | 13.42 ns | 20.89 ns | 0.0890 |      - |    1164 B |
| ProcessLifetime | A_Accepted           | DOTNET_TieredCompilation=0,DEKAF_DISPATCH_PROFILE=0,DEKAF_DISPATCH_SAMPLE_DIRECTORY=C:/git/Dekaf-perf-improvements-20260907/pr-3117/full\latency-samples,DEKAF_DISPATCH_JOB=A_Accepted           | /p:ProductDirectory=C:/git/Dekaf-perf-improvements-20260907/pr-3117/accepted,/p:UseSharedCompilation=false    | KeyBatchesPaired   | 743.1 ns | 13.71 ns | 18.76 ns | 0.1856 |      - |    2440 B |
| ProcessLifetime | B_Predecessor        | DOTNET_TieredCompilation=0,DEKAF_DISPATCH_PROFILE=0,DEKAF_DISPATCH_SAMPLE_DIRECTORY=C:/git/Dekaf-perf-improvements-20260907/pr-3117/full\latency-samples,DEKAF_DISPATCH_JOB=B_Predecessor        | /p:ProductDirectory=C:/git/Dekaf-perf-improvements-20260907/pr-3117/predecessor,/p:UseSharedCompilation=false | KeyBatchesPaired   | 170.1 ns |  2.38 ns |  1.98 ns |      - |      - |         - |
| ProcessLifetime | C_Published          | DOTNET_TieredCompilation=0,DEKAF_DISPATCH_PROFILE=0,DEKAF_DISPATCH_SAMPLE_DIRECTORY=C:/git/Dekaf-perf-improvements-20260907/pr-3117/full\latency-samples,DEKAF_DISPATCH_JOB=C_Published          | /p:ProductDirectory=C:/git/Dekaf-perf-improvements-20260907/pr-3117/published,/p:UseSharedCompilation=false   | KeyBatchesPaired   | 166.0 ns |  1.38 ns |  1.08 ns |      - |      - |         - |
| ProcessLifetime | D_Candidate          | DOTNET_TieredCompilation=0,DEKAF_DISPATCH_PROFILE=0,DEKAF_DISPATCH_SAMPLE_DIRECTORY=C:/git/Dekaf-perf-improvements-20260907/pr-3117/full\latency-samples,DEKAF_DISPATCH_JOB=D_Candidate          | /p:ProductDirectory=C:/git/Dekaf-perf-improvements-20260907/pr-3117/candidate,/p:UseSharedCompilation=false   | KeyBatchesPaired   | 167.2 ns |  1.55 ns |  1.30 ns |      - |      - |         - |
| ProcessLifetime | E_PublishedControl   | DOTNET_TieredCompilation=0,DEKAF_DISPATCH_PROFILE=0,DEKAF_DISPATCH_SAMPLE_DIRECTORY=C:/git/Dekaf-perf-improvements-20260907/pr-3117/full\latency-samples,DEKAF_DISPATCH_JOB=E_PublishedControl   | /p:ProductDirectory=C:/git/Dekaf-perf-improvements-20260907/pr-3117/published,/p:UseSharedCompilation=false   | KeyBatchesPaired   | 169.1 ns |  1.82 ns |  1.42 ns |      - |      - |         - |
| ProcessLifetime | F_PredecessorControl | DOTNET_TieredCompilation=0,DEKAF_DISPATCH_PROFILE=0,DEKAF_DISPATCH_SAMPLE_DIRECTORY=C:/git/Dekaf-perf-improvements-20260907/pr-3117/full\latency-samples,DEKAF_DISPATCH_JOB=F_PredecessorControl | /p:ProductDirectory=C:/git/Dekaf-perf-improvements-20260907/pr-3117/predecessor,/p:UseSharedCompilation=false | KeyBatchesPaired   | 175.4 ns |  2.36 ns |  1.97 ns |      - |      - |         - |
| ProcessLifetime | G_AcceptedControl    | DOTNET_TieredCompilation=0,DEKAF_DISPATCH_PROFILE=0,DEKAF_DISPATCH_SAMPLE_DIRECTORY=C:/git/Dekaf-perf-improvements-20260907/pr-3117/full\latency-samples,DEKAF_DISPATCH_JOB=G_AcceptedControl    | /p:ProductDirectory=C:/git/Dekaf-perf-improvements-20260907/pr-3117/accepted,/p:UseSharedCompilation=false    | KeyBatchesPaired   | 754.5 ns | 13.28 ns | 20.68 ns | 0.1856 |      - |    2440 B |

// * Hints *
Outliers
  PartitionedLifetimeBenchmarks.ProcessLifetime: A_Accepted           -> 1 outlier  was  removed (563.35 ns)
  PartitionedLifetimeBenchmarks.ProcessLifetime: B_Predecessor        -> 2 outliers were removed (167.52 ns, 172.09 ns)
  PartitionedLifetimeBenchmarks.ProcessLifetime: C_Published          -> 2 outliers were removed (162.67 ns, 164.36 ns)
  PartitionedLifetimeBenchmarks.ProcessLifetime: D_Candidate          -> 2 outliers were removed (157.63 ns, 164.46 ns)
  PartitionedLifetimeBenchmarks.ProcessLifetime: E_PublishedControl   -> 3 outliers were removed (165.97 ns..170.20 ns)
  PartitionedLifetimeBenchmarks.ProcessLifetime: F_PredecessorControl -> 2 outliers were removed (160.40 ns, 168.19 ns)
  PartitionedLifetimeBenchmarks.ProcessLifetime: G_AcceptedControl    -> 2 outliers were removed (568.39 ns, 573.33 ns)
  PartitionedLifetimeBenchmarks.ProcessLifetime: A_Accepted           -> 3 outliers were removed (633.95 ns..649.39 ns)
  PartitionedLifetimeBenchmarks.ProcessLifetime: B_Predecessor        -> 2 outliers were removed (164.07 ns, 164.46 ns)
  PartitionedLifetimeBenchmarks.ProcessLifetime: C_Published          -> 2 outliers were removed (163.03 ns, 163.78 ns)
  PartitionedLifetimeBenchmarks.ProcessLifetime: D_Candidate          -> 2 outliers were removed (160.99 ns, 163.68 ns)
  PartitionedLifetimeBenchmarks.ProcessLifetime: E_PublishedControl   -> 3 outliers were removed (167.24 ns..170.69 ns)
  PartitionedLifetimeBenchmarks.ProcessLifetime: F_PredecessorControl -> 1 outlier  was  removed (164.73 ns)
  PartitionedLifetimeBenchmarks.ProcessLifetime: G_AcceptedControl    -> 4 outliers were removed (624.64 ns..659.99 ns)
  PartitionedLifetimeBenchmarks.ProcessLifetime: A_Accepted           -> 1 outlier  was  removed (756.64 ns)
  PartitionedLifetimeBenchmarks.ProcessLifetime: B_Predecessor        -> 2 outliers were removed (177.56 ns, 178.96 ns)
  PartitionedLifetimeBenchmarks.ProcessLifetime: C_Published          -> 2 outliers were removed (186.52 ns, 188.35 ns)
  PartitionedLifetimeBenchmarks.ProcessLifetime: D_Candidate          -> 2 outliers were removed (182.71 ns, 186.92 ns)
  PartitionedLifetimeBenchmarks.ProcessLifetime: E_PublishedControl   -> 3 outliers were removed (181.54 ns..182.88 ns)
  PartitionedLifetimeBenchmarks.ProcessLifetime: F_PredecessorControl -> 3 outliers were removed (175.95 ns..178.12 ns)
  PartitionedLifetimeBenchmarks.ProcessLifetime: G_AcceptedControl    -> 1 outlier  was  removed (752.29 ns)
  PartitionedLifetimeBenchmarks.ProcessLifetime: A_Accepted           -> 5 outliers were removed (803.95 ns..812.38 ns)
  PartitionedLifetimeBenchmarks.ProcessLifetime: B_Predecessor        -> 2 outliers were removed (181.20 ns, 182.25 ns)
  PartitionedLifetimeBenchmarks.ProcessLifetime: C_Published          -> 3 outliers were removed (173.24 ns..181.69 ns)
  PartitionedLifetimeBenchmarks.ProcessLifetime: D_Candidate          -> 2 outliers were removed (177.44 ns, 178.60 ns)
  PartitionedLifetimeBenchmarks.ProcessLifetime: E_PublishedControl   -> 3 outliers were removed (180.05 ns..186.53 ns)
  PartitionedLifetimeBenchmarks.ProcessLifetime: F_PredecessorControl -> 2 outliers were removed (187.89 ns, 193.03 ns)
  PartitionedLifetimeBenchmarks.ProcessLifetime: G_AcceptedControl    -> 3 outliers were removed (814.99 ns..824.36 ns)

// * Legends *
  Mode      : Value of the 'Mode' parameter
  Mean      : Arithmetic mean of all measurements
  Error     : Half of 99.9% confidence interval
  StdDev    : Standard deviation of all measurements
  Gen0      : GC Generation 0 collects per 1000 operations
  Gen1      : GC Generation 1 collects per 1000 operations
  Allocated : Allocated memory per single operation (managed only, inclusive, 1KB = 1024B)
  1 ns      : 1 Nanosecond (0.000000001 sec)

// * Diagnostic Output - MemoryDiagnoser *


// ***** BenchmarkRunner: End *****
Run time: 00:08:10 (490.71 sec), executed benchmarks: 28

Global total time: 00:08:16 (496.88 sec), executed benchmarks: 28
// * Artifacts cleanup *
Artifacts cleanup is finished
