// Validating benchmarks:
// ***** BenchmarkRunner: Start   *****
// ***** Found 28 benchmark(s) in total *****
// ***** Building 4 exe(s) in Parallel: Start   *****
// ***** Done, took 00:00:03 (3.29 sec)   *****
// Found 28 benchmarks:
//   PartitionedLifetimeBenchmarks.ProcessLifetime: A_Accepted(Affinity=00000000000000000100, EnvironmentVariables=DOTNET_TieredCompilation=0,DEKAF_DISPATCH_PROFILE=1,DEKAF_DISPATCH_SAMPLE_DIRECTORY=C:/git/Dekaf-perf-improvements-20260907/pr-3117/profile\latency-samples,DEKAF_DISPATCH_JOB=A_Accepted, Arguments=/p:ProductDirectory=C:/git/Dekaf-perf-improvements-20260907/pr-3117/accepted,/p:UseSharedCompilation=false, IterationCount=3, LaunchCount=1, WarmupCount=3) [Mode=KeyRecordsDistinct]
//   PartitionedLifetimeBenchmarks.ProcessLifetime: B_Predecessor(Affinity=00000000000000000100, EnvironmentVariables=DOTNET_TieredCompilation=0,DEKAF_DISPATCH_PROFILE=1,DEKAF_DISPATCH_SAMPLE_DIRECTORY=C:/git/Dekaf-perf-improvements-20260907/pr-3117/profile\latency-samples,DEKAF_DISPATCH_JOB=B_Predecessor, Arguments=/p:ProductDirectory=C:/git/Dekaf-perf-improvements-20260907/pr-3117/predecessor,/p:UseSharedCompilation=false, IterationCount=3, LaunchCount=1, WarmupCount=3) [Mode=KeyRecordsDistinct]
//   PartitionedLifetimeBenchmarks.ProcessLifetime: C_Published(Affinity=00000000000000000100, EnvironmentVariables=DOTNET_TieredCompilation=0,DEKAF_DISPATCH_PROFILE=1,DEKAF_DISPATCH_SAMPLE_DIRECTORY=C:/git/Dekaf-perf-improvements-20260907/pr-3117/profile\latency-samples,DEKAF_DISPATCH_JOB=C_Published, Arguments=/p:ProductDirectory=C:/git/Dekaf-perf-improvements-20260907/pr-3117/published,/p:UseSharedCompilation=false, IterationCount=3, LaunchCount=1, WarmupCount=3) [Mode=KeyRecordsDistinct]
//   PartitionedLifetimeBenchmarks.ProcessLifetime: D_Candidate(Affinity=00000000000000000100, EnvironmentVariables=DOTNET_TieredCompilation=0,DEKAF_DISPATCH_PROFILE=1,DEKAF_DISPATCH_SAMPLE_DIRECTORY=C:/git/Dekaf-perf-improvements-20260907/pr-3117/profile\latency-samples,DEKAF_DISPATCH_JOB=D_Candidate, Arguments=/p:ProductDirectory=C:/git/Dekaf-perf-improvements-20260907/pr-3117/candidate,/p:UseSharedCompilation=false, IterationCount=3, LaunchCount=1, WarmupCount=3) [Mode=KeyRecordsDistinct]
//   PartitionedLifetimeBenchmarks.ProcessLifetime: E_PublishedControl(Affinity=00000000000000000100, EnvironmentVariables=DOTNET_TieredCompilation=0,DEKAF_DISPATCH_PROFILE=1,DEKAF_DISPATCH_SAMPLE_DIRECTORY=C:/git/Dekaf-perf-improvements-20260907/pr-3117/profile\latency-samples,DEKAF_DISPATCH_JOB=E_PublishedControl, Arguments=/p:ProductDirectory=C:/git/Dekaf-perf-improvements-20260907/pr-3117/published,/p:UseSharedCompilation=false, IterationCount=3, LaunchCount=1, WarmupCount=3) [Mode=KeyRecordsDistinct]
//   PartitionedLifetimeBenchmarks.ProcessLifetime: F_PredecessorControl(Affinity=00000000000000000100, EnvironmentVariables=DOTNET_TieredCompilation=0,DEKAF_DISPATCH_PROFILE=1,DEKAF_DISPATCH_SAMPLE_DIRECTORY=C:/git/Dekaf-perf-improvements-20260907/pr-3117/profile\latency-samples,DEKAF_DISPATCH_JOB=F_PredecessorControl, Arguments=/p:ProductDirectory=C:/git/Dekaf-perf-improvements-20260907/pr-3117/predecessor,/p:UseSharedCompilation=false, IterationCount=3, LaunchCount=1, WarmupCount=3) [Mode=KeyRecordsDistinct]
//   PartitionedLifetimeBenchmarks.ProcessLifetime: G_AcceptedControl(Affinity=00000000000000000100, EnvironmentVariables=DOTNET_TieredCompilation=0,DEKAF_DISPATCH_PROFILE=1,DEKAF_DISPATCH_SAMPLE_DIRECTORY=C:/git/Dekaf-perf-improvements-20260907/pr-3117/profile\latency-samples,DEKAF_DISPATCH_JOB=G_AcceptedControl, Arguments=/p:ProductDirectory=C:/git/Dekaf-perf-improvements-20260907/pr-3117/accepted,/p:UseSharedCompilation=false, IterationCount=3, LaunchCount=1, WarmupCount=3) [Mode=KeyRecordsDistinct]
//   PartitionedLifetimeBenchmarks.ProcessLifetime: A_Accepted(Affinity=00000000000000000100, EnvironmentVariables=DOTNET_TieredCompilation=0,DEKAF_DISPATCH_PROFILE=1,DEKAF_DISPATCH_SAMPLE_DIRECTORY=C:/git/Dekaf-perf-improvements-20260907/pr-3117/profile\latency-samples,DEKAF_DISPATCH_JOB=A_Accepted, Arguments=/p:ProductDirectory=C:/git/Dekaf-perf-improvements-20260907/pr-3117/accepted,/p:UseSharedCompilation=false, IterationCount=3, LaunchCount=1, WarmupCount=3) [Mode=KeyBatchesDistinct]
//   PartitionedLifetimeBenchmarks.ProcessLifetime: B_Predecessor(Affinity=00000000000000000100, EnvironmentVariables=DOTNET_TieredCompilation=0,DEKAF_DISPATCH_PROFILE=1,DEKAF_DISPATCH_SAMPLE_DIRECTORY=C:/git/Dekaf-perf-improvements-20260907/pr-3117/profile\latency-samples,DEKAF_DISPATCH_JOB=B_Predecessor, Arguments=/p:ProductDirectory=C:/git/Dekaf-perf-improvements-20260907/pr-3117/predecessor,/p:UseSharedCompilation=false, IterationCount=3, LaunchCount=1, WarmupCount=3) [Mode=KeyBatchesDistinct]
//   PartitionedLifetimeBenchmarks.ProcessLifetime: C_Published(Affinity=00000000000000000100, EnvironmentVariables=DOTNET_TieredCompilation=0,DEKAF_DISPATCH_PROFILE=1,DEKAF_DISPATCH_SAMPLE_DIRECTORY=C:/git/Dekaf-perf-improvements-20260907/pr-3117/profile\latency-samples,DEKAF_DISPATCH_JOB=C_Published, Arguments=/p:ProductDirectory=C:/git/Dekaf-perf-improvements-20260907/pr-3117/published,/p:UseSharedCompilation=false, IterationCount=3, LaunchCount=1, WarmupCount=3) [Mode=KeyBatchesDistinct]
//   PartitionedLifetimeBenchmarks.ProcessLifetime: D_Candidate(Affinity=00000000000000000100, EnvironmentVariables=DOTNET_TieredCompilation=0,DEKAF_DISPATCH_PROFILE=1,DEKAF_DISPATCH_SAMPLE_DIRECTORY=C:/git/Dekaf-perf-improvements-20260907/pr-3117/profile\latency-samples,DEKAF_DISPATCH_JOB=D_Candidate, Arguments=/p:ProductDirectory=C:/git/Dekaf-perf-improvements-20260907/pr-3117/candidate,/p:UseSharedCompilation=false, IterationCount=3, LaunchCount=1, WarmupCount=3) [Mode=KeyBatchesDistinct]
//   PartitionedLifetimeBenchmarks.ProcessLifetime: E_PublishedControl(Affinity=00000000000000000100, EnvironmentVariables=DOTNET_TieredCompilation=0,DEKAF_DISPATCH_PROFILE=1,DEKAF_DISPATCH_SAMPLE_DIRECTORY=C:/git/Dekaf-perf-improvements-20260907/pr-3117/profile\latency-samples,DEKAF_DISPATCH_JOB=E_PublishedControl, Arguments=/p:ProductDirectory=C:/git/Dekaf-perf-improvements-20260907/pr-3117/published,/p:UseSharedCompilation=false, IterationCount=3, LaunchCount=1, WarmupCount=3) [Mode=KeyBatchesDistinct]
//   PartitionedLifetimeBenchmarks.ProcessLifetime: F_PredecessorControl(Affinity=00000000000000000100, EnvironmentVariables=DOTNET_TieredCompilation=0,DEKAF_DISPATCH_PROFILE=1,DEKAF_DISPATCH_SAMPLE_DIRECTORY=C:/git/Dekaf-perf-improvements-20260907/pr-3117/profile\latency-samples,DEKAF_DISPATCH_JOB=F_PredecessorControl, Arguments=/p:ProductDirectory=C:/git/Dekaf-perf-improvements-20260907/pr-3117/predecessor,/p:UseSharedCompilation=false, IterationCount=3, LaunchCount=1, WarmupCount=3) [Mode=KeyBatchesDistinct]
//   PartitionedLifetimeBenchmarks.ProcessLifetime: G_AcceptedControl(Affinity=00000000000000000100, EnvironmentVariables=DOTNET_TieredCompilation=0,DEKAF_DISPATCH_PROFILE=1,DEKAF_DISPATCH_SAMPLE_DIRECTORY=C:/git/Dekaf-perf-improvements-20260907/pr-3117/profile\latency-samples,DEKAF_DISPATCH_JOB=G_AcceptedControl, Arguments=/p:ProductDirectory=C:/git/Dekaf-perf-improvements-20260907/pr-3117/accepted,/p:UseSharedCompilation=false, IterationCount=3, LaunchCount=1, WarmupCount=3) [Mode=KeyBatchesDistinct]
//   PartitionedLifetimeBenchmarks.ProcessLifetime: A_Accepted(Affinity=00000000000000000100, EnvironmentVariables=DOTNET_TieredCompilation=0,DEKAF_DISPATCH_PROFILE=1,DEKAF_DISPATCH_SAMPLE_DIRECTORY=C:/git/Dekaf-perf-improvements-20260907/pr-3117/profile\latency-samples,DEKAF_DISPATCH_JOB=A_Accepted, Arguments=/p:ProductDirectory=C:/git/Dekaf-perf-improvements-20260907/pr-3117/accepted,/p:UseSharedCompilation=false, IterationCount=3, LaunchCount=1, WarmupCount=3) [Mode=KeyRecordsPaired]
//   PartitionedLifetimeBenchmarks.ProcessLifetime: B_Predecessor(Affinity=00000000000000000100, EnvironmentVariables=DOTNET_TieredCompilation=0,DEKAF_DISPATCH_PROFILE=1,DEKAF_DISPATCH_SAMPLE_DIRECTORY=C:/git/Dekaf-perf-improvements-20260907/pr-3117/profile\latency-samples,DEKAF_DISPATCH_JOB=B_Predecessor, Arguments=/p:ProductDirectory=C:/git/Dekaf-perf-improvements-20260907/pr-3117/predecessor,/p:UseSharedCompilation=false, IterationCount=3, LaunchCount=1, WarmupCount=3) [Mode=KeyRecordsPaired]
//   PartitionedLifetimeBenchmarks.ProcessLifetime: C_Published(Affinity=00000000000000000100, EnvironmentVariables=DOTNET_TieredCompilation=0,DEKAF_DISPATCH_PROFILE=1,DEKAF_DISPATCH_SAMPLE_DIRECTORY=C:/git/Dekaf-perf-improvements-20260907/pr-3117/profile\latency-samples,DEKAF_DISPATCH_JOB=C_Published, Arguments=/p:ProductDirectory=C:/git/Dekaf-perf-improvements-20260907/pr-3117/published,/p:UseSharedCompilation=false, IterationCount=3, LaunchCount=1, WarmupCount=3) [Mode=KeyRecordsPaired]
//   PartitionedLifetimeBenchmarks.ProcessLifetime: D_Candidate(Affinity=00000000000000000100, EnvironmentVariables=DOTNET_TieredCompilation=0,DEKAF_DISPATCH_PROFILE=1,DEKAF_DISPATCH_SAMPLE_DIRECTORY=C:/git/Dekaf-perf-improvements-20260907/pr-3117/profile\latency-samples,DEKAF_DISPATCH_JOB=D_Candidate, Arguments=/p:ProductDirectory=C:/git/Dekaf-perf-improvements-20260907/pr-3117/candidate,/p:UseSharedCompilation=false, IterationCount=3, LaunchCount=1, WarmupCount=3) [Mode=KeyRecordsPaired]
//   PartitionedLifetimeBenchmarks.ProcessLifetime: E_PublishedControl(Affinity=00000000000000000100, EnvironmentVariables=DOTNET_TieredCompilation=0,DEKAF_DISPATCH_PROFILE=1,DEKAF_DISPATCH_SAMPLE_DIRECTORY=C:/git/Dekaf-perf-improvements-20260907/pr-3117/profile\latency-samples,DEKAF_DISPATCH_JOB=E_PublishedControl, Arguments=/p:ProductDirectory=C:/git/Dekaf-perf-improvements-20260907/pr-3117/published,/p:UseSharedCompilation=false, IterationCount=3, LaunchCount=1, WarmupCount=3) [Mode=KeyRecordsPaired]
//   PartitionedLifetimeBenchmarks.ProcessLifetime: F_PredecessorControl(Affinity=00000000000000000100, EnvironmentVariables=DOTNET_TieredCompilation=0,DEKAF_DISPATCH_PROFILE=1,DEKAF_DISPATCH_SAMPLE_DIRECTORY=C:/git/Dekaf-perf-improvements-20260907/pr-3117/profile\latency-samples,DEKAF_DISPATCH_JOB=F_PredecessorControl, Arguments=/p:ProductDirectory=C:/git/Dekaf-perf-improvements-20260907/pr-3117/predecessor,/p:UseSharedCompilation=false, IterationCount=3, LaunchCount=1, WarmupCount=3) [Mode=KeyRecordsPaired]
//   PartitionedLifetimeBenchmarks.ProcessLifetime: G_AcceptedControl(Affinity=00000000000000000100, EnvironmentVariables=DOTNET_TieredCompilation=0,DEKAF_DISPATCH_PROFILE=1,DEKAF_DISPATCH_SAMPLE_DIRECTORY=C:/git/Dekaf-perf-improvements-20260907/pr-3117/profile\latency-samples,DEKAF_DISPATCH_JOB=G_AcceptedControl, Arguments=/p:ProductDirectory=C:/git/Dekaf-perf-improvements-20260907/pr-3117/accepted,/p:UseSharedCompilation=false, IterationCount=3, LaunchCount=1, WarmupCount=3) [Mode=KeyRecordsPaired]
//   PartitionedLifetimeBenchmarks.ProcessLifetime: A_Accepted(Affinity=00000000000000000100, EnvironmentVariables=DOTNET_TieredCompilation=0,DEKAF_DISPATCH_PROFILE=1,DEKAF_DISPATCH_SAMPLE_DIRECTORY=C:/git/Dekaf-perf-improvements-20260907/pr-3117/profile\latency-samples,DEKAF_DISPATCH_JOB=A_Accepted, Arguments=/p:ProductDirectory=C:/git/Dekaf-perf-improvements-20260907/pr-3117/accepted,/p:UseSharedCompilation=false, IterationCount=3, LaunchCount=1, WarmupCount=3) [Mode=KeyBatchesPaired]
//   PartitionedLifetimeBenchmarks.ProcessLifetime: B_Predecessor(Affinity=00000000000000000100, EnvironmentVariables=DOTNET_TieredCompilation=0,DEKAF_DISPATCH_PROFILE=1,DEKAF_DISPATCH_SAMPLE_DIRECTORY=C:/git/Dekaf-perf-improvements-20260907/pr-3117/profile\latency-samples,DEKAF_DISPATCH_JOB=B_Predecessor, Arguments=/p:ProductDirectory=C:/git/Dekaf-perf-improvements-20260907/pr-3117/predecessor,/p:UseSharedCompilation=false, IterationCount=3, LaunchCount=1, WarmupCount=3) [Mode=KeyBatchesPaired]
//   PartitionedLifetimeBenchmarks.ProcessLifetime: C_Published(Affinity=00000000000000000100, EnvironmentVariables=DOTNET_TieredCompilation=0,DEKAF_DISPATCH_PROFILE=1,DEKAF_DISPATCH_SAMPLE_DIRECTORY=C:/git/Dekaf-perf-improvements-20260907/pr-3117/profile\latency-samples,DEKAF_DISPATCH_JOB=C_Published, Arguments=/p:ProductDirectory=C:/git/Dekaf-perf-improvements-20260907/pr-3117/published,/p:UseSharedCompilation=false, IterationCount=3, LaunchCount=1, WarmupCount=3) [Mode=KeyBatchesPaired]
//   PartitionedLifetimeBenchmarks.ProcessLifetime: D_Candidate(Affinity=00000000000000000100, EnvironmentVariables=DOTNET_TieredCompilation=0,DEKAF_DISPATCH_PROFILE=1,DEKAF_DISPATCH_SAMPLE_DIRECTORY=C:/git/Dekaf-perf-improvements-20260907/pr-3117/profile\latency-samples,DEKAF_DISPATCH_JOB=D_Candidate, Arguments=/p:ProductDirectory=C:/git/Dekaf-perf-improvements-20260907/pr-3117/candidate,/p:UseSharedCompilation=false, IterationCount=3, LaunchCount=1, WarmupCount=3) [Mode=KeyBatchesPaired]
//   PartitionedLifetimeBenchmarks.ProcessLifetime: E_PublishedControl(Affinity=00000000000000000100, EnvironmentVariables=DOTNET_TieredCompilation=0,DEKAF_DISPATCH_PROFILE=1,DEKAF_DISPATCH_SAMPLE_DIRECTORY=C:/git/Dekaf-perf-improvements-20260907/pr-3117/profile\latency-samples,DEKAF_DISPATCH_JOB=E_PublishedControl, Arguments=/p:ProductDirectory=C:/git/Dekaf-perf-improvements-20260907/pr-3117/published,/p:UseSharedCompilation=false, IterationCount=3, LaunchCount=1, WarmupCount=3) [Mode=KeyBatchesPaired]
//   PartitionedLifetimeBenchmarks.ProcessLifetime: F_PredecessorControl(Affinity=00000000000000000100, EnvironmentVariables=DOTNET_TieredCompilation=0,DEKAF_DISPATCH_PROFILE=1,DEKAF_DISPATCH_SAMPLE_DIRECTORY=C:/git/Dekaf-perf-improvements-20260907/pr-3117/profile\latency-samples,DEKAF_DISPATCH_JOB=F_PredecessorControl, Arguments=/p:ProductDirectory=C:/git/Dekaf-perf-improvements-20260907/pr-3117/predecessor,/p:UseSharedCompilation=false, IterationCount=3, LaunchCount=1, WarmupCount=3) [Mode=KeyBatchesPaired]
//   PartitionedLifetimeBenchmarks.ProcessLifetime: G_AcceptedControl(Affinity=00000000000000000100, EnvironmentVariables=DOTNET_TieredCompilation=0,DEKAF_DISPATCH_PROFILE=1,DEKAF_DISPATCH_SAMPLE_DIRECTORY=C:/git/Dekaf-perf-improvements-20260907/pr-3117/profile\latency-samples,DEKAF_DISPATCH_JOB=G_AcceptedControl, Arguments=/p:ProductDirectory=C:/git/Dekaf-perf-improvements-20260907/pr-3117/accepted,/p:UseSharedCompilation=false, IterationCount=3, LaunchCount=1, WarmupCount=3) [Mode=KeyBatchesPaired]

Setup power plan (GUID: 8c5e7fda-e8bf-4a96-9a85-a6e23a8c635c FriendlyName: High performance)
// **************************
// Benchmark: PartitionedLifetimeBenchmarks.ProcessLifetime: A_Accepted(Affinity=00000000000000000100, EnvironmentVariables=DOTNET_TieredCompilation=0,DEKAF_DISPATCH_PROFILE=1,DEKAF_DISPATCH_SAMPLE_DIRECTORY=C:/git/Dekaf-perf-improvements-20260907/pr-3117/profile\latency-samples,DEKAF_DISPATCH_JOB=A_Accepted, Arguments=/p:ProductDirectory=C:/git/Dekaf-perf-improvements-20260907/pr-3117/accepted,/p:UseSharedCompilation=false, IterationCount=3, LaunchCount=1, WarmupCount=3) [Mode=KeyRecordsDistinct]
// *** Execute ***
// Launch: 1 / 1
// Execute: dotnet Dekaf.Benchmarks-A_Accepted-1.dll --anonymousPipes 2148 2164 --benchmarkName "Dekaf.Benchmarks.PartitionedLifetimeBenchmarks.ProcessLifetime(Mode: KeyRecordsDistinct)" --job A_Accepted --benchmarkId 0 in C:\git\Dekaf-perf-improvements-20260907\pr-3117\comparison\bin\Release\net10.0\Dekaf.Benchmarks-A_Accepted-1\bin\Release\net10.0
// BeforeAnythingElse

// Benchmark Process Environment Information:
// BenchmarkDotNet v0.15.8
// Runtime=.NET 10.0.11 (10.0.11, 10.0.1126.37416), X64 RyuJIT x86-64-v3
// GC=Concurrent Workstation
// HardwareIntrinsics=AVX2+BMI1+BMI2+F16C+FMA+LZCNT+MOVBE,AVX,SSE3+SSSE3+SSE4.1+SSE4.2+POPCNT,X86Base+SSE+SSE2,AES+PCLMUL,AvxVnni,SERIALIZE VectorSize=256
// Job: A_Accepted(Affinity=100, IterationCount=3, LaunchCount=1, WarmupCount=3)

OverheadJitting  1: 262144 op, 156500.00 ns, 0.5970 ns/op
WorkloadJitting  1: 262144 op, 154418800.00 ns, 589.0610 ns/op

WorkloadPilot    1: 524288 op, 300044400.00 ns, 572.2893 ns/op
WorkloadPilot    2: 786432 op, 451328400.00 ns, 573.8937 ns/op
WorkloadPilot    3: 1048576 op, 595236400.00 ns, 567.6617 ns/op

WorkloadWarmup   1: 1048576 op, 590386700.00 ns, 563.0366 ns/op
WorkloadWarmup   2: 1048576 op, 592185600.00 ns, 564.7522 ns/op
WorkloadWarmup   3: 1048576 op, 592767800.00 ns, 565.3074 ns/op

// BeforeActualRun
WorkloadActual   1: 1048576 op, 590944700.00 ns, 563.5688 ns/op
WorkloadActual   2: 1048576 op, 590307000.00 ns, 562.9606 ns/op
WorkloadActual   3: 1048576 op, 605785300.00 ns, 577.7219 ns/op

// AfterActualRun
WorkloadResult   1: 1048576 op, 590944700.00 ns, 563.5688 ns/op
WorkloadResult   2: 1048576 op, 590307000.00 ns, 562.9606 ns/op
WorkloadResult   3: 1048576 op, 605785300.00 ns, 577.7219 ns/op
// GC:  74 0 0 973182576 1048576
// Threading:  0 0 1048576

STEADY_ALLOCATION mode=KeyRecordsDistinct records=261888 bytes=243032064
DISPATCH_METRICS {"Mode":"KeyRecordsDistinct","CpuAndThroughputRecords":9961472,"LatencyRecords":262144,"StopwatchFrequency":10000000,"RawLatencyFile":"C:/git/Dekaf-perf-improvements-20260907/pr-3117/profile\\latency-samples\\A_Accepted-KeyRecordsDistinct-ticks.bin","CpuNsPerMessage":541.1474328292044,"MessagesPerSecond":1743587.8137370741,"P50Ns":73100,"P99Ns":175600,"MaxNs":731200,"SteadyAllocatedBytes":243032064}
// AfterAll
// Benchmark Process 110332 has exited with code 0.

Mean = 568.084 ns, StdErr = 4.822 ns (0.85%), N = 3, StdDev = 8.352 ns
Min = 562.961 ns, Q1 = 563.265 ns, Median = 563.569 ns, Q3 = 570.645 ns, Max = 577.722 ns
IQR = 7.381 ns, LowerFence = 552.194 ns, UpperFence = 581.716 ns
ConfidenceInterval = [415.705 ns; 720.462 ns] (CI 99.9%), Margin = 152.379 ns (26.82% of Mean)
Skewness = 0.38, Kurtosis = 0.67, MValue = 2

// ** Remained 27 (96.4%) benchmark(s) to run. Estimated finish 2026-09-07 16:07 (0h 2m from now) **
Setup power plan (GUID: 8c5e7fda-e8bf-4a96-9a85-a6e23a8c635c FriendlyName: High performance)
// **************************
// Benchmark: PartitionedLifetimeBenchmarks.ProcessLifetime: B_Predecessor(Affinity=00000000000000000100, EnvironmentVariables=DOTNET_TieredCompilation=0,DEKAF_DISPATCH_PROFILE=1,DEKAF_DISPATCH_SAMPLE_DIRECTORY=C:/git/Dekaf-perf-improvements-20260907/pr-3117/profile\latency-samples,DEKAF_DISPATCH_JOB=B_Predecessor, Arguments=/p:ProductDirectory=C:/git/Dekaf-perf-improvements-20260907/pr-3117/predecessor,/p:UseSharedCompilation=false, IterationCount=3, LaunchCount=1, WarmupCount=3) [Mode=KeyRecordsDistinct]
// *** Execute ***
// Launch: 1 / 1
// Execute: dotnet Dekaf.Benchmarks-B_Predecessor-2.dll --anonymousPipes 1704 2172 --benchmarkName "Dekaf.Benchmarks.PartitionedLifetimeBenchmarks.ProcessLifetime(Mode: KeyRecordsDistinct)" --job B_Predecessor --benchmarkId 0 in C:\git\Dekaf-perf-improvements-20260907\pr-3117\comparison\bin\Release\net10.0\Dekaf.Benchmarks-B_Predecessor-2\bin\Release\net10.0
// BeforeAnythingElse

// Benchmark Process Environment Information:
// BenchmarkDotNet v0.15.8
// Runtime=.NET 10.0.11 (10.0.11, 10.0.1126.37416), X64 RyuJIT x86-64-v3
// GC=Concurrent Workstation
// HardwareIntrinsics=AVX2+BMI1+BMI2+F16C+FMA+LZCNT+MOVBE,AVX,SSE3+SSSE3+SSE4.1+SSE4.2+POPCNT,X86Base+SSE+SSE2,AES+PCLMUL,AvxVnni,SERIALIZE VectorSize=256
// Job: B_Predecessor(Affinity=100, IterationCount=3, LaunchCount=1, WarmupCount=3)

OverheadJitting  1: 262144 op, 166800.00 ns, 0.6363 ns/op
WorkloadJitting  1: 262144 op, 47619200.00 ns, 181.6528 ns/op

WorkloadPilot    1: 524288 op, 95508800.00 ns, 182.1686 ns/op
WorkloadPilot    2: 786432 op, 143010200.00 ns, 181.8469 ns/op
WorkloadPilot    3: 1048576 op, 199432300.00 ns, 190.1935 ns/op
WorkloadPilot    4: 1310720 op, 239219800.00 ns, 182.5102 ns/op
WorkloadPilot    5: 1572864 op, 336502300.00 ns, 213.9424 ns/op
WorkloadPilot    6: 1835008 op, 371176800.00 ns, 202.2753 ns/op
WorkloadPilot    7: 2097152 op, 400512400.00 ns, 190.9792 ns/op
WorkloadPilot    8: 2359296 op, 429230000.00 ns, 181.9314 ns/op
WorkloadPilot    9: 2621440 op, 487214700.00 ns, 185.8577 ns/op
WorkloadPilot   10: 2883584 op, 571506500.00 ns, 198.1931 ns/op

WorkloadWarmup   1: 2883584 op, 542635700.00 ns, 188.1810 ns/op
WorkloadWarmup   2: 2883584 op, 529292400.00 ns, 183.5537 ns/op
WorkloadWarmup   3: 2883584 op, 526877200.00 ns, 182.7161 ns/op

// BeforeActualRun
WorkloadActual   1: 2883584 op, 524384900.00 ns, 181.8518 ns/op
WorkloadActual   2: 2883584 op, 527793700.00 ns, 183.0339 ns/op
WorkloadActual   3: 2883584 op, 529142800.00 ns, 183.5018 ns/op

// AfterActualRun
WorkloadResult   1: 2883584 op, 524384900.00 ns, 181.8518 ns/op
WorkloadResult   2: 2883584 op, 527793700.00 ns, 183.0339 ns/op
WorkloadResult   3: 2883584 op, 529142800.00 ns, 183.5018 ns/op
// GC:  0 0 0 516456 2883584
// Threading:  0 0 2883584

STEADY_ALLOCATION mode=KeyRecordsDistinct records=261888 bytes=0
DISPATCH_METRICS {"Mode":"KeyRecordsDistinct","CpuAndThroughputRecords":37486592,"LatencyRecords":262144,"StopwatchFrequency":10000000,"RawLatencyFile":"C:/git/Dekaf-perf-improvements-20260907/pr-3117/profile\\latency-samples\\B_Predecessor-KeyRecordsDistinct-ticks.bin","CpuNsPerMessage":180.0643814193619,"MessagesPerSecond":5327103.366853509,"P50Ns":22700,"P99Ns":48600,"MaxNs":252000,"SteadyAllocatedBytes":0}
// AfterAll
// Benchmark Process 68580 has exited with code 0.

Mean = 182.796 ns, StdErr = 0.491 ns (0.27%), N = 3, StdDev = 0.850 ns
Min = 181.852 ns, Q1 = 182.443 ns, Median = 183.034 ns, Q3 = 183.268 ns, Max = 183.502 ns
IQR = 0.825 ns, LowerFence = 181.205 ns, UpperFence = 184.505 ns
ConfidenceInterval = [167.282 ns; 198.310 ns] (CI 99.9%), Margin = 15.514 ns (8.49% of Mean)
Skewness = -0.26, Kurtosis = 0.67, MValue = 2

// ** Remained 26 (92.9%) benchmark(s) to run. Estimated finish 2026-09-07 16:07 (0h 3m from now) **
Setup power plan (GUID: 8c5e7fda-e8bf-4a96-9a85-a6e23a8c635c FriendlyName: High performance)
// **************************
// Benchmark: PartitionedLifetimeBenchmarks.ProcessLifetime: C_Published(Affinity=00000000000000000100, EnvironmentVariables=DOTNET_TieredCompilation=0,DEKAF_DISPATCH_PROFILE=1,DEKAF_DISPATCH_SAMPLE_DIRECTORY=C:/git/Dekaf-perf-improvements-20260907/pr-3117/profile\latency-samples,DEKAF_DISPATCH_JOB=C_Published, Arguments=/p:ProductDirectory=C:/git/Dekaf-perf-improvements-20260907/pr-3117/published,/p:UseSharedCompilation=false, IterationCount=3, LaunchCount=1, WarmupCount=3) [Mode=KeyRecordsDistinct]
// *** Execute ***
// Launch: 1 / 1
// Execute: dotnet Dekaf.Benchmarks-C_Published-3.dll --anonymousPipes 1612 1860 --benchmarkName "Dekaf.Benchmarks.PartitionedLifetimeBenchmarks.ProcessLifetime(Mode: KeyRecordsDistinct)" --job C_Published --benchmarkId 0 in C:\git\Dekaf-perf-improvements-20260907\pr-3117\comparison\bin\Release\net10.0\Dekaf.Benchmarks-C_Published-3\bin\Release\net10.0
// BeforeAnythingElse

// Benchmark Process Environment Information:
// BenchmarkDotNet v0.15.8
// Runtime=.NET 10.0.11 (10.0.11, 10.0.1126.37416), X64 RyuJIT x86-64-v3
// GC=Concurrent Workstation
// HardwareIntrinsics=AVX2+BMI1+BMI2+F16C+FMA+LZCNT+MOVBE,AVX,SSE3+SSSE3+SSE4.1+SSE4.2+POPCNT,X86Base+SSE+SSE2,AES+PCLMUL,AvxVnni,SERIALIZE VectorSize=256
// Job: C_Published(Affinity=100, IterationCount=3, LaunchCount=1, WarmupCount=3)

OverheadJitting  1: 262144 op, 162300.00 ns, 0.6191 ns/op
WorkloadJitting  1: 262144 op, 49024800.00 ns, 187.0148 ns/op

WorkloadPilot    1: 524288 op, 97748500.00 ns, 186.4405 ns/op
WorkloadPilot    2: 786432 op, 146330700.00 ns, 186.0691 ns/op
WorkloadPilot    3: 1048576 op, 196531600.00 ns, 187.4271 ns/op
WorkloadPilot    4: 1310720 op, 245913700.00 ns, 187.6173 ns/op
WorkloadPilot    5: 1572864 op, 302267600.00 ns, 192.1766 ns/op
WorkloadPilot    6: 1835008 op, 346291800.00 ns, 188.7141 ns/op
WorkloadPilot    7: 2097152 op, 433030700.00 ns, 206.4851 ns/op
WorkloadPilot    8: 2359296 op, 447533600.00 ns, 189.6895 ns/op
WorkloadPilot    9: 2621440 op, 493154800.00 ns, 188.1236 ns/op
WorkloadPilot   10: 2883584 op, 546255800.00 ns, 189.4364 ns/op

WorkloadWarmup   1: 2883584 op, 545719500.00 ns, 189.2504 ns/op
WorkloadWarmup   2: 2883584 op, 571164900.00 ns, 198.0747 ns/op
WorkloadWarmup   3: 2883584 op, 547953900.00 ns, 190.0253 ns/op

// BeforeActualRun
WorkloadActual   1: 2883584 op, 580799800.00 ns, 201.4159 ns/op
WorkloadActual   2: 2883584 op, 561842200.00 ns, 194.8416 ns/op
WorkloadActual   3: 2883584 op, 542402800.00 ns, 188.1002 ns/op

// AfterActualRun
WorkloadResult   1: 2883584 op, 580799800.00 ns, 201.4159 ns/op
WorkloadResult   2: 2883584 op, 561842200.00 ns, 194.8416 ns/op
WorkloadResult   3: 2883584 op, 542402800.00 ns, 188.1002 ns/op
// GC:  0 0 0 516456 2883584
// Threading:  0 0 2883584

STEADY_ALLOCATION mode=KeyRecordsDistinct records=261888 bytes=0
DISPATCH_METRICS {"Mode":"KeyRecordsDistinct","CpuAndThroughputRecords":37486592,"LatencyRecords":262144,"StopwatchFrequency":10000000,"RawLatencyFile":"C:/git/Dekaf-perf-improvements-20260907/pr-3117/profile\\latency-samples\\C_Published-KeyRecordsDistinct-ticks.bin","CpuNsPerMessage":182.5652756057419,"MessagesPerSecond":5211883.362433923,"P50Ns":22600,"P99Ns":26700,"MaxNs":2014200,"SteadyAllocatedBytes":0}
// AfterAll
// Benchmark Process 109804 has exited with code 0.

Mean = 194.786 ns, StdErr = 3.844 ns (1.97%), N = 3, StdDev = 6.658 ns
Min = 188.100 ns, Q1 = 191.471 ns, Median = 194.842 ns, Q3 = 198.129 ns, Max = 201.416 ns
IQR = 6.658 ns, LowerFence = 181.484 ns, UpperFence = 208.116 ns
ConfidenceInterval = [73.319 ns; 316.253 ns] (CI 99.9%), Margin = 121.467 ns (62.36% of Mean)
Skewness = -0.01, Kurtosis = 0.67, MValue = 2

// ** Remained 25 (89.3%) benchmark(s) to run. Estimated finish 2026-09-07 16:07 (0h 3m from now) **
Setup power plan (GUID: 8c5e7fda-e8bf-4a96-9a85-a6e23a8c635c FriendlyName: High performance)
// **************************
// Benchmark: PartitionedLifetimeBenchmarks.ProcessLifetime: D_Candidate(Affinity=00000000000000000100, EnvironmentVariables=DOTNET_TieredCompilation=0,DEKAF_DISPATCH_PROFILE=1,DEKAF_DISPATCH_SAMPLE_DIRECTORY=C:/git/Dekaf-perf-improvements-20260907/pr-3117/profile\latency-samples,DEKAF_DISPATCH_JOB=D_Candidate, Arguments=/p:ProductDirectory=C:/git/Dekaf-perf-improvements-20260907/pr-3117/candidate,/p:UseSharedCompilation=false, IterationCount=3, LaunchCount=1, WarmupCount=3) [Mode=KeyRecordsDistinct]
// *** Execute ***
// Launch: 1 / 1
// Execute: dotnet Dekaf.Benchmarks-D_Candidate-4.dll --anonymousPipes 1900 1896 --benchmarkName "Dekaf.Benchmarks.PartitionedLifetimeBenchmarks.ProcessLifetime(Mode: KeyRecordsDistinct)" --job D_Candidate --benchmarkId 0 in C:\git\Dekaf-perf-improvements-20260907\pr-3117\comparison\bin\Release\net10.0\Dekaf.Benchmarks-D_Candidate-4\bin\Release\net10.0
// BeforeAnythingElse

// Benchmark Process Environment Information:
// BenchmarkDotNet v0.15.8
// Runtime=.NET 10.0.11 (10.0.11, 10.0.1126.37416), X64 RyuJIT x86-64-v3
// GC=Concurrent Workstation
// HardwareIntrinsics=AVX2+BMI1+BMI2+F16C+FMA+LZCNT+MOVBE,AVX,SSE3+SSSE3+SSE4.1+SSE4.2+POPCNT,X86Base+SSE+SSE2,AES+PCLMUL,AvxVnni,SERIALIZE VectorSize=256
// Job: D_Candidate(Affinity=100, IterationCount=3, LaunchCount=1, WarmupCount=3)

OverheadJitting  1: 262144 op, 158800.00 ns, 0.6058 ns/op
WorkloadJitting  1: 262144 op, 50353900.00 ns, 192.0849 ns/op

WorkloadPilot    1: 524288 op, 97937400.00 ns, 186.8008 ns/op
WorkloadPilot    2: 786432 op, 144992400.00 ns, 184.3674 ns/op
WorkloadPilot    3: 1048576 op, 192401700.00 ns, 183.4886 ns/op
WorkloadPilot    4: 1310720 op, 239145700.00 ns, 182.4537 ns/op
WorkloadPilot    5: 1572864 op, 283747000.00 ns, 180.4015 ns/op
WorkloadPilot    6: 1835008 op, 328645500.00 ns, 179.0976 ns/op
WorkloadPilot    7: 2097152 op, 381132600.00 ns, 181.7382 ns/op
WorkloadPilot    8: 2359296 op, 424064900.00 ns, 179.7421 ns/op
WorkloadPilot    9: 2621440 op, 477558500.00 ns, 182.1741 ns/op
WorkloadPilot   10: 2883584 op, 513673300.00 ns, 178.1371 ns/op

WorkloadWarmup   1: 2883584 op, 530837200.00 ns, 184.0894 ns/op
WorkloadWarmup   2: 2883584 op, 543184200.00 ns, 188.3712 ns/op
WorkloadWarmup   3: 2883584 op, 520379900.00 ns, 180.4629 ns/op

// BeforeActualRun
WorkloadActual   1: 2883584 op, 524804100.00 ns, 181.9972 ns/op
WorkloadActual   2: 2883584 op, 535271000.00 ns, 185.6270 ns/op
WorkloadActual   3: 2883584 op, 572690300.00 ns, 198.6036 ns/op

// AfterActualRun
WorkloadResult   1: 2883584 op, 524804100.00 ns, 181.9972 ns/op
WorkloadResult   2: 2883584 op, 535271000.00 ns, 185.6270 ns/op
WorkloadResult   3: 2883584 op, 572690300.00 ns, 198.6036 ns/op
// GC:  0 0 0 516456 2883584
// Threading:  0 0 2883584

STEADY_ALLOCATION mode=KeyRecordsDistinct records=261888 bytes=0
DISPATCH_METRICS {"Mode":"KeyRecordsDistinct","CpuAndThroughputRecords":37486592,"LatencyRecords":262144,"StopwatchFrequency":10000000,"RawLatencyFile":"C:/git/Dekaf-perf-improvements-20260907/pr-3117/profile\\latency-samples\\D_Candidate-KeyRecordsDistinct-ticks.bin","CpuNsPerMessage":177.98030293071187,"MessagesPerSecond":5448433.231011011,"P50Ns":22300,"P99Ns":51500,"MaxNs":119300,"SteadyAllocatedBytes":0}
// AfterAll
// Benchmark Process 102196 has exited with code 0.

Mean = 188.743 ns, StdErr = 5.041 ns (2.67%), N = 3, StdDev = 8.731 ns
Min = 181.997 ns, Q1 = 183.812 ns, Median = 185.627 ns, Q3 = 192.115 ns, Max = 198.604 ns
IQR = 8.303 ns, LowerFence = 171.357 ns, UpperFence = 204.570 ns
ConfidenceInterval = [29.463 ns; 348.022 ns] (CI 99.9%), Margin = 159.279 ns (84.39% of Mean)
Skewness = 0.31, Kurtosis = 0.67, MValue = 2

// ** Remained 24 (85.7%) benchmark(s) to run. Estimated finish 2026-09-07 16:07 (0h 2m from now) **
Setup power plan (GUID: 8c5e7fda-e8bf-4a96-9a85-a6e23a8c635c FriendlyName: High performance)
// **************************
// Benchmark: PartitionedLifetimeBenchmarks.ProcessLifetime: E_PublishedControl(Affinity=00000000000000000100, EnvironmentVariables=DOTNET_TieredCompilation=0,DEKAF_DISPATCH_PROFILE=1,DEKAF_DISPATCH_SAMPLE_DIRECTORY=C:/git/Dekaf-perf-improvements-20260907/pr-3117/profile\latency-samples,DEKAF_DISPATCH_JOB=E_PublishedControl, Arguments=/p:ProductDirectory=C:/git/Dekaf-perf-improvements-20260907/pr-3117/published,/p:UseSharedCompilation=false, IterationCount=3, LaunchCount=1, WarmupCount=3) [Mode=KeyRecordsDistinct]
// *** Execute ***
// Launch: 1 / 1
// Execute: dotnet Dekaf.Benchmarks-C_Published-3.dll --anonymousPipes 1824 1840 --benchmarkName "Dekaf.Benchmarks.PartitionedLifetimeBenchmarks.ProcessLifetime(Mode: KeyRecordsDistinct)" --job E_PublishedControl --benchmarkId 1 in C:\git\Dekaf-perf-improvements-20260907\pr-3117\comparison\bin\Release\net10.0\Dekaf.Benchmarks-C_Published-3\bin\Release\net10.0
// BeforeAnythingElse

// Benchmark Process Environment Information:
// BenchmarkDotNet v0.15.8
// Runtime=.NET 10.0.11 (10.0.11, 10.0.1126.37416), X64 RyuJIT x86-64-v3
// GC=Concurrent Workstation
// HardwareIntrinsics=AVX2+BMI1+BMI2+F16C+FMA+LZCNT+MOVBE,AVX,SSE3+SSSE3+SSE4.1+SSE4.2+POPCNT,X86Base+SSE+SSE2,AES+PCLMUL,AvxVnni,SERIALIZE VectorSize=256
// Job: E_PublishedControl(Affinity=100, IterationCount=3, LaunchCount=1, WarmupCount=3)

OverheadJitting  1: 262144 op, 171000.00 ns, 0.6523 ns/op
WorkloadJitting  1: 262144 op, 49092100.00 ns, 187.2715 ns/op

WorkloadPilot    1: 524288 op, 96760200.00 ns, 184.5554 ns/op
WorkloadPilot    2: 786432 op, 146574100.00 ns, 186.3786 ns/op
WorkloadPilot    3: 1048576 op, 229332500.00 ns, 218.7085 ns/op
WorkloadPilot    4: 1310720 op, 248510600.00 ns, 189.5985 ns/op
WorkloadPilot    5: 1572864 op, 298239200.00 ns, 189.6154 ns/op
WorkloadPilot    6: 1835008 op, 347882900.00 ns, 189.5811 ns/op
WorkloadPilot    7: 2097152 op, 380723200.00 ns, 181.5430 ns/op
WorkloadPilot    8: 2359296 op, 438773400.00 ns, 185.9764 ns/op
WorkloadPilot    9: 2621440 op, 480868000.00 ns, 183.4366 ns/op
WorkloadPilot   10: 2883584 op, 533639100.00 ns, 185.0611 ns/op

WorkloadWarmup   1: 2883584 op, 525170700.00 ns, 182.1243 ns/op
WorkloadWarmup   2: 2883584 op, 526349200.00 ns, 182.5330 ns/op
WorkloadWarmup   3: 2883584 op, 527693300.00 ns, 182.9991 ns/op

// BeforeActualRun
WorkloadActual   1: 2883584 op, 525928500.00 ns, 182.3871 ns/op
WorkloadActual   2: 2883584 op, 520664600.00 ns, 180.5616 ns/op
WorkloadActual   3: 2883584 op, 533864000.00 ns, 185.1390 ns/op

// AfterActualRun
WorkloadResult   1: 2883584 op, 525928500.00 ns, 182.3871 ns/op
WorkloadResult   2: 2883584 op, 520664600.00 ns, 180.5616 ns/op
WorkloadResult   3: 2883584 op, 533864000.00 ns, 185.1390 ns/op
// GC:  0 0 0 516456 2883584
// Threading:  0 0 2883584

STEADY_ALLOCATION mode=KeyRecordsDistinct records=261888 bytes=0
DISPATCH_METRICS {"Mode":"KeyRecordsDistinct","CpuAndThroughputRecords":37486592,"LatencyRecords":262144,"StopwatchFrequency":10000000,"RawLatencyFile":"C:/git/Dekaf-perf-improvements-20260907/pr-3117/profile\\latency-samples\\E_PublishedControl-KeyRecordsDistinct-ticks.bin","CpuNsPerMessage":180.48119711709188,"MessagesPerSecond":5392002.735917035,"P50Ns":23700,"P99Ns":66900,"MaxNs":157400,"SteadyAllocatedBytes":0}
// AfterAll
// Benchmark Process 84660 has exited with code 0.

Mean = 182.696 ns, StdErr = 1.330 ns (0.73%), N = 3, StdDev = 2.304 ns
Min = 180.562 ns, Q1 = 181.474 ns, Median = 182.387 ns, Q3 = 183.763 ns, Max = 185.139 ns
IQR = 2.289 ns, LowerFence = 178.041 ns, UpperFence = 187.196 ns
ConfidenceInterval = [140.657 ns; 224.735 ns] (CI 99.9%), Margin = 42.039 ns (23.01% of Mean)
Skewness = 0.13, Kurtosis = 0.67, MValue = 2

// ** Remained 23 (82.1%) benchmark(s) to run. Estimated finish 2026-09-07 16:07 (0h 2m from now) **
Setup power plan (GUID: 8c5e7fda-e8bf-4a96-9a85-a6e23a8c635c FriendlyName: High performance)
// **************************
// Benchmark: PartitionedLifetimeBenchmarks.ProcessLifetime: F_PredecessorControl(Affinity=00000000000000000100, EnvironmentVariables=DOTNET_TieredCompilation=0,DEKAF_DISPATCH_PROFILE=1,DEKAF_DISPATCH_SAMPLE_DIRECTORY=C:/git/Dekaf-perf-improvements-20260907/pr-3117/profile\latency-samples,DEKAF_DISPATCH_JOB=F_PredecessorControl, Arguments=/p:ProductDirectory=C:/git/Dekaf-perf-improvements-20260907/pr-3117/predecessor,/p:UseSharedCompilation=false, IterationCount=3, LaunchCount=1, WarmupCount=3) [Mode=KeyRecordsDistinct]
// *** Execute ***
// Launch: 1 / 1
// Execute: dotnet Dekaf.Benchmarks-B_Predecessor-2.dll --anonymousPipes 1824 572 --benchmarkName "Dekaf.Benchmarks.PartitionedLifetimeBenchmarks.ProcessLifetime(Mode: KeyRecordsDistinct)" --job F_PredecessorControl --benchmarkId 1 in C:\git\Dekaf-perf-improvements-20260907\pr-3117\comparison\bin\Release\net10.0\Dekaf.Benchmarks-B_Predecessor-2\bin\Release\net10.0
// BeforeAnythingElse

// Benchmark Process Environment Information:
// BenchmarkDotNet v0.15.8
// Runtime=.NET 10.0.11 (10.0.11, 10.0.1126.37416), X64 RyuJIT x86-64-v3
// GC=Concurrent Workstation
// HardwareIntrinsics=AVX2+BMI1+BMI2+F16C+FMA+LZCNT+MOVBE,AVX,SSE3+SSSE3+SSE4.1+SSE4.2+POPCNT,X86Base+SSE+SSE2,AES+PCLMUL,AvxVnni,SERIALIZE VectorSize=256
// Job: F_PredecessorControl(Affinity=100, IterationCount=3, LaunchCount=1, WarmupCount=3)

OverheadJitting  1: 262144 op, 158200.00 ns, 0.6035 ns/op
WorkloadJitting  1: 262144 op, 49689100.00 ns, 189.5489 ns/op

WorkloadPilot    1: 524288 op, 95420600.00 ns, 182.0004 ns/op
WorkloadPilot    2: 786432 op, 142576000.00 ns, 181.2948 ns/op
WorkloadPilot    3: 1048576 op, 187347300.00 ns, 178.6683 ns/op
WorkloadPilot    4: 1310720 op, 244804800.00 ns, 186.7712 ns/op
WorkloadPilot    5: 1572864 op, 280816300.00 ns, 178.5382 ns/op
WorkloadPilot    6: 1835008 op, 329142800.00 ns, 179.3686 ns/op
WorkloadPilot    7: 2097152 op, 424167700.00 ns, 202.2589 ns/op
WorkloadPilot    8: 2359296 op, 424276200.00 ns, 179.8317 ns/op
WorkloadPilot    9: 2621440 op, 469551600.00 ns, 179.1197 ns/op
WorkloadPilot   10: 2883584 op, 561116200.00 ns, 194.5899 ns/op

WorkloadWarmup   1: 2883584 op, 529152700.00 ns, 183.5052 ns/op
WorkloadWarmup   2: 2883584 op, 525308200.00 ns, 182.1720 ns/op
WorkloadWarmup   3: 2883584 op, 526850500.00 ns, 182.7068 ns/op

// BeforeActualRun
WorkloadActual   1: 2883584 op, 518760700.00 ns, 179.9014 ns/op
WorkloadActual   2: 2883584 op, 521244100.00 ns, 180.7626 ns/op
WorkloadActual   3: 2883584 op, 517943800.00 ns, 179.6181 ns/op

// AfterActualRun
WorkloadResult   1: 2883584 op, 518760700.00 ns, 179.9014 ns/op
WorkloadResult   2: 2883584 op, 521244100.00 ns, 180.7626 ns/op
WorkloadResult   3: 2883584 op, 517943800.00 ns, 179.6181 ns/op
// GC:  0 0 0 516456 2883584
// Threading:  0 0 2883584

STEADY_ALLOCATION mode=KeyRecordsDistinct records=261888 bytes=0
DISPATCH_METRICS {"Mode":"KeyRecordsDistinct","CpuAndThroughputRecords":37486592,"LatencyRecords":262144,"StopwatchFrequency":10000000,"RawLatencyFile":"C:/git/Dekaf-perf-improvements-20260907/pr-3117/profile\\latency-samples\\F_PredecessorControl-KeyRecordsDistinct-ticks.bin","CpuNsPerMessage":177.56348723298186,"MessagesPerSecond":5454534.316701593,"P50Ns":23100,"P99Ns":58800,"MaxNs":465900,"SteadyAllocatedBytes":0}
// AfterAll
// Benchmark Process 61224 has exited with code 0.

Mean = 180.094 ns, StdErr = 0.344 ns (0.19%), N = 3, StdDev = 0.596 ns
Min = 179.618 ns, Q1 = 179.760 ns, Median = 179.901 ns, Q3 = 180.332 ns, Max = 180.763 ns
IQR = 0.572 ns, LowerFence = 178.901 ns, UpperFence = 181.190 ns
ConfidenceInterval = [169.219 ns; 190.969 ns] (CI 99.9%), Margin = 10.875 ns (6.04% of Mean)
Skewness = 0.29, Kurtosis = 0.67, MValue = 2

// ** Remained 22 (78.6%) benchmark(s) to run. Estimated finish 2026-09-07 16:07 (0h 2m from now) **
Setup power plan (GUID: 8c5e7fda-e8bf-4a96-9a85-a6e23a8c635c FriendlyName: High performance)
// **************************
// Benchmark: PartitionedLifetimeBenchmarks.ProcessLifetime: G_AcceptedControl(Affinity=00000000000000000100, EnvironmentVariables=DOTNET_TieredCompilation=0,DEKAF_DISPATCH_PROFILE=1,DEKAF_DISPATCH_SAMPLE_DIRECTORY=C:/git/Dekaf-perf-improvements-20260907/pr-3117/profile\latency-samples,DEKAF_DISPATCH_JOB=G_AcceptedControl, Arguments=/p:ProductDirectory=C:/git/Dekaf-perf-improvements-20260907/pr-3117/accepted,/p:UseSharedCompilation=false, IterationCount=3, LaunchCount=1, WarmupCount=3) [Mode=KeyRecordsDistinct]
// *** Execute ***
// Launch: 1 / 1
// Execute: dotnet Dekaf.Benchmarks-A_Accepted-1.dll --anonymousPipes 1536 1464 --benchmarkName "Dekaf.Benchmarks.PartitionedLifetimeBenchmarks.ProcessLifetime(Mode: KeyRecordsDistinct)" --job G_AcceptedControl --benchmarkId 1 in C:\git\Dekaf-perf-improvements-20260907\pr-3117\comparison\bin\Release\net10.0\Dekaf.Benchmarks-A_Accepted-1\bin\Release\net10.0
// BeforeAnythingElse

// Benchmark Process Environment Information:
// BenchmarkDotNet v0.15.8
// Runtime=.NET 10.0.11 (10.0.11, 10.0.1126.37416), X64 RyuJIT x86-64-v3
// GC=Concurrent Workstation
// HardwareIntrinsics=AVX2+BMI1+BMI2+F16C+FMA+LZCNT+MOVBE,AVX,SSE3+SSSE3+SSE4.1+SSE4.2+POPCNT,X86Base+SSE+SSE2,AES+PCLMUL,AvxVnni,SERIALIZE VectorSize=256
// Job: G_AcceptedControl(Affinity=100, IterationCount=3, LaunchCount=1, WarmupCount=3)

OverheadJitting  1: 262144 op, 161300.00 ns, 0.6153 ns/op
WorkloadJitting  1: 262144 op, 154078800.00 ns, 587.7640 ns/op

WorkloadPilot    1: 524288 op, 295667300.00 ns, 563.9406 ns/op
WorkloadPilot    2: 786432 op, 444229800.00 ns, 564.8674 ns/op
WorkloadPilot    3: 1048576 op, 601077700.00 ns, 573.2324 ns/op

WorkloadWarmup   1: 1048576 op, 629014200.00 ns, 599.8747 ns/op
WorkloadWarmup   2: 1048576 op, 599222100.00 ns, 571.4627 ns/op
WorkloadWarmup   3: 1048576 op, 586653000.00 ns, 559.4759 ns/op

// BeforeActualRun
WorkloadActual   1: 1048576 op, 578023500.00 ns, 551.2462 ns/op
WorkloadActual   2: 1048576 op, 656486900.00 ns, 626.0747 ns/op
WorkloadActual   3: 1048576 op, 589723400.00 ns, 562.4041 ns/op

// AfterActualRun
WorkloadResult   1: 1048576 op, 578023500.00 ns, 551.2462 ns/op
WorkloadResult   2: 1048576 op, 656486900.00 ns, 626.0747 ns/op
WorkloadResult   3: 1048576 op, 589723400.00 ns, 562.4041 ns/op
// GC:  74 0 0 973182576 1048576
// Threading:  0 0 1048576

STEADY_ALLOCATION mode=KeyRecordsDistinct records=261888 bytes=243032064
DISPATCH_METRICS {"Mode":"KeyRecordsDistinct","CpuAndThroughputRecords":9961472,"LatencyRecords":262144,"StopwatchFrequency":10000000,"RawLatencyFile":"C:/git/Dekaf-perf-improvements-20260907/pr-3117/profile\\latency-samples\\G_AcceptedControl-KeyRecordsDistinct-ticks.bin","CpuNsPerMessage":559.9699522319593,"MessagesPerSecond":1726973.9368448805,"P50Ns":72600,"P99Ns":357800,"MaxNs":3528500,"SteadyAllocatedBytes":243032064}
// AfterAll
// Benchmark Process 109828 has exited with code 0.

Mean = 579.908 ns, StdErr = 23.307 ns (4.02%), N = 3, StdDev = 40.369 ns
Min = 551.246 ns, Q1 = 556.825 ns, Median = 562.404 ns, Q3 = 594.239 ns, Max = 626.075 ns
IQR = 37.414 ns, LowerFence = 500.704 ns, UpperFence = 650.361 ns
ConfidenceInterval = [-156.566 ns; 1,316.382 ns] (CI 99.9%), Margin = 736.474 ns (127.00% of Mean)
Skewness = 0.35, Kurtosis = 0.67, MValue = 2

// ** Remained 21 (75.0%) benchmark(s) to run. Estimated finish 2026-09-07 16:07 (0h 2m from now) **
Setup power plan (GUID: 8c5e7fda-e8bf-4a96-9a85-a6e23a8c635c FriendlyName: High performance)
// **************************
// Benchmark: PartitionedLifetimeBenchmarks.ProcessLifetime: A_Accepted(Affinity=00000000000000000100, EnvironmentVariables=DOTNET_TieredCompilation=0,DEKAF_DISPATCH_PROFILE=1,DEKAF_DISPATCH_SAMPLE_DIRECTORY=C:/git/Dekaf-perf-improvements-20260907/pr-3117/profile\latency-samples,DEKAF_DISPATCH_JOB=A_Accepted, Arguments=/p:ProductDirectory=C:/git/Dekaf-perf-improvements-20260907/pr-3117/accepted,/p:UseSharedCompilation=false, IterationCount=3, LaunchCount=1, WarmupCount=3) [Mode=KeyBatchesDistinct]
// *** Execute ***
// Launch: 1 / 1
// Execute: dotnet Dekaf.Benchmarks-A_Accepted-1.dll --anonymousPipes 1536 1464 --benchmarkName "Dekaf.Benchmarks.PartitionedLifetimeBenchmarks.ProcessLifetime(Mode: KeyBatchesDistinct)" --job A_Accepted --benchmarkId 2 in C:\git\Dekaf-perf-improvements-20260907\pr-3117\comparison\bin\Release\net10.0\Dekaf.Benchmarks-A_Accepted-1\bin\Release\net10.0
// BeforeAnythingElse

// Benchmark Process Environment Information:
// BenchmarkDotNet v0.15.8
// Runtime=.NET 10.0.11 (10.0.11, 10.0.1126.37416), X64 RyuJIT x86-64-v3
// GC=Concurrent Workstation
// HardwareIntrinsics=AVX2+BMI1+BMI2+F16C+FMA+LZCNT+MOVBE,AVX,SSE3+SSSE3+SSE4.1+SSE4.2+POPCNT,X86Base+SSE+SSE2,AES+PCLMUL,AvxVnni,SERIALIZE VectorSize=256
// Job: A_Accepted(Affinity=100, IterationCount=3, LaunchCount=1, WarmupCount=3)

OverheadJitting  1: 262144 op, 169500.00 ns, 0.6466 ns/op
WorkloadJitting  1: 262144 op, 183746700.00 ns, 700.9380 ns/op

WorkloadPilot    1: 524288 op, 309481800.00 ns, 590.2897 ns/op
WorkloadPilot    2: 786432 op, 479026900.00 ns, 609.1142 ns/op
WorkloadPilot    3: 1048576 op, 626705100.00 ns, 597.6726 ns/op

WorkloadWarmup   1: 1048576 op, 630597900.00 ns, 601.3850 ns/op
WorkloadWarmup   2: 1048576 op, 627519300.00 ns, 598.4490 ns/op
WorkloadWarmup   3: 1048576 op, 637372200.00 ns, 607.8455 ns/op

// BeforeActualRun
WorkloadActual   1: 1048576 op, 620747900.00 ns, 591.9913 ns/op
WorkloadActual   2: 1048576 op, 628291900.00 ns, 599.1858 ns/op
WorkloadActual   3: 1048576 op, 643309300.00 ns, 613.5076 ns/op

// AfterActualRun
WorkloadResult   1: 1048576 op, 620747900.00 ns, 591.9913 ns/op
WorkloadResult   2: 1048576 op, 628291900.00 ns, 599.1858 ns/op
WorkloadResult   3: 1048576 op, 643309300.00 ns, 613.5076 ns/op
// GC:  180 1 0 2357302560 1048576
// Threading:  0 0 1048576

STEADY_ALLOCATION mode=KeyBatchesDistinct records=261888 bytes=588724224
DISPATCH_METRICS {"Mode":"KeyBatchesDistinct","CpuAndThroughputRecords":9961472,"LatencyRecords":262144,"StopwatchFrequency":10000000,"RawLatencyFile":"C:/git/Dekaf-perf-improvements-20260907/pr-3117/profile\\latency-samples\\A_Accepted-KeyBatchesDistinct-ticks.bin","CpuNsPerMessage":570.9497552168997,"MessagesPerSecond":1639127.7133942046,"P50Ns":71200,"P99Ns":159100,"MaxNs":967300,"SteadyAllocatedBytes":588724224}
// AfterAll
// Benchmark Process 87440 has exited with code 0.

Mean = 601.562 ns, StdErr = 6.324 ns (1.05%), N = 3, StdDev = 10.953 ns
Min = 591.991 ns, Q1 = 595.589 ns, Median = 599.186 ns, Q3 = 606.347 ns, Max = 613.508 ns
IQR = 10.758 ns, LowerFence = 579.451 ns, UpperFence = 622.484 ns
ConfidenceInterval = [401.737 ns; 801.387 ns] (CI 99.9%), Margin = 199.825 ns (33.22% of Mean)
Skewness = 0.21, Kurtosis = 0.67, MValue = 2

// ** Remained 20 (71.4%) benchmark(s) to run. Estimated finish 2026-09-07 16:07 (0h 2m from now) **
Setup power plan (GUID: 8c5e7fda-e8bf-4a96-9a85-a6e23a8c635c FriendlyName: High performance)
// **************************
// Benchmark: PartitionedLifetimeBenchmarks.ProcessLifetime: B_Predecessor(Affinity=00000000000000000100, EnvironmentVariables=DOTNET_TieredCompilation=0,DEKAF_DISPATCH_PROFILE=1,DEKAF_DISPATCH_SAMPLE_DIRECTORY=C:/git/Dekaf-perf-improvements-20260907/pr-3117/profile\latency-samples,DEKAF_DISPATCH_JOB=B_Predecessor, Arguments=/p:ProductDirectory=C:/git/Dekaf-perf-improvements-20260907/pr-3117/predecessor,/p:UseSharedCompilation=false, IterationCount=3, LaunchCount=1, WarmupCount=3) [Mode=KeyBatchesDistinct]
// *** Execute ***
// Launch: 1 / 1
// Execute: dotnet Dekaf.Benchmarks-B_Predecessor-2.dll --anonymousPipes 1908 1964 --benchmarkName "Dekaf.Benchmarks.PartitionedLifetimeBenchmarks.ProcessLifetime(Mode: KeyBatchesDistinct)" --job B_Predecessor --benchmarkId 2 in C:\git\Dekaf-perf-improvements-20260907\pr-3117\comparison\bin\Release\net10.0\Dekaf.Benchmarks-B_Predecessor-2\bin\Release\net10.0
// BeforeAnythingElse

// Benchmark Process Environment Information:
// BenchmarkDotNet v0.15.8
// Runtime=.NET 10.0.11 (10.0.11, 10.0.1126.37416), X64 RyuJIT x86-64-v3
// GC=Concurrent Workstation
// HardwareIntrinsics=AVX2+BMI1+BMI2+F16C+FMA+LZCNT+MOVBE,AVX,SSE3+SSSE3+SSE4.1+SSE4.2+POPCNT,X86Base+SSE+SSE2,AES+PCLMUL,AvxVnni,SERIALIZE VectorSize=256
// Job: B_Predecessor(Affinity=100, IterationCount=3, LaunchCount=1, WarmupCount=3)

OverheadJitting  1: 262144 op, 158100.00 ns, 0.6031 ns/op
WorkloadJitting  1: 262144 op, 48927400.00 ns, 186.6432 ns/op

WorkloadPilot    1: 524288 op, 95489100.00 ns, 182.1310 ns/op
WorkloadPilot    2: 786432 op, 145096100.00 ns, 184.4992 ns/op
WorkloadPilot    3: 1048576 op, 191642500.00 ns, 182.7645 ns/op
WorkloadPilot    4: 1310720 op, 239907200.00 ns, 183.0347 ns/op
WorkloadPilot    5: 1572864 op, 292202700.00 ns, 185.7775 ns/op
WorkloadPilot    6: 1835008 op, 355089500.00 ns, 193.5084 ns/op
WorkloadPilot    7: 2097152 op, 397326700.00 ns, 189.4601 ns/op
WorkloadPilot    8: 2359296 op, 429743500.00 ns, 182.1490 ns/op
WorkloadPilot    9: 2621440 op, 484388200.00 ns, 184.7794 ns/op
WorkloadPilot   10: 2883584 op, 567372800.00 ns, 196.7596 ns/op

WorkloadWarmup   1: 2883584 op, 546336700.00 ns, 189.4645 ns/op
WorkloadWarmup   2: 2883584 op, 536214500.00 ns, 185.9542 ns/op
WorkloadWarmup   3: 2883584 op, 532737800.00 ns, 184.7485 ns/op

// BeforeActualRun
WorkloadActual   1: 2883584 op, 527040000.00 ns, 182.7725 ns/op
WorkloadActual   2: 2883584 op, 526220400.00 ns, 182.4883 ns/op
WorkloadActual   3: 2883584 op, 524359400.00 ns, 181.8429 ns/op

// AfterActualRun
WorkloadResult   1: 2883584 op, 527040000.00 ns, 182.7725 ns/op
WorkloadResult   2: 2883584 op, 526220400.00 ns, 182.4883 ns/op
WorkloadResult   3: 2883584 op, 524359400.00 ns, 181.8429 ns/op
// GC:  0 0 0 531592 2883584
// Threading:  0 0 2883584

STEADY_ALLOCATION mode=KeyBatchesDistinct records=261888 bytes=0
DISPATCH_METRICS {"Mode":"KeyBatchesDistinct","CpuAndThroughputRecords":37486592,"LatencyRecords":262144,"StopwatchFrequency":10000000,"RawLatencyFile":"C:/git/Dekaf-perf-improvements-20260907/pr-3117/profile\\latency-samples\\B_Predecessor-KeyBatchesDistinct-ticks.bin","CpuNsPerMessage":180.8980128148219,"MessagesPerSecond":5392663.917793197,"P50Ns":21800,"P99Ns":60100,"MaxNs":197700,"SteadyAllocatedBytes":0}
// AfterAll
// Benchmark Process 72532 has exited with code 0.

Mean = 182.368 ns, StdErr = 0.275 ns (0.15%), N = 3, StdDev = 0.476 ns
Min = 181.843 ns, Q1 = 182.166 ns, Median = 182.488 ns, Q3 = 182.630 ns, Max = 182.773 ns
IQR = 0.465 ns, LowerFence = 181.468 ns, UpperFence = 183.328 ns
ConfidenceInterval = [173.678 ns; 191.058 ns] (CI 99.9%), Margin = 8.690 ns (4.77% of Mean)
Skewness = -0.24, Kurtosis = 0.67, MValue = 2

// ** Remained 19 (67.9%) benchmark(s) to run. Estimated finish 2026-09-07 16:07 (0h 2m from now) **
Setup power plan (GUID: 8c5e7fda-e8bf-4a96-9a85-a6e23a8c635c FriendlyName: High performance)
// **************************
// Benchmark: PartitionedLifetimeBenchmarks.ProcessLifetime: C_Published(Affinity=00000000000000000100, EnvironmentVariables=DOTNET_TieredCompilation=0,DEKAF_DISPATCH_PROFILE=1,DEKAF_DISPATCH_SAMPLE_DIRECTORY=C:/git/Dekaf-perf-improvements-20260907/pr-3117/profile\latency-samples,DEKAF_DISPATCH_JOB=C_Published, Arguments=/p:ProductDirectory=C:/git/Dekaf-perf-improvements-20260907/pr-3117/published,/p:UseSharedCompilation=false, IterationCount=3, LaunchCount=1, WarmupCount=3) [Mode=KeyBatchesDistinct]
// *** Execute ***
// Launch: 1 / 1
// Execute: dotnet Dekaf.Benchmarks-C_Published-3.dll --anonymousPipes 1836 1872 --benchmarkName "Dekaf.Benchmarks.PartitionedLifetimeBenchmarks.ProcessLifetime(Mode: KeyBatchesDistinct)" --job C_Published --benchmarkId 2 in C:\git\Dekaf-perf-improvements-20260907\pr-3117\comparison\bin\Release\net10.0\Dekaf.Benchmarks-C_Published-3\bin\Release\net10.0
// BeforeAnythingElse

// Benchmark Process Environment Information:
// BenchmarkDotNet v0.15.8
// Runtime=.NET 10.0.11 (10.0.11, 10.0.1126.37416), X64 RyuJIT x86-64-v3
// GC=Concurrent Workstation
// HardwareIntrinsics=AVX2+BMI1+BMI2+F16C+FMA+LZCNT+MOVBE,AVX,SSE3+SSSE3+SSE4.1+SSE4.2+POPCNT,X86Base+SSE+SSE2,AES+PCLMUL,AvxVnni,SERIALIZE VectorSize=256
// Job: C_Published(Affinity=100, IterationCount=3, LaunchCount=1, WarmupCount=3)

OverheadJitting  1: 262144 op, 233400.00 ns, 0.8904 ns/op
WorkloadJitting  1: 262144 op, 51576700.00 ns, 196.7495 ns/op

WorkloadPilot    1: 524288 op, 104607400.00 ns, 199.5228 ns/op
WorkloadPilot    2: 786432 op, 154036900.00 ns, 195.8680 ns/op
WorkloadPilot    3: 1048576 op, 205431200.00 ns, 195.9145 ns/op
WorkloadPilot    4: 1310720 op, 256871400.00 ns, 195.9773 ns/op
WorkloadPilot    5: 1572864 op, 308000500.00 ns, 195.8214 ns/op
WorkloadPilot    6: 1835008 op, 371713800.00 ns, 202.5679 ns/op
WorkloadPilot    7: 2097152 op, 435171900.00 ns, 207.5061 ns/op
WorkloadPilot    8: 2359296 op, 469379200.00 ns, 198.9488 ns/op
WorkloadPilot    9: 2621440 op, 511539100.00 ns, 195.1367 ns/op

WorkloadWarmup   1: 2621440 op, 523827300.00 ns, 199.8243 ns/op
WorkloadWarmup   2: 2621440 op, 522768900.00 ns, 199.4205 ns/op
WorkloadWarmup   3: 2621440 op, 551463600.00 ns, 210.3667 ns/op

// BeforeActualRun
WorkloadActual   1: 2621440 op, 514197100.00 ns, 196.1506 ns/op
WorkloadActual   2: 2621440 op, 527923400.00 ns, 201.3868 ns/op
WorkloadActual   3: 2621440 op, 539487100.00 ns, 205.7980 ns/op

// AfterActualRun
WorkloadResult   1: 2621440 op, 514197100.00 ns, 196.1506 ns/op
WorkloadResult   2: 2621440 op, 527923400.00 ns, 201.3868 ns/op
WorkloadResult   3: 2621440 op, 539487100.00 ns, 205.7980 ns/op
// GC:  0 0 0 482960 2621440
// Threading:  0 0 2621440

STEADY_ALLOCATION mode=KeyBatchesDistinct records=261888 bytes=0
DISPATCH_METRICS {"Mode":"KeyBatchesDistinct","CpuAndThroughputRecords":32768000,"LatencyRecords":262144,"StopwatchFrequency":10000000,"RawLatencyFile":"C:/git/Dekaf-perf-improvements-20260907/pr-3117/profile\\latency-samples\\C_Published-KeyBatchesDistinct-ticks.bin","CpuNsPerMessage":192.16537475585938,"MessagesPerSecond":5013732.835791345,"P50Ns":22300,"P99Ns":60600,"MaxNs":125000,"SteadyAllocatedBytes":0}
// AfterAll
// Benchmark Process 89656 has exited with code 0.

Mean = 201.112 ns, StdErr = 2.788 ns (1.39%), N = 3, StdDev = 4.830 ns
Min = 196.151 ns, Q1 = 198.769 ns, Median = 201.387 ns, Q3 = 203.592 ns, Max = 205.798 ns
IQR = 4.824 ns, LowerFence = 191.533 ns, UpperFence = 210.828 ns
ConfidenceInterval = [113.003 ns; 289.221 ns] (CI 99.9%), Margin = 88.109 ns (43.81% of Mean)
Skewness = -0.06, Kurtosis = 0.67, MValue = 2

// ** Remained 18 (64.3%) benchmark(s) to run. Estimated finish 2026-09-07 16:07 (0h 2m from now) **
Setup power plan (GUID: 8c5e7fda-e8bf-4a96-9a85-a6e23a8c635c FriendlyName: High performance)
// **************************
// Benchmark: PartitionedLifetimeBenchmarks.ProcessLifetime: D_Candidate(Affinity=00000000000000000100, EnvironmentVariables=DOTNET_TieredCompilation=0,DEKAF_DISPATCH_PROFILE=1,DEKAF_DISPATCH_SAMPLE_DIRECTORY=C:/git/Dekaf-perf-improvements-20260907/pr-3117/profile\latency-samples,DEKAF_DISPATCH_JOB=D_Candidate, Arguments=/p:ProductDirectory=C:/git/Dekaf-perf-improvements-20260907/pr-3117/candidate,/p:UseSharedCompilation=false, IterationCount=3, LaunchCount=1, WarmupCount=3) [Mode=KeyBatchesDistinct]
// *** Execute ***
// Launch: 1 / 1
// Execute: dotnet Dekaf.Benchmarks-D_Candidate-4.dll --anonymousPipes 1620 1736 --benchmarkName "Dekaf.Benchmarks.PartitionedLifetimeBenchmarks.ProcessLifetime(Mode: KeyBatchesDistinct)" --job D_Candidate --benchmarkId 1 in C:\git\Dekaf-perf-improvements-20260907\pr-3117\comparison\bin\Release\net10.0\Dekaf.Benchmarks-D_Candidate-4\bin\Release\net10.0
// BeforeAnythingElse

// Benchmark Process Environment Information:
// BenchmarkDotNet v0.15.8
// Runtime=.NET 10.0.11 (10.0.11, 10.0.1126.37416), X64 RyuJIT x86-64-v3
// GC=Concurrent Workstation
// HardwareIntrinsics=AVX2+BMI1+BMI2+F16C+FMA+LZCNT+MOVBE,AVX,SSE3+SSSE3+SSE4.1+SSE4.2+POPCNT,X86Base+SSE+SSE2,AES+PCLMUL,AvxVnni,SERIALIZE VectorSize=256
// Job: D_Candidate(Affinity=100, IterationCount=3, LaunchCount=1, WarmupCount=3)

OverheadJitting  1: 262144 op, 176400.00 ns, 0.6729 ns/op
WorkloadJitting  1: 262144 op, 48957200.00 ns, 186.7569 ns/op

WorkloadPilot    1: 524288 op, 98894400.00 ns, 188.6261 ns/op
WorkloadPilot    2: 786432 op, 146930400.00 ns, 186.8317 ns/op
WorkloadPilot    3: 1048576 op, 198965500.00 ns, 189.7483 ns/op
WorkloadPilot    4: 1310720 op, 252117000.00 ns, 192.3500 ns/op
WorkloadPilot    5: 1572864 op, 300900200.00 ns, 191.3072 ns/op
WorkloadPilot    6: 1835008 op, 347655000.00 ns, 189.4569 ns/op
WorkloadPilot    7: 2097152 op, 396487400.00 ns, 189.0599 ns/op
WorkloadPilot    8: 2359296 op, 447179100.00 ns, 189.5392 ns/op
WorkloadPilot    9: 2621440 op, 495413400.00 ns, 188.9852 ns/op
WorkloadPilot   10: 2883584 op, 548525000.00 ns, 190.2233 ns/op

WorkloadWarmup   1: 2883584 op, 542977100.00 ns, 188.2994 ns/op
WorkloadWarmup   2: 2883584 op, 546904400.00 ns, 189.6613 ns/op
WorkloadWarmup   3: 2883584 op, 583583200.00 ns, 202.3812 ns/op

// BeforeActualRun
WorkloadActual   1: 2883584 op, 549907600.00 ns, 190.7028 ns/op
WorkloadActual   2: 2883584 op, 549438900.00 ns, 190.5403 ns/op
WorkloadActual   3: 2883584 op, 544833300.00 ns, 188.9431 ns/op

// AfterActualRun
WorkloadResult   1: 2883584 op, 549907600.00 ns, 190.7028 ns/op
WorkloadResult   2: 2883584 op, 549438900.00 ns, 190.5403 ns/op
WorkloadResult   3: 2883584 op, 544833300.00 ns, 188.9431 ns/op
// GC:  0 0 0 531592 2883584
// Threading:  0 0 2883584

STEADY_ALLOCATION mode=KeyBatchesDistinct records=261888 bytes=0
DISPATCH_METRICS {"Mode":"KeyBatchesDistinct","CpuAndThroughputRecords":37486592,"LatencyRecords":262144,"StopwatchFrequency":10000000,"RawLatencyFile":"C:/git/Dekaf-perf-improvements-20260907/pr-3117/profile\\latency-samples\\D_Candidate-KeyBatchesDistinct-ticks.bin","CpuNsPerMessage":183.81572269893192,"MessagesPerSecond":5238983.881259885,"P50Ns":22700,"P99Ns":69000,"MaxNs":406100,"SteadyAllocatedBytes":0}
// AfterAll
// Benchmark Process 32256 has exited with code 0.

Mean = 190.062 ns, StdErr = 0.561 ns (0.30%), N = 3, StdDev = 0.972 ns
Min = 188.943 ns, Q1 = 189.742 ns, Median = 190.540 ns, Q3 = 190.622 ns, Max = 190.703 ns
IQR = 0.880 ns, LowerFence = 188.422 ns, UpperFence = 191.941 ns
ConfidenceInterval = [172.321 ns; 207.803 ns] (CI 99.9%), Margin = 17.741 ns (9.33% of Mean)
Skewness = -0.37, Kurtosis = 0.67, MValue = 2

// ** Remained 17 (60.7%) benchmark(s) to run. Estimated finish 2026-09-07 16:07 (0h 2m from now) **
Setup power plan (GUID: 8c5e7fda-e8bf-4a96-9a85-a6e23a8c635c FriendlyName: High performance)
// **************************
// Benchmark: PartitionedLifetimeBenchmarks.ProcessLifetime: E_PublishedControl(Affinity=00000000000000000100, EnvironmentVariables=DOTNET_TieredCompilation=0,DEKAF_DISPATCH_PROFILE=1,DEKAF_DISPATCH_SAMPLE_DIRECTORY=C:/git/Dekaf-perf-improvements-20260907/pr-3117/profile\latency-samples,DEKAF_DISPATCH_JOB=E_PublishedControl, Arguments=/p:ProductDirectory=C:/git/Dekaf-perf-improvements-20260907/pr-3117/published,/p:UseSharedCompilation=false, IterationCount=3, LaunchCount=1, WarmupCount=3) [Mode=KeyBatchesDistinct]
// *** Execute ***
// Launch: 1 / 1
// Execute: dotnet Dekaf.Benchmarks-C_Published-3.dll --anonymousPipes 1624 2100 --benchmarkName "Dekaf.Benchmarks.PartitionedLifetimeBenchmarks.ProcessLifetime(Mode: KeyBatchesDistinct)" --job E_PublishedControl --benchmarkId 3 in C:\git\Dekaf-perf-improvements-20260907\pr-3117\comparison\bin\Release\net10.0\Dekaf.Benchmarks-C_Published-3\bin\Release\net10.0
// BeforeAnythingElse

// Benchmark Process Environment Information:
// BenchmarkDotNet v0.15.8
// Runtime=.NET 10.0.11 (10.0.11, 10.0.1126.37416), X64 RyuJIT x86-64-v3
// GC=Concurrent Workstation
// HardwareIntrinsics=AVX2+BMI1+BMI2+F16C+FMA+LZCNT+MOVBE,AVX,SSE3+SSSE3+SSE4.1+SSE4.2+POPCNT,X86Base+SSE+SSE2,AES+PCLMUL,AvxVnni,SERIALIZE VectorSize=256
// Job: E_PublishedControl(Affinity=100, IterationCount=3, LaunchCount=1, WarmupCount=3)

OverheadJitting  1: 262144 op, 162700.00 ns, 0.6207 ns/op
WorkloadJitting  1: 262144 op, 47960900.00 ns, 182.9563 ns/op

WorkloadPilot    1: 524288 op, 94383500.00 ns, 180.0222 ns/op
WorkloadPilot    2: 786432 op, 143384900.00 ns, 182.3233 ns/op
WorkloadPilot    3: 1048576 op, 192214200.00 ns, 183.3097 ns/op
WorkloadPilot    4: 1310720 op, 235900400.00 ns, 179.9777 ns/op
WorkloadPilot    5: 1572864 op, 312726100.00 ns, 198.8259 ns/op
WorkloadPilot    6: 1835008 op, 341443800.00 ns, 186.0721 ns/op
WorkloadPilot    7: 2097152 op, 388017700.00 ns, 185.0213 ns/op
WorkloadPilot    8: 2359296 op, 431829200.00 ns, 183.0331 ns/op
WorkloadPilot    9: 2621440 op, 480952400.00 ns, 183.4688 ns/op
WorkloadPilot   10: 2883584 op, 518039900.00 ns, 179.6514 ns/op

WorkloadWarmup   1: 2883584 op, 512213600.00 ns, 177.6309 ns/op
WorkloadWarmup   2: 2883584 op, 513438800.00 ns, 178.0558 ns/op
WorkloadWarmup   3: 2883584 op, 513244300.00 ns, 177.9883 ns/op

// BeforeActualRun
WorkloadActual   1: 2883584 op, 513870300.00 ns, 178.2054 ns/op
WorkloadActual   2: 2883584 op, 514489900.00 ns, 178.4203 ns/op
WorkloadActual   3: 2883584 op, 515951700.00 ns, 178.9272 ns/op

// AfterActualRun
WorkloadResult   1: 2883584 op, 513870300.00 ns, 178.2054 ns/op
WorkloadResult   2: 2883584 op, 514489900.00 ns, 178.4203 ns/op
WorkloadResult   3: 2883584 op, 515951700.00 ns, 178.9272 ns/op
// GC:  0 0 0 531592 2883584
// Threading:  0 0 2883584

STEADY_ALLOCATION mode=KeyBatchesDistinct records=261888 bytes=0
DISPATCH_METRICS {"Mode":"KeyBatchesDistinct","CpuAndThroughputRecords":37486592,"LatencyRecords":262144,"StopwatchFrequency":10000000,"RawLatencyFile":"C:/git/Dekaf-perf-improvements-20260907/pr-3117/profile\\latency-samples\\E_PublishedControl-KeyBatchesDistinct-ticks.bin","CpuNsPerMessage":177.98030293071187,"MessagesPerSecond":5521444.43984405,"P50Ns":22400,"P99Ns":66300,"MaxNs":268600,"SteadyAllocatedBytes":0}
// AfterAll
// Benchmark Process 3744 has exited with code 0.

Mean = 178.518 ns, StdErr = 0.214 ns (0.12%), N = 3, StdDev = 0.371 ns
Min = 178.205 ns, Q1 = 178.313 ns, Median = 178.420 ns, Q3 = 178.674 ns, Max = 178.927 ns
IQR = 0.361 ns, LowerFence = 177.771 ns, UpperFence = 179.215 ns
ConfidenceInterval = [171.756 ns; 185.279 ns] (CI 99.9%), Margin = 6.762 ns (3.79% of Mean)
Skewness = 0.24, Kurtosis = 0.67, MValue = 2

// ** Remained 16 (57.1%) benchmark(s) to run. Estimated finish 2026-09-07 16:07 (0h 1m from now) **
Setup power plan (GUID: 8c5e7fda-e8bf-4a96-9a85-a6e23a8c635c FriendlyName: High performance)
// **************************
// Benchmark: PartitionedLifetimeBenchmarks.ProcessLifetime: F_PredecessorControl(Affinity=00000000000000000100, EnvironmentVariables=DOTNET_TieredCompilation=0,DEKAF_DISPATCH_PROFILE=1,DEKAF_DISPATCH_SAMPLE_DIRECTORY=C:/git/Dekaf-perf-improvements-20260907/pr-3117/profile\latency-samples,DEKAF_DISPATCH_JOB=F_PredecessorControl, Arguments=/p:ProductDirectory=C:/git/Dekaf-perf-improvements-20260907/pr-3117/predecessor,/p:UseSharedCompilation=false, IterationCount=3, LaunchCount=1, WarmupCount=3) [Mode=KeyBatchesDistinct]
// *** Execute ***
// Launch: 1 / 1
// Execute: dotnet Dekaf.Benchmarks-B_Predecessor-2.dll --anonymousPipes 1624 2100 --benchmarkName "Dekaf.Benchmarks.PartitionedLifetimeBenchmarks.ProcessLifetime(Mode: KeyBatchesDistinct)" --job F_PredecessorControl --benchmarkId 3 in C:\git\Dekaf-perf-improvements-20260907\pr-3117\comparison\bin\Release\net10.0\Dekaf.Benchmarks-B_Predecessor-2\bin\Release\net10.0
// BeforeAnythingElse

// Benchmark Process Environment Information:
// BenchmarkDotNet v0.15.8
// Runtime=.NET 10.0.11 (10.0.11, 10.0.1126.37416), X64 RyuJIT x86-64-v3
// GC=Concurrent Workstation
// HardwareIntrinsics=AVX2+BMI1+BMI2+F16C+FMA+LZCNT+MOVBE,AVX,SSE3+SSSE3+SSE4.1+SSE4.2+POPCNT,X86Base+SSE+SSE2,AES+PCLMUL,AvxVnni,SERIALIZE VectorSize=256
// Job: F_PredecessorControl(Affinity=100, IterationCount=3, LaunchCount=1, WarmupCount=3)

OverheadJitting  1: 262144 op, 167300.00 ns, 0.6382 ns/op
WorkloadJitting  1: 262144 op, 61094000.00 ns, 233.0551 ns/op

WorkloadPilot    1: 524288 op, 108677800.00 ns, 207.2865 ns/op
WorkloadPilot    2: 786432 op, 149615400.00 ns, 190.2458 ns/op
WorkloadPilot    3: 1048576 op, 193982800.00 ns, 184.9964 ns/op
WorkloadPilot    4: 1310720 op, 235701600.00 ns, 179.8260 ns/op
WorkloadPilot    5: 1572864 op, 285429200.00 ns, 181.4710 ns/op
WorkloadPilot    6: 1835008 op, 340756900.00 ns, 185.6978 ns/op
WorkloadPilot    7: 2097152 op, 382102700.00 ns, 182.2008 ns/op
WorkloadPilot    8: 2359296 op, 435228400.00 ns, 184.4738 ns/op
WorkloadPilot    9: 2621440 op, 520233500.00 ns, 198.4533 ns/op

WorkloadWarmup   1: 2621440 op, 480855800.00 ns, 183.4319 ns/op
WorkloadWarmup   2: 2621440 op, 483961700.00 ns, 184.6167 ns/op
WorkloadWarmup   3: 2621440 op, 522704600.00 ns, 199.3960 ns/op

// BeforeActualRun
WorkloadActual   1: 2621440 op, 493363300.00 ns, 188.2032 ns/op
WorkloadActual   2: 2621440 op, 483868500.00 ns, 184.5812 ns/op
WorkloadActual   3: 2621440 op, 475544700.00 ns, 181.4059 ns/op

// AfterActualRun
WorkloadResult   1: 2621440 op, 493363300.00 ns, 188.2032 ns/op
WorkloadResult   2: 2621440 op, 483868500.00 ns, 184.5812 ns/op
WorkloadResult   3: 2621440 op, 475544700.00 ns, 181.4059 ns/op
// GC:  0 0 0 483296 2621440
// Threading:  0 0 2621440

STEADY_ALLOCATION mode=KeyBatchesDistinct records=261888 bytes=0
DISPATCH_METRICS {"Mode":"KeyBatchesDistinct","CpuAndThroughputRecords":32768000,"LatencyRecords":262144,"StopwatchFrequency":10000000,"RawLatencyFile":"C:/git/Dekaf-perf-improvements-20260907/pr-3117/profile\\latency-samples\\F_PredecessorControl-KeyBatchesDistinct-ticks.bin","CpuNsPerMessage":178.81393432617188,"MessagesPerSecond":5346833.914917918,"P50Ns":22600,"P99Ns":26900,"MaxNs":78600,"SteadyAllocatedBytes":0}
// AfterAll
// Benchmark Process 96468 has exited with code 0.

Mean = 184.730 ns, StdErr = 1.964 ns (1.06%), N = 3, StdDev = 3.401 ns
Min = 181.406 ns, Q1 = 182.994 ns, Median = 184.581 ns, Q3 = 186.392 ns, Max = 188.203 ns
IQR = 3.399 ns, LowerFence = 177.896 ns, UpperFence = 191.490 ns
ConfidenceInterval = [122.682 ns; 246.778 ns] (CI 99.9%), Margin = 62.048 ns (33.59% of Mean)
Skewness = 0.04, Kurtosis = 0.67, MValue = 2

// ** Remained 15 (53.6%) benchmark(s) to run. Estimated finish 2026-09-07 16:07 (0h 1m from now) **
Setup power plan (GUID: 8c5e7fda-e8bf-4a96-9a85-a6e23a8c635c FriendlyName: High performance)
// **************************
// Benchmark: PartitionedLifetimeBenchmarks.ProcessLifetime: G_AcceptedControl(Affinity=00000000000000000100, EnvironmentVariables=DOTNET_TieredCompilation=0,DEKAF_DISPATCH_PROFILE=1,DEKAF_DISPATCH_SAMPLE_DIRECTORY=C:/git/Dekaf-perf-improvements-20260907/pr-3117/profile\latency-samples,DEKAF_DISPATCH_JOB=G_AcceptedControl, Arguments=/p:ProductDirectory=C:/git/Dekaf-perf-improvements-20260907/pr-3117/accepted,/p:UseSharedCompilation=false, IterationCount=3, LaunchCount=1, WarmupCount=3) [Mode=KeyBatchesDistinct]
// *** Execute ***
// Launch: 1 / 1
// Execute: dotnet Dekaf.Benchmarks-A_Accepted-1.dll --anonymousPipes 1564 1956 --benchmarkName "Dekaf.Benchmarks.PartitionedLifetimeBenchmarks.ProcessLifetime(Mode: KeyBatchesDistinct)" --job G_AcceptedControl --benchmarkId 3 in C:\git\Dekaf-perf-improvements-20260907\pr-3117\comparison\bin\Release\net10.0\Dekaf.Benchmarks-A_Accepted-1\bin\Release\net10.0
// BeforeAnythingElse

// Benchmark Process Environment Information:
// BenchmarkDotNet v0.15.8
// Runtime=.NET 10.0.11 (10.0.11, 10.0.1126.37416), X64 RyuJIT x86-64-v3
// GC=Concurrent Workstation
// HardwareIntrinsics=AVX2+BMI1+BMI2+F16C+FMA+LZCNT+MOVBE,AVX,SSE3+SSSE3+SSE4.1+SSE4.2+POPCNT,X86Base+SSE+SSE2,AES+PCLMUL,AvxVnni,SERIALIZE VectorSize=256
// Job: G_AcceptedControl(Affinity=100, IterationCount=3, LaunchCount=1, WarmupCount=3)

OverheadJitting  1: 262144 op, 158400.00 ns, 0.6042 ns/op
WorkloadJitting  1: 262144 op, 157710300.00 ns, 601.6171 ns/op

WorkloadPilot    1: 524288 op, 310114000.00 ns, 591.4955 ns/op
WorkloadPilot    2: 786432 op, 482050400.00 ns, 612.9588 ns/op
WorkloadPilot    3: 1048576 op, 620837000.00 ns, 592.0763 ns/op

WorkloadWarmup   1: 1048576 op, 626192500.00 ns, 597.1837 ns/op
WorkloadWarmup   2: 1048576 op, 630109500.00 ns, 600.9192 ns/op
WorkloadWarmup   3: 1048576 op, 694731700.00 ns, 662.5478 ns/op

// BeforeActualRun
WorkloadActual   1: 1048576 op, 628527900.00 ns, 599.4109 ns/op
WorkloadActual   2: 1048576 op, 631429800.00 ns, 602.1784 ns/op
WorkloadActual   3: 1048576 op, 631006500.00 ns, 601.7747 ns/op

// AfterActualRun
WorkloadResult   1: 1048576 op, 628527900.00 ns, 599.4109 ns/op
WorkloadResult   2: 1048576 op, 631429800.00 ns, 602.1784 ns/op
WorkloadResult   3: 1048576 op, 631006500.00 ns, 601.7747 ns/op
// GC:  180 1 0 2357302896 1048576
// Threading:  0 0 1048576

STEADY_ALLOCATION mode=KeyBatchesDistinct records=261888 bytes=588724224
DISPATCH_METRICS {"Mode":"KeyBatchesDistinct","CpuAndThroughputRecords":9961472,"LatencyRecords":262144,"StopwatchFrequency":10000000,"RawLatencyFile":"C:/git/Dekaf-perf-improvements-20260907/pr-3117/profile\\latency-samples\\G_AcceptedControl-KeyBatchesDistinct-ticks.bin","CpuNsPerMessage":586.6351880525287,"MessagesPerSecond":1626031.6756398599,"P50Ns":71600,"P99Ns":146800,"MaxNs":338600,"SteadyAllocatedBytes":588724224}
// AfterAll
// Benchmark Process 43176 has exited with code 0.

Mean = 601.121 ns, StdErr = 0.863 ns (0.14%), N = 3, StdDev = 1.495 ns
Min = 599.411 ns, Q1 = 600.593 ns, Median = 601.775 ns, Q3 = 601.977 ns, Max = 602.178 ns
IQR = 1.384 ns, LowerFence = 598.517 ns, UpperFence = 604.052 ns
ConfidenceInterval = [573.848 ns; 628.395 ns] (CI 99.9%), Margin = 27.273 ns (4.54% of Mean)
Skewness = -0.35, Kurtosis = 0.67, MValue = 2

// ** Remained 14 (50.0%) benchmark(s) to run. Estimated finish 2026-09-07 16:07 (0h 1m from now) **
Setup power plan (GUID: 8c5e7fda-e8bf-4a96-9a85-a6e23a8c635c FriendlyName: High performance)
// **************************
// Benchmark: PartitionedLifetimeBenchmarks.ProcessLifetime: A_Accepted(Affinity=00000000000000000100, EnvironmentVariables=DOTNET_TieredCompilation=0,DEKAF_DISPATCH_PROFILE=1,DEKAF_DISPATCH_SAMPLE_DIRECTORY=C:/git/Dekaf-perf-improvements-20260907/pr-3117/profile\latency-samples,DEKAF_DISPATCH_JOB=A_Accepted, Arguments=/p:ProductDirectory=C:/git/Dekaf-perf-improvements-20260907/pr-3117/accepted,/p:UseSharedCompilation=false, IterationCount=3, LaunchCount=1, WarmupCount=3) [Mode=KeyRecordsPaired]
// *** Execute ***
// Launch: 1 / 1
// Execute: dotnet Dekaf.Benchmarks-A_Accepted-1.dll --anonymousPipes 1936 1676 --benchmarkName "Dekaf.Benchmarks.PartitionedLifetimeBenchmarks.ProcessLifetime(Mode: KeyRecordsPaired)" --job A_Accepted --benchmarkId 4 in C:\git\Dekaf-perf-improvements-20260907\pr-3117\comparison\bin\Release\net10.0\Dekaf.Benchmarks-A_Accepted-1\bin\Release\net10.0
// BeforeAnythingElse

// Benchmark Process Environment Information:
// BenchmarkDotNet v0.15.8
// Runtime=.NET 10.0.11 (10.0.11, 10.0.1126.37416), X64 RyuJIT x86-64-v3
// GC=Concurrent Workstation
// HardwareIntrinsics=AVX2+BMI1+BMI2+F16C+FMA+LZCNT+MOVBE,AVX,SSE3+SSSE3+SSE4.1+SSE4.2+POPCNT,X86Base+SSE+SSE2,AES+PCLMUL,AvxVnni,SERIALIZE VectorSize=256
// Job: A_Accepted(Affinity=100, IterationCount=3, LaunchCount=1, WarmupCount=3)

OverheadJitting  1: 262144 op, 153700.00 ns, 0.5863 ns/op
WorkloadJitting  1: 262144 op, 189246000.00 ns, 721.9162 ns/op

WorkloadPilot    1: 524288 op, 415284900.00 ns, 792.0931 ns/op
WorkloadPilot    2: 786432 op, 589289600.00 ns, 749.3205 ns/op

WorkloadWarmup   1: 786432 op, 574008400.00 ns, 729.8894 ns/op
WorkloadWarmup   2: 786432 op, 590469800.00 ns, 750.8212 ns/op
WorkloadWarmup   3: 786432 op, 579134200.00 ns, 736.4072 ns/op

// BeforeActualRun
WorkloadActual   1: 786432 op, 562665900.00 ns, 715.4667 ns/op
WorkloadActual   2: 786432 op, 561867700.00 ns, 714.4517 ns/op
WorkloadActual   3: 786432 op, 563454600.00 ns, 716.4696 ns/op

// AfterActualRun
WorkloadResult   1: 786432 op, 562665900.00 ns, 715.4667 ns/op
WorkloadResult   2: 786432 op, 561867700.00 ns, 714.4517 ns/op
WorkloadResult   3: 786432 op, 563454600.00 ns, 716.4696 ns/op
// GC:  70 0 0 915484968 786432
// Threading:  0 0 786432

STEADY_ALLOCATION mode=KeyRecordsPaired records=261888 bytes=304837632
DISPATCH_METRICS {"Mode":"KeyRecordsPaired","CpuAndThroughputRecords":7077888,"LatencyRecords":262144,"StopwatchFrequency":10000000,"RawLatencyFile":"C:/git/Dekaf-perf-improvements-20260907/pr-3117/profile\\latency-samples\\A_Accepted-KeyRecordsPaired-ticks.bin","CpuNsPerMessage":710.8405784324364,"MessagesPerSecond":1364749.6027596067,"P50Ns":86900,"P99Ns":173200,"MaxNs":647000,"SteadyAllocatedBytes":304837632}
// AfterAll
// Benchmark Process 65840 has exited with code 0.

Mean = 715.463 ns, StdErr = 0.583 ns (0.08%), N = 3, StdDev = 1.009 ns
Min = 714.452 ns, Q1 = 714.959 ns, Median = 715.467 ns, Q3 = 715.968 ns, Max = 716.470 ns
IQR = 1.009 ns, LowerFence = 713.446 ns, UpperFence = 717.482 ns
ConfidenceInterval = [697.056 ns; 733.869 ns] (CI 99.9%), Margin = 18.407 ns (2.57% of Mean)
Skewness = -0, Kurtosis = 0.67, MValue = 2

// ** Remained 13 (46.4%) benchmark(s) to run. Estimated finish 2026-09-07 16:07 (0h 1m from now) **
Setup power plan (GUID: 8c5e7fda-e8bf-4a96-9a85-a6e23a8c635c FriendlyName: High performance)
// **************************
// Benchmark: PartitionedLifetimeBenchmarks.ProcessLifetime: B_Predecessor(Affinity=00000000000000000100, EnvironmentVariables=DOTNET_TieredCompilation=0,DEKAF_DISPATCH_PROFILE=1,DEKAF_DISPATCH_SAMPLE_DIRECTORY=C:/git/Dekaf-perf-improvements-20260907/pr-3117/profile\latency-samples,DEKAF_DISPATCH_JOB=B_Predecessor, Arguments=/p:ProductDirectory=C:/git/Dekaf-perf-improvements-20260907/pr-3117/predecessor,/p:UseSharedCompilation=false, IterationCount=3, LaunchCount=1, WarmupCount=3) [Mode=KeyRecordsPaired]
// *** Execute ***
// Launch: 1 / 1
// Execute: dotnet Dekaf.Benchmarks-B_Predecessor-2.dll --anonymousPipes 1624 2100 --benchmarkName "Dekaf.Benchmarks.PartitionedLifetimeBenchmarks.ProcessLifetime(Mode: KeyRecordsPaired)" --job B_Predecessor --benchmarkId 4 in C:\git\Dekaf-perf-improvements-20260907\pr-3117\comparison\bin\Release\net10.0\Dekaf.Benchmarks-B_Predecessor-2\bin\Release\net10.0
// BeforeAnythingElse

// Benchmark Process Environment Information:
// BenchmarkDotNet v0.15.8
// Runtime=.NET 10.0.11 (10.0.11, 10.0.1126.37416), X64 RyuJIT x86-64-v3
// GC=Concurrent Workstation
// HardwareIntrinsics=AVX2+BMI1+BMI2+F16C+FMA+LZCNT+MOVBE,AVX,SSE3+SSSE3+SSE4.1+SSE4.2+POPCNT,X86Base+SSE+SSE2,AES+PCLMUL,AvxVnni,SERIALIZE VectorSize=256
// Job: B_Predecessor(Affinity=100, IterationCount=3, LaunchCount=1, WarmupCount=3)

OverheadJitting  1: 262144 op, 166400.00 ns, 0.6348 ns/op
WorkloadJitting  1: 262144 op, 52375400.00 ns, 199.7963 ns/op

WorkloadPilot    1: 524288 op, 98474300.00 ns, 187.8248 ns/op
WorkloadPilot    2: 786432 op, 149871000.00 ns, 190.5708 ns/op
WorkloadPilot    3: 1048576 op, 199298300.00 ns, 190.0657 ns/op
WorkloadPilot    4: 1310720 op, 250585700.00 ns, 191.1817 ns/op
WorkloadPilot    5: 1572864 op, 307859400.00 ns, 195.7317 ns/op
WorkloadPilot    6: 1835008 op, 390709600.00 ns, 212.9198 ns/op
WorkloadPilot    7: 2097152 op, 393226400.00 ns, 187.5050 ns/op
WorkloadPilot    8: 2359296 op, 453865300.00 ns, 192.3732 ns/op
WorkloadPilot    9: 2621440 op, 493046600.00 ns, 188.0824 ns/op
WorkloadPilot   10: 2883584 op, 585912200.00 ns, 203.1889 ns/op

WorkloadWarmup   1: 2883584 op, 562647100.00 ns, 195.1208 ns/op
WorkloadWarmup   2: 2883584 op, 548335000.00 ns, 190.1575 ns/op
WorkloadWarmup   3: 2883584 op, 599839100.00 ns, 208.0186 ns/op

// BeforeActualRun
WorkloadActual   1: 2883584 op, 556494500.00 ns, 192.9871 ns/op
WorkloadActual   2: 2883584 op, 562688900.00 ns, 195.1353 ns/op
WorkloadActual   3: 2883584 op, 567904700.00 ns, 196.9440 ns/op

// AfterActualRun
WorkloadResult   1: 2883584 op, 556494500.00 ns, 192.9871 ns/op
WorkloadResult   2: 2883584 op, 562688900.00 ns, 195.1353 ns/op
WorkloadResult   3: 2883584 op, 567904700.00 ns, 196.9440 ns/op
// GC:  0 0 0 520504 2883584
// Threading:  0 0 2883584

STEADY_ALLOCATION mode=KeyRecordsPaired records=261888 bytes=0
DISPATCH_METRICS {"Mode":"KeyRecordsPaired","CpuAndThroughputRecords":37486592,"LatencyRecords":262144,"StopwatchFrequency":10000000,"RawLatencyFile":"C:/git/Dekaf-perf-improvements-20260907/pr-3117/profile\\latency-samples\\B_Predecessor-KeyRecordsPaired-ticks.bin","CpuNsPerMessage":187.15024828077196,"MessagesPerSecond":5093282.250771834,"P50Ns":24300,"P99Ns":66900,"MaxNs":1177300,"SteadyAllocatedBytes":0}
// AfterAll
// Benchmark Process 104060 has exited with code 0.

Mean = 195.022 ns, StdErr = 1.144 ns (0.59%), N = 3, StdDev = 1.981 ns
Min = 192.987 ns, Q1 = 194.061 ns, Median = 195.135 ns, Q3 = 196.040 ns, Max = 196.944 ns
IQR = 1.978 ns, LowerFence = 191.093 ns, UpperFence = 199.007 ns
ConfidenceInterval = [158.883 ns; 231.161 ns] (CI 99.9%), Margin = 36.139 ns (18.53% of Mean)
Skewness = -0.06, Kurtosis = 0.67, MValue = 2

// ** Remained 12 (42.9%) benchmark(s) to run. Estimated finish 2026-09-07 16:07 (0h 1m from now) **
Setup power plan (GUID: 8c5e7fda-e8bf-4a96-9a85-a6e23a8c635c FriendlyName: High performance)
// **************************
// Benchmark: PartitionedLifetimeBenchmarks.ProcessLifetime: C_Published(Affinity=00000000000000000100, EnvironmentVariables=DOTNET_TieredCompilation=0,DEKAF_DISPATCH_PROFILE=1,DEKAF_DISPATCH_SAMPLE_DIRECTORY=C:/git/Dekaf-perf-improvements-20260907/pr-3117/profile\latency-samples,DEKAF_DISPATCH_JOB=C_Published, Arguments=/p:ProductDirectory=C:/git/Dekaf-perf-improvements-20260907/pr-3117/published,/p:UseSharedCompilation=false, IterationCount=3, LaunchCount=1, WarmupCount=3) [Mode=KeyRecordsPaired]
// *** Execute ***
// Launch: 1 / 1
// Execute: dotnet Dekaf.Benchmarks-C_Published-3.dll --anonymousPipes 1956 1760 --benchmarkName "Dekaf.Benchmarks.PartitionedLifetimeBenchmarks.ProcessLifetime(Mode: KeyRecordsPaired)" --job C_Published --benchmarkId 4 in C:\git\Dekaf-perf-improvements-20260907\pr-3117\comparison\bin\Release\net10.0\Dekaf.Benchmarks-C_Published-3\bin\Release\net10.0
// BeforeAnythingElse

// Benchmark Process Environment Information:
// BenchmarkDotNet v0.15.8
// Runtime=.NET 10.0.11 (10.0.11, 10.0.1126.37416), X64 RyuJIT x86-64-v3
// GC=Concurrent Workstation
// HardwareIntrinsics=AVX2+BMI1+BMI2+F16C+FMA+LZCNT+MOVBE,AVX,SSE3+SSSE3+SSE4.1+SSE4.2+POPCNT,X86Base+SSE+SSE2,AES+PCLMUL,AvxVnni,SERIALIZE VectorSize=256
// Job: C_Published(Affinity=100, IterationCount=3, LaunchCount=1, WarmupCount=3)

OverheadJitting  1: 262144 op, 161100.00 ns, 0.6145 ns/op
WorkloadJitting  1: 262144 op, 50227400.00 ns, 191.6023 ns/op

WorkloadPilot    1: 524288 op, 100852600.00 ns, 192.3611 ns/op
WorkloadPilot    2: 786432 op, 150961900.00 ns, 191.9580 ns/op
WorkloadPilot    3: 1048576 op, 200613900.00 ns, 191.3203 ns/op
WorkloadPilot    4: 1310720 op, 254294800.00 ns, 194.0115 ns/op
WorkloadPilot    5: 1572864 op, 300284400.00 ns, 190.9157 ns/op
WorkloadPilot    6: 1835008 op, 353885000.00 ns, 192.8520 ns/op
WorkloadPilot    7: 2097152 op, 400409200.00 ns, 190.9300 ns/op
WorkloadPilot    8: 2359296 op, 451661100.00 ns, 191.4389 ns/op
WorkloadPilot    9: 2621440 op, 499487200.00 ns, 190.5392 ns/op
WorkloadPilot   10: 2883584 op, 563084200.00 ns, 195.2723 ns/op

WorkloadWarmup   1: 2883584 op, 578510400.00 ns, 200.6220 ns/op
WorkloadWarmup   2: 2883584 op, 546753800.00 ns, 189.6091 ns/op
WorkloadWarmup   3: 2883584 op, 556577500.00 ns, 193.0159 ns/op

// BeforeActualRun
WorkloadActual   1: 2883584 op, 576809400.00 ns, 200.0321 ns/op
WorkloadActual   2: 2883584 op, 557361100.00 ns, 193.2876 ns/op
WorkloadActual   3: 2883584 op, 557666800.00 ns, 193.3936 ns/op

// AfterActualRun
WorkloadResult   1: 2883584 op, 576809400.00 ns, 200.0321 ns/op
WorkloadResult   2: 2883584 op, 557361100.00 ns, 193.2876 ns/op
WorkloadResult   3: 2883584 op, 557666800.00 ns, 193.3936 ns/op
// GC:  0 0 0 520504 2883584
// Threading:  0 0 2883584

STEADY_ALLOCATION mode=KeyRecordsPaired records=261888 bytes=0
DISPATCH_METRICS {"Mode":"KeyRecordsPaired","CpuAndThroughputRecords":37486592,"LatencyRecords":262144,"StopwatchFrequency":10000000,"RawLatencyFile":"C:/git/Dekaf-perf-improvements-20260907/pr-3117/profile\\latency-samples\\C_Published-KeyRecordsPaired-ticks.bin","CpuNsPerMessage":187.15024828077196,"MessagesPerSecond":5149538.5990945855,"P50Ns":23500,"P99Ns":62600,"MaxNs":270800,"SteadyAllocatedBytes":0}
// AfterAll
// Benchmark Process 41156 has exited with code 0.

Mean = 195.571 ns, StdErr = 2.231 ns (1.14%), N = 3, StdDev = 3.864 ns
Min = 193.288 ns, Q1 = 193.341 ns, Median = 193.394 ns, Q3 = 196.713 ns, Max = 200.032 ns
IQR = 3.372 ns, LowerFence = 188.282 ns, UpperFence = 201.771 ns
ConfidenceInterval = [125.083 ns; 266.059 ns] (CI 99.9%), Margin = 70.488 ns (36.04% of Mean)
Skewness = 0.38, Kurtosis = 0.67, MValue = 2

// ** Remained 11 (39.3%) benchmark(s) to run. Estimated finish 2026-09-07 16:07 (0h 1m from now) **
Setup power plan (GUID: 8c5e7fda-e8bf-4a96-9a85-a6e23a8c635c FriendlyName: High performance)
// **************************
// Benchmark: PartitionedLifetimeBenchmarks.ProcessLifetime: D_Candidate(Affinity=00000000000000000100, EnvironmentVariables=DOTNET_TieredCompilation=0,DEKAF_DISPATCH_PROFILE=1,DEKAF_DISPATCH_SAMPLE_DIRECTORY=C:/git/Dekaf-perf-improvements-20260907/pr-3117/profile\latency-samples,DEKAF_DISPATCH_JOB=D_Candidate, Arguments=/p:ProductDirectory=C:/git/Dekaf-perf-improvements-20260907/pr-3117/candidate,/p:UseSharedCompilation=false, IterationCount=3, LaunchCount=1, WarmupCount=3) [Mode=KeyRecordsPaired]
// *** Execute ***
// Launch: 1 / 1
// Execute: dotnet Dekaf.Benchmarks-D_Candidate-4.dll --anonymousPipes 2224 1716 --benchmarkName "Dekaf.Benchmarks.PartitionedLifetimeBenchmarks.ProcessLifetime(Mode: KeyRecordsPaired)" --job D_Candidate --benchmarkId 2 in C:\git\Dekaf-perf-improvements-20260907\pr-3117\comparison\bin\Release\net10.0\Dekaf.Benchmarks-D_Candidate-4\bin\Release\net10.0
// BeforeAnythingElse

// Benchmark Process Environment Information:
// BenchmarkDotNet v0.15.8
// Runtime=.NET 10.0.11 (10.0.11, 10.0.1126.37416), X64 RyuJIT x86-64-v3
// GC=Concurrent Workstation
// HardwareIntrinsics=AVX2+BMI1+BMI2+F16C+FMA+LZCNT+MOVBE,AVX,SSE3+SSSE3+SSE4.1+SSE4.2+POPCNT,X86Base+SSE+SSE2,AES+PCLMUL,AvxVnni,SERIALIZE VectorSize=256
// Job: D_Candidate(Affinity=100, IterationCount=3, LaunchCount=1, WarmupCount=3)

OverheadJitting  1: 262144 op, 184200.00 ns, 0.7027 ns/op
WorkloadJitting  1: 262144 op, 50556300.00 ns, 192.8570 ns/op

WorkloadPilot    1: 524288 op, 101962300.00 ns, 194.4777 ns/op
WorkloadPilot    2: 786432 op, 156652600.00 ns, 199.1941 ns/op
WorkloadPilot    3: 1048576 op, 211702700.00 ns, 201.8954 ns/op
WorkloadPilot    4: 1310720 op, 257005400.00 ns, 196.0796 ns/op
WorkloadPilot    5: 1572864 op, 314372700.00 ns, 199.8728 ns/op
WorkloadPilot    6: 1835008 op, 357169600.00 ns, 194.6420 ns/op
WorkloadPilot    7: 2097152 op, 412191400.00 ns, 196.5482 ns/op
WorkloadPilot    8: 2359296 op, 461411700.00 ns, 195.5718 ns/op
WorkloadPilot    9: 2621440 op, 512492800.00 ns, 195.5005 ns/op

WorkloadWarmup   1: 2621440 op, 510460000.00 ns, 194.7250 ns/op
WorkloadWarmup   2: 2621440 op, 512795100.00 ns, 195.6158 ns/op
WorkloadWarmup   3: 2621440 op, 507175400.00 ns, 193.4721 ns/op

// BeforeActualRun
WorkloadActual   1: 2621440 op, 507404400.00 ns, 193.5594 ns/op
WorkloadActual   2: 2621440 op, 515721000.00 ns, 196.7319 ns/op
WorkloadActual   3: 2621440 op, 554500800.00 ns, 211.5253 ns/op

// AfterActualRun
WorkloadResult   1: 2621440 op, 507404400.00 ns, 193.5594 ns/op
WorkloadResult   2: 2621440 op, 515721000.00 ns, 196.7319 ns/op
WorkloadResult   3: 2621440 op, 554500800.00 ns, 211.5253 ns/op
// GC:  0 0 0 473216 2621440
// Threading:  0 0 2621440

STEADY_ALLOCATION mode=KeyRecordsPaired records=261888 bytes=0
DISPATCH_METRICS {"Mode":"KeyRecordsPaired","CpuAndThroughputRecords":32768000,"LatencyRecords":262144,"StopwatchFrequency":10000000,"RawLatencyFile":"C:/git/Dekaf-perf-improvements-20260907/pr-3117/profile\\latency-samples\\D_Candidate-KeyRecordsPaired-ticks.bin","CpuNsPerMessage":184.05914306640625,"MessagesPerSecond":5087607.204926235,"P50Ns":23300,"P99Ns":44300,"MaxNs":134100,"SteadyAllocatedBytes":0}
// AfterAll
// Benchmark Process 113548 has exited with code 0.

Mean = 200.606 ns, StdErr = 5.536 ns (2.76%), N = 3, StdDev = 9.589 ns
Min = 193.559 ns, Q1 = 195.146 ns, Median = 196.732 ns, Q3 = 204.129 ns, Max = 211.525 ns
IQR = 8.983 ns, LowerFence = 181.671 ns, UpperFence = 217.603 ns
ConfidenceInterval = [25.669 ns; 375.542 ns] (CI 99.9%), Margin = 174.937 ns (87.20% of Mean)
Skewness = 0.34, Kurtosis = 0.67, MValue = 2

// ** Remained 10 (35.7%) benchmark(s) to run. Estimated finish 2026-09-07 16:07 (0h 1m from now) **
Setup power plan (GUID: 8c5e7fda-e8bf-4a96-9a85-a6e23a8c635c FriendlyName: High performance)
// **************************
// Benchmark: PartitionedLifetimeBenchmarks.ProcessLifetime: E_PublishedControl(Affinity=00000000000000000100, EnvironmentVariables=DOTNET_TieredCompilation=0,DEKAF_DISPATCH_PROFILE=1,DEKAF_DISPATCH_SAMPLE_DIRECTORY=C:/git/Dekaf-perf-improvements-20260907/pr-3117/profile\latency-samples,DEKAF_DISPATCH_JOB=E_PublishedControl, Arguments=/p:ProductDirectory=C:/git/Dekaf-perf-improvements-20260907/pr-3117/published,/p:UseSharedCompilation=false, IterationCount=3, LaunchCount=1, WarmupCount=3) [Mode=KeyRecordsPaired]
// *** Execute ***
// Launch: 1 / 1
// Execute: dotnet Dekaf.Benchmarks-C_Published-3.dll --anonymousPipes 1904 1656 --benchmarkName "Dekaf.Benchmarks.PartitionedLifetimeBenchmarks.ProcessLifetime(Mode: KeyRecordsPaired)" --job E_PublishedControl --benchmarkId 5 in C:\git\Dekaf-perf-improvements-20260907\pr-3117\comparison\bin\Release\net10.0\Dekaf.Benchmarks-C_Published-3\bin\Release\net10.0
// BeforeAnythingElse

// Benchmark Process Environment Information:
// BenchmarkDotNet v0.15.8
// Runtime=.NET 10.0.11 (10.0.11, 10.0.1126.37416), X64 RyuJIT x86-64-v3
// GC=Concurrent Workstation
// HardwareIntrinsics=AVX2+BMI1+BMI2+F16C+FMA+LZCNT+MOVBE,AVX,SSE3+SSSE3+SSE4.1+SSE4.2+POPCNT,X86Base+SSE+SSE2,AES+PCLMUL,AvxVnni,SERIALIZE VectorSize=256
// Job: E_PublishedControl(Affinity=100, IterationCount=3, LaunchCount=1, WarmupCount=3)

OverheadJitting  1: 262144 op, 162800.00 ns, 0.6210 ns/op
WorkloadJitting  1: 262144 op, 52469300.00 ns, 200.1545 ns/op

WorkloadPilot    1: 524288 op, 104678600.00 ns, 199.6586 ns/op
WorkloadPilot    2: 786432 op, 154741500.00 ns, 196.7640 ns/op
WorkloadPilot    3: 1048576 op, 207357800.00 ns, 197.7518 ns/op
WorkloadPilot    4: 1310720 op, 255892700.00 ns, 195.2306 ns/op
WorkloadPilot    5: 1572864 op, 339205400.00 ns, 215.6610 ns/op
WorkloadPilot    6: 1835008 op, 358075500.00 ns, 195.1357 ns/op
WorkloadPilot    7: 2097152 op, 411955200.00 ns, 196.4355 ns/op
WorkloadPilot    8: 2359296 op, 465408500.00 ns, 197.2658 ns/op
WorkloadPilot    9: 2621440 op, 564707200.00 ns, 215.4187 ns/op

WorkloadWarmup   1: 2621440 op, 519913100.00 ns, 198.3311 ns/op
WorkloadWarmup   2: 2621440 op, 529770500.00 ns, 202.0914 ns/op
WorkloadWarmup   3: 2621440 op, 515711400.00 ns, 196.7283 ns/op

// BeforeActualRun
WorkloadActual   1: 2621440 op, 517071100.00 ns, 197.2470 ns/op
WorkloadActual   2: 2621440 op, 514882900.00 ns, 196.4122 ns/op
WorkloadActual   3: 2621440 op, 518110400.00 ns, 197.6434 ns/op

// AfterActualRun
WorkloadResult   1: 2621440 op, 517071100.00 ns, 197.2470 ns/op
WorkloadResult   2: 2621440 op, 514882900.00 ns, 196.4122 ns/op
WorkloadResult   3: 2621440 op, 518110400.00 ns, 197.6434 ns/op
// GC:  0 0 0 473216 2621440
// Threading:  0 0 2621440

STEADY_ALLOCATION mode=KeyRecordsPaired records=261888 bytes=0
DISPATCH_METRICS {"Mode":"KeyRecordsPaired","CpuAndThroughputRecords":32768000,"LatencyRecords":262144,"StopwatchFrequency":10000000,"RawLatencyFile":"C:/git/Dekaf-perf-improvements-20260907/pr-3117/profile\\latency-samples\\E_PublishedControl-KeyRecordsPaired-ticks.bin","CpuNsPerMessage":193.11904907226562,"MessagesPerSecond":5016888.363792262,"P50Ns":23400,"P99Ns":68300,"MaxNs":558700,"SteadyAllocatedBytes":0}
// AfterAll
// Benchmark Process 76140 has exited with code 0.

Mean = 197.101 ns, StdErr = 0.363 ns (0.18%), N = 3, StdDev = 0.628 ns
Min = 196.412 ns, Q1 = 196.830 ns, Median = 197.247 ns, Q3 = 197.445 ns, Max = 197.643 ns
IQR = 0.616 ns, LowerFence = 195.906 ns, UpperFence = 198.369 ns
ConfidenceInterval = [185.635 ns; 208.566 ns] (CI 99.9%), Margin = 11.466 ns (5.82% of Mean)
Skewness = -0.22, Kurtosis = 0.67, MValue = 2

// ** Remained 9 (32.1%) benchmark(s) to run. Estimated finish 2026-09-07 16:07 (0h 1m from now) **
Setup power plan (GUID: 8c5e7fda-e8bf-4a96-9a85-a6e23a8c635c FriendlyName: High performance)
// **************************
// Benchmark: PartitionedLifetimeBenchmarks.ProcessLifetime: F_PredecessorControl(Affinity=00000000000000000100, EnvironmentVariables=DOTNET_TieredCompilation=0,DEKAF_DISPATCH_PROFILE=1,DEKAF_DISPATCH_SAMPLE_DIRECTORY=C:/git/Dekaf-perf-improvements-20260907/pr-3117/profile\latency-samples,DEKAF_DISPATCH_JOB=F_PredecessorControl, Arguments=/p:ProductDirectory=C:/git/Dekaf-perf-improvements-20260907/pr-3117/predecessor,/p:UseSharedCompilation=false, IterationCount=3, LaunchCount=1, WarmupCount=3) [Mode=KeyRecordsPaired]
// *** Execute ***
// Launch: 1 / 1
// Execute: dotnet Dekaf.Benchmarks-B_Predecessor-2.dll --anonymousPipes 2128 1956 --benchmarkName "Dekaf.Benchmarks.PartitionedLifetimeBenchmarks.ProcessLifetime(Mode: KeyRecordsPaired)" --job F_PredecessorControl --benchmarkId 5 in C:\git\Dekaf-perf-improvements-20260907\pr-3117\comparison\bin\Release\net10.0\Dekaf.Benchmarks-B_Predecessor-2\bin\Release\net10.0
// BeforeAnythingElse

// Benchmark Process Environment Information:
// BenchmarkDotNet v0.15.8
// Runtime=.NET 10.0.11 (10.0.11, 10.0.1126.37416), X64 RyuJIT x86-64-v3
// GC=Concurrent Workstation
// HardwareIntrinsics=AVX2+BMI1+BMI2+F16C+FMA+LZCNT+MOVBE,AVX,SSE3+SSSE3+SSE4.1+SSE4.2+POPCNT,X86Base+SSE+SSE2,AES+PCLMUL,AvxVnni,SERIALIZE VectorSize=256
// Job: F_PredecessorControl(Affinity=100, IterationCount=3, LaunchCount=1, WarmupCount=3)

OverheadJitting  1: 262144 op, 161200.00 ns, 0.6149 ns/op
WorkloadJitting  1: 262144 op, 50943700.00 ns, 194.3348 ns/op

WorkloadPilot    1: 524288 op, 101494100.00 ns, 193.5846 ns/op
WorkloadPilot    2: 786432 op, 150255400.00 ns, 191.0596 ns/op
WorkloadPilot    3: 1048576 op, 200598200.00 ns, 191.3054 ns/op
WorkloadPilot    4: 1310720 op, 250640400.00 ns, 191.2234 ns/op
WorkloadPilot    5: 1572864 op, 302192500.00 ns, 192.1288 ns/op
WorkloadPilot    6: 1835008 op, 354070600.00 ns, 192.9532 ns/op
WorkloadPilot    7: 2097152 op, 431688800.00 ns, 205.8453 ns/op
WorkloadPilot    8: 2359296 op, 472404000.00 ns, 200.2309 ns/op
WorkloadPilot    9: 2621440 op, 508305300.00 ns, 193.9031 ns/op

WorkloadWarmup   1: 2621440 op, 512819800.00 ns, 195.6252 ns/op
WorkloadWarmup   2: 2621440 op, 509772800.00 ns, 194.4629 ns/op
WorkloadWarmup   3: 2621440 op, 535526600.00 ns, 204.2872 ns/op

// BeforeActualRun
WorkloadActual   1: 2621440 op, 501075000.00 ns, 191.1449 ns/op
WorkloadActual   2: 2621440 op, 518072200.00 ns, 197.6289 ns/op
WorkloadActual   3: 2621440 op, 541879600.00 ns, 206.7107 ns/op

// AfterActualRun
WorkloadResult   1: 2621440 op, 501075000.00 ns, 191.1449 ns/op
WorkloadResult   2: 2621440 op, 518072200.00 ns, 197.6289 ns/op
WorkloadResult   3: 2621440 op, 541879600.00 ns, 206.7107 ns/op
// GC:  0 0 0 473216 2621440
// Threading:  0 0 2621440

STEADY_ALLOCATION mode=KeyRecordsPaired records=261888 bytes=0
DISPATCH_METRICS {"Mode":"KeyRecordsPaired","CpuAndThroughputRecords":32768000,"LatencyRecords":262144,"StopwatchFrequency":10000000,"RawLatencyFile":"C:/git/Dekaf-perf-improvements-20260907/pr-3117/profile\\latency-samples\\F_PredecessorControl-KeyRecordsPaired-ticks.bin","CpuNsPerMessage":186.44332885742188,"MessagesPerSecond":5077148.470258792,"P50Ns":24100,"P99Ns":53600,"MaxNs":172100,"SteadyAllocatedBytes":0}
// AfterAll
// Benchmark Process 114500 has exited with code 0.

Mean = 198.495 ns, StdErr = 4.514 ns (2.27%), N = 3, StdDev = 7.819 ns
Min = 191.145 ns, Q1 = 194.387 ns, Median = 197.629 ns, Q3 = 202.170 ns, Max = 206.711 ns
IQR = 7.783 ns, LowerFence = 182.713 ns, UpperFence = 213.844 ns
ConfidenceInterval = [55.849 ns; 341.141 ns] (CI 99.9%), Margin = 142.646 ns (71.86% of Mean)
Skewness = 0.11, Kurtosis = 0.67, MValue = 2

// ** Remained 8 (28.6%) benchmark(s) to run. Estimated finish 2026-09-07 16:07 (0h 0m from now) **
Setup power plan (GUID: 8c5e7fda-e8bf-4a96-9a85-a6e23a8c635c FriendlyName: High performance)
// **************************
// Benchmark: PartitionedLifetimeBenchmarks.ProcessLifetime: G_AcceptedControl(Affinity=00000000000000000100, EnvironmentVariables=DOTNET_TieredCompilation=0,DEKAF_DISPATCH_PROFILE=1,DEKAF_DISPATCH_SAMPLE_DIRECTORY=C:/git/Dekaf-perf-improvements-20260907/pr-3117/profile\latency-samples,DEKAF_DISPATCH_JOB=G_AcceptedControl, Arguments=/p:ProductDirectory=C:/git/Dekaf-perf-improvements-20260907/pr-3117/accepted,/p:UseSharedCompilation=false, IterationCount=3, LaunchCount=1, WarmupCount=3) [Mode=KeyRecordsPaired]
// *** Execute ***
// Launch: 1 / 1
// Execute: dotnet Dekaf.Benchmarks-A_Accepted-1.dll --anonymousPipes 2088 1752 --benchmarkName "Dekaf.Benchmarks.PartitionedLifetimeBenchmarks.ProcessLifetime(Mode: KeyRecordsPaired)" --job G_AcceptedControl --benchmarkId 5 in C:\git\Dekaf-perf-improvements-20260907\pr-3117\comparison\bin\Release\net10.0\Dekaf.Benchmarks-A_Accepted-1\bin\Release\net10.0
// BeforeAnythingElse

// Benchmark Process Environment Information:
// BenchmarkDotNet v0.15.8
// Runtime=.NET 10.0.11 (10.0.11, 10.0.1126.37416), X64 RyuJIT x86-64-v3
// GC=Concurrent Workstation
// HardwareIntrinsics=AVX2+BMI1+BMI2+F16C+FMA+LZCNT+MOVBE,AVX,SSE3+SSSE3+SSE4.1+SSE4.2+POPCNT,X86Base+SSE+SSE2,AES+PCLMUL,AvxVnni,SERIALIZE VectorSize=256
// Job: G_AcceptedControl(Affinity=100, IterationCount=3, LaunchCount=1, WarmupCount=3)

OverheadJitting  1: 262144 op, 155800.00 ns, 0.5943 ns/op
WorkloadJitting  1: 262144 op, 192800900.00 ns, 735.4771 ns/op

WorkloadPilot    1: 524288 op, 373771000.00 ns, 712.9116 ns/op
WorkloadPilot    2: 786432 op, 567826500.00 ns, 722.0287 ns/op

WorkloadWarmup   1: 786432 op, 548970100.00 ns, 698.0516 ns/op
WorkloadWarmup   2: 786432 op, 561641000.00 ns, 714.1635 ns/op
WorkloadWarmup   3: 786432 op, 549928100.00 ns, 699.2697 ns/op

// BeforeActualRun
WorkloadActual   1: 786432 op, 557934400.00 ns, 709.4503 ns/op
WorkloadActual   2: 786432 op, 562449500.00 ns, 715.1915 ns/op
WorkloadActual   3: 786432 op, 556452700.00 ns, 707.5662 ns/op

// AfterActualRun
WorkloadResult   1: 786432 op, 557934400.00 ns, 709.4503 ns/op
WorkloadResult   2: 786432 op, 562449500.00 ns, 715.1915 ns/op
WorkloadResult   3: 786432 op, 556452700.00 ns, 707.5662 ns/op
// GC:  70 0 0 915484968 786432
// Threading:  0 0 786432

STEADY_ALLOCATION mode=KeyRecordsPaired records=261888 bytes=304837632
DISPATCH_METRICS {"Mode":"KeyRecordsPaired","CpuAndThroughputRecords":7077888,"LatencyRecords":262144,"StopwatchFrequency":10000000,"RawLatencyFile":"C:/git/Dekaf-perf-improvements-20260907/pr-3117/profile\\latency-samples\\G_AcceptedControl-KeyRecordsPaired-ticks.bin","CpuNsPerMessage":704.2178401240596,"MessagesPerSecond":1390701.1822758284,"P50Ns":89900,"P99Ns":191300,"MaxNs":2022700,"SteadyAllocatedBytes":304837632}
// AfterAll
// Benchmark Process 97900 has exited with code 0.

Mean = 710.736 ns, StdErr = 2.293 ns (0.32%), N = 3, StdDev = 3.972 ns
Min = 707.566 ns, Q1 = 708.508 ns, Median = 709.450 ns, Q3 = 712.321 ns, Max = 715.192 ns
IQR = 3.813 ns, LowerFence = 702.789 ns, UpperFence = 718.040 ns
ConfidenceInterval = [638.273 ns; 783.199 ns] (CI 99.9%), Margin = 72.463 ns (10.20% of Mean)
Skewness = 0.29, Kurtosis = 0.67, MValue = 2

// ** Remained 7 (25.0%) benchmark(s) to run. Estimated finish 2026-09-07 16:07 (0h 0m from now) **
Setup power plan (GUID: 8c5e7fda-e8bf-4a96-9a85-a6e23a8c635c FriendlyName: High performance)
// **************************
// Benchmark: PartitionedLifetimeBenchmarks.ProcessLifetime: A_Accepted(Affinity=00000000000000000100, EnvironmentVariables=DOTNET_TieredCompilation=0,DEKAF_DISPATCH_PROFILE=1,DEKAF_DISPATCH_SAMPLE_DIRECTORY=C:/git/Dekaf-perf-improvements-20260907/pr-3117/profile\latency-samples,DEKAF_DISPATCH_JOB=A_Accepted, Arguments=/p:ProductDirectory=C:/git/Dekaf-perf-improvements-20260907/pr-3117/accepted,/p:UseSharedCompilation=false, IterationCount=3, LaunchCount=1, WarmupCount=3) [Mode=KeyBatchesPaired]
// *** Execute ***
// Launch: 1 / 1
// Execute: dotnet Dekaf.Benchmarks-A_Accepted-1.dll --anonymousPipes 1564 1824 --benchmarkName "Dekaf.Benchmarks.PartitionedLifetimeBenchmarks.ProcessLifetime(Mode: KeyBatchesPaired)" --job A_Accepted --benchmarkId 6 in C:\git\Dekaf-perf-improvements-20260907\pr-3117\comparison\bin\Release\net10.0\Dekaf.Benchmarks-A_Accepted-1\bin\Release\net10.0
// BeforeAnythingElse

// Benchmark Process Environment Information:
// BenchmarkDotNet v0.15.8
// Runtime=.NET 10.0.11 (10.0.11, 10.0.1126.37416), X64 RyuJIT x86-64-v3
// GC=Concurrent Workstation
// HardwareIntrinsics=AVX2+BMI1+BMI2+F16C+FMA+LZCNT+MOVBE,AVX,SSE3+SSSE3+SSE4.1+SSE4.2+POPCNT,X86Base+SSE+SSE2,AES+PCLMUL,AvxVnni,SERIALIZE VectorSize=256
// Job: A_Accepted(Affinity=100, IterationCount=3, LaunchCount=1, WarmupCount=3)

OverheadJitting  1: 262144 op, 151900.00 ns, 0.5795 ns/op
WorkloadJitting  1: 262144 op, 217876800.00 ns, 831.1340 ns/op

WorkloadPilot    1: 524288 op, 417139000.00 ns, 795.6295 ns/op
WorkloadPilot    2: 786432 op, 641541300.00 ns, 815.7619 ns/op

WorkloadWarmup   1: 786432 op, 632478400.00 ns, 804.2379 ns/op
WorkloadWarmup   2: 786432 op, 635405400.00 ns, 807.9597 ns/op
WorkloadWarmup   3: 786432 op, 657024900.00 ns, 835.4504 ns/op

// BeforeActualRun
WorkloadActual   1: 786432 op, 655442700.00 ns, 833.4385 ns/op
WorkloadActual   2: 786432 op, 653440500.00 ns, 830.8926 ns/op
WorkloadActual   3: 786432 op, 652950000.00 ns, 830.2689 ns/op

// AfterActualRun
WorkloadResult   1: 786432 op, 655442700.00 ns, 833.4385 ns/op
WorkloadResult   2: 786432 op, 653440500.00 ns, 830.8926 ns/op
WorkloadResult   3: 786432 op, 652950000.00 ns, 830.2689 ns/op
// GC:  146 0 0 1918972200 786432
// Threading:  0 0 786432

STEADY_ALLOCATION mode=KeyBatchesPaired records=261888 bytes=639006720
DISPATCH_METRICS {"Mode":"KeyBatchesPaired","CpuAndThroughputRecords":7077888,"LatencyRecords":262144,"StopwatchFrequency":10000000,"RawLatencyFile":"C:/git/Dekaf-perf-improvements-20260907/pr-3117/profile\\latency-samples\\A_Accepted-KeyBatchesPaired-ticks.bin","CpuNsPerMessage":783.6906998245804,"MessagesPerSecond":1225083.912133196,"P50Ns":93900,"P99Ns":169100,"MaxNs":735700,"SteadyAllocatedBytes":639006720}
// AfterAll
// Benchmark Process 32568 has exited with code 0.

Mean = 831.533 ns, StdErr = 0.969 ns (0.12%), N = 3, StdDev = 1.679 ns
Min = 830.269 ns, Q1 = 830.581 ns, Median = 830.893 ns, Q3 = 832.166 ns, Max = 833.438 ns
IQR = 1.585 ns, LowerFence = 828.203 ns, UpperFence = 834.543 ns
ConfidenceInterval = [800.899 ns; 862.167 ns] (CI 99.9%), Margin = 30.634 ns (3.68% of Mean)
Skewness = 0.33, Kurtosis = 0.67, MValue = 2

// ** Remained 6 (21.4%) benchmark(s) to run. Estimated finish 2026-09-07 16:07 (0h 0m from now) **
Setup power plan (GUID: 8c5e7fda-e8bf-4a96-9a85-a6e23a8c635c FriendlyName: High performance)
// **************************
// Benchmark: PartitionedLifetimeBenchmarks.ProcessLifetime: B_Predecessor(Affinity=00000000000000000100, EnvironmentVariables=DOTNET_TieredCompilation=0,DEKAF_DISPATCH_PROFILE=1,DEKAF_DISPATCH_SAMPLE_DIRECTORY=C:/git/Dekaf-perf-improvements-20260907/pr-3117/profile\latency-samples,DEKAF_DISPATCH_JOB=B_Predecessor, Arguments=/p:ProductDirectory=C:/git/Dekaf-perf-improvements-20260907/pr-3117/predecessor,/p:UseSharedCompilation=false, IterationCount=3, LaunchCount=1, WarmupCount=3) [Mode=KeyBatchesPaired]
// *** Execute ***
// Launch: 1 / 1
// Execute: dotnet Dekaf.Benchmarks-B_Predecessor-2.dll --anonymousPipes 1656 572 --benchmarkName "Dekaf.Benchmarks.PartitionedLifetimeBenchmarks.ProcessLifetime(Mode: KeyBatchesPaired)" --job B_Predecessor --benchmarkId 6 in C:\git\Dekaf-perf-improvements-20260907\pr-3117\comparison\bin\Release\net10.0\Dekaf.Benchmarks-B_Predecessor-2\bin\Release\net10.0
// BeforeAnythingElse

// Benchmark Process Environment Information:
// BenchmarkDotNet v0.15.8
// Runtime=.NET 10.0.11 (10.0.11, 10.0.1126.37416), X64 RyuJIT x86-64-v3
// GC=Concurrent Workstation
// HardwareIntrinsics=AVX2+BMI1+BMI2+F16C+FMA+LZCNT+MOVBE,AVX,SSE3+SSSE3+SSE4.1+SSE4.2+POPCNT,X86Base+SSE+SSE2,AES+PCLMUL,AvxVnni,SERIALIZE VectorSize=256
// Job: B_Predecessor(Affinity=100, IterationCount=3, LaunchCount=1, WarmupCount=3)

OverheadJitting  1: 262144 op, 175700.00 ns, 0.6702 ns/op
WorkloadJitting  1: 262144 op, 55785100.00 ns, 212.8033 ns/op

WorkloadPilot    1: 524288 op, 108272800.00 ns, 206.5140 ns/op
WorkloadPilot    2: 786432 op, 163512000.00 ns, 207.9163 ns/op
WorkloadPilot    3: 1048576 op, 213433200.00 ns, 203.5458 ns/op
WorkloadPilot    4: 1310720 op, 266908600.00 ns, 203.6351 ns/op
WorkloadPilot    5: 1572864 op, 322319200.00 ns, 204.9250 ns/op
WorkloadPilot    6: 1835008 op, 375711700.00 ns, 204.7466 ns/op
WorkloadPilot    7: 2097152 op, 431302800.00 ns, 205.6612 ns/op
WorkloadPilot    8: 2359296 op, 484057500.00 ns, 205.1703 ns/op
WorkloadPilot    9: 2621440 op, 569681500.00 ns, 217.3162 ns/op

WorkloadWarmup   1: 2621440 op, 554589400.00 ns, 211.5591 ns/op
WorkloadWarmup   2: 2621440 op, 544065700.00 ns, 207.5446 ns/op
WorkloadWarmup   3: 2621440 op, 542048300.00 ns, 206.7750 ns/op

// BeforeActualRun
WorkloadActual   1: 2621440 op, 557958600.00 ns, 212.8443 ns/op
WorkloadActual   2: 2621440 op, 544763400.00 ns, 207.8107 ns/op
WorkloadActual   3: 2621440 op, 544389200.00 ns, 207.6680 ns/op

// AfterActualRun
WorkloadResult   1: 2621440 op, 557958600.00 ns, 212.8443 ns/op
WorkloadResult   2: 2621440 op, 544763400.00 ns, 207.8107 ns/op
WorkloadResult   3: 2621440 op, 544389200.00 ns, 207.6680 ns/op
// GC:  0 0 0 500736 2621440
// Threading:  0 0 2621440

STEADY_ALLOCATION mode=KeyBatchesPaired records=261888 bytes=0
DISPATCH_METRICS {"Mode":"KeyBatchesPaired","CpuAndThroughputRecords":32768000,"LatencyRecords":262144,"StopwatchFrequency":10000000,"RawLatencyFile":"C:/git/Dekaf-perf-improvements-20260907/pr-3117/profile\\latency-samples\\B_Predecessor-KeyBatchesPaired-ticks.bin","CpuNsPerMessage":202.178955078125,"MessagesPerSecond":4781142.501625425,"P50Ns":26600,"P99Ns":55300,"MaxNs":256800,"SteadyAllocatedBytes":0}
// AfterAll
// Benchmark Process 62916 has exited with code 0.

Mean = 209.441 ns, StdErr = 1.702 ns (0.81%), N = 3, StdDev = 2.948 ns
Min = 207.668 ns, Q1 = 207.739 ns, Median = 207.811 ns, Q3 = 210.328 ns, Max = 212.844 ns
IQR = 2.588 ns, LowerFence = 203.857 ns, UpperFence = 214.210 ns
ConfidenceInterval = [155.655 ns; 263.227 ns] (CI 99.9%), Margin = 53.786 ns (25.68% of Mean)
Skewness = 0.38, Kurtosis = 0.67, MValue = 2

// ** Remained 5 (17.9%) benchmark(s) to run. Estimated finish 2026-09-07 16:07 (0h 0m from now) **
Setup power plan (GUID: 8c5e7fda-e8bf-4a96-9a85-a6e23a8c635c FriendlyName: High performance)
// **************************
// Benchmark: PartitionedLifetimeBenchmarks.ProcessLifetime: C_Published(Affinity=00000000000000000100, EnvironmentVariables=DOTNET_TieredCompilation=0,DEKAF_DISPATCH_PROFILE=1,DEKAF_DISPATCH_SAMPLE_DIRECTORY=C:/git/Dekaf-perf-improvements-20260907/pr-3117/profile\latency-samples,DEKAF_DISPATCH_JOB=C_Published, Arguments=/p:ProductDirectory=C:/git/Dekaf-perf-improvements-20260907/pr-3117/published,/p:UseSharedCompilation=false, IterationCount=3, LaunchCount=1, WarmupCount=3) [Mode=KeyBatchesPaired]
// *** Execute ***
// Launch: 1 / 1
// Execute: dotnet Dekaf.Benchmarks-C_Published-3.dll --anonymousPipes 1760 1624 --benchmarkName "Dekaf.Benchmarks.PartitionedLifetimeBenchmarks.ProcessLifetime(Mode: KeyBatchesPaired)" --job C_Published --benchmarkId 6 in C:\git\Dekaf-perf-improvements-20260907\pr-3117\comparison\bin\Release\net10.0\Dekaf.Benchmarks-C_Published-3\bin\Release\net10.0
// BeforeAnythingElse

// Benchmark Process Environment Information:
// BenchmarkDotNet v0.15.8
// Runtime=.NET 10.0.11 (10.0.11, 10.0.1126.37416), X64 RyuJIT x86-64-v3
// GC=Concurrent Workstation
// HardwareIntrinsics=AVX2+BMI1+BMI2+F16C+FMA+LZCNT+MOVBE,AVX,SSE3+SSSE3+SSE4.1+SSE4.2+POPCNT,X86Base+SSE+SSE2,AES+PCLMUL,AvxVnni,SERIALIZE VectorSize=256
// Job: C_Published(Affinity=100, IterationCount=3, LaunchCount=1, WarmupCount=3)

OverheadJitting  1: 262144 op, 237400.00 ns, 0.9056 ns/op
WorkloadJitting  1: 262144 op, 51742700.00 ns, 197.3827 ns/op

WorkloadPilot    1: 524288 op, 103013600.00 ns, 196.4828 ns/op
WorkloadPilot    2: 786432 op, 154002800.00 ns, 195.8247 ns/op
WorkloadPilot    3: 1048576 op, 212676300.00 ns, 202.8239 ns/op
WorkloadPilot    4: 1310720 op, 270438400.00 ns, 206.3281 ns/op
WorkloadPilot    5: 1572864 op, 313135300.00 ns, 199.0861 ns/op
WorkloadPilot    6: 1835008 op, 361366900.00 ns, 196.9293 ns/op
WorkloadPilot    7: 2097152 op, 411475300.00 ns, 196.2067 ns/op
WorkloadPilot    8: 2359296 op, 464958000.00 ns, 197.0749 ns/op
WorkloadPilot    9: 2621440 op, 518946200.00 ns, 197.9623 ns/op

WorkloadWarmup   1: 2621440 op, 509853100.00 ns, 194.4935 ns/op
WorkloadWarmup   2: 2621440 op, 513895300.00 ns, 196.0355 ns/op
WorkloadWarmup   3: 2621440 op, 514828600.00 ns, 196.3915 ns/op

// BeforeActualRun
WorkloadActual   1: 2621440 op, 513711100.00 ns, 195.9652 ns/op
WorkloadActual   2: 2621440 op, 511606000.00 ns, 195.1622 ns/op
WorkloadActual   3: 2621440 op, 564850300.00 ns, 215.4733 ns/op

// AfterActualRun
WorkloadResult   1: 2621440 op, 513711100.00 ns, 195.9652 ns/op
WorkloadResult   2: 2621440 op, 511606000.00 ns, 195.1622 ns/op
WorkloadResult   3: 2621440 op, 564850300.00 ns, 215.4733 ns/op
// GC:  0 0 0 500736 2621440
// Threading:  0 0 2621440

STEADY_ALLOCATION mode=KeyBatchesPaired records=261888 bytes=0
DISPATCH_METRICS {"Mode":"KeyBatchesPaired","CpuAndThroughputRecords":32768000,"LatencyRecords":262144,"StopwatchFrequency":10000000,"RawLatencyFile":"C:/git/Dekaf-perf-improvements-20260907/pr-3117/profile\\latency-samples\\C_Published-KeyBatchesPaired-ticks.bin","CpuNsPerMessage":191.68853759765625,"MessagesPerSecond":5039068.466189862,"P50Ns":24100,"P99Ns":30200,"MaxNs":190600,"SteadyAllocatedBytes":0}
// AfterAll
// Benchmark Process 16896 has exited with code 0.

Mean = 202.200 ns, StdErr = 6.641 ns (3.28%), N = 3, StdDev = 11.502 ns
Min = 195.162 ns, Q1 = 195.564 ns, Median = 195.965 ns, Q3 = 205.719 ns, Max = 215.473 ns
IQR = 10.156 ns, LowerFence = 180.330 ns, UpperFence = 220.953 ns
ConfidenceInterval = [-7.636 ns; 412.036 ns] (CI 99.9%), Margin = 209.836 ns (103.78% of Mean)
Skewness = 0.38, Kurtosis = 0.67, MValue = 2

// ** Remained 4 (14.3%) benchmark(s) to run. Estimated finish 2026-09-07 16:07 (0h 0m from now) **
Setup power plan (GUID: 8c5e7fda-e8bf-4a96-9a85-a6e23a8c635c FriendlyName: High performance)
// **************************
// Benchmark: PartitionedLifetimeBenchmarks.ProcessLifetime: D_Candidate(Affinity=00000000000000000100, EnvironmentVariables=DOTNET_TieredCompilation=0,DEKAF_DISPATCH_PROFILE=1,DEKAF_DISPATCH_SAMPLE_DIRECTORY=C:/git/Dekaf-perf-improvements-20260907/pr-3117/profile\latency-samples,DEKAF_DISPATCH_JOB=D_Candidate, Arguments=/p:ProductDirectory=C:/git/Dekaf-perf-improvements-20260907/pr-3117/candidate,/p:UseSharedCompilation=false, IterationCount=3, LaunchCount=1, WarmupCount=3) [Mode=KeyBatchesPaired]
// *** Execute ***
// Launch: 1 / 1
// Execute: dotnet Dekaf.Benchmarks-D_Candidate-4.dll --anonymousPipes 2140 1576 --benchmarkName "Dekaf.Benchmarks.PartitionedLifetimeBenchmarks.ProcessLifetime(Mode: KeyBatchesPaired)" --job D_Candidate --benchmarkId 3 in C:\git\Dekaf-perf-improvements-20260907\pr-3117\comparison\bin\Release\net10.0\Dekaf.Benchmarks-D_Candidate-4\bin\Release\net10.0
// BeforeAnythingElse

// Benchmark Process Environment Information:
// BenchmarkDotNet v0.15.8
// Runtime=.NET 10.0.11 (10.0.11, 10.0.1126.37416), X64 RyuJIT x86-64-v3
// GC=Concurrent Workstation
// HardwareIntrinsics=AVX2+BMI1+BMI2+F16C+FMA+LZCNT+MOVBE,AVX,SSE3+SSSE3+SSE4.1+SSE4.2+POPCNT,X86Base+SSE+SSE2,AES+PCLMUL,AvxVnni,SERIALIZE VectorSize=256
// Job: D_Candidate(Affinity=100, IterationCount=3, LaunchCount=1, WarmupCount=3)

OverheadJitting  1: 262144 op, 159100.00 ns, 0.6069 ns/op
WorkloadJitting  1: 262144 op, 53207100.00 ns, 202.9690 ns/op

WorkloadPilot    1: 524288 op, 113876900.00 ns, 217.2029 ns/op
WorkloadPilot    2: 786432 op, 170200100.00 ns, 216.4206 ns/op
WorkloadPilot    3: 1048576 op, 234377700.00 ns, 223.5200 ns/op
WorkloadPilot    4: 1310720 op, 290478500.00 ns, 221.6175 ns/op
WorkloadPilot    5: 1572864 op, 369858400.00 ns, 235.1496 ns/op
WorkloadPilot    6: 1835008 op, 406552800.00 ns, 221.5537 ns/op
WorkloadPilot    7: 2097152 op, 466401200.00 ns, 222.3974 ns/op
WorkloadPilot    8: 2359296 op, 551752600.00 ns, 233.8632 ns/op

WorkloadWarmup   1: 2359296 op, 538603700.00 ns, 228.2900 ns/op
WorkloadWarmup   2: 2359296 op, 529861400.00 ns, 224.5845 ns/op
WorkloadWarmup   3: 2359296 op, 536160100.00 ns, 227.2543 ns/op

// BeforeActualRun
WorkloadActual   1: 2359296 op, 525406600.00 ns, 222.6963 ns/op
WorkloadActual   2: 2359296 op, 533090400.00 ns, 225.9532 ns/op
WorkloadActual   3: 2359296 op, 534206000.00 ns, 226.4260 ns/op

// AfterActualRun
WorkloadResult   1: 2359296 op, 525406600.00 ns, 222.6963 ns/op
WorkloadResult   2: 2359296 op, 533090400.00 ns, 225.9532 ns/op
WorkloadResult   3: 2359296 op, 534206000.00 ns, 226.4260 ns/op
// GC:  0 0 0 450696 2359296
// Threading:  0 0 2359296

STEADY_ALLOCATION mode=KeyBatchesPaired records=261888 bytes=0
DISPATCH_METRICS {"Mode":"KeyBatchesPaired","CpuAndThroughputRecords":28311552,"LatencyRecords":262144,"StopwatchFrequency":10000000,"RawLatencyFile":"C:/git/Dekaf-perf-improvements-20260907/pr-3117/profile\\latency-samples\\D_Candidate-KeyBatchesPaired-ticks.bin","CpuNsPerMessage":217.4465744583695,"MessagesPerSecond":4476854.468507355,"P50Ns":24500,"P99Ns":49400,"MaxNs":781800,"SteadyAllocatedBytes":0}
// AfterAll
// Benchmark Process 98672 has exited with code 0.

Mean = 225.025 ns, StdErr = 1.172 ns (0.52%), N = 3, StdDev = 2.031 ns
Min = 222.696 ns, Q1 = 224.325 ns, Median = 225.953 ns, Q3 = 226.190 ns, Max = 226.426 ns
IQR = 1.865 ns, LowerFence = 221.528 ns, UpperFence = 228.987 ns
ConfidenceInterval = [187.979 ns; 262.072 ns] (CI 99.9%), Margin = 37.046 ns (16.46% of Mean)
Skewness = -0.36, Kurtosis = 0.67, MValue = 2

// ** Remained 3 (10.7%) benchmark(s) to run. Estimated finish 2026-09-07 16:07 (0h 0m from now) **
Setup power plan (GUID: 8c5e7fda-e8bf-4a96-9a85-a6e23a8c635c FriendlyName: High performance)
// **************************
// Benchmark: PartitionedLifetimeBenchmarks.ProcessLifetime: E_PublishedControl(Affinity=00000000000000000100, EnvironmentVariables=DOTNET_TieredCompilation=0,DEKAF_DISPATCH_PROFILE=1,DEKAF_DISPATCH_SAMPLE_DIRECTORY=C:/git/Dekaf-perf-improvements-20260907/pr-3117/profile\latency-samples,DEKAF_DISPATCH_JOB=E_PublishedControl, Arguments=/p:ProductDirectory=C:/git/Dekaf-perf-improvements-20260907/pr-3117/published,/p:UseSharedCompilation=false, IterationCount=3, LaunchCount=1, WarmupCount=3) [Mode=KeyBatchesPaired]
// *** Execute ***
// Launch: 1 / 1
// Execute: dotnet Dekaf.Benchmarks-C_Published-3.dll --anonymousPipes 572 1540 --benchmarkName "Dekaf.Benchmarks.PartitionedLifetimeBenchmarks.ProcessLifetime(Mode: KeyBatchesPaired)" --job E_PublishedControl --benchmarkId 7 in C:\git\Dekaf-perf-improvements-20260907\pr-3117\comparison\bin\Release\net10.0\Dekaf.Benchmarks-C_Published-3\bin\Release\net10.0
// BeforeAnythingElse

// Benchmark Process Environment Information:
// BenchmarkDotNet v0.15.8
// Runtime=.NET 10.0.11 (10.0.11, 10.0.1126.37416), X64 RyuJIT x86-64-v3
// GC=Concurrent Workstation
// HardwareIntrinsics=AVX2+BMI1+BMI2+F16C+FMA+LZCNT+MOVBE,AVX,SSE3+SSSE3+SSE4.1+SSE4.2+POPCNT,X86Base+SSE+SSE2,AES+PCLMUL,AvxVnni,SERIALIZE VectorSize=256
// Job: E_PublishedControl(Affinity=100, IterationCount=3, LaunchCount=1, WarmupCount=3)

OverheadJitting  1: 262144 op, 175000.00 ns, 0.6676 ns/op
WorkloadJitting  1: 262144 op, 52446400.00 ns, 200.0671 ns/op

WorkloadPilot    1: 524288 op, 101590200.00 ns, 193.7679 ns/op
WorkloadPilot    2: 786432 op, 151488100.00 ns, 192.6271 ns/op
WorkloadPilot    3: 1048576 op, 203474000.00 ns, 194.0479 ns/op
WorkloadPilot    4: 1310720 op, 256064000.00 ns, 195.3613 ns/op
WorkloadPilot    5: 1572864 op, 307299200.00 ns, 195.3756 ns/op
WorkloadPilot    6: 1835008 op, 361349800.00 ns, 196.9200 ns/op
WorkloadPilot    7: 2097152 op, 408016600.00 ns, 194.5575 ns/op
WorkloadPilot    8: 2359296 op, 502665500.00 ns, 213.0574 ns/op

WorkloadWarmup   1: 2359296 op, 458011200.00 ns, 194.1305 ns/op
WorkloadWarmup   2: 2359296 op, 465829000.00 ns, 197.4441 ns/op
WorkloadWarmup   3: 2359296 op, 461745500.00 ns, 195.7133 ns/op

// BeforeActualRun
WorkloadActual   1: 2359296 op, 486965000.00 ns, 206.4027 ns/op
WorkloadActual   2: 2359296 op, 474696200.00 ns, 201.2025 ns/op
WorkloadActual   3: 2359296 op, 470974700.00 ns, 199.6251 ns/op

// AfterActualRun
WorkloadResult   1: 2359296 op, 486965000.00 ns, 206.4027 ns/op
WorkloadResult   2: 2359296 op, 474696200.00 ns, 201.2025 ns/op
WorkloadResult   3: 2359296 op, 470974700.00 ns, 199.6251 ns/op
// GC:  0 0 0 450696 2359296
// Threading:  0 0 2359296

STEADY_ALLOCATION mode=KeyBatchesPaired records=261888 bytes=0
DISPATCH_METRICS {"Mode":"KeyBatchesPaired","CpuAndThroughputRecords":28311552,"LatencyRecords":262144,"StopwatchFrequency":10000000,"RawLatencyFile":"C:/git/Dekaf-perf-improvements-20260907/pr-3117/profile\\latency-samples\\E_PublishedControl-KeyBatchesPaired-ticks.bin","CpuNsPerMessage":187.0923572116428,"MessagesPerSecond":5044349.804967549,"P50Ns":23600,"P99Ns":57800,"MaxNs":301600,"SteadyAllocatedBytes":0}
// AfterAll
// Benchmark Process 109200 has exited with code 0.

Mean = 202.410 ns, StdErr = 2.048 ns (1.01%), N = 3, StdDev = 3.546 ns
Min = 199.625 ns, Q1 = 200.414 ns, Median = 201.202 ns, Q3 = 203.803 ns, Max = 206.403 ns
IQR = 3.389 ns, LowerFence = 195.331 ns, UpperFence = 208.886 ns
ConfidenceInterval = [137.709 ns; 267.111 ns] (CI 99.9%), Margin = 64.701 ns (31.97% of Mean)
Skewness = 0.3, Kurtosis = 0.67, MValue = 2

// ** Remained 2 (7.1%) benchmark(s) to run. Estimated finish 2026-09-07 16:07 (0h 0m from now) **
Setup power plan (GUID: 8c5e7fda-e8bf-4a96-9a85-a6e23a8c635c FriendlyName: High performance)
// **************************
// Benchmark: PartitionedLifetimeBenchmarks.ProcessLifetime: F_PredecessorControl(Affinity=00000000000000000100, EnvironmentVariables=DOTNET_TieredCompilation=0,DEKAF_DISPATCH_PROFILE=1,DEKAF_DISPATCH_SAMPLE_DIRECTORY=C:/git/Dekaf-perf-improvements-20260907/pr-3117/profile\latency-samples,DEKAF_DISPATCH_JOB=F_PredecessorControl, Arguments=/p:ProductDirectory=C:/git/Dekaf-perf-improvements-20260907/pr-3117/predecessor,/p:UseSharedCompilation=false, IterationCount=3, LaunchCount=1, WarmupCount=3) [Mode=KeyBatchesPaired]
// *** Execute ***
// Launch: 1 / 1
// Execute: dotnet Dekaf.Benchmarks-B_Predecessor-2.dll --anonymousPipes 2192 1488 --benchmarkName "Dekaf.Benchmarks.PartitionedLifetimeBenchmarks.ProcessLifetime(Mode: KeyBatchesPaired)" --job F_PredecessorControl --benchmarkId 7 in C:\git\Dekaf-perf-improvements-20260907\pr-3117\comparison\bin\Release\net10.0\Dekaf.Benchmarks-B_Predecessor-2\bin\Release\net10.0
// BeforeAnythingElse

// Benchmark Process Environment Information:
// BenchmarkDotNet v0.15.8
// Runtime=.NET 10.0.11 (10.0.11, 10.0.1126.37416), X64 RyuJIT x86-64-v3
// GC=Concurrent Workstation
// HardwareIntrinsics=AVX2+BMI1+BMI2+F16C+FMA+LZCNT+MOVBE,AVX,SSE3+SSSE3+SSE4.1+SSE4.2+POPCNT,X86Base+SSE+SSE2,AES+PCLMUL,AvxVnni,SERIALIZE VectorSize=256
// Job: F_PredecessorControl(Affinity=100, IterationCount=3, LaunchCount=1, WarmupCount=3)

OverheadJitting  1: 262144 op, 156600.00 ns, 0.5974 ns/op
WorkloadJitting  1: 262144 op, 59761800.00 ns, 227.9732 ns/op

WorkloadPilot    1: 524288 op, 105511100.00 ns, 201.2465 ns/op
WorkloadPilot    2: 786432 op, 153441100.00 ns, 195.1104 ns/op
WorkloadPilot    3: 1048576 op, 206727500.00 ns, 197.1507 ns/op
WorkloadPilot    4: 1310720 op, 258363700.00 ns, 197.1159 ns/op
WorkloadPilot    5: 1572864 op, 326052600.00 ns, 207.2987 ns/op
WorkloadPilot    6: 1835008 op, 355983200.00 ns, 193.9954 ns/op
WorkloadPilot    7: 2097152 op, 407954100.00 ns, 194.5277 ns/op
WorkloadPilot    8: 2359296 op, 459416700.00 ns, 194.7262 ns/op
WorkloadPilot    9: 2621440 op, 507966600.00 ns, 193.7739 ns/op

WorkloadWarmup   1: 2621440 op, 512903700.00 ns, 195.6572 ns/op
WorkloadWarmup   2: 2621440 op, 509379100.00 ns, 194.3127 ns/op
WorkloadWarmup   3: 2621440 op, 507067700.00 ns, 193.4310 ns/op

// BeforeActualRun
WorkloadActual   1: 2621440 op, 502610400.00 ns, 191.7307 ns/op
WorkloadActual   2: 2621440 op, 517237800.00 ns, 197.3106 ns/op
WorkloadActual   3: 2621440 op, 539092000.00 ns, 205.6473 ns/op

// AfterActualRun
WorkloadResult   1: 2621440 op, 502610400.00 ns, 191.7307 ns/op
WorkloadResult   2: 2621440 op, 517237800.00 ns, 197.3106 ns/op
WorkloadResult   3: 2621440 op, 539092000.00 ns, 205.6473 ns/op
// GC:  0 0 0 500736 2621440
// Threading:  0 0 2621440

STEADY_ALLOCATION mode=KeyBatchesPaired records=261888 bytes=0
DISPATCH_METRICS {"Mode":"KeyBatchesPaired","CpuAndThroughputRecords":32768000,"LatencyRecords":262144,"StopwatchFrequency":10000000,"RawLatencyFile":"C:/git/Dekaf-perf-improvements-20260907/pr-3117/profile\\latency-samples\\F_PredecessorControl-KeyBatchesPaired-ticks.bin","CpuNsPerMessage":191.68853759765625,"MessagesPerSecond":5059327.282397666,"P50Ns":25500,"P99Ns":53000,"MaxNs":311400,"SteadyAllocatedBytes":0}
// AfterAll
// Benchmark Process 56328 has exited with code 0.

Mean = 198.229 ns, StdErr = 4.044 ns (2.04%), N = 3, StdDev = 7.004 ns
Min = 191.731 ns, Q1 = 194.521 ns, Median = 197.311 ns, Q3 = 201.479 ns, Max = 205.647 ns
IQR = 6.958 ns, LowerFence = 184.083 ns, UpperFence = 211.916 ns
ConfidenceInterval = [70.456 ns; 326.003 ns] (CI 99.9%), Margin = 127.773 ns (64.46% of Mean)
Skewness = 0.13, Kurtosis = 0.67, MValue = 2

// ** Remained 1 (3.6%) benchmark(s) to run. Estimated finish 2026-09-07 16:07 (0h 0m from now) **
Setup power plan (GUID: 8c5e7fda-e8bf-4a96-9a85-a6e23a8c635c FriendlyName: High performance)
// **************************
// Benchmark: PartitionedLifetimeBenchmarks.ProcessLifetime: G_AcceptedControl(Affinity=00000000000000000100, EnvironmentVariables=DOTNET_TieredCompilation=0,DEKAF_DISPATCH_PROFILE=1,DEKAF_DISPATCH_SAMPLE_DIRECTORY=C:/git/Dekaf-perf-improvements-20260907/pr-3117/profile\latency-samples,DEKAF_DISPATCH_JOB=G_AcceptedControl, Arguments=/p:ProductDirectory=C:/git/Dekaf-perf-improvements-20260907/pr-3117/accepted,/p:UseSharedCompilation=false, IterationCount=3, LaunchCount=1, WarmupCount=3) [Mode=KeyBatchesPaired]
// *** Execute ***
// Launch: 1 / 1
// Execute: dotnet Dekaf.Benchmarks-A_Accepted-1.dll --anonymousPipes 1908 1964 --benchmarkName "Dekaf.Benchmarks.PartitionedLifetimeBenchmarks.ProcessLifetime(Mode: KeyBatchesPaired)" --job G_AcceptedControl --benchmarkId 7 in C:\git\Dekaf-perf-improvements-20260907\pr-3117\comparison\bin\Release\net10.0\Dekaf.Benchmarks-A_Accepted-1\bin\Release\net10.0
// BeforeAnythingElse

// Benchmark Process Environment Information:
// BenchmarkDotNet v0.15.8
// Runtime=.NET 10.0.11 (10.0.11, 10.0.1126.37416), X64 RyuJIT x86-64-v3
// GC=Concurrent Workstation
// HardwareIntrinsics=AVX2+BMI1+BMI2+F16C+FMA+LZCNT+MOVBE,AVX,SSE3+SSSE3+SSE4.1+SSE4.2+POPCNT,X86Base+SSE+SSE2,AES+PCLMUL,AvxVnni,SERIALIZE VectorSize=256
// Job: G_AcceptedControl(Affinity=100, IterationCount=3, LaunchCount=1, WarmupCount=3)

OverheadJitting  1: 262144 op, 150800.00 ns, 0.5753 ns/op
WorkloadJitting  1: 262144 op, 198842500.00 ns, 758.5239 ns/op

WorkloadPilot    1: 524288 op, 401208100.00 ns, 765.2437 ns/op
WorkloadPilot    2: 786432 op, 667603300.00 ns, 848.9015 ns/op

WorkloadWarmup   1: 786432 op, 607815700.00 ns, 772.8776 ns/op
WorkloadWarmup   2: 786432 op, 615907100.00 ns, 783.1664 ns/op
WorkloadWarmup   3: 786432 op, 669824600.00 ns, 851.7260 ns/op

// BeforeActualRun
WorkloadActual   1: 786432 op, 618204600.00 ns, 786.0878 ns/op
WorkloadActual   2: 786432 op, 620348800.00 ns, 788.8143 ns/op
WorkloadActual   3: 786432 op, 606872100.00 ns, 771.6778 ns/op

// AfterActualRun
WorkloadResult   1: 786432 op, 618204600.00 ns, 786.0878 ns/op
WorkloadResult   2: 786432 op, 620348800.00 ns, 788.8143 ns/op
WorkloadResult   3: 786432 op, 606872100.00 ns, 771.6778 ns/op
// GC:  146 0 0 1918972200 786432
// Threading:  0 0 786432

STEADY_ALLOCATION mode=KeyBatchesPaired records=261888 bytes=639006720
DISPATCH_METRICS {"Mode":"KeyBatchesPaired","CpuAndThroughputRecords":7077888,"LatencyRecords":262144,"StopwatchFrequency":10000000,"RawLatencyFile":"C:/git/Dekaf-perf-improvements-20260907/pr-3117/profile\\latency-samples\\G_AcceptedControl-KeyBatchesPaired-ticks.bin","CpuNsPerMessage":757.1997465910734,"MessagesPerSecond":1260695.5761905448,"P50Ns":91400,"P99Ns":181500,"MaxNs":437500,"SteadyAllocatedBytes":639006720}
// AfterAll
// Benchmark Process 103312 has exited with code 0.

Mean = 782.193 ns, StdErr = 5.316 ns (0.68%), N = 3, StdDev = 9.208 ns
Min = 771.678 ns, Q1 = 778.883 ns, Median = 786.088 ns, Q3 = 787.451 ns, Max = 788.814 ns
IQR = 8.568 ns, LowerFence = 766.030 ns, UpperFence = 800.303 ns
ConfidenceInterval = [614.202 ns; 950.185 ns] (CI 99.9%), Margin = 167.991 ns (21.48% of Mean)
Skewness = -0.35, Kurtosis = 0.67, MValue = 2

// ** Remained 0 (0.0%) benchmark(s) to run. Estimated finish 2026-09-07 16:07 (0h 0m from now) **
Successfully reverted power plan (GUID: 8c5e7fda-e8bf-4a96-9a85-a6e23a8c635c FriendlyName: High performance)
// ***** BenchmarkRunner: Finish  *****

// * Export *
  C:\git\Dekaf-perf-improvements-20260907\pr-3117\profile\results\Dekaf.Benchmarks.PartitionedLifetimeBenchmarks-report.csv
  C:\git\Dekaf-perf-improvements-20260907\pr-3117\profile\results\Dekaf.Benchmarks.PartitionedLifetimeBenchmarks-report-github.md
  C:\git\Dekaf-perf-improvements-20260907\pr-3117\profile\results\Dekaf.Benchmarks.PartitionedLifetimeBenchmarks-report.html
  C:\git\Dekaf-perf-improvements-20260907\pr-3117\profile\results\Dekaf.Benchmarks.PartitionedLifetimeBenchmarks-report-full.json

// * Detailed results *
PartitionedLifetimeBenchmarks.ProcessLifetime: A_Accepted(Affinity=00000000000000000100, EnvironmentVariables=DOTNET_TieredCompilation=0,DEKAF_DISPATCH_PROFILE=1,DEKAF_DISPATCH_SAMPLE_DIRECTORY=C:/git/Dekaf-perf-improvements-20260907/pr-3117/profile\latency-samples,DEKAF_DISPATCH_JOB=A_Accepted, Arguments=/p:ProductDirectory=C:/git/Dekaf-perf-improvements-20260907/pr-3117/accepted,/p:UseSharedCompilation=false, IterationCount=3, LaunchCount=1, WarmupCount=3) [Mode=KeyRecordsDistinct]
Runtime = .NET 10.0.11 (10.0.11, 10.0.1126.37416), X64 RyuJIT x86-64-v3; GC = Concurrent Workstation
Mean = 568.084 ns, StdErr = 4.822 ns (0.85%), N = 3, StdDev = 8.352 ns
Min = 562.961 ns, Q1 = 563.265 ns, Median = 563.569 ns, Q3 = 570.645 ns, Max = 577.722 ns
IQR = 7.381 ns, LowerFence = 552.194 ns, UpperFence = 581.716 ns
ConfidenceInterval = [415.705 ns; 720.462 ns] (CI 99.9%), Margin = 152.379 ns (26.82% of Mean)
Skewness = 0.38, Kurtosis = 0.67, MValue = 2
-------------------- Histogram --------------------
[562.740 ns ; 577.942 ns) | @@@
---------------------------------------------------

PartitionedLifetimeBenchmarks.ProcessLifetime: B_Predecessor(Affinity=00000000000000000100, EnvironmentVariables=DOTNET_TieredCompilation=0,DEKAF_DISPATCH_PROFILE=1,DEKAF_DISPATCH_SAMPLE_DIRECTORY=C:/git/Dekaf-perf-improvements-20260907/pr-3117/profile\latency-samples,DEKAF_DISPATCH_JOB=B_Predecessor, Arguments=/p:ProductDirectory=C:/git/Dekaf-perf-improvements-20260907/pr-3117/predecessor,/p:UseSharedCompilation=false, IterationCount=3, LaunchCount=1, WarmupCount=3) [Mode=KeyRecordsDistinct]
Runtime = .NET 10.0.11 (10.0.11, 10.0.1126.37416), X64 RyuJIT x86-64-v3; GC = Concurrent Workstation
Mean = 182.796 ns, StdErr = 0.491 ns (0.27%), N = 3, StdDev = 0.850 ns
Min = 181.852 ns, Q1 = 182.443 ns, Median = 183.034 ns, Q3 = 183.268 ns, Max = 183.502 ns
IQR = 0.825 ns, LowerFence = 181.205 ns, UpperFence = 184.505 ns
ConfidenceInterval = [167.282 ns; 198.310 ns] (CI 99.9%), Margin = 15.514 ns (8.49% of Mean)
Skewness = -0.26, Kurtosis = 0.67, MValue = 2
-------------------- Histogram --------------------
[181.078 ns ; 184.276 ns) | @@@
---------------------------------------------------

PartitionedLifetimeBenchmarks.ProcessLifetime: C_Published(Affinity=00000000000000000100, EnvironmentVariables=DOTNET_TieredCompilation=0,DEKAF_DISPATCH_PROFILE=1,DEKAF_DISPATCH_SAMPLE_DIRECTORY=C:/git/Dekaf-perf-improvements-20260907/pr-3117/profile\latency-samples,DEKAF_DISPATCH_JOB=C_Published, Arguments=/p:ProductDirectory=C:/git/Dekaf-perf-improvements-20260907/pr-3117/published,/p:UseSharedCompilation=false, IterationCount=3, LaunchCount=1, WarmupCount=3) [Mode=KeyRecordsDistinct]
Runtime = .NET 10.0.11 (10.0.11, 10.0.1126.37416), X64 RyuJIT x86-64-v3; GC = Concurrent Workstation
Mean = 194.786 ns, StdErr = 3.844 ns (1.97%), N = 3, StdDev = 6.658 ns
Min = 188.100 ns, Q1 = 191.471 ns, Median = 194.842 ns, Q3 = 198.129 ns, Max = 201.416 ns
IQR = 6.658 ns, LowerFence = 181.484 ns, UpperFence = 208.116 ns
ConfidenceInterval = [73.319 ns; 316.253 ns] (CI 99.9%), Margin = 121.467 ns (62.36% of Mean)
Skewness = -0.01, Kurtosis = 0.67, MValue = 2
-------------------- Histogram --------------------
[182.041 ns ; 192.070 ns) | @
[192.070 ns ; 204.188 ns) | @@
---------------------------------------------------

PartitionedLifetimeBenchmarks.ProcessLifetime: D_Candidate(Affinity=00000000000000000100, EnvironmentVariables=DOTNET_TieredCompilation=0,DEKAF_DISPATCH_PROFILE=1,DEKAF_DISPATCH_SAMPLE_DIRECTORY=C:/git/Dekaf-perf-improvements-20260907/pr-3117/profile\latency-samples,DEKAF_DISPATCH_JOB=D_Candidate, Arguments=/p:ProductDirectory=C:/git/Dekaf-perf-improvements-20260907/pr-3117/candidate,/p:UseSharedCompilation=false, IterationCount=3, LaunchCount=1, WarmupCount=3) [Mode=KeyRecordsDistinct]
Runtime = .NET 10.0.11 (10.0.11, 10.0.1126.37416), X64 RyuJIT x86-64-v3; GC = Concurrent Workstation
Mean = 188.743 ns, StdErr = 5.041 ns (2.67%), N = 3, StdDev = 8.731 ns
Min = 181.997 ns, Q1 = 183.812 ns, Median = 185.627 ns, Q3 = 192.115 ns, Max = 198.604 ns
IQR = 8.303 ns, LowerFence = 171.357 ns, UpperFence = 204.570 ns
ConfidenceInterval = [29.463 ns; 348.022 ns] (CI 99.9%), Margin = 159.279 ns (84.39% of Mean)
Skewness = 0.31, Kurtosis = 0.67, MValue = 2
-------------------- Histogram --------------------
[175.867 ns ; 191.757 ns) | @@
[191.757 ns ; 206.549 ns) | @
---------------------------------------------------

PartitionedLifetimeBenchmarks.ProcessLifetime: E_PublishedControl(Affinity=00000000000000000100, EnvironmentVariables=DOTNET_TieredCompilation=0,DEKAF_DISPATCH_PROFILE=1,DEKAF_DISPATCH_SAMPLE_DIRECTORY=C:/git/Dekaf-perf-improvements-20260907/pr-3117/profile\latency-samples,DEKAF_DISPATCH_JOB=E_PublishedControl, Arguments=/p:ProductDirectory=C:/git/Dekaf-perf-improvements-20260907/pr-3117/published,/p:UseSharedCompilation=false, IterationCount=3, LaunchCount=1, WarmupCount=3) [Mode=KeyRecordsDistinct]
Runtime = .NET 10.0.11 (10.0.11, 10.0.1126.37416), X64 RyuJIT x86-64-v3; GC = Concurrent Workstation
Mean = 182.696 ns, StdErr = 1.330 ns (0.73%), N = 3, StdDev = 2.304 ns
Min = 180.562 ns, Q1 = 181.474 ns, Median = 182.387 ns, Q3 = 183.763 ns, Max = 185.139 ns
IQR = 2.289 ns, LowerFence = 178.041 ns, UpperFence = 187.196 ns
ConfidenceInterval = [140.657 ns; 224.735 ns] (CI 99.9%), Margin = 42.039 ns (23.01% of Mean)
Skewness = 0.13, Kurtosis = 0.67, MValue = 2
-------------------- Histogram --------------------
[179.377 ns ; 187.236 ns) | @@@
---------------------------------------------------

PartitionedLifetimeBenchmarks.ProcessLifetime: F_PredecessorControl(Affinity=00000000000000000100, EnvironmentVariables=DOTNET_TieredCompilation=0,DEKAF_DISPATCH_PROFILE=1,DEKAF_DISPATCH_SAMPLE_DIRECTORY=C:/git/Dekaf-perf-improvements-20260907/pr-3117/profile\latency-samples,DEKAF_DISPATCH_JOB=F_PredecessorControl, Arguments=/p:ProductDirectory=C:/git/Dekaf-perf-improvements-20260907/pr-3117/predecessor,/p:UseSharedCompilation=false, IterationCount=3, LaunchCount=1, WarmupCount=3) [Mode=KeyRecordsDistinct]
Runtime = .NET 10.0.11 (10.0.11, 10.0.1126.37416), X64 RyuJIT x86-64-v3; GC = Concurrent Workstation
Mean = 180.094 ns, StdErr = 0.344 ns (0.19%), N = 3, StdDev = 0.596 ns
Min = 179.618 ns, Q1 = 179.760 ns, Median = 179.901 ns, Q3 = 180.332 ns, Max = 180.763 ns
IQR = 0.572 ns, LowerFence = 178.901 ns, UpperFence = 181.190 ns
ConfidenceInterval = [169.219 ns; 190.969 ns] (CI 99.9%), Margin = 10.875 ns (6.04% of Mean)
Skewness = 0.29, Kurtosis = 0.67, MValue = 2
-------------------- Histogram --------------------
[179.076 ns ; 181.305 ns) | @@@
---------------------------------------------------

PartitionedLifetimeBenchmarks.ProcessLifetime: G_AcceptedControl(Affinity=00000000000000000100, EnvironmentVariables=DOTNET_TieredCompilation=0,DEKAF_DISPATCH_PROFILE=1,DEKAF_DISPATCH_SAMPLE_DIRECTORY=C:/git/Dekaf-perf-improvements-20260907/pr-3117/profile\latency-samples,DEKAF_DISPATCH_JOB=G_AcceptedControl, Arguments=/p:ProductDirectory=C:/git/Dekaf-perf-improvements-20260907/pr-3117/accepted,/p:UseSharedCompilation=false, IterationCount=3, LaunchCount=1, WarmupCount=3) [Mode=KeyRecordsDistinct]
Runtime = .NET 10.0.11 (10.0.11, 10.0.1126.37416), X64 RyuJIT x86-64-v3; GC = Concurrent Workstation
Mean = 579.908 ns, StdErr = 23.307 ns (4.02%), N = 3, StdDev = 40.369 ns
Min = 551.246 ns, Q1 = 556.825 ns, Median = 562.404 ns, Q3 = 594.239 ns, Max = 626.075 ns
IQR = 37.414 ns, LowerFence = 500.704 ns, UpperFence = 650.361 ns
ConfidenceInterval = [-156.566 ns; 1,316.382 ns] (CI 99.9%), Margin = 736.474 ns (127.00% of Mean)
Skewness = 0.35, Kurtosis = 0.67, MValue = 2
-------------------- Histogram --------------------
[514.509 ns ; 593.562 ns) | @@
[593.562 ns ; 662.812 ns) | @
---------------------------------------------------

PartitionedLifetimeBenchmarks.ProcessLifetime: A_Accepted(Affinity=00000000000000000100, EnvironmentVariables=DOTNET_TieredCompilation=0,DEKAF_DISPATCH_PROFILE=1,DEKAF_DISPATCH_SAMPLE_DIRECTORY=C:/git/Dekaf-perf-improvements-20260907/pr-3117/profile\latency-samples,DEKAF_DISPATCH_JOB=A_Accepted, Arguments=/p:ProductDirectory=C:/git/Dekaf-perf-improvements-20260907/pr-3117/accepted,/p:UseSharedCompilation=false, IterationCount=3, LaunchCount=1, WarmupCount=3) [Mode=KeyBatchesDistinct]
Runtime = .NET 10.0.11 (10.0.11, 10.0.1126.37416), X64 RyuJIT x86-64-v3; GC = Concurrent Workstation
Mean = 601.562 ns, StdErr = 6.324 ns (1.05%), N = 3, StdDev = 10.953 ns
Min = 591.991 ns, Q1 = 595.589 ns, Median = 599.186 ns, Q3 = 606.347 ns, Max = 613.508 ns
IQR = 10.758 ns, LowerFence = 579.451 ns, UpperFence = 622.484 ns
ConfidenceInterval = [401.737 ns; 801.387 ns] (CI 99.9%), Margin = 199.825 ns (33.22% of Mean)
Skewness = 0.21, Kurtosis = 0.67, MValue = 2
-------------------- Histogram --------------------
[585.621 ns ; 605.556 ns) | @@
[605.556 ns ; 623.475 ns) | @
---------------------------------------------------

PartitionedLifetimeBenchmarks.ProcessLifetime: B_Predecessor(Affinity=00000000000000000100, EnvironmentVariables=DOTNET_TieredCompilation=0,DEKAF_DISPATCH_PROFILE=1,DEKAF_DISPATCH_SAMPLE_DIRECTORY=C:/git/Dekaf-perf-improvements-20260907/pr-3117/profile\latency-samples,DEKAF_DISPATCH_JOB=B_Predecessor, Arguments=/p:ProductDirectory=C:/git/Dekaf-perf-improvements-20260907/pr-3117/predecessor,/p:UseSharedCompilation=false, IterationCount=3, LaunchCount=1, WarmupCount=3) [Mode=KeyBatchesDistinct]
Runtime = .NET 10.0.11 (10.0.11, 10.0.1126.37416), X64 RyuJIT x86-64-v3; GC = Concurrent Workstation
Mean = 182.368 ns, StdErr = 0.275 ns (0.15%), N = 3, StdDev = 0.476 ns
Min = 181.843 ns, Q1 = 182.166 ns, Median = 182.488 ns, Q3 = 182.630 ns, Max = 182.773 ns
IQR = 0.465 ns, LowerFence = 181.468 ns, UpperFence = 183.328 ns
ConfidenceInterval = [173.678 ns; 191.058 ns] (CI 99.9%), Margin = 8.690 ns (4.77% of Mean)
Skewness = -0.24, Kurtosis = 0.67, MValue = 2
-------------------- Histogram --------------------
[181.409 ns ; 183.206 ns) | @@@
---------------------------------------------------

PartitionedLifetimeBenchmarks.ProcessLifetime: C_Published(Affinity=00000000000000000100, EnvironmentVariables=DOTNET_TieredCompilation=0,DEKAF_DISPATCH_PROFILE=1,DEKAF_DISPATCH_SAMPLE_DIRECTORY=C:/git/Dekaf-perf-improvements-20260907/pr-3117/profile\latency-samples,DEKAF_DISPATCH_JOB=C_Published, Arguments=/p:ProductDirectory=C:/git/Dekaf-perf-improvements-20260907/pr-3117/published,/p:UseSharedCompilation=false, IterationCount=3, LaunchCount=1, WarmupCount=3) [Mode=KeyBatchesDistinct]
Runtime = .NET 10.0.11 (10.0.11, 10.0.1126.37416), X64 RyuJIT x86-64-v3; GC = Concurrent Workstation
Mean = 201.112 ns, StdErr = 2.788 ns (1.39%), N = 3, StdDev = 4.830 ns
Min = 196.151 ns, Q1 = 198.769 ns, Median = 201.387 ns, Q3 = 203.592 ns, Max = 205.798 ns
IQR = 4.824 ns, LowerFence = 191.533 ns, UpperFence = 210.828 ns
ConfidenceInterval = [113.003 ns; 289.221 ns] (CI 99.9%), Margin = 88.109 ns (43.81% of Mean)
Skewness = -0.06, Kurtosis = 0.67, MValue = 2
-------------------- Histogram --------------------
[191.756 ns ; 199.197 ns) | @
[199.197 ns ; 207.987 ns) | @@
---------------------------------------------------

PartitionedLifetimeBenchmarks.ProcessLifetime: D_Candidate(Affinity=00000000000000000100, EnvironmentVariables=DOTNET_TieredCompilation=0,DEKAF_DISPATCH_PROFILE=1,DEKAF_DISPATCH_SAMPLE_DIRECTORY=C:/git/Dekaf-perf-improvements-20260907/pr-3117/profile\latency-samples,DEKAF_DISPATCH_JOB=D_Candidate, Arguments=/p:ProductDirectory=C:/git/Dekaf-perf-improvements-20260907/pr-3117/candidate,/p:UseSharedCompilation=false, IterationCount=3, LaunchCount=1, WarmupCount=3) [Mode=KeyBatchesDistinct]
Runtime = .NET 10.0.11 (10.0.11, 10.0.1126.37416), X64 RyuJIT x86-64-v3; GC = Concurrent Workstation
Mean = 190.062 ns, StdErr = 0.561 ns (0.30%), N = 3, StdDev = 0.972 ns
Min = 188.943 ns, Q1 = 189.742 ns, Median = 190.540 ns, Q3 = 190.622 ns, Max = 190.703 ns
IQR = 0.880 ns, LowerFence = 188.422 ns, UpperFence = 191.941 ns
ConfidenceInterval = [172.321 ns; 207.803 ns] (CI 99.9%), Margin = 17.741 ns (9.33% of Mean)
Skewness = -0.37, Kurtosis = 0.67, MValue = 2
-------------------- Histogram --------------------
[188.938 ns ; 190.708 ns) | @@@
---------------------------------------------------

PartitionedLifetimeBenchmarks.ProcessLifetime: E_PublishedControl(Affinity=00000000000000000100, EnvironmentVariables=DOTNET_TieredCompilation=0,DEKAF_DISPATCH_PROFILE=1,DEKAF_DISPATCH_SAMPLE_DIRECTORY=C:/git/Dekaf-perf-improvements-20260907/pr-3117/profile\latency-samples,DEKAF_DISPATCH_JOB=E_PublishedControl, Arguments=/p:ProductDirectory=C:/git/Dekaf-perf-improvements-20260907/pr-3117/published,/p:UseSharedCompilation=false, IterationCount=3, LaunchCount=1, WarmupCount=3) [Mode=KeyBatchesDistinct]
Runtime = .NET 10.0.11 (10.0.11, 10.0.1126.37416), X64 RyuJIT x86-64-v3; GC = Concurrent Workstation
Mean = 178.518 ns, StdErr = 0.214 ns (0.12%), N = 3, StdDev = 0.371 ns
Min = 178.205 ns, Q1 = 178.313 ns, Median = 178.420 ns, Q3 = 178.674 ns, Max = 178.927 ns
IQR = 0.361 ns, LowerFence = 177.771 ns, UpperFence = 179.215 ns
ConfidenceInterval = [171.756 ns; 185.279 ns] (CI 99.9%), Margin = 6.762 ns (3.79% of Mean)
Skewness = 0.24, Kurtosis = 0.67, MValue = 2
-------------------- Histogram --------------------
[177.868 ns ; 179.265 ns) | @@@
---------------------------------------------------

PartitionedLifetimeBenchmarks.ProcessLifetime: F_PredecessorControl(Affinity=00000000000000000100, EnvironmentVariables=DOTNET_TieredCompilation=0,DEKAF_DISPATCH_PROFILE=1,DEKAF_DISPATCH_SAMPLE_DIRECTORY=C:/git/Dekaf-perf-improvements-20260907/pr-3117/profile\latency-samples,DEKAF_DISPATCH_JOB=F_PredecessorControl, Arguments=/p:ProductDirectory=C:/git/Dekaf-perf-improvements-20260907/pr-3117/predecessor,/p:UseSharedCompilation=false, IterationCount=3, LaunchCount=1, WarmupCount=3) [Mode=KeyBatchesDistinct]
Runtime = .NET 10.0.11 (10.0.11, 10.0.1126.37416), X64 RyuJIT x86-64-v3; GC = Concurrent Workstation
Mean = 184.730 ns, StdErr = 1.964 ns (1.06%), N = 3, StdDev = 3.401 ns
Min = 181.406 ns, Q1 = 182.994 ns, Median = 184.581 ns, Q3 = 186.392 ns, Max = 188.203 ns
IQR = 3.399 ns, LowerFence = 177.896 ns, UpperFence = 191.490 ns
ConfidenceInterval = [122.682 ns; 246.778 ns] (CI 99.9%), Margin = 62.048 ns (33.59% of Mean)
Skewness = 0.04, Kurtosis = 0.67, MValue = 2
-------------------- Histogram --------------------
[179.898 ns ; 186.089 ns) | @@
[186.089 ns ; 191.298 ns) | @
---------------------------------------------------

PartitionedLifetimeBenchmarks.ProcessLifetime: G_AcceptedControl(Affinity=00000000000000000100, EnvironmentVariables=DOTNET_TieredCompilation=0,DEKAF_DISPATCH_PROFILE=1,DEKAF_DISPATCH_SAMPLE_DIRECTORY=C:/git/Dekaf-perf-improvements-20260907/pr-3117/profile\latency-samples,DEKAF_DISPATCH_JOB=G_AcceptedControl, Arguments=/p:ProductDirectory=C:/git/Dekaf-perf-improvements-20260907/pr-3117/accepted,/p:UseSharedCompilation=false, IterationCount=3, LaunchCount=1, WarmupCount=3) [Mode=KeyBatchesDistinct]
Runtime = .NET 10.0.11 (10.0.11, 10.0.1126.37416), X64 RyuJIT x86-64-v3; GC = Concurrent Workstation
Mean = 601.121 ns, StdErr = 0.863 ns (0.14%), N = 3, StdDev = 1.495 ns
Min = 599.411 ns, Q1 = 600.593 ns, Median = 601.775 ns, Q3 = 601.977 ns, Max = 602.178 ns
IQR = 1.384 ns, LowerFence = 598.517 ns, UpperFence = 604.052 ns
ConfidenceInterval = [573.848 ns; 628.395 ns] (CI 99.9%), Margin = 27.273 ns (4.54% of Mean)
Skewness = -0.35, Kurtosis = 0.67, MValue = 2
-------------------- Histogram --------------------
[598.050 ns ; 603.539 ns) | @@@
---------------------------------------------------

PartitionedLifetimeBenchmarks.ProcessLifetime: A_Accepted(Affinity=00000000000000000100, EnvironmentVariables=DOTNET_TieredCompilation=0,DEKAF_DISPATCH_PROFILE=1,DEKAF_DISPATCH_SAMPLE_DIRECTORY=C:/git/Dekaf-perf-improvements-20260907/pr-3117/profile\latency-samples,DEKAF_DISPATCH_JOB=A_Accepted, Arguments=/p:ProductDirectory=C:/git/Dekaf-perf-improvements-20260907/pr-3117/accepted,/p:UseSharedCompilation=false, IterationCount=3, LaunchCount=1, WarmupCount=3) [Mode=KeyRecordsPaired]
Runtime = .NET 10.0.11 (10.0.11, 10.0.1126.37416), X64 RyuJIT x86-64-v3; GC = Concurrent Workstation
Mean = 715.463 ns, StdErr = 0.583 ns (0.08%), N = 3, StdDev = 1.009 ns
Min = 714.452 ns, Q1 = 714.959 ns, Median = 715.467 ns, Q3 = 715.968 ns, Max = 716.470 ns
IQR = 1.009 ns, LowerFence = 713.446 ns, UpperFence = 717.482 ns
ConfidenceInterval = [697.056 ns; 733.869 ns] (CI 99.9%), Margin = 18.407 ns (2.57% of Mean)
Skewness = -0, Kurtosis = 0.67, MValue = 2
-------------------- Histogram --------------------
[713.534 ns ; 717.388 ns) | @@@
---------------------------------------------------

PartitionedLifetimeBenchmarks.ProcessLifetime: B_Predecessor(Affinity=00000000000000000100, EnvironmentVariables=DOTNET_TieredCompilation=0,DEKAF_DISPATCH_PROFILE=1,DEKAF_DISPATCH_SAMPLE_DIRECTORY=C:/git/Dekaf-perf-improvements-20260907/pr-3117/profile\latency-samples,DEKAF_DISPATCH_JOB=B_Predecessor, Arguments=/p:ProductDirectory=C:/git/Dekaf-perf-improvements-20260907/pr-3117/predecessor,/p:UseSharedCompilation=false, IterationCount=3, LaunchCount=1, WarmupCount=3) [Mode=KeyRecordsPaired]
Runtime = .NET 10.0.11 (10.0.11, 10.0.1126.37416), X64 RyuJIT x86-64-v3; GC = Concurrent Workstation
Mean = 195.022 ns, StdErr = 1.144 ns (0.59%), N = 3, StdDev = 1.981 ns
Min = 192.987 ns, Q1 = 194.061 ns, Median = 195.135 ns, Q3 = 196.040 ns, Max = 196.944 ns
IQR = 1.978 ns, LowerFence = 191.093 ns, UpperFence = 199.007 ns
ConfidenceInterval = [158.883 ns; 231.161 ns] (CI 99.9%), Margin = 36.139 ns (18.53% of Mean)
Skewness = -0.06, Kurtosis = 0.67, MValue = 2
-------------------- Histogram --------------------
[191.184 ns ; 198.000 ns) | @@@
---------------------------------------------------

PartitionedLifetimeBenchmarks.ProcessLifetime: C_Published(Affinity=00000000000000000100, EnvironmentVariables=DOTNET_TieredCompilation=0,DEKAF_DISPATCH_PROFILE=1,DEKAF_DISPATCH_SAMPLE_DIRECTORY=C:/git/Dekaf-perf-improvements-20260907/pr-3117/profile\latency-samples,DEKAF_DISPATCH_JOB=C_Published, Arguments=/p:ProductDirectory=C:/git/Dekaf-perf-improvements-20260907/pr-3117/published,/p:UseSharedCompilation=false, IterationCount=3, LaunchCount=1, WarmupCount=3) [Mode=KeyRecordsPaired]
Runtime = .NET 10.0.11 (10.0.11, 10.0.1126.37416), X64 RyuJIT x86-64-v3; GC = Concurrent Workstation
Mean = 195.571 ns, StdErr = 2.231 ns (1.14%), N = 3, StdDev = 3.864 ns
Min = 193.288 ns, Q1 = 193.341 ns, Median = 193.394 ns, Q3 = 196.713 ns, Max = 200.032 ns
IQR = 3.372 ns, LowerFence = 188.282 ns, UpperFence = 201.771 ns
ConfidenceInterval = [125.083 ns; 266.059 ns] (CI 99.9%), Margin = 70.488 ns (36.04% of Mean)
Skewness = 0.38, Kurtosis = 0.67, MValue = 2
-------------------- Histogram --------------------
[193.144 ns ; 200.176 ns) | @@@
---------------------------------------------------

PartitionedLifetimeBenchmarks.ProcessLifetime: D_Candidate(Affinity=00000000000000000100, EnvironmentVariables=DOTNET_TieredCompilation=0,DEKAF_DISPATCH_PROFILE=1,DEKAF_DISPATCH_SAMPLE_DIRECTORY=C:/git/Dekaf-perf-improvements-20260907/pr-3117/profile\latency-samples,DEKAF_DISPATCH_JOB=D_Candidate, Arguments=/p:ProductDirectory=C:/git/Dekaf-perf-improvements-20260907/pr-3117/candidate,/p:UseSharedCompilation=false, IterationCount=3, LaunchCount=1, WarmupCount=3) [Mode=KeyRecordsPaired]
Runtime = .NET 10.0.11 (10.0.11, 10.0.1126.37416), X64 RyuJIT x86-64-v3; GC = Concurrent Workstation
Mean = 200.606 ns, StdErr = 5.536 ns (2.76%), N = 3, StdDev = 9.589 ns
Min = 193.559 ns, Q1 = 195.146 ns, Median = 196.732 ns, Q3 = 204.129 ns, Max = 211.525 ns
IQR = 8.983 ns, LowerFence = 181.671 ns, UpperFence = 217.603 ns
ConfidenceInterval = [25.669 ns; 375.542 ns] (CI 99.9%), Margin = 174.937 ns (87.20% of Mean)
Skewness = 0.34, Kurtosis = 0.67, MValue = 2
-------------------- Histogram --------------------
[184.833 ns ; 203.872 ns) | @@
[203.872 ns ; 220.252 ns) | @
---------------------------------------------------

PartitionedLifetimeBenchmarks.ProcessLifetime: E_PublishedControl(Affinity=00000000000000000100, EnvironmentVariables=DOTNET_TieredCompilation=0,DEKAF_DISPATCH_PROFILE=1,DEKAF_DISPATCH_SAMPLE_DIRECTORY=C:/git/Dekaf-perf-improvements-20260907/pr-3117/profile\latency-samples,DEKAF_DISPATCH_JOB=E_PublishedControl, Arguments=/p:ProductDirectory=C:/git/Dekaf-perf-improvements-20260907/pr-3117/published,/p:UseSharedCompilation=false, IterationCount=3, LaunchCount=1, WarmupCount=3) [Mode=KeyRecordsPaired]
Runtime = .NET 10.0.11 (10.0.11, 10.0.1126.37416), X64 RyuJIT x86-64-v3; GC = Concurrent Workstation
Mean = 197.101 ns, StdErr = 0.363 ns (0.18%), N = 3, StdDev = 0.628 ns
Min = 196.412 ns, Q1 = 196.830 ns, Median = 197.247 ns, Q3 = 197.445 ns, Max = 197.643 ns
IQR = 0.616 ns, LowerFence = 195.906 ns, UpperFence = 198.369 ns
ConfidenceInterval = [185.635 ns; 208.566 ns] (CI 99.9%), Margin = 11.466 ns (5.82% of Mean)
Skewness = -0.22, Kurtosis = 0.67, MValue = 2
-------------------- Histogram --------------------
[195.840 ns ; 198.215 ns) | @@@
---------------------------------------------------

PartitionedLifetimeBenchmarks.ProcessLifetime: F_PredecessorControl(Affinity=00000000000000000100, EnvironmentVariables=DOTNET_TieredCompilation=0,DEKAF_DISPATCH_PROFILE=1,DEKAF_DISPATCH_SAMPLE_DIRECTORY=C:/git/Dekaf-perf-improvements-20260907/pr-3117/profile\latency-samples,DEKAF_DISPATCH_JOB=F_PredecessorControl, Arguments=/p:ProductDirectory=C:/git/Dekaf-perf-improvements-20260907/pr-3117/predecessor,/p:UseSharedCompilation=false, IterationCount=3, LaunchCount=1, WarmupCount=3) [Mode=KeyRecordsPaired]
Runtime = .NET 10.0.11 (10.0.11, 10.0.1126.37416), X64 RyuJIT x86-64-v3; GC = Concurrent Workstation
Mean = 198.495 ns, StdErr = 4.514 ns (2.27%), N = 3, StdDev = 7.819 ns
Min = 191.145 ns, Q1 = 194.387 ns, Median = 197.629 ns, Q3 = 202.170 ns, Max = 206.711 ns
IQR = 7.783 ns, LowerFence = 182.713 ns, UpperFence = 213.844 ns
ConfidenceInterval = [55.849 ns; 341.141 ns] (CI 99.9%), Margin = 142.646 ns (71.86% of Mean)
Skewness = 0.11, Kurtosis = 0.67, MValue = 2
-------------------- Histogram --------------------
[187.271 ns ; 201.502 ns) | @@
[201.502 ns ; 213.826 ns) | @
---------------------------------------------------

PartitionedLifetimeBenchmarks.ProcessLifetime: G_AcceptedControl(Affinity=00000000000000000100, EnvironmentVariables=DOTNET_TieredCompilation=0,DEKAF_DISPATCH_PROFILE=1,DEKAF_DISPATCH_SAMPLE_DIRECTORY=C:/git/Dekaf-perf-improvements-20260907/pr-3117/profile\latency-samples,DEKAF_DISPATCH_JOB=G_AcceptedControl, Arguments=/p:ProductDirectory=C:/git/Dekaf-perf-improvements-20260907/pr-3117/accepted,/p:UseSharedCompilation=false, IterationCount=3, LaunchCount=1, WarmupCount=3) [Mode=KeyRecordsPaired]
Runtime = .NET 10.0.11 (10.0.11, 10.0.1126.37416), X64 RyuJIT x86-64-v3; GC = Concurrent Workstation
Mean = 710.736 ns, StdErr = 2.293 ns (0.32%), N = 3, StdDev = 3.972 ns
Min = 707.566 ns, Q1 = 708.508 ns, Median = 709.450 ns, Q3 = 712.321 ns, Max = 715.192 ns
IQR = 3.813 ns, LowerFence = 702.789 ns, UpperFence = 718.040 ns
ConfidenceInterval = [638.273 ns; 783.199 ns] (CI 99.9%), Margin = 72.463 ns (10.20% of Mean)
Skewness = 0.29, Kurtosis = 0.67, MValue = 2
-------------------- Histogram --------------------
[703.952 ns ; 715.593 ns) | @@@
---------------------------------------------------

PartitionedLifetimeBenchmarks.ProcessLifetime: A_Accepted(Affinity=00000000000000000100, EnvironmentVariables=DOTNET_TieredCompilation=0,DEKAF_DISPATCH_PROFILE=1,DEKAF_DISPATCH_SAMPLE_DIRECTORY=C:/git/Dekaf-perf-improvements-20260907/pr-3117/profile\latency-samples,DEKAF_DISPATCH_JOB=A_Accepted, Arguments=/p:ProductDirectory=C:/git/Dekaf-perf-improvements-20260907/pr-3117/accepted,/p:UseSharedCompilation=false, IterationCount=3, LaunchCount=1, WarmupCount=3) [Mode=KeyBatchesPaired]
Runtime = .NET 10.0.11 (10.0.11, 10.0.1126.37416), X64 RyuJIT x86-64-v3; GC = Concurrent Workstation
Mean = 831.533 ns, StdErr = 0.969 ns (0.12%), N = 3, StdDev = 1.679 ns
Min = 830.269 ns, Q1 = 830.581 ns, Median = 830.893 ns, Q3 = 832.166 ns, Max = 833.438 ns
IQR = 1.585 ns, LowerFence = 828.203 ns, UpperFence = 834.543 ns
ConfidenceInterval = [800.899 ns; 862.167 ns] (CI 99.9%), Margin = 30.634 ns (3.68% of Mean)
Skewness = 0.33, Kurtosis = 0.67, MValue = 2
-------------------- Histogram --------------------
[828.741 ns ; 834.967 ns) | @@@
---------------------------------------------------

PartitionedLifetimeBenchmarks.ProcessLifetime: B_Predecessor(Affinity=00000000000000000100, EnvironmentVariables=DOTNET_TieredCompilation=0,DEKAF_DISPATCH_PROFILE=1,DEKAF_DISPATCH_SAMPLE_DIRECTORY=C:/git/Dekaf-perf-improvements-20260907/pr-3117/profile\latency-samples,DEKAF_DISPATCH_JOB=B_Predecessor, Arguments=/p:ProductDirectory=C:/git/Dekaf-perf-improvements-20260907/pr-3117/predecessor,/p:UseSharedCompilation=false, IterationCount=3, LaunchCount=1, WarmupCount=3) [Mode=KeyBatchesPaired]
Runtime = .NET 10.0.11 (10.0.11, 10.0.1126.37416), X64 RyuJIT x86-64-v3; GC = Concurrent Workstation
Mean = 209.441 ns, StdErr = 1.702 ns (0.81%), N = 3, StdDev = 2.948 ns
Min = 207.668 ns, Q1 = 207.739 ns, Median = 207.811 ns, Q3 = 210.328 ns, Max = 212.844 ns
IQR = 2.588 ns, LowerFence = 203.857 ns, UpperFence = 214.210 ns
ConfidenceInterval = [155.655 ns; 263.227 ns] (CI 99.9%), Margin = 53.786 ns (25.68% of Mean)
Skewness = 0.38, Kurtosis = 0.67, MValue = 2
-------------------- Histogram --------------------
[207.573 ns ; 212.939 ns) | @@@
---------------------------------------------------

PartitionedLifetimeBenchmarks.ProcessLifetime: C_Published(Affinity=00000000000000000100, EnvironmentVariables=DOTNET_TieredCompilation=0,DEKAF_DISPATCH_PROFILE=1,DEKAF_DISPATCH_SAMPLE_DIRECTORY=C:/git/Dekaf-perf-improvements-20260907/pr-3117/profile\latency-samples,DEKAF_DISPATCH_JOB=C_Published, Arguments=/p:ProductDirectory=C:/git/Dekaf-perf-improvements-20260907/pr-3117/published,/p:UseSharedCompilation=false, IterationCount=3, LaunchCount=1, WarmupCount=3) [Mode=KeyBatchesPaired]
Runtime = .NET 10.0.11 (10.0.11, 10.0.1126.37416), X64 RyuJIT x86-64-v3; GC = Concurrent Workstation
Mean = 202.200 ns, StdErr = 6.641 ns (3.28%), N = 3, StdDev = 11.502 ns
Min = 195.162 ns, Q1 = 195.564 ns, Median = 195.965 ns, Q3 = 205.719 ns, Max = 215.473 ns
IQR = 10.156 ns, LowerFence = 180.330 ns, UpperFence = 220.953 ns
ConfidenceInterval = [-7.636 ns; 412.036 ns] (CI 99.9%), Margin = 209.836 ns (103.78% of Mean)
Skewness = 0.38, Kurtosis = 0.67, MValue = 2
-------------------- Histogram --------------------
[194.851 ns ; 215.785 ns) | @@@
---------------------------------------------------

PartitionedLifetimeBenchmarks.ProcessLifetime: D_Candidate(Affinity=00000000000000000100, EnvironmentVariables=DOTNET_TieredCompilation=0,DEKAF_DISPATCH_PROFILE=1,DEKAF_DISPATCH_SAMPLE_DIRECTORY=C:/git/Dekaf-perf-improvements-20260907/pr-3117/profile\latency-samples,DEKAF_DISPATCH_JOB=D_Candidate, Arguments=/p:ProductDirectory=C:/git/Dekaf-perf-improvements-20260907/pr-3117/candidate,/p:UseSharedCompilation=false, IterationCount=3, LaunchCount=1, WarmupCount=3) [Mode=KeyBatchesPaired]
Runtime = .NET 10.0.11 (10.0.11, 10.0.1126.37416), X64 RyuJIT x86-64-v3; GC = Concurrent Workstation
Mean = 225.025 ns, StdErr = 1.172 ns (0.52%), N = 3, StdDev = 2.031 ns
Min = 222.696 ns, Q1 = 224.325 ns, Median = 225.953 ns, Q3 = 226.190 ns, Max = 226.426 ns
IQR = 1.865 ns, LowerFence = 221.528 ns, UpperFence = 228.987 ns
ConfidenceInterval = [187.979 ns; 262.072 ns] (CI 99.9%), Margin = 37.046 ns (16.46% of Mean)
Skewness = -0.36, Kurtosis = 0.67, MValue = 2
-------------------- Histogram --------------------
[220.848 ns ; 228.274 ns) | @@@
---------------------------------------------------

PartitionedLifetimeBenchmarks.ProcessLifetime: E_PublishedControl(Affinity=00000000000000000100, EnvironmentVariables=DOTNET_TieredCompilation=0,DEKAF_DISPATCH_PROFILE=1,DEKAF_DISPATCH_SAMPLE_DIRECTORY=C:/git/Dekaf-perf-improvements-20260907/pr-3117/profile\latency-samples,DEKAF_DISPATCH_JOB=E_PublishedControl, Arguments=/p:ProductDirectory=C:/git/Dekaf-perf-improvements-20260907/pr-3117/published,/p:UseSharedCompilation=false, IterationCount=3, LaunchCount=1, WarmupCount=3) [Mode=KeyBatchesPaired]
Runtime = .NET 10.0.11 (10.0.11, 10.0.1126.37416), X64 RyuJIT x86-64-v3; GC = Concurrent Workstation
Mean = 202.410 ns, StdErr = 2.048 ns (1.01%), N = 3, StdDev = 3.546 ns
Min = 199.625 ns, Q1 = 200.414 ns, Median = 201.202 ns, Q3 = 203.803 ns, Max = 206.403 ns
IQR = 3.389 ns, LowerFence = 195.331 ns, UpperFence = 208.886 ns
ConfidenceInterval = [137.709 ns; 267.111 ns] (CI 99.9%), Margin = 64.701 ns (31.97% of Mean)
Skewness = 0.3, Kurtosis = 0.67, MValue = 2
-------------------- Histogram --------------------
[197.186 ns ; 203.641 ns) | @@
[203.641 ns ; 209.630 ns) | @
---------------------------------------------------

PartitionedLifetimeBenchmarks.ProcessLifetime: F_PredecessorControl(Affinity=00000000000000000100, EnvironmentVariables=DOTNET_TieredCompilation=0,DEKAF_DISPATCH_PROFILE=1,DEKAF_DISPATCH_SAMPLE_DIRECTORY=C:/git/Dekaf-perf-improvements-20260907/pr-3117/profile\latency-samples,DEKAF_DISPATCH_JOB=F_PredecessorControl, Arguments=/p:ProductDirectory=C:/git/Dekaf-perf-improvements-20260907/pr-3117/predecessor,/p:UseSharedCompilation=false, IterationCount=3, LaunchCount=1, WarmupCount=3) [Mode=KeyBatchesPaired]
Runtime = .NET 10.0.11 (10.0.11, 10.0.1126.37416), X64 RyuJIT x86-64-v3; GC = Concurrent Workstation
Mean = 198.229 ns, StdErr = 4.044 ns (2.04%), N = 3, StdDev = 7.004 ns
Min = 191.731 ns, Q1 = 194.521 ns, Median = 197.311 ns, Q3 = 201.479 ns, Max = 205.647 ns
IQR = 6.958 ns, LowerFence = 184.083 ns, UpperFence = 211.916 ns
ConfidenceInterval = [70.456 ns; 326.003 ns] (CI 99.9%), Margin = 127.773 ns (64.46% of Mean)
Skewness = 0.13, Kurtosis = 0.67, MValue = 2
-------------------- Histogram --------------------
[188.147 ns ; 200.894 ns) | @@
[200.894 ns ; 212.021 ns) | @
---------------------------------------------------

PartitionedLifetimeBenchmarks.ProcessLifetime: G_AcceptedControl(Affinity=00000000000000000100, EnvironmentVariables=DOTNET_TieredCompilation=0,DEKAF_DISPATCH_PROFILE=1,DEKAF_DISPATCH_SAMPLE_DIRECTORY=C:/git/Dekaf-perf-improvements-20260907/pr-3117/profile\latency-samples,DEKAF_DISPATCH_JOB=G_AcceptedControl, Arguments=/p:ProductDirectory=C:/git/Dekaf-perf-improvements-20260907/pr-3117/accepted,/p:UseSharedCompilation=false, IterationCount=3, LaunchCount=1, WarmupCount=3) [Mode=KeyBatchesPaired]
Runtime = .NET 10.0.11 (10.0.11, 10.0.1126.37416), X64 RyuJIT x86-64-v3; GC = Concurrent Workstation
Mean = 782.193 ns, StdErr = 5.316 ns (0.68%), N = 3, StdDev = 9.208 ns
Min = 771.678 ns, Q1 = 778.883 ns, Median = 786.088 ns, Q3 = 787.451 ns, Max = 788.814 ns
IQR = 8.568 ns, LowerFence = 766.030 ns, UpperFence = 800.303 ns
ConfidenceInterval = [614.202 ns; 950.185 ns] (CI 99.9%), Margin = 167.991 ns (21.48% of Mean)
Skewness = -0.35, Kurtosis = 0.67, MValue = 2
-------------------- Histogram --------------------
[763.298 ns ; 779.071 ns) | @
[779.071 ns ; 797.194 ns) | @@
---------------------------------------------------

// * Summary *

BenchmarkDotNet v0.15.8, Windows 11 (10.0.26200.9168/25H2/2025Update/HudsonValley2)
12th Gen Intel Core i7-12700K 3.60GHz, 1 CPU, 20 logical and 12 physical cores
.NET SDK 10.0.400
  [Host]               : .NET 10.0.11 (10.0.11, 10.0.1126.37416), X64 RyuJIT x86-64-v3
  A_Accepted           : .NET 10.0.11 (10.0.11, 10.0.1126.37416), X64 RyuJIT x86-64-v3
  B_Predecessor        : .NET 10.0.11 (10.0.11, 10.0.1126.37416), X64 RyuJIT x86-64-v3
  C_Published          : .NET 10.0.11 (10.0.11, 10.0.1126.37416), X64 RyuJIT x86-64-v3
  D_Candidate          : .NET 10.0.11 (10.0.11, 10.0.1126.37416), X64 RyuJIT x86-64-v3
  E_PublishedControl   : .NET 10.0.11 (10.0.11, 10.0.1126.37416), X64 RyuJIT x86-64-v3
  F_PredecessorControl : .NET 10.0.11 (10.0.11, 10.0.1126.37416), X64 RyuJIT x86-64-v3
  G_AcceptedControl    : .NET 10.0.11 (10.0.11, 10.0.1126.37416), X64 RyuJIT x86-64-v3

Affinity=00000000000000000100  IterationCount=3  LaunchCount=1  
WarmupCount=3  

| Method          | Job                  | EnvironmentVariables                                                                                                                                                                                | Arguments                                                                                                     | Mode               | Mean     | Error     | StdDev   | Gen0   | Gen1   | Allocated |
|---------------- |--------------------- |---------------------------------------------------------------------------------------------------------------------------------------------------------------------------------------------------- |-------------------------------------------------------------------------------------------------------------- |------------------- |---------:|----------:|---------:|-------:|-------:|----------:|
| ProcessLifetime | A_Accepted           | DOTNET_TieredCompilation=0,DEKAF_DISPATCH_PROFILE=1,DEKAF_DISPATCH_SAMPLE_DIRECTORY=C:/git/Dekaf-perf-improvements-20260907/pr-3117/profile\latency-samples,DEKAF_DISPATCH_JOB=A_Accepted           | /p:ProductDirectory=C:/git/Dekaf-perf-improvements-20260907/pr-3117/accepted,/p:UseSharedCompilation=false    | KeyRecordsDistinct | 568.1 ns | 152.38 ns |  8.35 ns | 0.0706 |      - |     928 B |
| ProcessLifetime | B_Predecessor        | DOTNET_TieredCompilation=0,DEKAF_DISPATCH_PROFILE=1,DEKAF_DISPATCH_SAMPLE_DIRECTORY=C:/git/Dekaf-perf-improvements-20260907/pr-3117/profile\latency-samples,DEKAF_DISPATCH_JOB=B_Predecessor        | /p:ProductDirectory=C:/git/Dekaf-perf-improvements-20260907/pr-3117/predecessor,/p:UseSharedCompilation=false | KeyRecordsDistinct | 182.8 ns |  15.51 ns |  0.85 ns |      - |      - |         - |
| ProcessLifetime | C_Published          | DOTNET_TieredCompilation=0,DEKAF_DISPATCH_PROFILE=1,DEKAF_DISPATCH_SAMPLE_DIRECTORY=C:/git/Dekaf-perf-improvements-20260907/pr-3117/profile\latency-samples,DEKAF_DISPATCH_JOB=C_Published          | /p:ProductDirectory=C:/git/Dekaf-perf-improvements-20260907/pr-3117/published,/p:UseSharedCompilation=false   | KeyRecordsDistinct | 194.8 ns | 121.47 ns |  6.66 ns |      - |      - |         - |
| ProcessLifetime | D_Candidate          | DOTNET_TieredCompilation=0,DEKAF_DISPATCH_PROFILE=1,DEKAF_DISPATCH_SAMPLE_DIRECTORY=C:/git/Dekaf-perf-improvements-20260907/pr-3117/profile\latency-samples,DEKAF_DISPATCH_JOB=D_Candidate          | /p:ProductDirectory=C:/git/Dekaf-perf-improvements-20260907/pr-3117/candidate,/p:UseSharedCompilation=false   | KeyRecordsDistinct | 188.7 ns | 159.28 ns |  8.73 ns |      - |      - |         - |
| ProcessLifetime | E_PublishedControl   | DOTNET_TieredCompilation=0,DEKAF_DISPATCH_PROFILE=1,DEKAF_DISPATCH_SAMPLE_DIRECTORY=C:/git/Dekaf-perf-improvements-20260907/pr-3117/profile\latency-samples,DEKAF_DISPATCH_JOB=E_PublishedControl   | /p:ProductDirectory=C:/git/Dekaf-perf-improvements-20260907/pr-3117/published,/p:UseSharedCompilation=false   | KeyRecordsDistinct | 182.7 ns |  42.04 ns |  2.30 ns |      - |      - |         - |
| ProcessLifetime | F_PredecessorControl | DOTNET_TieredCompilation=0,DEKAF_DISPATCH_PROFILE=1,DEKAF_DISPATCH_SAMPLE_DIRECTORY=C:/git/Dekaf-perf-improvements-20260907/pr-3117/profile\latency-samples,DEKAF_DISPATCH_JOB=F_PredecessorControl | /p:ProductDirectory=C:/git/Dekaf-perf-improvements-20260907/pr-3117/predecessor,/p:UseSharedCompilation=false | KeyRecordsDistinct | 180.1 ns |  10.87 ns |  0.60 ns |      - |      - |         - |
| ProcessLifetime | G_AcceptedControl    | DOTNET_TieredCompilation=0,DEKAF_DISPATCH_PROFILE=1,DEKAF_DISPATCH_SAMPLE_DIRECTORY=C:/git/Dekaf-perf-improvements-20260907/pr-3117/profile\latency-samples,DEKAF_DISPATCH_JOB=G_AcceptedControl    | /p:ProductDirectory=C:/git/Dekaf-perf-improvements-20260907/pr-3117/accepted,/p:UseSharedCompilation=false    | KeyRecordsDistinct | 579.9 ns | 736.47 ns | 40.37 ns | 0.0706 |      - |     928 B |
| ProcessLifetime | A_Accepted           | DOTNET_TieredCompilation=0,DEKAF_DISPATCH_PROFILE=1,DEKAF_DISPATCH_SAMPLE_DIRECTORY=C:/git/Dekaf-perf-improvements-20260907/pr-3117/profile\latency-samples,DEKAF_DISPATCH_JOB=A_Accepted           | /p:ProductDirectory=C:/git/Dekaf-perf-improvements-20260907/pr-3117/accepted,/p:UseSharedCompilation=false    | KeyBatchesDistinct | 601.6 ns | 199.83 ns | 10.95 ns | 0.1717 | 0.0010 |    2248 B |
| ProcessLifetime | B_Predecessor        | DOTNET_TieredCompilation=0,DEKAF_DISPATCH_PROFILE=1,DEKAF_DISPATCH_SAMPLE_DIRECTORY=C:/git/Dekaf-perf-improvements-20260907/pr-3117/profile\latency-samples,DEKAF_DISPATCH_JOB=B_Predecessor        | /p:ProductDirectory=C:/git/Dekaf-perf-improvements-20260907/pr-3117/predecessor,/p:UseSharedCompilation=false | KeyBatchesDistinct | 182.4 ns |   8.69 ns |  0.48 ns |      - |      - |         - |
| ProcessLifetime | C_Published          | DOTNET_TieredCompilation=0,DEKAF_DISPATCH_PROFILE=1,DEKAF_DISPATCH_SAMPLE_DIRECTORY=C:/git/Dekaf-perf-improvements-20260907/pr-3117/profile\latency-samples,DEKAF_DISPATCH_JOB=C_Published          | /p:ProductDirectory=C:/git/Dekaf-perf-improvements-20260907/pr-3117/published,/p:UseSharedCompilation=false   | KeyBatchesDistinct | 201.1 ns |  88.11 ns |  4.83 ns |      - |      - |         - |
| ProcessLifetime | D_Candidate          | DOTNET_TieredCompilation=0,DEKAF_DISPATCH_PROFILE=1,DEKAF_DISPATCH_SAMPLE_DIRECTORY=C:/git/Dekaf-perf-improvements-20260907/pr-3117/profile\latency-samples,DEKAF_DISPATCH_JOB=D_Candidate          | /p:ProductDirectory=C:/git/Dekaf-perf-improvements-20260907/pr-3117/candidate,/p:UseSharedCompilation=false   | KeyBatchesDistinct | 190.1 ns |  17.74 ns |  0.97 ns |      - |      - |         - |
| ProcessLifetime | E_PublishedControl   | DOTNET_TieredCompilation=0,DEKAF_DISPATCH_PROFILE=1,DEKAF_DISPATCH_SAMPLE_DIRECTORY=C:/git/Dekaf-perf-improvements-20260907/pr-3117/profile\latency-samples,DEKAF_DISPATCH_JOB=E_PublishedControl   | /p:ProductDirectory=C:/git/Dekaf-perf-improvements-20260907/pr-3117/published,/p:UseSharedCompilation=false   | KeyBatchesDistinct | 178.5 ns |   6.76 ns |  0.37 ns |      - |      - |         - |
| ProcessLifetime | F_PredecessorControl | DOTNET_TieredCompilation=0,DEKAF_DISPATCH_PROFILE=1,DEKAF_DISPATCH_SAMPLE_DIRECTORY=C:/git/Dekaf-perf-improvements-20260907/pr-3117/profile\latency-samples,DEKAF_DISPATCH_JOB=F_PredecessorControl | /p:ProductDirectory=C:/git/Dekaf-perf-improvements-20260907/pr-3117/predecessor,/p:UseSharedCompilation=false | KeyBatchesDistinct | 184.7 ns |  62.05 ns |  3.40 ns |      - |      - |         - |
| ProcessLifetime | G_AcceptedControl    | DOTNET_TieredCompilation=0,DEKAF_DISPATCH_PROFILE=1,DEKAF_DISPATCH_SAMPLE_DIRECTORY=C:/git/Dekaf-perf-improvements-20260907/pr-3117/profile\latency-samples,DEKAF_DISPATCH_JOB=G_AcceptedControl    | /p:ProductDirectory=C:/git/Dekaf-perf-improvements-20260907/pr-3117/accepted,/p:UseSharedCompilation=false    | KeyBatchesDistinct | 601.1 ns |  27.27 ns |  1.49 ns | 0.1717 | 0.0010 |    2248 B |
| ProcessLifetime | A_Accepted           | DOTNET_TieredCompilation=0,DEKAF_DISPATCH_PROFILE=1,DEKAF_DISPATCH_SAMPLE_DIRECTORY=C:/git/Dekaf-perf-improvements-20260907/pr-3117/profile\latency-samples,DEKAF_DISPATCH_JOB=A_Accepted           | /p:ProductDirectory=C:/git/Dekaf-perf-improvements-20260907/pr-3117/accepted,/p:UseSharedCompilation=false    | KeyRecordsPaired   | 715.5 ns |  18.41 ns |  1.01 ns | 0.0890 |      - |    1164 B |
| ProcessLifetime | B_Predecessor        | DOTNET_TieredCompilation=0,DEKAF_DISPATCH_PROFILE=1,DEKAF_DISPATCH_SAMPLE_DIRECTORY=C:/git/Dekaf-perf-improvements-20260907/pr-3117/profile\latency-samples,DEKAF_DISPATCH_JOB=B_Predecessor        | /p:ProductDirectory=C:/git/Dekaf-perf-improvements-20260907/pr-3117/predecessor,/p:UseSharedCompilation=false | KeyRecordsPaired   | 195.0 ns |  36.14 ns |  1.98 ns |      - |      - |         - |
| ProcessLifetime | C_Published          | DOTNET_TieredCompilation=0,DEKAF_DISPATCH_PROFILE=1,DEKAF_DISPATCH_SAMPLE_DIRECTORY=C:/git/Dekaf-perf-improvements-20260907/pr-3117/profile\latency-samples,DEKAF_DISPATCH_JOB=C_Published          | /p:ProductDirectory=C:/git/Dekaf-perf-improvements-20260907/pr-3117/published,/p:UseSharedCompilation=false   | KeyRecordsPaired   | 195.6 ns |  70.49 ns |  3.86 ns |      - |      - |         - |
| ProcessLifetime | D_Candidate          | DOTNET_TieredCompilation=0,DEKAF_DISPATCH_PROFILE=1,DEKAF_DISPATCH_SAMPLE_DIRECTORY=C:/git/Dekaf-perf-improvements-20260907/pr-3117/profile\latency-samples,DEKAF_DISPATCH_JOB=D_Candidate          | /p:ProductDirectory=C:/git/Dekaf-perf-improvements-20260907/pr-3117/candidate,/p:UseSharedCompilation=false   | KeyRecordsPaired   | 200.6 ns | 174.94 ns |  9.59 ns |      - |      - |         - |
| ProcessLifetime | E_PublishedControl   | DOTNET_TieredCompilation=0,DEKAF_DISPATCH_PROFILE=1,DEKAF_DISPATCH_SAMPLE_DIRECTORY=C:/git/Dekaf-perf-improvements-20260907/pr-3117/profile\latency-samples,DEKAF_DISPATCH_JOB=E_PublishedControl   | /p:ProductDirectory=C:/git/Dekaf-perf-improvements-20260907/pr-3117/published,/p:UseSharedCompilation=false   | KeyRecordsPaired   | 197.1 ns |  11.47 ns |  0.63 ns |      - |      - |         - |
| ProcessLifetime | F_PredecessorControl | DOTNET_TieredCompilation=0,DEKAF_DISPATCH_PROFILE=1,DEKAF_DISPATCH_SAMPLE_DIRECTORY=C:/git/Dekaf-perf-improvements-20260907/pr-3117/profile\latency-samples,DEKAF_DISPATCH_JOB=F_PredecessorControl | /p:ProductDirectory=C:/git/Dekaf-perf-improvements-20260907/pr-3117/predecessor,/p:UseSharedCompilation=false | KeyRecordsPaired   | 198.5 ns | 142.65 ns |  7.82 ns |      - |      - |         - |
| ProcessLifetime | G_AcceptedControl    | DOTNET_TieredCompilation=0,DEKAF_DISPATCH_PROFILE=1,DEKAF_DISPATCH_SAMPLE_DIRECTORY=C:/git/Dekaf-perf-improvements-20260907/pr-3117/profile\latency-samples,DEKAF_DISPATCH_JOB=G_AcceptedControl    | /p:ProductDirectory=C:/git/Dekaf-perf-improvements-20260907/pr-3117/accepted,/p:UseSharedCompilation=false    | KeyRecordsPaired   | 710.7 ns |  72.46 ns |  3.97 ns | 0.0890 |      - |    1164 B |
| ProcessLifetime | A_Accepted           | DOTNET_TieredCompilation=0,DEKAF_DISPATCH_PROFILE=1,DEKAF_DISPATCH_SAMPLE_DIRECTORY=C:/git/Dekaf-perf-improvements-20260907/pr-3117/profile\latency-samples,DEKAF_DISPATCH_JOB=A_Accepted           | /p:ProductDirectory=C:/git/Dekaf-perf-improvements-20260907/pr-3117/accepted,/p:UseSharedCompilation=false    | KeyBatchesPaired   | 831.5 ns |  30.63 ns |  1.68 ns | 0.1856 |      - |    2440 B |
| ProcessLifetime | B_Predecessor        | DOTNET_TieredCompilation=0,DEKAF_DISPATCH_PROFILE=1,DEKAF_DISPATCH_SAMPLE_DIRECTORY=C:/git/Dekaf-perf-improvements-20260907/pr-3117/profile\latency-samples,DEKAF_DISPATCH_JOB=B_Predecessor        | /p:ProductDirectory=C:/git/Dekaf-perf-improvements-20260907/pr-3117/predecessor,/p:UseSharedCompilation=false | KeyBatchesPaired   | 209.4 ns |  53.79 ns |  2.95 ns |      - |      - |         - |
| ProcessLifetime | C_Published          | DOTNET_TieredCompilation=0,DEKAF_DISPATCH_PROFILE=1,DEKAF_DISPATCH_SAMPLE_DIRECTORY=C:/git/Dekaf-perf-improvements-20260907/pr-3117/profile\latency-samples,DEKAF_DISPATCH_JOB=C_Published          | /p:ProductDirectory=C:/git/Dekaf-perf-improvements-20260907/pr-3117/published,/p:UseSharedCompilation=false   | KeyBatchesPaired   | 202.2 ns | 209.84 ns | 11.50 ns |      - |      - |         - |
| ProcessLifetime | D_Candidate          | DOTNET_TieredCompilation=0,DEKAF_DISPATCH_PROFILE=1,DEKAF_DISPATCH_SAMPLE_DIRECTORY=C:/git/Dekaf-perf-improvements-20260907/pr-3117/profile\latency-samples,DEKAF_DISPATCH_JOB=D_Candidate          | /p:ProductDirectory=C:/git/Dekaf-perf-improvements-20260907/pr-3117/candidate,/p:UseSharedCompilation=false   | KeyBatchesPaired   | 225.0 ns |  37.05 ns |  2.03 ns |      - |      - |         - |
| ProcessLifetime | E_PublishedControl   | DOTNET_TieredCompilation=0,DEKAF_DISPATCH_PROFILE=1,DEKAF_DISPATCH_SAMPLE_DIRECTORY=C:/git/Dekaf-perf-improvements-20260907/pr-3117/profile\latency-samples,DEKAF_DISPATCH_JOB=E_PublishedControl   | /p:ProductDirectory=C:/git/Dekaf-perf-improvements-20260907/pr-3117/published,/p:UseSharedCompilation=false   | KeyBatchesPaired   | 202.4 ns |  64.70 ns |  3.55 ns |      - |      - |         - |
| ProcessLifetime | F_PredecessorControl | DOTNET_TieredCompilation=0,DEKAF_DISPATCH_PROFILE=1,DEKAF_DISPATCH_SAMPLE_DIRECTORY=C:/git/Dekaf-perf-improvements-20260907/pr-3117/profile\latency-samples,DEKAF_DISPATCH_JOB=F_PredecessorControl | /p:ProductDirectory=C:/git/Dekaf-perf-improvements-20260907/pr-3117/predecessor,/p:UseSharedCompilation=false | KeyBatchesPaired   | 198.2 ns | 127.77 ns |  7.00 ns |      - |      - |         - |
| ProcessLifetime | G_AcceptedControl    | DOTNET_TieredCompilation=0,DEKAF_DISPATCH_PROFILE=1,DEKAF_DISPATCH_SAMPLE_DIRECTORY=C:/git/Dekaf-perf-improvements-20260907/pr-3117/profile\latency-samples,DEKAF_DISPATCH_JOB=G_AcceptedControl    | /p:ProductDirectory=C:/git/Dekaf-perf-improvements-20260907/pr-3117/accepted,/p:UseSharedCompilation=false    | KeyBatchesPaired   | 782.2 ns | 167.99 ns |  9.21 ns | 0.1856 |      - |    2440 B |

// * Legends *
  Mode      : Value of the 'Mode' parameter
  Mean      : Arithmetic mean of all measurements
  Error     : Half of 99.9% confidence interval
  StdDev    : Standard deviation of all measurements
  Gen0      : GC Generation 0 collects per 1000 operations
  Gen1      : GC Generation 1 collects per 1000 operations
  Allocated : Allocated memory per single operation (managed only, inclusive, 1KB = 1024B)
  1 ns      : 1 Nanosecond (0.000000001 sec)

// * Diagnostic Output - MemoryDiagnoser *


// ***** BenchmarkRunner: End *****
Run time: 00:03:13 (193.29 sec), executed benchmarks: 28

Global total time: 00:03:16 (196.96 sec), executed benchmarks: 28
// * Artifacts cleanup *
Artifacts cleanup is finished
