// Validating benchmarks:
// ***** BenchmarkRunner: Start   *****
// ***** Found 24 benchmark(s) in total *****
// ***** Building 4 exe(s) in Parallel: Start   *****
// ***** Done, took 00:00:03 (3.19 sec)   *****
// Found 24 benchmarks:
//   PartitionedLifetimeBenchmarks.ProcessLifetime: A_Predecessor(Affinity=00000000000000000100, EnvironmentVariables=DOTNET_TieredCompilation=0,DEKAF_DISPATCH_PROFILE=1,DEKAF_DISPATCH_SAMPLE_DIRECTORY=C:/git/Dekaf-perf-improvements-20260907/pr-3117/profile-v2\latency-samples,DEKAF_DISPATCH_JOB=A_Predecessor, Arguments=/p:ProductDirectory=C:/git/Dekaf-perf-improvements-20260907/pr-3117/predecessor,/p:UseSharedCompilation=false, IterationCount=3, IterationTime=250ms, WarmupCount=3) [Mode=KeyRecordsDistinct]
//   PartitionedLifetimeBenchmarks.ProcessLifetime: B_Published(Affinity=00000000000000000100, EnvironmentVariables=DOTNET_TieredCompilation=0,DEKAF_DISPATCH_PROFILE=1,DEKAF_DISPATCH_SAMPLE_DIRECTORY=C:/git/Dekaf-perf-improvements-20260907/pr-3117/profile-v2\latency-samples,DEKAF_DISPATCH_JOB=B_Published, Arguments=/p:ProductDirectory=C:/git/Dekaf-perf-improvements-20260907/pr-3117/published,/p:UseSharedCompilation=false, IterationCount=3, IterationTime=250ms, WarmupCount=3) [Mode=KeyRecordsDistinct]
//   PartitionedLifetimeBenchmarks.ProcessLifetime: C_SingleProbe(Affinity=00000000000000000100, EnvironmentVariables=DOTNET_TieredCompilation=0,DEKAF_DISPATCH_PROFILE=1,DEKAF_DISPATCH_SAMPLE_DIRECTORY=C:/git/Dekaf-perf-improvements-20260907/pr-3117/profile-v2\latency-samples,DEKAF_DISPATCH_JOB=C_SingleProbe, Arguments=/p:ProductDirectory=C:/git/Dekaf-perf-improvements-20260907/pr-3117/candidate,/p:UseSharedCompilation=false, IterationCount=3, IterationTime=250ms, WarmupCount=3) [Mode=KeyRecordsDistinct]
//   PartitionedLifetimeBenchmarks.ProcessLifetime: D_ClearOnce(Affinity=00000000000000000100, EnvironmentVariables=DOTNET_TieredCompilation=0,DEKAF_DISPATCH_PROFILE=1,DEKAF_DISPATCH_SAMPLE_DIRECTORY=C:/git/Dekaf-perf-improvements-20260907/pr-3117/profile-v2\latency-samples,DEKAF_DISPATCH_JOB=D_ClearOnce, Arguments=/p:ProductDirectory=C:/git/Dekaf-perf-improvements-20260907/pr-3117/candidate-v2,/p:UseSharedCompilation=false, IterationCount=3, IterationTime=250ms, WarmupCount=3) [Mode=KeyRecordsDistinct]
//   PartitionedLifetimeBenchmarks.ProcessLifetime: E_PublishedControl(Affinity=00000000000000000100, EnvironmentVariables=DOTNET_TieredCompilation=0,DEKAF_DISPATCH_PROFILE=1,DEKAF_DISPATCH_SAMPLE_DIRECTORY=C:/git/Dekaf-perf-improvements-20260907/pr-3117/profile-v2\latency-samples,DEKAF_DISPATCH_JOB=E_PublishedControl, Arguments=/p:ProductDirectory=C:/git/Dekaf-perf-improvements-20260907/pr-3117/published,/p:UseSharedCompilation=false, IterationCount=3, IterationTime=250ms, WarmupCount=3) [Mode=KeyRecordsDistinct]
//   PartitionedLifetimeBenchmarks.ProcessLifetime: F_PredecessorControl(Affinity=00000000000000000100, EnvironmentVariables=DOTNET_TieredCompilation=0,DEKAF_DISPATCH_PROFILE=1,DEKAF_DISPATCH_SAMPLE_DIRECTORY=C:/git/Dekaf-perf-improvements-20260907/pr-3117/profile-v2\latency-samples,DEKAF_DISPATCH_JOB=F_PredecessorControl, Arguments=/p:ProductDirectory=C:/git/Dekaf-perf-improvements-20260907/pr-3117/predecessor,/p:UseSharedCompilation=false, IterationCount=3, IterationTime=250ms, WarmupCount=3) [Mode=KeyRecordsDistinct]
//   PartitionedLifetimeBenchmarks.ProcessLifetime: A_Predecessor(Affinity=00000000000000000100, EnvironmentVariables=DOTNET_TieredCompilation=0,DEKAF_DISPATCH_PROFILE=1,DEKAF_DISPATCH_SAMPLE_DIRECTORY=C:/git/Dekaf-perf-improvements-20260907/pr-3117/profile-v2\latency-samples,DEKAF_DISPATCH_JOB=A_Predecessor, Arguments=/p:ProductDirectory=C:/git/Dekaf-perf-improvements-20260907/pr-3117/predecessor,/p:UseSharedCompilation=false, IterationCount=3, IterationTime=250ms, WarmupCount=3) [Mode=KeyBatchesDistinct]
//   PartitionedLifetimeBenchmarks.ProcessLifetime: B_Published(Affinity=00000000000000000100, EnvironmentVariables=DOTNET_TieredCompilation=0,DEKAF_DISPATCH_PROFILE=1,DEKAF_DISPATCH_SAMPLE_DIRECTORY=C:/git/Dekaf-perf-improvements-20260907/pr-3117/profile-v2\latency-samples,DEKAF_DISPATCH_JOB=B_Published, Arguments=/p:ProductDirectory=C:/git/Dekaf-perf-improvements-20260907/pr-3117/published,/p:UseSharedCompilation=false, IterationCount=3, IterationTime=250ms, WarmupCount=3) [Mode=KeyBatchesDistinct]
//   PartitionedLifetimeBenchmarks.ProcessLifetime: C_SingleProbe(Affinity=00000000000000000100, EnvironmentVariables=DOTNET_TieredCompilation=0,DEKAF_DISPATCH_PROFILE=1,DEKAF_DISPATCH_SAMPLE_DIRECTORY=C:/git/Dekaf-perf-improvements-20260907/pr-3117/profile-v2\latency-samples,DEKAF_DISPATCH_JOB=C_SingleProbe, Arguments=/p:ProductDirectory=C:/git/Dekaf-perf-improvements-20260907/pr-3117/candidate,/p:UseSharedCompilation=false, IterationCount=3, IterationTime=250ms, WarmupCount=3) [Mode=KeyBatchesDistinct]
//   PartitionedLifetimeBenchmarks.ProcessLifetime: D_ClearOnce(Affinity=00000000000000000100, EnvironmentVariables=DOTNET_TieredCompilation=0,DEKAF_DISPATCH_PROFILE=1,DEKAF_DISPATCH_SAMPLE_DIRECTORY=C:/git/Dekaf-perf-improvements-20260907/pr-3117/profile-v2\latency-samples,DEKAF_DISPATCH_JOB=D_ClearOnce, Arguments=/p:ProductDirectory=C:/git/Dekaf-perf-improvements-20260907/pr-3117/candidate-v2,/p:UseSharedCompilation=false, IterationCount=3, IterationTime=250ms, WarmupCount=3) [Mode=KeyBatchesDistinct]
//   PartitionedLifetimeBenchmarks.ProcessLifetime: E_PublishedControl(Affinity=00000000000000000100, EnvironmentVariables=DOTNET_TieredCompilation=0,DEKAF_DISPATCH_PROFILE=1,DEKAF_DISPATCH_SAMPLE_DIRECTORY=C:/git/Dekaf-perf-improvements-20260907/pr-3117/profile-v2\latency-samples,DEKAF_DISPATCH_JOB=E_PublishedControl, Arguments=/p:ProductDirectory=C:/git/Dekaf-perf-improvements-20260907/pr-3117/published,/p:UseSharedCompilation=false, IterationCount=3, IterationTime=250ms, WarmupCount=3) [Mode=KeyBatchesDistinct]
//   PartitionedLifetimeBenchmarks.ProcessLifetime: F_PredecessorControl(Affinity=00000000000000000100, EnvironmentVariables=DOTNET_TieredCompilation=0,DEKAF_DISPATCH_PROFILE=1,DEKAF_DISPATCH_SAMPLE_DIRECTORY=C:/git/Dekaf-perf-improvements-20260907/pr-3117/profile-v2\latency-samples,DEKAF_DISPATCH_JOB=F_PredecessorControl, Arguments=/p:ProductDirectory=C:/git/Dekaf-perf-improvements-20260907/pr-3117/predecessor,/p:UseSharedCompilation=false, IterationCount=3, IterationTime=250ms, WarmupCount=3) [Mode=KeyBatchesDistinct]
//   PartitionedLifetimeBenchmarks.ProcessLifetime: A_Predecessor(Affinity=00000000000000000100, EnvironmentVariables=DOTNET_TieredCompilation=0,DEKAF_DISPATCH_PROFILE=1,DEKAF_DISPATCH_SAMPLE_DIRECTORY=C:/git/Dekaf-perf-improvements-20260907/pr-3117/profile-v2\latency-samples,DEKAF_DISPATCH_JOB=A_Predecessor, Arguments=/p:ProductDirectory=C:/git/Dekaf-perf-improvements-20260907/pr-3117/predecessor,/p:UseSharedCompilation=false, IterationCount=3, IterationTime=250ms, WarmupCount=3) [Mode=KeyRecordsPaired]
//   PartitionedLifetimeBenchmarks.ProcessLifetime: B_Published(Affinity=00000000000000000100, EnvironmentVariables=DOTNET_TieredCompilation=0,DEKAF_DISPATCH_PROFILE=1,DEKAF_DISPATCH_SAMPLE_DIRECTORY=C:/git/Dekaf-perf-improvements-20260907/pr-3117/profile-v2\latency-samples,DEKAF_DISPATCH_JOB=B_Published, Arguments=/p:ProductDirectory=C:/git/Dekaf-perf-improvements-20260907/pr-3117/published,/p:UseSharedCompilation=false, IterationCount=3, IterationTime=250ms, WarmupCount=3) [Mode=KeyRecordsPaired]
//   PartitionedLifetimeBenchmarks.ProcessLifetime: C_SingleProbe(Affinity=00000000000000000100, EnvironmentVariables=DOTNET_TieredCompilation=0,DEKAF_DISPATCH_PROFILE=1,DEKAF_DISPATCH_SAMPLE_DIRECTORY=C:/git/Dekaf-perf-improvements-20260907/pr-3117/profile-v2\latency-samples,DEKAF_DISPATCH_JOB=C_SingleProbe, Arguments=/p:ProductDirectory=C:/git/Dekaf-perf-improvements-20260907/pr-3117/candidate,/p:UseSharedCompilation=false, IterationCount=3, IterationTime=250ms, WarmupCount=3) [Mode=KeyRecordsPaired]
//   PartitionedLifetimeBenchmarks.ProcessLifetime: D_ClearOnce(Affinity=00000000000000000100, EnvironmentVariables=DOTNET_TieredCompilation=0,DEKAF_DISPATCH_PROFILE=1,DEKAF_DISPATCH_SAMPLE_DIRECTORY=C:/git/Dekaf-perf-improvements-20260907/pr-3117/profile-v2\latency-samples,DEKAF_DISPATCH_JOB=D_ClearOnce, Arguments=/p:ProductDirectory=C:/git/Dekaf-perf-improvements-20260907/pr-3117/candidate-v2,/p:UseSharedCompilation=false, IterationCount=3, IterationTime=250ms, WarmupCount=3) [Mode=KeyRecordsPaired]
//   PartitionedLifetimeBenchmarks.ProcessLifetime: E_PublishedControl(Affinity=00000000000000000100, EnvironmentVariables=DOTNET_TieredCompilation=0,DEKAF_DISPATCH_PROFILE=1,DEKAF_DISPATCH_SAMPLE_DIRECTORY=C:/git/Dekaf-perf-improvements-20260907/pr-3117/profile-v2\latency-samples,DEKAF_DISPATCH_JOB=E_PublishedControl, Arguments=/p:ProductDirectory=C:/git/Dekaf-perf-improvements-20260907/pr-3117/published,/p:UseSharedCompilation=false, IterationCount=3, IterationTime=250ms, WarmupCount=3) [Mode=KeyRecordsPaired]
//   PartitionedLifetimeBenchmarks.ProcessLifetime: F_PredecessorControl(Affinity=00000000000000000100, EnvironmentVariables=DOTNET_TieredCompilation=0,DEKAF_DISPATCH_PROFILE=1,DEKAF_DISPATCH_SAMPLE_DIRECTORY=C:/git/Dekaf-perf-improvements-20260907/pr-3117/profile-v2\latency-samples,DEKAF_DISPATCH_JOB=F_PredecessorControl, Arguments=/p:ProductDirectory=C:/git/Dekaf-perf-improvements-20260907/pr-3117/predecessor,/p:UseSharedCompilation=false, IterationCount=3, IterationTime=250ms, WarmupCount=3) [Mode=KeyRecordsPaired]
//   PartitionedLifetimeBenchmarks.ProcessLifetime: A_Predecessor(Affinity=00000000000000000100, EnvironmentVariables=DOTNET_TieredCompilation=0,DEKAF_DISPATCH_PROFILE=1,DEKAF_DISPATCH_SAMPLE_DIRECTORY=C:/git/Dekaf-perf-improvements-20260907/pr-3117/profile-v2\latency-samples,DEKAF_DISPATCH_JOB=A_Predecessor, Arguments=/p:ProductDirectory=C:/git/Dekaf-perf-improvements-20260907/pr-3117/predecessor,/p:UseSharedCompilation=false, IterationCount=3, IterationTime=250ms, WarmupCount=3) [Mode=KeyBatchesPaired]
//   PartitionedLifetimeBenchmarks.ProcessLifetime: B_Published(Affinity=00000000000000000100, EnvironmentVariables=DOTNET_TieredCompilation=0,DEKAF_DISPATCH_PROFILE=1,DEKAF_DISPATCH_SAMPLE_DIRECTORY=C:/git/Dekaf-perf-improvements-20260907/pr-3117/profile-v2\latency-samples,DEKAF_DISPATCH_JOB=B_Published, Arguments=/p:ProductDirectory=C:/git/Dekaf-perf-improvements-20260907/pr-3117/published,/p:UseSharedCompilation=false, IterationCount=3, IterationTime=250ms, WarmupCount=3) [Mode=KeyBatchesPaired]
//   PartitionedLifetimeBenchmarks.ProcessLifetime: C_SingleProbe(Affinity=00000000000000000100, EnvironmentVariables=DOTNET_TieredCompilation=0,DEKAF_DISPATCH_PROFILE=1,DEKAF_DISPATCH_SAMPLE_DIRECTORY=C:/git/Dekaf-perf-improvements-20260907/pr-3117/profile-v2\latency-samples,DEKAF_DISPATCH_JOB=C_SingleProbe, Arguments=/p:ProductDirectory=C:/git/Dekaf-perf-improvements-20260907/pr-3117/candidate,/p:UseSharedCompilation=false, IterationCount=3, IterationTime=250ms, WarmupCount=3) [Mode=KeyBatchesPaired]
//   PartitionedLifetimeBenchmarks.ProcessLifetime: D_ClearOnce(Affinity=00000000000000000100, EnvironmentVariables=DOTNET_TieredCompilation=0,DEKAF_DISPATCH_PROFILE=1,DEKAF_DISPATCH_SAMPLE_DIRECTORY=C:/git/Dekaf-perf-improvements-20260907/pr-3117/profile-v2\latency-samples,DEKAF_DISPATCH_JOB=D_ClearOnce, Arguments=/p:ProductDirectory=C:/git/Dekaf-perf-improvements-20260907/pr-3117/candidate-v2,/p:UseSharedCompilation=false, IterationCount=3, IterationTime=250ms, WarmupCount=3) [Mode=KeyBatchesPaired]
//   PartitionedLifetimeBenchmarks.ProcessLifetime: E_PublishedControl(Affinity=00000000000000000100, EnvironmentVariables=DOTNET_TieredCompilation=0,DEKAF_DISPATCH_PROFILE=1,DEKAF_DISPATCH_SAMPLE_DIRECTORY=C:/git/Dekaf-perf-improvements-20260907/pr-3117/profile-v2\latency-samples,DEKAF_DISPATCH_JOB=E_PublishedControl, Arguments=/p:ProductDirectory=C:/git/Dekaf-perf-improvements-20260907/pr-3117/published,/p:UseSharedCompilation=false, IterationCount=3, IterationTime=250ms, WarmupCount=3) [Mode=KeyBatchesPaired]
//   PartitionedLifetimeBenchmarks.ProcessLifetime: F_PredecessorControl(Affinity=00000000000000000100, EnvironmentVariables=DOTNET_TieredCompilation=0,DEKAF_DISPATCH_PROFILE=1,DEKAF_DISPATCH_SAMPLE_DIRECTORY=C:/git/Dekaf-perf-improvements-20260907/pr-3117/profile-v2\latency-samples,DEKAF_DISPATCH_JOB=F_PredecessorControl, Arguments=/p:ProductDirectory=C:/git/Dekaf-perf-improvements-20260907/pr-3117/predecessor,/p:UseSharedCompilation=false, IterationCount=3, IterationTime=250ms, WarmupCount=3) [Mode=KeyBatchesPaired]

Setup power plan (GUID: 8c5e7fda-e8bf-4a96-9a85-a6e23a8c635c FriendlyName: High performance)
// **************************
// Benchmark: PartitionedLifetimeBenchmarks.ProcessLifetime: A_Predecessor(Affinity=00000000000000000100, EnvironmentVariables=DOTNET_TieredCompilation=0,DEKAF_DISPATCH_PROFILE=1,DEKAF_DISPATCH_SAMPLE_DIRECTORY=C:/git/Dekaf-perf-improvements-20260907/pr-3117/profile-v2\latency-samples,DEKAF_DISPATCH_JOB=A_Predecessor, Arguments=/p:ProductDirectory=C:/git/Dekaf-perf-improvements-20260907/pr-3117/predecessor,/p:UseSharedCompilation=false, IterationCount=3, IterationTime=250ms, WarmupCount=3) [Mode=KeyRecordsDistinct]
// *** Execute ***
// Launch: 1 / 1
// Execute: dotnet Dekaf.Benchmarks-A_Predecessor-1.dll --anonymousPipes 1468 1644 --benchmarkName "Dekaf.Benchmarks.PartitionedLifetimeBenchmarks.ProcessLifetime(Mode: KeyRecordsDistinct)" --job A_Predecessor --benchmarkId 0 in C:\git\Dekaf-perf-improvements-20260907\pr-3117\comparison-v2\bin\Release\net10.0\Dekaf.Benchmarks-A_Predecessor-1\bin\Release\net10.0
// BeforeAnythingElse

// Benchmark Process Environment Information:
// BenchmarkDotNet v0.15.8
// Runtime=.NET 10.0.11 (10.0.11, 10.0.1126.37416), X64 RyuJIT x86-64-v3
// GC=Concurrent Workstation
// HardwareIntrinsics=AVX2+BMI1+BMI2+F16C+FMA+LZCNT+MOVBE,AVX,SSE3+SSSE3+SSE4.1+SSE4.2+POPCNT,X86Base+SSE+SSE2,AES+PCLMUL,AvxVnni,SERIALIZE VectorSize=256
// Job: A_Predecessor(Affinity=100, IterationCount=3, IterationTime=250ms, WarmupCount=3)

OverheadJitting  1: 262144 op, 164400.00 ns, 0.6271 ns/op
WorkloadJitting  1: 262144 op, 48905200.00 ns, 186.5585 ns/op

WorkloadPilot    1: 1048576 op, 204103400.00 ns, 194.6482 ns/op

WorkloadWarmup   1: 1048576 op, 191318400.00 ns, 182.4554 ns/op
WorkloadWarmup   2: 1048576 op, 194535900.00 ns, 185.5239 ns/op
WorkloadWarmup   3: 1048576 op, 189706000.00 ns, 180.9177 ns/op

// BeforeActualRun
WorkloadActual   1: 1048576 op, 189808500.00 ns, 181.0155 ns/op
WorkloadActual   2: 1048576 op, 219439800.00 ns, 209.2741 ns/op
WorkloadActual   3: 1048576 op, 197105600.00 ns, 187.9745 ns/op

// AfterActualRun
WorkloadResult   1: 1048576 op, 189808500.00 ns, 181.0155 ns/op
WorkloadResult   2: 1048576 op, 219439800.00 ns, 209.2741 ns/op
WorkloadResult   3: 1048576 op, 197105600.00 ns, 187.9745 ns/op
// GC:  0 0 0 188016 1048576
// Threading:  0 0 1048576

STEADY_ALLOCATION mode=KeyRecordsDistinct records=261888 bytes=0
DISPATCH_METRICS {"Mode":"KeyRecordsDistinct","CpuAndThroughputRecords":8650752,"LatencyRecords":262144,"StopwatchFrequency":10000000,"RawLatencyFile":"C:/git/Dekaf-perf-improvements-20260907/pr-3117/profile-v2\\latency-samples\\A_Predecessor-KeyRecordsDistinct-ticks.bin","CpuNsPerMessage":178.81393432617188,"MessagesPerSecond":5315725.412390696,"P50Ns":22900,"P99Ns":47000,"MaxNs":380200,"SteadyAllocatedBytes":0}
// AfterAll
// Benchmark Process 97096 has exited with code 0.

Mean = 192.755 ns, StdErr = 8.500 ns (4.41%), N = 3, StdDev = 14.723 ns
Min = 181.015 ns, Q1 = 184.495 ns, Median = 187.975 ns, Q3 = 198.624 ns, Max = 209.274 ns
IQR = 14.129 ns, LowerFence = 163.301 ns, UpperFence = 219.818 ns
ConfidenceInterval = [-75.853 ns; 461.362 ns] (CI 99.9%), Margin = 268.607 ns (139.35% of Mean)
Skewness = 0.29, Kurtosis = 0.67, MValue = 2

// ** Remained 23 (95.8%) benchmark(s) to run. Estimated finish 2026-09-07 16:13 (0h 0m from now) **
Setup power plan (GUID: 8c5e7fda-e8bf-4a96-9a85-a6e23a8c635c FriendlyName: High performance)
// **************************
// Benchmark: PartitionedLifetimeBenchmarks.ProcessLifetime: B_Published(Affinity=00000000000000000100, EnvironmentVariables=DOTNET_TieredCompilation=0,DEKAF_DISPATCH_PROFILE=1,DEKAF_DISPATCH_SAMPLE_DIRECTORY=C:/git/Dekaf-perf-improvements-20260907/pr-3117/profile-v2\latency-samples,DEKAF_DISPATCH_JOB=B_Published, Arguments=/p:ProductDirectory=C:/git/Dekaf-perf-improvements-20260907/pr-3117/published,/p:UseSharedCompilation=false, IterationCount=3, IterationTime=250ms, WarmupCount=3) [Mode=KeyRecordsDistinct]
// *** Execute ***
// Launch: 1 / 1
// Execute: dotnet Dekaf.Benchmarks-B_Published-2.dll --anonymousPipes 1760 1468 --benchmarkName "Dekaf.Benchmarks.PartitionedLifetimeBenchmarks.ProcessLifetime(Mode: KeyRecordsDistinct)" --job B_Published --benchmarkId 0 in C:\git\Dekaf-perf-improvements-20260907\pr-3117\comparison-v2\bin\Release\net10.0\Dekaf.Benchmarks-B_Published-2\bin\Release\net10.0
// BeforeAnythingElse

// Benchmark Process Environment Information:
// BenchmarkDotNet v0.15.8
// Runtime=.NET 10.0.11 (10.0.11, 10.0.1126.37416), X64 RyuJIT x86-64-v3
// GC=Concurrent Workstation
// HardwareIntrinsics=AVX2+BMI1+BMI2+F16C+FMA+LZCNT+MOVBE,AVX,SSE3+SSSE3+SSE4.1+SSE4.2+POPCNT,X86Base+SSE+SSE2,AES+PCLMUL,AvxVnni,SERIALIZE VectorSize=256
// Job: B_Published(Affinity=100, IterationCount=3, IterationTime=250ms, WarmupCount=3)

OverheadJitting  1: 262144 op, 167600.00 ns, 0.6393 ns/op
WorkloadJitting  1: 262144 op, 55162000.00 ns, 210.4263 ns/op

WorkloadPilot    1: 1048576 op, 190547400.00 ns, 181.7202 ns/op

WorkloadWarmup   1: 1048576 op, 190800500.00 ns, 181.9615 ns/op
WorkloadWarmup   2: 1048576 op, 203190300.00 ns, 193.7774 ns/op
WorkloadWarmup   3: 1048576 op, 205509800.00 ns, 195.9894 ns/op

// BeforeActualRun
WorkloadActual   1: 1048576 op, 200334800.00 ns, 191.0542 ns/op
WorkloadActual   2: 1048576 op, 190736500.00 ns, 181.9005 ns/op
WorkloadActual   3: 1048576 op, 196751200.00 ns, 187.6366 ns/op

// AfterActualRun
WorkloadResult   1: 1048576 op, 200334800.00 ns, 191.0542 ns/op
WorkloadResult   2: 1048576 op, 190736500.00 ns, 181.9005 ns/op
WorkloadResult   3: 1048576 op, 196751200.00 ns, 187.6366 ns/op
// GC:  0 0 0 187680 1048576
// Threading:  0 0 1048576

STEADY_ALLOCATION mode=KeyRecordsDistinct records=261888 bytes=0
DISPATCH_METRICS {"Mode":"KeyRecordsDistinct","CpuAndThroughputRecords":8650752,"LatencyRecords":262144,"StopwatchFrequency":10000000,"RawLatencyFile":"C:/git/Dekaf-perf-improvements-20260907/pr-3117/profile-v2\\latency-samples\\B_Published-KeyRecordsDistinct-ticks.bin","CpuNsPerMessage":180.6201356830019,"MessagesPerSecond":5317166.945020233,"P50Ns":22100,"P99Ns":50700,"MaxNs":158300,"SteadyAllocatedBytes":0}
// AfterAll
// Benchmark Process 99720 has exited with code 0.

Mean = 186.864 ns, StdErr = 2.671 ns (1.43%), N = 3, StdDev = 4.626 ns
Min = 181.901 ns, Q1 = 184.769 ns, Median = 187.637 ns, Q3 = 189.345 ns, Max = 191.054 ns
IQR = 4.577 ns, LowerFence = 177.903 ns, UpperFence = 196.211 ns
ConfidenceInterval = [102.477 ns; 271.250 ns] (CI 99.9%), Margin = 84.386 ns (45.16% of Mean)
Skewness = -0.16, Kurtosis = 0.67, MValue = 2

// ** Remained 22 (91.7%) benchmark(s) to run. Estimated finish 2026-09-07 16:13 (0h 0m from now) **
Setup power plan (GUID: 8c5e7fda-e8bf-4a96-9a85-a6e23a8c635c FriendlyName: High performance)
// **************************
// Benchmark: PartitionedLifetimeBenchmarks.ProcessLifetime: C_SingleProbe(Affinity=00000000000000000100, EnvironmentVariables=DOTNET_TieredCompilation=0,DEKAF_DISPATCH_PROFILE=1,DEKAF_DISPATCH_SAMPLE_DIRECTORY=C:/git/Dekaf-perf-improvements-20260907/pr-3117/profile-v2\latency-samples,DEKAF_DISPATCH_JOB=C_SingleProbe, Arguments=/p:ProductDirectory=C:/git/Dekaf-perf-improvements-20260907/pr-3117/candidate,/p:UseSharedCompilation=false, IterationCount=3, IterationTime=250ms, WarmupCount=3) [Mode=KeyRecordsDistinct]
// *** Execute ***
// Launch: 1 / 1
// Execute: dotnet Dekaf.Benchmarks-C_SingleProbe-3.dll --anonymousPipes 1484 1512 --benchmarkName "Dekaf.Benchmarks.PartitionedLifetimeBenchmarks.ProcessLifetime(Mode: KeyRecordsDistinct)" --job C_SingleProbe --benchmarkId 0 in C:\git\Dekaf-perf-improvements-20260907\pr-3117\comparison-v2\bin\Release\net10.0\Dekaf.Benchmarks-C_SingleProbe-3\bin\Release\net10.0
// BeforeAnythingElse

// Benchmark Process Environment Information:
// BenchmarkDotNet v0.15.8
// Runtime=.NET 10.0.11 (10.0.11, 10.0.1126.37416), X64 RyuJIT x86-64-v3
// GC=Concurrent Workstation
// HardwareIntrinsics=AVX2+BMI1+BMI2+F16C+FMA+LZCNT+MOVBE,AVX,SSE3+SSSE3+SSE4.1+SSE4.2+POPCNT,X86Base+SSE+SSE2,AES+PCLMUL,AvxVnni,SERIALIZE VectorSize=256
// Job: C_SingleProbe(Affinity=100, IterationCount=3, IterationTime=250ms, WarmupCount=3)

OverheadJitting  1: 262144 op, 174000.00 ns, 0.6638 ns/op
WorkloadJitting  1: 262144 op, 49421000.00 ns, 188.5262 ns/op

WorkloadPilot    1: 1048576 op, 188096500.00 ns, 179.3828 ns/op

WorkloadWarmup   1: 1048576 op, 194159800.00 ns, 185.1652 ns/op
WorkloadWarmup   2: 1048576 op, 192274200.00 ns, 183.3670 ns/op
WorkloadWarmup   3: 1048576 op, 190323600.00 ns, 181.5067 ns/op

// BeforeActualRun
WorkloadActual   1: 1048576 op, 198721200.00 ns, 189.5153 ns/op
WorkloadActual   2: 1048576 op, 193109700.00 ns, 184.1638 ns/op
WorkloadActual   3: 1048576 op, 190493700.00 ns, 181.6689 ns/op

// AfterActualRun
WorkloadResult   1: 1048576 op, 198721200.00 ns, 189.5153 ns/op
WorkloadResult   2: 1048576 op, 193109700.00 ns, 184.1638 ns/op
WorkloadResult   3: 1048576 op, 190493700.00 ns, 181.6689 ns/op
// GC:  0 0 0 188016 1048576
// Threading:  0 0 1048576

STEADY_ALLOCATION mode=KeyRecordsDistinct records=261888 bytes=0
DISPATCH_METRICS {"Mode":"KeyRecordsDistinct","CpuAndThroughputRecords":8650752,"LatencyRecords":262144,"StopwatchFrequency":10000000,"RawLatencyFile":"C:/git/Dekaf-perf-improvements-20260907/pr-3117/profile-v2\\latency-samples\\C_SingleProbe-KeyRecordsDistinct-ticks.bin","CpuNsPerMessage":177.00773296934184,"MessagesPerSecond":5458999.128718509,"P50Ns":22100,"P99Ns":64000,"MaxNs":227800,"SteadyAllocatedBytes":0}
// AfterAll
// Benchmark Process 100736 has exited with code 0.

Mean = 185.116 ns, StdErr = 2.315 ns (1.25%), N = 3, StdDev = 4.009 ns
Min = 181.669 ns, Q1 = 182.916 ns, Median = 184.164 ns, Q3 = 186.840 ns, Max = 189.515 ns
IQR = 3.923 ns, LowerFence = 177.032 ns, UpperFence = 192.724 ns
ConfidenceInterval = [111.978 ns; 258.254 ns] (CI 99.9%), Margin = 73.138 ns (39.51% of Mean)
Skewness = 0.22, Kurtosis = 0.67, MValue = 2

// ** Remained 21 (87.5%) benchmark(s) to run. Estimated finish 2026-09-07 16:13 (0h 0m from now) **
Setup power plan (GUID: 8c5e7fda-e8bf-4a96-9a85-a6e23a8c635c FriendlyName: High performance)
// **************************
// Benchmark: PartitionedLifetimeBenchmarks.ProcessLifetime: D_ClearOnce(Affinity=00000000000000000100, EnvironmentVariables=DOTNET_TieredCompilation=0,DEKAF_DISPATCH_PROFILE=1,DEKAF_DISPATCH_SAMPLE_DIRECTORY=C:/git/Dekaf-perf-improvements-20260907/pr-3117/profile-v2\latency-samples,DEKAF_DISPATCH_JOB=D_ClearOnce, Arguments=/p:ProductDirectory=C:/git/Dekaf-perf-improvements-20260907/pr-3117/candidate-v2,/p:UseSharedCompilation=false, IterationCount=3, IterationTime=250ms, WarmupCount=3) [Mode=KeyRecordsDistinct]
// *** Execute ***
// Launch: 1 / 1
// Execute: dotnet Dekaf.Benchmarks-D_ClearOnce-4.dll --anonymousPipes 1636 1900 --benchmarkName "Dekaf.Benchmarks.PartitionedLifetimeBenchmarks.ProcessLifetime(Mode: KeyRecordsDistinct)" --job D_ClearOnce --benchmarkId 0 in C:\git\Dekaf-perf-improvements-20260907\pr-3117\comparison-v2\bin\Release\net10.0\Dekaf.Benchmarks-D_ClearOnce-4\bin\Release\net10.0
// BeforeAnythingElse

// Benchmark Process Environment Information:
// BenchmarkDotNet v0.15.8
// Runtime=.NET 10.0.11 (10.0.11, 10.0.1126.37416), X64 RyuJIT x86-64-v3
// GC=Concurrent Workstation
// HardwareIntrinsics=AVX2+BMI1+BMI2+F16C+FMA+LZCNT+MOVBE,AVX,SSE3+SSSE3+SSE4.1+SSE4.2+POPCNT,X86Base+SSE+SSE2,AES+PCLMUL,AvxVnni,SERIALIZE VectorSize=256
// Job: D_ClearOnce(Affinity=100, IterationCount=3, IterationTime=250ms, WarmupCount=3)

OverheadJitting  1: 262144 op, 161600.00 ns, 0.6165 ns/op
WorkloadJitting  1: 262144 op, 49438600.00 ns, 188.5933 ns/op

WorkloadPilot    1: 1048576 op, 201543800.00 ns, 192.2071 ns/op

WorkloadWarmup   1: 1048576 op, 199916600.00 ns, 190.6553 ns/op
WorkloadWarmup   2: 1048576 op, 197236500.00 ns, 188.0994 ns/op
WorkloadWarmup   3: 1048576 op, 196598200.00 ns, 187.4907 ns/op

// BeforeActualRun
WorkloadActual   1: 1048576 op, 196986600.00 ns, 187.8611 ns/op
WorkloadActual   2: 1048576 op, 196782300.00 ns, 187.6662 ns/op
WorkloadActual   3: 1048576 op, 195401200.00 ns, 186.3491 ns/op

// AfterActualRun
WorkloadResult   1: 1048576 op, 196986600.00 ns, 187.8611 ns/op
WorkloadResult   2: 1048576 op, 196782300.00 ns, 187.6662 ns/op
WorkloadResult   3: 1048576 op, 195401200.00 ns, 186.3491 ns/op
// GC:  0 0 0 188016 1048576
// Threading:  0 0 1048576

STEADY_ALLOCATION mode=KeyRecordsDistinct records=261888 bytes=0
DISPATCH_METRICS {"Mode":"KeyRecordsDistinct","CpuAndThroughputRecords":8650752,"LatencyRecords":262144,"StopwatchFrequency":10000000,"RawLatencyFile":"C:/git/Dekaf-perf-improvements-20260907/pr-3117/profile-v2\\latency-samples\\D_ClearOnce-KeyRecordsDistinct-ticks.bin","CpuNsPerMessage":180.6201356830019,"MessagesPerSecond":5310228.1757084625,"P50Ns":22900,"P99Ns":49000,"MaxNs":111500,"SteadyAllocatedBytes":0}
// AfterAll
// Benchmark Process 112768 has exited with code 0.

Mean = 187.292 ns, StdErr = 0.475 ns (0.25%), N = 3, StdDev = 0.822 ns
Min = 186.349 ns, Q1 = 187.008 ns, Median = 187.666 ns, Q3 = 187.764 ns, Max = 187.861 ns
IQR = 0.756 ns, LowerFence = 185.874 ns, UpperFence = 188.898 ns
ConfidenceInterval = [172.287 ns; 202.297 ns] (CI 99.9%), Margin = 15.005 ns (8.01% of Mean)
Skewness = -0.36, Kurtosis = 0.67, MValue = 2

// ** Remained 20 (83.3%) benchmark(s) to run. Estimated finish 2026-09-07 16:13 (0h 0m from now) **
Setup power plan (GUID: 8c5e7fda-e8bf-4a96-9a85-a6e23a8c635c FriendlyName: High performance)
// **************************
// Benchmark: PartitionedLifetimeBenchmarks.ProcessLifetime: E_PublishedControl(Affinity=00000000000000000100, EnvironmentVariables=DOTNET_TieredCompilation=0,DEKAF_DISPATCH_PROFILE=1,DEKAF_DISPATCH_SAMPLE_DIRECTORY=C:/git/Dekaf-perf-improvements-20260907/pr-3117/profile-v2\latency-samples,DEKAF_DISPATCH_JOB=E_PublishedControl, Arguments=/p:ProductDirectory=C:/git/Dekaf-perf-improvements-20260907/pr-3117/published,/p:UseSharedCompilation=false, IterationCount=3, IterationTime=250ms, WarmupCount=3) [Mode=KeyRecordsDistinct]
// *** Execute ***
// Launch: 1 / 1
// Execute: dotnet Dekaf.Benchmarks-B_Published-2.dll --anonymousPipes 1856 1568 --benchmarkName "Dekaf.Benchmarks.PartitionedLifetimeBenchmarks.ProcessLifetime(Mode: KeyRecordsDistinct)" --job E_PublishedControl --benchmarkId 1 in C:\git\Dekaf-perf-improvements-20260907\pr-3117\comparison-v2\bin\Release\net10.0\Dekaf.Benchmarks-B_Published-2\bin\Release\net10.0
// BeforeAnythingElse

// Benchmark Process Environment Information:
// BenchmarkDotNet v0.15.8
// Runtime=.NET 10.0.11 (10.0.11, 10.0.1126.37416), X64 RyuJIT x86-64-v3
// GC=Concurrent Workstation
// HardwareIntrinsics=AVX2+BMI1+BMI2+F16C+FMA+LZCNT+MOVBE,AVX,SSE3+SSSE3+SSE4.1+SSE4.2+POPCNT,X86Base+SSE+SSE2,AES+PCLMUL,AvxVnni,SERIALIZE VectorSize=256
// Job: E_PublishedControl(Affinity=100, IterationCount=3, IterationTime=250ms, WarmupCount=3)

OverheadJitting  1: 262144 op, 175400.00 ns, 0.6691 ns/op
WorkloadJitting  1: 262144 op, 54989000.00 ns, 209.7664 ns/op

WorkloadPilot    1: 1048576 op, 196402800.00 ns, 187.3043 ns/op

WorkloadWarmup   1: 1048576 op, 198653900.00 ns, 189.4511 ns/op
WorkloadWarmup   2: 1048576 op, 237509000.00 ns, 226.5062 ns/op
WorkloadWarmup   3: 1048576 op, 202289800.00 ns, 192.9186 ns/op

// BeforeActualRun
WorkloadActual   1: 1048576 op, 199206500.00 ns, 189.9781 ns/op
WorkloadActual   2: 1048576 op, 196982500.00 ns, 187.8572 ns/op
WorkloadActual   3: 1048576 op, 196986200.00 ns, 187.8607 ns/op

// AfterActualRun
WorkloadResult   1: 1048576 op, 199206500.00 ns, 189.9781 ns/op
WorkloadResult   2: 1048576 op, 196982500.00 ns, 187.8572 ns/op
WorkloadResult   3: 1048576 op, 196986200.00 ns, 187.8607 ns/op
// GC:  0 0 0 188016 1048576
// Threading:  0 0 1048576

STEADY_ALLOCATION mode=KeyRecordsDistinct records=261888 bytes=0
DISPATCH_METRICS {"Mode":"KeyRecordsDistinct","CpuAndThroughputRecords":8650752,"LatencyRecords":262144,"StopwatchFrequency":10000000,"RawLatencyFile":"C:/git/Dekaf-perf-improvements-20260907/pr-3117/profile-v2\\latency-samples\\E_PublishedControl-KeyRecordsDistinct-ticks.bin","CpuNsPerMessage":175.20153161251184,"MessagesPerSecond":5116278.464587489,"P50Ns":24300,"P99Ns":75700,"MaxNs":544000,"SteadyAllocatedBytes":0}
// AfterAll
// Benchmark Process 56432 has exited with code 0.

Mean = 188.565 ns, StdErr = 0.706 ns (0.37%), N = 3, StdDev = 1.224 ns
Min = 187.857 ns, Q1 = 187.859 ns, Median = 187.861 ns, Q3 = 188.919 ns, Max = 189.978 ns
IQR = 1.060 ns, LowerFence = 186.268 ns, UpperFence = 190.510 ns
ConfidenceInterval = [166.244 ns; 210.887 ns] (CI 99.9%), Margin = 22.322 ns (11.84% of Mean)
Skewness = 0.38, Kurtosis = 0.67, MValue = 2

// ** Remained 19 (79.2%) benchmark(s) to run. Estimated finish 2026-09-07 16:13 (0h 0m from now) **
Setup power plan (GUID: 8c5e7fda-e8bf-4a96-9a85-a6e23a8c635c FriendlyName: High performance)
// **************************
// Benchmark: PartitionedLifetimeBenchmarks.ProcessLifetime: F_PredecessorControl(Affinity=00000000000000000100, EnvironmentVariables=DOTNET_TieredCompilation=0,DEKAF_DISPATCH_PROFILE=1,DEKAF_DISPATCH_SAMPLE_DIRECTORY=C:/git/Dekaf-perf-improvements-20260907/pr-3117/profile-v2\latency-samples,DEKAF_DISPATCH_JOB=F_PredecessorControl, Arguments=/p:ProductDirectory=C:/git/Dekaf-perf-improvements-20260907/pr-3117/predecessor,/p:UseSharedCompilation=false, IterationCount=3, IterationTime=250ms, WarmupCount=3) [Mode=KeyRecordsDistinct]
// *** Execute ***
// Launch: 1 / 1
// Execute: dotnet Dekaf.Benchmarks-A_Predecessor-1.dll --anonymousPipes 1896 1504 --benchmarkName "Dekaf.Benchmarks.PartitionedLifetimeBenchmarks.ProcessLifetime(Mode: KeyRecordsDistinct)" --job F_PredecessorControl --benchmarkId 1 in C:\git\Dekaf-perf-improvements-20260907\pr-3117\comparison-v2\bin\Release\net10.0\Dekaf.Benchmarks-A_Predecessor-1\bin\Release\net10.0
// BeforeAnythingElse

// Benchmark Process Environment Information:
// BenchmarkDotNet v0.15.8
// Runtime=.NET 10.0.11 (10.0.11, 10.0.1126.37416), X64 RyuJIT x86-64-v3
// GC=Concurrent Workstation
// HardwareIntrinsics=AVX2+BMI1+BMI2+F16C+FMA+LZCNT+MOVBE,AVX,SSE3+SSSE3+SSE4.1+SSE4.2+POPCNT,X86Base+SSE+SSE2,AES+PCLMUL,AvxVnni,SERIALIZE VectorSize=256
// Job: F_PredecessorControl(Affinity=100, IterationCount=3, IterationTime=250ms, WarmupCount=3)

OverheadJitting  1: 262144 op, 244300.00 ns, 0.9319 ns/op
WorkloadJitting  1: 262144 op, 50200200.00 ns, 191.4986 ns/op

WorkloadPilot    1: 1048576 op, 192755500.00 ns, 183.8260 ns/op

WorkloadWarmup   1: 1048576 op, 190980600.00 ns, 182.1333 ns/op
WorkloadWarmup   2: 1048576 op, 198995200.00 ns, 189.7766 ns/op
WorkloadWarmup   3: 1048576 op, 226671200.00 ns, 216.1705 ns/op

// BeforeActualRun
WorkloadActual   1: 1048576 op, 192715100.00 ns, 183.7874 ns/op
WorkloadActual   2: 1048576 op, 193122300.00 ns, 184.1758 ns/op
WorkloadActual   3: 1048576 op, 192080900.00 ns, 183.1826 ns/op

// AfterActualRun
WorkloadResult   1: 1048576 op, 192715100.00 ns, 183.7874 ns/op
WorkloadResult   2: 1048576 op, 193122300.00 ns, 184.1758 ns/op
WorkloadResult   3: 1048576 op, 192080900.00 ns, 183.1826 ns/op
// GC:  0 0 0 188016 1048576
// Threading:  0 0 1048576

STEADY_ALLOCATION mode=KeyRecordsDistinct records=261888 bytes=0
DISPATCH_METRICS {"Mode":"KeyRecordsDistinct","CpuAndThroughputRecords":8650752,"LatencyRecords":262144,"StopwatchFrequency":10000000,"RawLatencyFile":"C:/git/Dekaf-perf-improvements-20260907/pr-3117/profile-v2\\latency-samples\\F_PredecessorControl-KeyRecordsDistinct-ticks.bin","CpuNsPerMessage":184.23253839666194,"MessagesPerSecond":5255149.978966041,"P50Ns":24600,"P99Ns":69900,"MaxNs":355800,"SteadyAllocatedBytes":0}
// AfterAll
// Benchmark Process 111008 has exited with code 0.

Mean = 183.715 ns, StdErr = 0.289 ns (0.16%), N = 3, StdDev = 0.500 ns
Min = 183.183 ns, Q1 = 183.485 ns, Median = 183.787 ns, Q3 = 183.982 ns, Max = 184.176 ns
IQR = 0.497 ns, LowerFence = 182.740 ns, UpperFence = 184.726 ns
ConfidenceInterval = [174.584 ns; 192.846 ns] (CI 99.9%), Margin = 9.131 ns (4.97% of Mean)
Skewness = -0.14, Kurtosis = 0.67, MValue = 2

// ** Remained 18 (75.0%) benchmark(s) to run. Estimated finish 2026-09-07 16:13 (0h 0m from now) **
Setup power plan (GUID: 8c5e7fda-e8bf-4a96-9a85-a6e23a8c635c FriendlyName: High performance)
// **************************
// Benchmark: PartitionedLifetimeBenchmarks.ProcessLifetime: A_Predecessor(Affinity=00000000000000000100, EnvironmentVariables=DOTNET_TieredCompilation=0,DEKAF_DISPATCH_PROFILE=1,DEKAF_DISPATCH_SAMPLE_DIRECTORY=C:/git/Dekaf-perf-improvements-20260907/pr-3117/profile-v2\latency-samples,DEKAF_DISPATCH_JOB=A_Predecessor, Arguments=/p:ProductDirectory=C:/git/Dekaf-perf-improvements-20260907/pr-3117/predecessor,/p:UseSharedCompilation=false, IterationCount=3, IterationTime=250ms, WarmupCount=3) [Mode=KeyBatchesDistinct]
// *** Execute ***
// Launch: 1 / 1
// Execute: dotnet Dekaf.Benchmarks-A_Predecessor-1.dll --anonymousPipes 1928 1636 --benchmarkName "Dekaf.Benchmarks.PartitionedLifetimeBenchmarks.ProcessLifetime(Mode: KeyBatchesDistinct)" --job A_Predecessor --benchmarkId 2 in C:\git\Dekaf-perf-improvements-20260907\pr-3117\comparison-v2\bin\Release\net10.0\Dekaf.Benchmarks-A_Predecessor-1\bin\Release\net10.0
// BeforeAnythingElse

// Benchmark Process Environment Information:
// BenchmarkDotNet v0.15.8
// Runtime=.NET 10.0.11 (10.0.11, 10.0.1126.37416), X64 RyuJIT x86-64-v3
// GC=Concurrent Workstation
// HardwareIntrinsics=AVX2+BMI1+BMI2+F16C+FMA+LZCNT+MOVBE,AVX,SSE3+SSSE3+SSE4.1+SSE4.2+POPCNT,X86Base+SSE+SSE2,AES+PCLMUL,AvxVnni,SERIALIZE VectorSize=256
// Job: A_Predecessor(Affinity=100, IterationCount=3, IterationTime=250ms, WarmupCount=3)

OverheadJitting  1: 262144 op, 160400.00 ns, 0.6119 ns/op
WorkloadJitting  1: 262144 op, 49262500.00 ns, 187.9215 ns/op

WorkloadPilot    1: 1048576 op, 192545000.00 ns, 183.6252 ns/op

WorkloadWarmup   1: 1048576 op, 231189300.00 ns, 220.4793 ns/op
WorkloadWarmup   2: 1048576 op, 197437100.00 ns, 188.2907 ns/op
WorkloadWarmup   3: 1048576 op, 189719600.00 ns, 180.9307 ns/op

// BeforeActualRun
WorkloadActual   1: 1048576 op, 191237900.00 ns, 182.3787 ns/op
WorkloadActual   2: 1048576 op, 189083500.00 ns, 180.3241 ns/op
WorkloadActual   3: 1048576 op, 190796000.00 ns, 181.9572 ns/op

// AfterActualRun
WorkloadResult   1: 1048576 op, 191237900.00 ns, 182.3787 ns/op
WorkloadResult   2: 1048576 op, 189083500.00 ns, 180.3241 ns/op
WorkloadResult   3: 1048576 op, 190796000.00 ns, 181.9572 ns/op
// GC:  0 0 0 193520 1048576
// Threading:  0 0 1048576

STEADY_ALLOCATION mode=KeyBatchesDistinct records=261888 bytes=0
DISPATCH_METRICS {"Mode":"KeyBatchesDistinct","CpuAndThroughputRecords":8650752,"LatencyRecords":262144,"StopwatchFrequency":10000000,"RawLatencyFile":"C:/git/Dekaf-perf-improvements-20260907/pr-3117/profile-v2\\latency-samples\\A_Predecessor-KeyBatchesDistinct-ticks.bin","CpuNsPerMessage":177.00773296934184,"MessagesPerSecond":5310921.922298205,"P50Ns":22400,"P99Ns":64800,"MaxNs":226300,"SteadyAllocatedBytes":0}
// AfterAll
// Benchmark Process 110620 has exited with code 0.

Mean = 181.553 ns, StdErr = 0.627 ns (0.35%), N = 3, StdDev = 1.085 ns
Min = 180.324 ns, Q1 = 181.141 ns, Median = 181.957 ns, Q3 = 182.168 ns, Max = 182.379 ns
IQR = 1.027 ns, LowerFence = 179.600 ns, UpperFence = 183.709 ns
ConfidenceInterval = [161.755 ns; 201.352 ns] (CI 99.9%), Margin = 19.798 ns (10.91% of Mean)
Skewness = -0.32, Kurtosis = 0.67, MValue = 2

// ** Remained 17 (70.8%) benchmark(s) to run. Estimated finish 2026-09-07 16:13 (0h 0m from now) **
Setup power plan (GUID: 8c5e7fda-e8bf-4a96-9a85-a6e23a8c635c FriendlyName: High performance)
// **************************
// Benchmark: PartitionedLifetimeBenchmarks.ProcessLifetime: B_Published(Affinity=00000000000000000100, EnvironmentVariables=DOTNET_TieredCompilation=0,DEKAF_DISPATCH_PROFILE=1,DEKAF_DISPATCH_SAMPLE_DIRECTORY=C:/git/Dekaf-perf-improvements-20260907/pr-3117/profile-v2\latency-samples,DEKAF_DISPATCH_JOB=B_Published, Arguments=/p:ProductDirectory=C:/git/Dekaf-perf-improvements-20260907/pr-3117/published,/p:UseSharedCompilation=false, IterationCount=3, IterationTime=250ms, WarmupCount=3) [Mode=KeyBatchesDistinct]
// *** Execute ***
// Launch: 1 / 1
// Execute: dotnet Dekaf.Benchmarks-B_Published-2.dll --anonymousPipes 1684 1620 --benchmarkName "Dekaf.Benchmarks.PartitionedLifetimeBenchmarks.ProcessLifetime(Mode: KeyBatchesDistinct)" --job B_Published --benchmarkId 2 in C:\git\Dekaf-perf-improvements-20260907\pr-3117\comparison-v2\bin\Release\net10.0\Dekaf.Benchmarks-B_Published-2\bin\Release\net10.0
// BeforeAnythingElse

// Benchmark Process Environment Information:
// BenchmarkDotNet v0.15.8
// Runtime=.NET 10.0.11 (10.0.11, 10.0.1126.37416), X64 RyuJIT x86-64-v3
// GC=Concurrent Workstation
// HardwareIntrinsics=AVX2+BMI1+BMI2+F16C+FMA+LZCNT+MOVBE,AVX,SSE3+SSSE3+SSE4.1+SSE4.2+POPCNT,X86Base+SSE+SSE2,AES+PCLMUL,AvxVnni,SERIALIZE VectorSize=256
// Job: B_Published(Affinity=100, IterationCount=3, IterationTime=250ms, WarmupCount=3)

OverheadJitting  1: 262144 op, 239700.00 ns, 0.9144 ns/op
WorkloadJitting  1: 262144 op, 56069200.00 ns, 213.8870 ns/op

WorkloadPilot    1: 1048576 op, 194908900.00 ns, 185.8796 ns/op

WorkloadWarmup   1: 1048576 op, 191433900.00 ns, 182.5656 ns/op
WorkloadWarmup   2: 1048576 op, 191160400.00 ns, 182.3048 ns/op
WorkloadWarmup   3: 1048576 op, 198051900.00 ns, 188.8770 ns/op

// BeforeActualRun
WorkloadActual   1: 1048576 op, 196659300.00 ns, 187.5489 ns/op
WorkloadActual   2: 1048576 op, 193401000.00 ns, 184.4416 ns/op
WorkloadActual   3: 1048576 op, 192568400.00 ns, 183.6475 ns/op

// AfterActualRun
WorkloadResult   1: 1048576 op, 196659300.00 ns, 187.5489 ns/op
WorkloadResult   2: 1048576 op, 193401000.00 ns, 184.4416 ns/op
WorkloadResult   3: 1048576 op, 192568400.00 ns, 183.6475 ns/op
// GC:  0 0 0 193520 1048576
// Threading:  0 0 1048576

STEADY_ALLOCATION mode=KeyBatchesDistinct records=261888 bytes=0
DISPATCH_METRICS {"Mode":"KeyBatchesDistinct","CpuAndThroughputRecords":8650752,"LatencyRecords":262144,"StopwatchFrequency":10000000,"RawLatencyFile":"C:/git/Dekaf-perf-improvements-20260907/pr-3117/profile-v2\\latency-samples\\B_Published-KeyBatchesDistinct-ticks.bin","CpuNsPerMessage":177.00773296934184,"MessagesPerSecond":5386201.266276121,"P50Ns":22200,"P99Ns":62900,"MaxNs":196600,"SteadyAllocatedBytes":0}
// AfterAll
// Benchmark Process 106856 has exited with code 0.

Mean = 185.213 ns, StdErr = 1.190 ns (0.64%), N = 3, StdDev = 2.062 ns
Min = 183.648 ns, Q1 = 184.045 ns, Median = 184.442 ns, Q3 = 185.995 ns, Max = 187.549 ns
IQR = 1.951 ns, LowerFence = 181.119 ns, UpperFence = 188.921 ns
ConfidenceInterval = [147.597 ns; 222.828 ns] (CI 99.9%), Margin = 37.616 ns (20.31% of Mean)
Skewness = 0.32, Kurtosis = 0.67, MValue = 2

// ** Remained 16 (66.7%) benchmark(s) to run. Estimated finish 2026-09-07 16:13 (0h 0m from now) **
Setup power plan (GUID: 8c5e7fda-e8bf-4a96-9a85-a6e23a8c635c FriendlyName: High performance)
// **************************
// Benchmark: PartitionedLifetimeBenchmarks.ProcessLifetime: C_SingleProbe(Affinity=00000000000000000100, EnvironmentVariables=DOTNET_TieredCompilation=0,DEKAF_DISPATCH_PROFILE=1,DEKAF_DISPATCH_SAMPLE_DIRECTORY=C:/git/Dekaf-perf-improvements-20260907/pr-3117/profile-v2\latency-samples,DEKAF_DISPATCH_JOB=C_SingleProbe, Arguments=/p:ProductDirectory=C:/git/Dekaf-perf-improvements-20260907/pr-3117/candidate,/p:UseSharedCompilation=false, IterationCount=3, IterationTime=250ms, WarmupCount=3) [Mode=KeyBatchesDistinct]
// *** Execute ***
// Launch: 1 / 1
// Execute: dotnet Dekaf.Benchmarks-C_SingleProbe-3.dll --anonymousPipes 1620 1916 --benchmarkName "Dekaf.Benchmarks.PartitionedLifetimeBenchmarks.ProcessLifetime(Mode: KeyBatchesDistinct)" --job C_SingleProbe --benchmarkId 1 in C:\git\Dekaf-perf-improvements-20260907\pr-3117\comparison-v2\bin\Release\net10.0\Dekaf.Benchmarks-C_SingleProbe-3\bin\Release\net10.0
// BeforeAnythingElse

// Benchmark Process Environment Information:
// BenchmarkDotNet v0.15.8
// Runtime=.NET 10.0.11 (10.0.11, 10.0.1126.37416), X64 RyuJIT x86-64-v3
// GC=Concurrent Workstation
// HardwareIntrinsics=AVX2+BMI1+BMI2+F16C+FMA+LZCNT+MOVBE,AVX,SSE3+SSSE3+SSE4.1+SSE4.2+POPCNT,X86Base+SSE+SSE2,AES+PCLMUL,AvxVnni,SERIALIZE VectorSize=256
// Job: C_SingleProbe(Affinity=100, IterationCount=3, IterationTime=250ms, WarmupCount=3)

OverheadJitting  1: 262144 op, 159800.00 ns, 0.6096 ns/op
WorkloadJitting  1: 262144 op, 46884200.00 ns, 178.8490 ns/op

WorkloadPilot    1: 1048576 op, 186745000.00 ns, 178.0939 ns/op

WorkloadWarmup   1: 1048576 op, 187828700.00 ns, 179.1274 ns/op
WorkloadWarmup   2: 1048576 op, 185430200.00 ns, 176.8400 ns/op
WorkloadWarmup   3: 1048576 op, 184057600.00 ns, 175.5310 ns/op

// BeforeActualRun
WorkloadActual   1: 1048576 op, 185806600.00 ns, 177.1990 ns/op
WorkloadActual   2: 1048576 op, 188674300.00 ns, 179.9338 ns/op
WorkloadActual   3: 1048576 op, 186243800.00 ns, 177.6159 ns/op

// AfterActualRun
WorkloadResult   1: 1048576 op, 185806600.00 ns, 177.1990 ns/op
WorkloadResult   2: 1048576 op, 188674300.00 ns, 179.9338 ns/op
WorkloadResult   3: 1048576 op, 186243800.00 ns, 177.6159 ns/op
// GC:  0 0 0 193184 1048576
// Threading:  0 0 1048576

STEADY_ALLOCATION mode=KeyBatchesDistinct records=261888 bytes=0
DISPATCH_METRICS {"Mode":"KeyBatchesDistinct","CpuAndThroughputRecords":8650752,"LatencyRecords":262144,"StopwatchFrequency":10000000,"RawLatencyFile":"C:/git/Dekaf-perf-improvements-20260907/pr-3117/profile-v2\\latency-samples\\C_SingleProbe-KeyBatchesDistinct-ticks.bin","CpuNsPerMessage":169.78292754202178,"MessagesPerSecond":5590026.398785732,"P50Ns":22800,"P99Ns":65500,"MaxNs":1650900,"SteadyAllocatedBytes":0}
// AfterAll
// Benchmark Process 90508 has exited with code 0.

Mean = 178.250 ns, StdErr = 0.851 ns (0.48%), N = 3, StdDev = 1.473 ns
Min = 177.199 ns, Q1 = 177.407 ns, Median = 177.616 ns, Q3 = 178.775 ns, Max = 179.934 ns
IQR = 1.367 ns, LowerFence = 175.356 ns, UpperFence = 180.826 ns
ConfidenceInterval = [151.369 ns; 205.130 ns] (CI 99.9%), Margin = 26.881 ns (15.08% of Mean)
Skewness = 0.35, Kurtosis = 0.67, MValue = 2

// ** Remained 15 (62.5%) benchmark(s) to run. Estimated finish 2026-09-07 16:13 (0h 0m from now) **
Setup power plan (GUID: 8c5e7fda-e8bf-4a96-9a85-a6e23a8c635c FriendlyName: High performance)
// **************************
// Benchmark: PartitionedLifetimeBenchmarks.ProcessLifetime: D_ClearOnce(Affinity=00000000000000000100, EnvironmentVariables=DOTNET_TieredCompilation=0,DEKAF_DISPATCH_PROFILE=1,DEKAF_DISPATCH_SAMPLE_DIRECTORY=C:/git/Dekaf-perf-improvements-20260907/pr-3117/profile-v2\latency-samples,DEKAF_DISPATCH_JOB=D_ClearOnce, Arguments=/p:ProductDirectory=C:/git/Dekaf-perf-improvements-20260907/pr-3117/candidate-v2,/p:UseSharedCompilation=false, IterationCount=3, IterationTime=250ms, WarmupCount=3) [Mode=KeyBatchesDistinct]
// *** Execute ***
// Launch: 1 / 1
// Execute: dotnet Dekaf.Benchmarks-D_ClearOnce-4.dll --anonymousPipes 1632 1160 --benchmarkName "Dekaf.Benchmarks.PartitionedLifetimeBenchmarks.ProcessLifetime(Mode: KeyBatchesDistinct)" --job D_ClearOnce --benchmarkId 1 in C:\git\Dekaf-perf-improvements-20260907\pr-3117\comparison-v2\bin\Release\net10.0\Dekaf.Benchmarks-D_ClearOnce-4\bin\Release\net10.0
// BeforeAnythingElse

// Benchmark Process Environment Information:
// BenchmarkDotNet v0.15.8
// Runtime=.NET 10.0.11 (10.0.11, 10.0.1126.37416), X64 RyuJIT x86-64-v3
// GC=Concurrent Workstation
// HardwareIntrinsics=AVX2+BMI1+BMI2+F16C+FMA+LZCNT+MOVBE,AVX,SSE3+SSSE3+SSE4.1+SSE4.2+POPCNT,X86Base+SSE+SSE2,AES+PCLMUL,AvxVnni,SERIALIZE VectorSize=256
// Job: D_ClearOnce(Affinity=100, IterationCount=3, IterationTime=250ms, WarmupCount=3)

OverheadJitting  1: 262144 op, 158200.00 ns, 0.6035 ns/op
WorkloadJitting  1: 262144 op, 48791400.00 ns, 186.1244 ns/op

WorkloadPilot    1: 1048576 op, 188861800.00 ns, 180.1126 ns/op

WorkloadWarmup   1: 1048576 op, 206781100.00 ns, 197.2018 ns/op
WorkloadWarmup   2: 1048576 op, 195514900.00 ns, 186.4575 ns/op
WorkloadWarmup   3: 1048576 op, 185190500.00 ns, 176.6114 ns/op

// BeforeActualRun
WorkloadActual   1: 1048576 op, 185572300.00 ns, 176.9755 ns/op
WorkloadActual   2: 1048576 op, 187265600.00 ns, 178.5904 ns/op
WorkloadActual   3: 1048576 op, 185837500.00 ns, 177.2285 ns/op

// AfterActualRun
WorkloadResult   1: 1048576 op, 185572300.00 ns, 176.9755 ns/op
WorkloadResult   2: 1048576 op, 187265600.00 ns, 178.5904 ns/op
WorkloadResult   3: 1048576 op, 185837500.00 ns, 177.2285 ns/op
// GC:  0 0 0 193520 1048576
// Threading:  0 0 1048576

STEADY_ALLOCATION mode=KeyBatchesDistinct records=261888 bytes=0
DISPATCH_METRICS {"Mode":"KeyBatchesDistinct","CpuAndThroughputRecords":8650752,"LatencyRecords":262144,"StopwatchFrequency":10000000,"RawLatencyFile":"C:/git/Dekaf-perf-improvements-20260907/pr-3117/profile-v2\\latency-samples\\D_ClearOnce-KeyBatchesDistinct-ticks.bin","CpuNsPerMessage":173.3953302556818,"MessagesPerSecond":5491968.044222435,"P50Ns":22200,"P99Ns":50200,"MaxNs":301900,"SteadyAllocatedBytes":0}
// AfterAll
// Benchmark Process 80120 has exited with code 0.

Mean = 177.598 ns, StdErr = 0.501 ns (0.28%), N = 3, StdDev = 0.869 ns
Min = 176.976 ns, Q1 = 177.102 ns, Median = 177.228 ns, Q3 = 177.909 ns, Max = 178.590 ns
IQR = 0.807 ns, LowerFence = 175.891 ns, UpperFence = 179.121 ns
ConfidenceInterval = [161.752 ns; 193.444 ns] (CI 99.9%), Margin = 15.846 ns (8.92% of Mean)
Skewness = 0.35, Kurtosis = 0.67, MValue = 2

// ** Remained 14 (58.3%) benchmark(s) to run. Estimated finish 2026-09-07 16:13 (0h 0m from now) **
Setup power plan (GUID: 8c5e7fda-e8bf-4a96-9a85-a6e23a8c635c FriendlyName: High performance)
// **************************
// Benchmark: PartitionedLifetimeBenchmarks.ProcessLifetime: E_PublishedControl(Affinity=00000000000000000100, EnvironmentVariables=DOTNET_TieredCompilation=0,DEKAF_DISPATCH_PROFILE=1,DEKAF_DISPATCH_SAMPLE_DIRECTORY=C:/git/Dekaf-perf-improvements-20260907/pr-3117/profile-v2\latency-samples,DEKAF_DISPATCH_JOB=E_PublishedControl, Arguments=/p:ProductDirectory=C:/git/Dekaf-perf-improvements-20260907/pr-3117/published,/p:UseSharedCompilation=false, IterationCount=3, IterationTime=250ms, WarmupCount=3) [Mode=KeyBatchesDistinct]
// *** Execute ***
// Launch: 1 / 1
// Execute: dotnet Dekaf.Benchmarks-B_Published-2.dll --anonymousPipes 1160 1224 --benchmarkName "Dekaf.Benchmarks.PartitionedLifetimeBenchmarks.ProcessLifetime(Mode: KeyBatchesDistinct)" --job E_PublishedControl --benchmarkId 3 in C:\git\Dekaf-perf-improvements-20260907\pr-3117\comparison-v2\bin\Release\net10.0\Dekaf.Benchmarks-B_Published-2\bin\Release\net10.0
// BeforeAnythingElse

// Benchmark Process Environment Information:
// BenchmarkDotNet v0.15.8
// Runtime=.NET 10.0.11 (10.0.11, 10.0.1126.37416), X64 RyuJIT x86-64-v3
// GC=Concurrent Workstation
// HardwareIntrinsics=AVX2+BMI1+BMI2+F16C+FMA+LZCNT+MOVBE,AVX,SSE3+SSSE3+SSE4.1+SSE4.2+POPCNT,X86Base+SSE+SSE2,AES+PCLMUL,AvxVnni,SERIALIZE VectorSize=256
// Job: E_PublishedControl(Affinity=100, IterationCount=3, IterationTime=250ms, WarmupCount=3)

OverheadJitting  1: 262144 op, 171300.00 ns, 0.6535 ns/op
WorkloadJitting  1: 262144 op, 49473300.00 ns, 188.7257 ns/op

WorkloadPilot    1: 1048576 op, 187192200.00 ns, 178.5204 ns/op

WorkloadWarmup   1: 1048576 op, 189175900.00 ns, 180.4122 ns/op
WorkloadWarmup   2: 1048576 op, 227130400.00 ns, 216.6084 ns/op
WorkloadWarmup   3: 1048576 op, 195613800.00 ns, 186.5519 ns/op

// BeforeActualRun
WorkloadActual   1: 1048576 op, 188661500.00 ns, 179.9216 ns/op
WorkloadActual   2: 1048576 op, 189969200.00 ns, 181.1687 ns/op
WorkloadActual   3: 1048576 op, 188921700.00 ns, 180.1698 ns/op

// AfterActualRun
WorkloadResult   1: 1048576 op, 188661500.00 ns, 179.9216 ns/op
WorkloadResult   2: 1048576 op, 189969200.00 ns, 181.1687 ns/op
WorkloadResult   3: 1048576 op, 188921700.00 ns, 180.1698 ns/op
// GC:  0 0 0 193520 1048576
// Threading:  0 0 1048576

STEADY_ALLOCATION mode=KeyBatchesDistinct records=261888 bytes=0
DISPATCH_METRICS {"Mode":"KeyBatchesDistinct","CpuAndThroughputRecords":8650752,"LatencyRecords":262144,"StopwatchFrequency":10000000,"RawLatencyFile":"C:/git/Dekaf-perf-improvements-20260907/pr-3117/profile-v2\\latency-samples\\E_PublishedControl-KeyBatchesDistinct-ticks.bin","CpuNsPerMessage":173.3953302556818,"MessagesPerSecond":5377417.109814345,"P50Ns":22500,"P99Ns":28100,"MaxNs":134800,"SteadyAllocatedBytes":0}
// AfterAll
// Benchmark Process 62520 has exited with code 0.

Mean = 180.420 ns, StdErr = 0.381 ns (0.21%), N = 3, StdDev = 0.660 ns
Min = 179.922 ns, Q1 = 180.046 ns, Median = 180.170 ns, Q3 = 180.669 ns, Max = 181.169 ns
IQR = 0.624 ns, LowerFence = 179.110 ns, UpperFence = 181.605 ns
ConfidenceInterval = [168.376 ns; 192.464 ns] (CI 99.9%), Margin = 12.044 ns (6.68% of Mean)
Skewness = 0.32, Kurtosis = 0.67, MValue = 2

// ** Remained 13 (54.2%) benchmark(s) to run. Estimated finish 2026-09-07 16:13 (0h 0m from now) **
Setup power plan (GUID: 8c5e7fda-e8bf-4a96-9a85-a6e23a8c635c FriendlyName: High performance)
// **************************
// Benchmark: PartitionedLifetimeBenchmarks.ProcessLifetime: F_PredecessorControl(Affinity=00000000000000000100, EnvironmentVariables=DOTNET_TieredCompilation=0,DEKAF_DISPATCH_PROFILE=1,DEKAF_DISPATCH_SAMPLE_DIRECTORY=C:/git/Dekaf-perf-improvements-20260907/pr-3117/profile-v2\latency-samples,DEKAF_DISPATCH_JOB=F_PredecessorControl, Arguments=/p:ProductDirectory=C:/git/Dekaf-perf-improvements-20260907/pr-3117/predecessor,/p:UseSharedCompilation=false, IterationCount=3, IterationTime=250ms, WarmupCount=3) [Mode=KeyBatchesDistinct]
// *** Execute ***
// Launch: 1 / 1
// Execute: dotnet Dekaf.Benchmarks-A_Predecessor-1.dll --anonymousPipes 1952 1796 --benchmarkName "Dekaf.Benchmarks.PartitionedLifetimeBenchmarks.ProcessLifetime(Mode: KeyBatchesDistinct)" --job F_PredecessorControl --benchmarkId 3 in C:\git\Dekaf-perf-improvements-20260907\pr-3117\comparison-v2\bin\Release\net10.0\Dekaf.Benchmarks-A_Predecessor-1\bin\Release\net10.0
// BeforeAnythingElse

// Benchmark Process Environment Information:
// BenchmarkDotNet v0.15.8
// Runtime=.NET 10.0.11 (10.0.11, 10.0.1126.37416), X64 RyuJIT x86-64-v3
// GC=Concurrent Workstation
// HardwareIntrinsics=AVX2+BMI1+BMI2+F16C+FMA+LZCNT+MOVBE,AVX,SSE3+SSSE3+SSE4.1+SSE4.2+POPCNT,X86Base+SSE+SSE2,AES+PCLMUL,AvxVnni,SERIALIZE VectorSize=256
// Job: F_PredecessorControl(Affinity=100, IterationCount=3, IterationTime=250ms, WarmupCount=3)

OverheadJitting  1: 262144 op, 163000.00 ns, 0.6218 ns/op
WorkloadJitting  1: 262144 op, 48114900.00 ns, 183.5438 ns/op

WorkloadPilot    1: 1048576 op, 219505200.00 ns, 209.3365 ns/op

WorkloadWarmup   1: 1048576 op, 196833800.00 ns, 187.7153 ns/op
WorkloadWarmup   2: 1048576 op, 200257700.00 ns, 190.9806 ns/op
WorkloadWarmup   3: 1048576 op, 188250600.00 ns, 179.5298 ns/op

// BeforeActualRun
WorkloadActual   1: 1048576 op, 185600000.00 ns, 177.0020 ns/op
WorkloadActual   2: 1048576 op, 186336900.00 ns, 177.7047 ns/op
WorkloadActual   3: 1048576 op, 182941200.00 ns, 174.4663 ns/op

// AfterActualRun
WorkloadResult   1: 1048576 op, 185600000.00 ns, 177.0020 ns/op
WorkloadResult   2: 1048576 op, 186336900.00 ns, 177.7047 ns/op
WorkloadResult   3: 1048576 op, 182941200.00 ns, 174.4663 ns/op
// GC:  0 0 0 193520 1048576
// Threading:  0 0 1048576

STEADY_ALLOCATION mode=KeyBatchesDistinct records=261888 bytes=0
DISPATCH_METRICS {"Mode":"KeyBatchesDistinct","CpuAndThroughputRecords":8650752,"LatencyRecords":262144,"StopwatchFrequency":10000000,"RawLatencyFile":"C:/git/Dekaf-perf-improvements-20260907/pr-3117/profile-v2\\latency-samples\\F_PredecessorControl-KeyBatchesDistinct-ticks.bin","CpuNsPerMessage":175.20153161251184,"MessagesPerSecond":5393961.258887259,"P50Ns":22500,"P99Ns":29800,"MaxNs":587400,"SteadyAllocatedBytes":0}
// AfterAll
// Benchmark Process 41468 has exited with code 0.

Mean = 176.391 ns, StdErr = 0.983 ns (0.56%), N = 3, StdDev = 1.703 ns
Min = 174.466 ns, Q1 = 175.734 ns, Median = 177.002 ns, Q3 = 177.353 ns, Max = 177.705 ns
IQR = 1.619 ns, LowerFence = 173.305 ns, UpperFence = 179.782 ns
ConfidenceInterval = [145.314 ns; 207.468 ns] (CI 99.9%), Margin = 31.077 ns (17.62% of Mean)
Skewness = -0.31, Kurtosis = 0.67, MValue = 2

// ** Remained 12 (50.0%) benchmark(s) to run. Estimated finish 2026-09-07 16:13 (0h 0m from now) **
Setup power plan (GUID: 8c5e7fda-e8bf-4a96-9a85-a6e23a8c635c FriendlyName: High performance)
// **************************
// Benchmark: PartitionedLifetimeBenchmarks.ProcessLifetime: A_Predecessor(Affinity=00000000000000000100, EnvironmentVariables=DOTNET_TieredCompilation=0,DEKAF_DISPATCH_PROFILE=1,DEKAF_DISPATCH_SAMPLE_DIRECTORY=C:/git/Dekaf-perf-improvements-20260907/pr-3117/profile-v2\latency-samples,DEKAF_DISPATCH_JOB=A_Predecessor, Arguments=/p:ProductDirectory=C:/git/Dekaf-perf-improvements-20260907/pr-3117/predecessor,/p:UseSharedCompilation=false, IterationCount=3, IterationTime=250ms, WarmupCount=3) [Mode=KeyRecordsPaired]
// *** Execute ***
// Launch: 1 / 1
// Execute: dotnet Dekaf.Benchmarks-A_Predecessor-1.dll --anonymousPipes 1308 1232 --benchmarkName "Dekaf.Benchmarks.PartitionedLifetimeBenchmarks.ProcessLifetime(Mode: KeyRecordsPaired)" --job A_Predecessor --benchmarkId 4 in C:\git\Dekaf-perf-improvements-20260907\pr-3117\comparison-v2\bin\Release\net10.0\Dekaf.Benchmarks-A_Predecessor-1\bin\Release\net10.0
// BeforeAnythingElse

// Benchmark Process Environment Information:
// BenchmarkDotNet v0.15.8
// Runtime=.NET 10.0.11 (10.0.11, 10.0.1126.37416), X64 RyuJIT x86-64-v3
// GC=Concurrent Workstation
// HardwareIntrinsics=AVX2+BMI1+BMI2+F16C+FMA+LZCNT+MOVBE,AVX,SSE3+SSSE3+SSE4.1+SSE4.2+POPCNT,X86Base+SSE+SSE2,AES+PCLMUL,AvxVnni,SERIALIZE VectorSize=256
// Job: A_Predecessor(Affinity=100, IterationCount=3, IterationTime=250ms, WarmupCount=3)

OverheadJitting  1: 262144 op, 162400.00 ns, 0.6195 ns/op
WorkloadJitting  1: 262144 op, 55194400.00 ns, 210.5499 ns/op

WorkloadPilot    1: 1048576 op, 197705300.00 ns, 188.5465 ns/op

WorkloadWarmup   1: 1048576 op, 202071400.00 ns, 192.7103 ns/op
WorkloadWarmup   2: 1048576 op, 201750900.00 ns, 192.4047 ns/op
WorkloadWarmup   3: 1048576 op, 205629400.00 ns, 196.1035 ns/op

// BeforeActualRun
WorkloadActual   1: 1048576 op, 203269000.00 ns, 193.8524 ns/op
WorkloadActual   2: 1048576 op, 201391300.00 ns, 192.0617 ns/op
WorkloadActual   3: 1048576 op, 196603900.00 ns, 187.4961 ns/op

// AfterActualRun
WorkloadResult   1: 1048576 op, 203269000.00 ns, 193.8524 ns/op
WorkloadResult   2: 1048576 op, 201391300.00 ns, 192.0617 ns/op
WorkloadResult   3: 1048576 op, 196603900.00 ns, 187.4961 ns/op
// GC:  0 0 0 189488 1048576
// Threading:  0 0 1048576

STEADY_ALLOCATION mode=KeyRecordsPaired records=261888 bytes=0
DISPATCH_METRICS {"Mode":"KeyRecordsPaired","CpuAndThroughputRecords":8650752,"LatencyRecords":262144,"StopwatchFrequency":10000000,"RawLatencyFile":"C:/git/Dekaf-perf-improvements-20260907/pr-3117/profile-v2\\latency-samples\\A_Predecessor-KeyRecordsPaired-ticks.bin","CpuNsPerMessage":189.651142467152,"MessagesPerSecond":5209684.207965282,"P50Ns":23300,"P99Ns":30800,"MaxNs":108300,"SteadyAllocatedBytes":0}
// AfterAll
// Benchmark Process 92368 has exited with code 0.

Mean = 191.137 ns, StdErr = 1.892 ns (0.99%), N = 3, StdDev = 3.278 ns
Min = 187.496 ns, Q1 = 189.779 ns, Median = 192.062 ns, Q3 = 192.957 ns, Max = 193.852 ns
IQR = 3.178 ns, LowerFence = 185.012 ns, UpperFence = 197.724 ns
ConfidenceInterval = [131.342 ns; 250.932 ns] (CI 99.9%), Margin = 59.795 ns (31.28% of Mean)
Skewness = -0.26, Kurtosis = 0.67, MValue = 2

// ** Remained 11 (45.8%) benchmark(s) to run. Estimated finish 2026-09-07 16:13 (0h 0m from now) **
Setup power plan (GUID: 8c5e7fda-e8bf-4a96-9a85-a6e23a8c635c FriendlyName: High performance)
// **************************
// Benchmark: PartitionedLifetimeBenchmarks.ProcessLifetime: B_Published(Affinity=00000000000000000100, EnvironmentVariables=DOTNET_TieredCompilation=0,DEKAF_DISPATCH_PROFILE=1,DEKAF_DISPATCH_SAMPLE_DIRECTORY=C:/git/Dekaf-perf-improvements-20260907/pr-3117/profile-v2\latency-samples,DEKAF_DISPATCH_JOB=B_Published, Arguments=/p:ProductDirectory=C:/git/Dekaf-perf-improvements-20260907/pr-3117/published,/p:UseSharedCompilation=false, IterationCount=3, IterationTime=250ms, WarmupCount=3) [Mode=KeyRecordsPaired]
// *** Execute ***
// Launch: 1 / 1
// Execute: dotnet Dekaf.Benchmarks-B_Published-2.dll --anonymousPipes 1104 1228 --benchmarkName "Dekaf.Benchmarks.PartitionedLifetimeBenchmarks.ProcessLifetime(Mode: KeyRecordsPaired)" --job B_Published --benchmarkId 4 in C:\git\Dekaf-perf-improvements-20260907\pr-3117\comparison-v2\bin\Release\net10.0\Dekaf.Benchmarks-B_Published-2\bin\Release\net10.0
// BeforeAnythingElse

// Benchmark Process Environment Information:
// BenchmarkDotNet v0.15.8
// Runtime=.NET 10.0.11 (10.0.11, 10.0.1126.37416), X64 RyuJIT x86-64-v3
// GC=Concurrent Workstation
// HardwareIntrinsics=AVX2+BMI1+BMI2+F16C+FMA+LZCNT+MOVBE,AVX,SSE3+SSSE3+SSE4.1+SSE4.2+POPCNT,X86Base+SSE+SSE2,AES+PCLMUL,AvxVnni,SERIALIZE VectorSize=256
// Job: B_Published(Affinity=100, IterationCount=3, IterationTime=250ms, WarmupCount=3)

OverheadJitting  1: 262144 op, 178000.00 ns, 0.6790 ns/op
WorkloadJitting  1: 262144 op, 50803100.00 ns, 193.7984 ns/op

WorkloadPilot    1: 1048576 op, 201167700.00 ns, 191.8485 ns/op

WorkloadWarmup   1: 1048576 op, 199821500.00 ns, 190.5646 ns/op
WorkloadWarmup   2: 1048576 op, 202061300.00 ns, 192.7007 ns/op
WorkloadWarmup   3: 1048576 op, 205487800.00 ns, 195.9684 ns/op

// BeforeActualRun
WorkloadActual   1: 1048576 op, 202920800.00 ns, 193.5204 ns/op
WorkloadActual   2: 1048576 op, 200339900.00 ns, 191.0590 ns/op
WorkloadActual   3: 1048576 op, 200425500.00 ns, 191.1407 ns/op

// AfterActualRun
WorkloadResult   1: 1048576 op, 202920800.00 ns, 193.5204 ns/op
WorkloadResult   2: 1048576 op, 200339900.00 ns, 191.0590 ns/op
WorkloadResult   3: 1048576 op, 200425500.00 ns, 191.1407 ns/op
// GC:  0 0 0 189152 1048576
// Threading:  0 0 1048576

STEADY_ALLOCATION mode=KeyRecordsPaired records=261888 bytes=0
DISPATCH_METRICS {"Mode":"KeyRecordsPaired","CpuAndThroughputRecords":8650752,"LatencyRecords":262144,"StopwatchFrequency":10000000,"RawLatencyFile":"C:/git/Dekaf-perf-improvements-20260907/pr-3117/profile-v2\\latency-samples\\B_Published-KeyRecordsPaired-ticks.bin","CpuNsPerMessage":180.6201356830019,"MessagesPerSecond":5215237.660026809,"P50Ns":23300,"P99Ns":28500,"MaxNs":326000,"SteadyAllocatedBytes":0}
// AfterAll
// Benchmark Process 103440 has exited with code 0.

Mean = 191.907 ns, StdErr = 0.807 ns (0.42%), N = 3, StdDev = 1.398 ns
Min = 191.059 ns, Q1 = 191.100 ns, Median = 191.141 ns, Q3 = 192.331 ns, Max = 193.520 ns
IQR = 1.231 ns, LowerFence = 189.254 ns, UpperFence = 194.177 ns
ConfidenceInterval = [166.400 ns; 217.413 ns] (CI 99.9%), Margin = 25.506 ns (13.29% of Mean)
Skewness = 0.38, Kurtosis = 0.67, MValue = 2

// ** Remained 10 (41.7%) benchmark(s) to run. Estimated finish 2026-09-07 16:13 (0h 0m from now) **
Setup power plan (GUID: 8c5e7fda-e8bf-4a96-9a85-a6e23a8c635c FriendlyName: High performance)
// **************************
// Benchmark: PartitionedLifetimeBenchmarks.ProcessLifetime: C_SingleProbe(Affinity=00000000000000000100, EnvironmentVariables=DOTNET_TieredCompilation=0,DEKAF_DISPATCH_PROFILE=1,DEKAF_DISPATCH_SAMPLE_DIRECTORY=C:/git/Dekaf-perf-improvements-20260907/pr-3117/profile-v2\latency-samples,DEKAF_DISPATCH_JOB=C_SingleProbe, Arguments=/p:ProductDirectory=C:/git/Dekaf-perf-improvements-20260907/pr-3117/candidate,/p:UseSharedCompilation=false, IterationCount=3, IterationTime=250ms, WarmupCount=3) [Mode=KeyRecordsPaired]
// *** Execute ***
// Launch: 1 / 1
// Execute: dotnet Dekaf.Benchmarks-C_SingleProbe-3.dll --anonymousPipes 1920 1588 --benchmarkName "Dekaf.Benchmarks.PartitionedLifetimeBenchmarks.ProcessLifetime(Mode: KeyRecordsPaired)" --job C_SingleProbe --benchmarkId 2 in C:\git\Dekaf-perf-improvements-20260907\pr-3117\comparison-v2\bin\Release\net10.0\Dekaf.Benchmarks-C_SingleProbe-3\bin\Release\net10.0
// BeforeAnythingElse

// Benchmark Process Environment Information:
// BenchmarkDotNet v0.15.8
// Runtime=.NET 10.0.11 (10.0.11, 10.0.1126.37416), X64 RyuJIT x86-64-v3
// GC=Concurrent Workstation
// HardwareIntrinsics=AVX2+BMI1+BMI2+F16C+FMA+LZCNT+MOVBE,AVX,SSE3+SSSE3+SSE4.1+SSE4.2+POPCNT,X86Base+SSE+SSE2,AES+PCLMUL,AvxVnni,SERIALIZE VectorSize=256
// Job: C_SingleProbe(Affinity=100, IterationCount=3, IterationTime=250ms, WarmupCount=3)

OverheadJitting  1: 262144 op, 165800.00 ns, 0.6325 ns/op
WorkloadJitting  1: 262144 op, 52885700.00 ns, 201.7429 ns/op

WorkloadPilot    1: 1048576 op, 244579500.00 ns, 233.2492 ns/op

WorkloadWarmup   1: 1048576 op, 206900300.00 ns, 197.3155 ns/op
WorkloadWarmup   2: 1048576 op, 197839500.00 ns, 188.6744 ns/op
WorkloadWarmup   3: 1048576 op, 198892200.00 ns, 189.6784 ns/op

// BeforeActualRun
WorkloadActual   1: 1048576 op, 203163900.00 ns, 193.7522 ns/op
WorkloadActual   2: 1048576 op, 205217800.00 ns, 195.7109 ns/op
WorkloadActual   3: 1048576 op, 199642500.00 ns, 190.3939 ns/op

// AfterActualRun
WorkloadResult   1: 1048576 op, 203163900.00 ns, 193.7522 ns/op
WorkloadResult   2: 1048576 op, 205217800.00 ns, 195.7109 ns/op
WorkloadResult   3: 1048576 op, 199642500.00 ns, 190.3939 ns/op
// GC:  0 0 0 189488 1048576
// Threading:  0 0 1048576

STEADY_ALLOCATION mode=KeyRecordsPaired records=261888 bytes=0
DISPATCH_METRICS {"Mode":"KeyRecordsPaired","CpuAndThroughputRecords":8650752,"LatencyRecords":262144,"StopwatchFrequency":10000000,"RawLatencyFile":"C:/git/Dekaf-perf-improvements-20260907/pr-3117/profile-v2\\latency-samples\\C_SingleProbe-KeyRecordsPaired-ticks.bin","CpuNsPerMessage":193.26354518081203,"MessagesPerSecond":5014207.521805125,"P50Ns":24500,"P99Ns":66700,"MaxNs":299200,"SteadyAllocatedBytes":0}
// AfterAll
// Benchmark Process 103876 has exited with code 0.

Mean = 193.286 ns, StdErr = 1.553 ns (0.80%), N = 3, StdDev = 2.689 ns
Min = 190.394 ns, Q1 = 192.073 ns, Median = 193.752 ns, Q3 = 194.732 ns, Max = 195.711 ns
IQR = 2.659 ns, LowerFence = 188.085 ns, UpperFence = 198.719 ns
ConfidenceInterval = [144.228 ns; 242.344 ns] (CI 99.9%), Margin = 49.058 ns (25.38% of Mean)
Skewness = -0.17, Kurtosis = 0.67, MValue = 2

// ** Remained 9 (37.5%) benchmark(s) to run. Estimated finish 2026-09-07 16:13 (0h 0m from now) **
Setup power plan (GUID: 8c5e7fda-e8bf-4a96-9a85-a6e23a8c635c FriendlyName: High performance)
// **************************
// Benchmark: PartitionedLifetimeBenchmarks.ProcessLifetime: D_ClearOnce(Affinity=00000000000000000100, EnvironmentVariables=DOTNET_TieredCompilation=0,DEKAF_DISPATCH_PROFILE=1,DEKAF_DISPATCH_SAMPLE_DIRECTORY=C:/git/Dekaf-perf-improvements-20260907/pr-3117/profile-v2\latency-samples,DEKAF_DISPATCH_JOB=D_ClearOnce, Arguments=/p:ProductDirectory=C:/git/Dekaf-perf-improvements-20260907/pr-3117/candidate-v2,/p:UseSharedCompilation=false, IterationCount=3, IterationTime=250ms, WarmupCount=3) [Mode=KeyRecordsPaired]
// *** Execute ***
// Launch: 1 / 1
// Execute: dotnet Dekaf.Benchmarks-D_ClearOnce-4.dll --anonymousPipes 1168 1588 --benchmarkName "Dekaf.Benchmarks.PartitionedLifetimeBenchmarks.ProcessLifetime(Mode: KeyRecordsPaired)" --job D_ClearOnce --benchmarkId 2 in C:\git\Dekaf-perf-improvements-20260907\pr-3117\comparison-v2\bin\Release\net10.0\Dekaf.Benchmarks-D_ClearOnce-4\bin\Release\net10.0
// BeforeAnythingElse

// Benchmark Process Environment Information:
// BenchmarkDotNet v0.15.8
// Runtime=.NET 10.0.11 (10.0.11, 10.0.1126.37416), X64 RyuJIT x86-64-v3
// GC=Concurrent Workstation
// HardwareIntrinsics=AVX2+BMI1+BMI2+F16C+FMA+LZCNT+MOVBE,AVX,SSE3+SSSE3+SSE4.1+SSE4.2+POPCNT,X86Base+SSE+SSE2,AES+PCLMUL,AvxVnni,SERIALIZE VectorSize=256
// Job: D_ClearOnce(Affinity=100, IterationCount=3, IterationTime=250ms, WarmupCount=3)

OverheadJitting  1: 262144 op, 163200.00 ns, 0.6226 ns/op
WorkloadJitting  1: 262144 op, 49605900.00 ns, 189.2315 ns/op

WorkloadPilot    1: 1048576 op, 229696300.00 ns, 219.0555 ns/op

WorkloadWarmup   1: 1048576 op, 215276900.00 ns, 205.3041 ns/op
WorkloadWarmup   2: 1048576 op, 199643100.00 ns, 190.3945 ns/op
WorkloadWarmup   3: 1048576 op, 201466300.00 ns, 192.1332 ns/op

// BeforeActualRun
WorkloadActual   1: 1048576 op, 201905600.00 ns, 192.5522 ns/op
WorkloadActual   2: 1048576 op, 206132000.00 ns, 196.5828 ns/op
WorkloadActual   3: 1048576 op, 200919000.00 ns, 191.6113 ns/op

// AfterActualRun
WorkloadResult   1: 1048576 op, 201905600.00 ns, 192.5522 ns/op
WorkloadResult   2: 1048576 op, 206132000.00 ns, 196.5828 ns/op
WorkloadResult   3: 1048576 op, 200919000.00 ns, 191.6113 ns/op
// GC:  0 0 0 189488 1048576
// Threading:  0 0 1048576

STEADY_ALLOCATION mode=KeyRecordsPaired records=261888 bytes=0
DISPATCH_METRICS {"Mode":"KeyRecordsPaired","CpuAndThroughputRecords":8650752,"LatencyRecords":262144,"StopwatchFrequency":10000000,"RawLatencyFile":"C:/git/Dekaf-perf-improvements-20260907/pr-3117/profile-v2\\latency-samples\\D_ClearOnce-KeyRecordsPaired-ticks.bin","CpuNsPerMessage":182.4263370398319,"MessagesPerSecond":5092267.695784351,"P50Ns":23200,"P99Ns":26800,"MaxNs":116700,"SteadyAllocatedBytes":0}
// AfterAll
// Benchmark Process 91864 has exited with code 0.

Mean = 193.582 ns, StdErr = 1.525 ns (0.79%), N = 3, StdDev = 2.641 ns
Min = 191.611 ns, Q1 = 192.082 ns, Median = 192.552 ns, Q3 = 194.567 ns, Max = 196.583 ns
IQR = 2.486 ns, LowerFence = 188.353 ns, UpperFence = 198.296 ns
ConfidenceInterval = [145.402 ns; 241.762 ns] (CI 99.9%), Margin = 48.180 ns (24.89% of Mean)
Skewness = 0.33, Kurtosis = 0.67, MValue = 2

// ** Remained 8 (33.3%) benchmark(s) to run. Estimated finish 2026-09-07 16:13 (0h 0m from now) **
Setup power plan (GUID: 8c5e7fda-e8bf-4a96-9a85-a6e23a8c635c FriendlyName: High performance)
// **************************
// Benchmark: PartitionedLifetimeBenchmarks.ProcessLifetime: E_PublishedControl(Affinity=00000000000000000100, EnvironmentVariables=DOTNET_TieredCompilation=0,DEKAF_DISPATCH_PROFILE=1,DEKAF_DISPATCH_SAMPLE_DIRECTORY=C:/git/Dekaf-perf-improvements-20260907/pr-3117/profile-v2\latency-samples,DEKAF_DISPATCH_JOB=E_PublishedControl, Arguments=/p:ProductDirectory=C:/git/Dekaf-perf-improvements-20260907/pr-3117/published,/p:UseSharedCompilation=false, IterationCount=3, IterationTime=250ms, WarmupCount=3) [Mode=KeyRecordsPaired]
// *** Execute ***
// Launch: 1 / 1
// Execute: dotnet Dekaf.Benchmarks-B_Published-2.dll --anonymousPipes 1700 1932 --benchmarkName "Dekaf.Benchmarks.PartitionedLifetimeBenchmarks.ProcessLifetime(Mode: KeyRecordsPaired)" --job E_PublishedControl --benchmarkId 5 in C:\git\Dekaf-perf-improvements-20260907\pr-3117\comparison-v2\bin\Release\net10.0\Dekaf.Benchmarks-B_Published-2\bin\Release\net10.0
// BeforeAnythingElse

// Benchmark Process Environment Information:
// BenchmarkDotNet v0.15.8
// Runtime=.NET 10.0.11 (10.0.11, 10.0.1126.37416), X64 RyuJIT x86-64-v3
// GC=Concurrent Workstation
// HardwareIntrinsics=AVX2+BMI1+BMI2+F16C+FMA+LZCNT+MOVBE,AVX,SSE3+SSSE3+SSE4.1+SSE4.2+POPCNT,X86Base+SSE+SSE2,AES+PCLMUL,AvxVnni,SERIALIZE VectorSize=256
// Job: E_PublishedControl(Affinity=100, IterationCount=3, IterationTime=250ms, WarmupCount=3)

OverheadJitting  1: 262144 op, 165100.00 ns, 0.6298 ns/op
WorkloadJitting  1: 262144 op, 57388000.00 ns, 218.9178 ns/op

WorkloadPilot    1: 1048576 op, 206679700.00 ns, 197.1051 ns/op

WorkloadWarmup   1: 1048576 op, 206240600.00 ns, 196.6864 ns/op
WorkloadWarmup   2: 1048576 op, 199184600.00 ns, 189.9572 ns/op
WorkloadWarmup   3: 1048576 op, 198570400.00 ns, 189.3715 ns/op

// BeforeActualRun
WorkloadActual   1: 1048576 op, 207483600.00 ns, 197.8718 ns/op
WorkloadActual   2: 1048576 op, 201386300.00 ns, 192.0569 ns/op
WorkloadActual   3: 1048576 op, 203177500.00 ns, 193.7652 ns/op

// AfterActualRun
WorkloadResult   1: 1048576 op, 207483600.00 ns, 197.8718 ns/op
WorkloadResult   2: 1048576 op, 201386300.00 ns, 192.0569 ns/op
WorkloadResult   3: 1048576 op, 203177500.00 ns, 193.7652 ns/op
// GC:  0 0 0 189488 1048576
// Threading:  0 0 1048576

STEADY_ALLOCATION mode=KeyRecordsPaired records=261888 bytes=0
DISPATCH_METRICS {"Mode":"KeyRecordsPaired","CpuAndThroughputRecords":8650752,"LatencyRecords":262144,"StopwatchFrequency":10000000,"RawLatencyFile":"C:/git/Dekaf-perf-improvements-20260907/pr-3117/profile-v2\\latency-samples\\E_PublishedControl-KeyRecordsPaired-ticks.bin","CpuNsPerMessage":182.4263370398319,"MessagesPerSecond":5135469.629632444,"P50Ns":24200,"P99Ns":60200,"MaxNs":188400,"SteadyAllocatedBytes":0}
// AfterAll
// Benchmark Process 100936 has exited with code 0.

Mean = 194.565 ns, StdErr = 1.726 ns (0.89%), N = 3, StdDev = 2.989 ns
Min = 192.057 ns, Q1 = 192.911 ns, Median = 193.765 ns, Q3 = 195.818 ns, Max = 197.872 ns
IQR = 2.907 ns, LowerFence = 188.550 ns, UpperFence = 200.180 ns
ConfidenceInterval = [140.039 ns; 249.090 ns] (CI 99.9%), Margin = 54.525 ns (28.02% of Mean)
Skewness = 0.25, Kurtosis = 0.67, MValue = 2

// ** Remained 7 (29.2%) benchmark(s) to run. Estimated finish 2026-09-07 16:13 (0h 0m from now) **
Setup power plan (GUID: 8c5e7fda-e8bf-4a96-9a85-a6e23a8c635c FriendlyName: High performance)
// **************************
// Benchmark: PartitionedLifetimeBenchmarks.ProcessLifetime: F_PredecessorControl(Affinity=00000000000000000100, EnvironmentVariables=DOTNET_TieredCompilation=0,DEKAF_DISPATCH_PROFILE=1,DEKAF_DISPATCH_SAMPLE_DIRECTORY=C:/git/Dekaf-perf-improvements-20260907/pr-3117/profile-v2\latency-samples,DEKAF_DISPATCH_JOB=F_PredecessorControl, Arguments=/p:ProductDirectory=C:/git/Dekaf-perf-improvements-20260907/pr-3117/predecessor,/p:UseSharedCompilation=false, IterationCount=3, IterationTime=250ms, WarmupCount=3) [Mode=KeyRecordsPaired]
// *** Execute ***
// Launch: 1 / 1
// Execute: dotnet Dekaf.Benchmarks-A_Predecessor-1.dll --anonymousPipes 1936 1908 --benchmarkName "Dekaf.Benchmarks.PartitionedLifetimeBenchmarks.ProcessLifetime(Mode: KeyRecordsPaired)" --job F_PredecessorControl --benchmarkId 5 in C:\git\Dekaf-perf-improvements-20260907\pr-3117\comparison-v2\bin\Release\net10.0\Dekaf.Benchmarks-A_Predecessor-1\bin\Release\net10.0
// BeforeAnythingElse

// Benchmark Process Environment Information:
// BenchmarkDotNet v0.15.8
// Runtime=.NET 10.0.11 (10.0.11, 10.0.1126.37416), X64 RyuJIT x86-64-v3
// GC=Concurrent Workstation
// HardwareIntrinsics=AVX2+BMI1+BMI2+F16C+FMA+LZCNT+MOVBE,AVX,SSE3+SSSE3+SSE4.1+SSE4.2+POPCNT,X86Base+SSE+SSE2,AES+PCLMUL,AvxVnni,SERIALIZE VectorSize=256
// Job: F_PredecessorControl(Affinity=100, IterationCount=3, IterationTime=250ms, WarmupCount=3)

OverheadJitting  1: 262144 op, 168200.00 ns, 0.6416 ns/op
WorkloadJitting  1: 262144 op, 51252300.00 ns, 195.5120 ns/op

WorkloadPilot    1: 1048576 op, 203621500.00 ns, 194.1886 ns/op

WorkloadWarmup   1: 1048576 op, 201043200.00 ns, 191.7297 ns/op
WorkloadWarmup   2: 1048576 op, 202035600.00 ns, 192.6762 ns/op
WorkloadWarmup   3: 1048576 op, 198929100.00 ns, 189.7136 ns/op

// BeforeActualRun
WorkloadActual   1: 1048576 op, 197043100.00 ns, 187.9149 ns/op
WorkloadActual   2: 1048576 op, 194092300.00 ns, 185.1008 ns/op
WorkloadActual   3: 1048576 op, 200335000.00 ns, 191.0543 ns/op

// AfterActualRun
WorkloadResult   1: 1048576 op, 197043100.00 ns, 187.9149 ns/op
WorkloadResult   2: 1048576 op, 194092300.00 ns, 185.1008 ns/op
WorkloadResult   3: 1048576 op, 200335000.00 ns, 191.0543 ns/op
// GC:  0 0 0 189488 1048576
// Threading:  0 0 1048576

STEADY_ALLOCATION mode=KeyRecordsPaired records=261888 bytes=0
DISPATCH_METRICS {"Mode":"KeyRecordsPaired","CpuAndThroughputRecords":8650752,"LatencyRecords":262144,"StopwatchFrequency":10000000,"RawLatencyFile":"C:/git/Dekaf-perf-improvements-20260907/pr-3117/profile-v2\\latency-samples\\F_PredecessorControl-KeyRecordsPaired-ticks.bin","CpuNsPerMessage":178.81393432617188,"MessagesPerSecond":5257467.7204349665,"P50Ns":23800,"P99Ns":27500,"MaxNs":291500,"SteadyAllocatedBytes":0}
// AfterAll
// Benchmark Process 109360 has exited with code 0.

Mean = 188.023 ns, StdErr = 1.719 ns (0.91%), N = 3, StdDev = 2.978 ns
Min = 185.101 ns, Q1 = 186.508 ns, Median = 187.915 ns, Q3 = 189.485 ns, Max = 191.054 ns
IQR = 2.977 ns, LowerFence = 182.043 ns, UpperFence = 193.950 ns
ConfidenceInterval = [133.689 ns; 242.357 ns] (CI 99.9%), Margin = 54.334 ns (28.90% of Mean)
Skewness = 0.04, Kurtosis = 0.67, MValue = 2

// ** Remained 6 (25.0%) benchmark(s) to run. Estimated finish 2026-09-07 16:13 (0h 0m from now) **
Setup power plan (GUID: 8c5e7fda-e8bf-4a96-9a85-a6e23a8c635c FriendlyName: High performance)
// **************************
// Benchmark: PartitionedLifetimeBenchmarks.ProcessLifetime: A_Predecessor(Affinity=00000000000000000100, EnvironmentVariables=DOTNET_TieredCompilation=0,DEKAF_DISPATCH_PROFILE=1,DEKAF_DISPATCH_SAMPLE_DIRECTORY=C:/git/Dekaf-perf-improvements-20260907/pr-3117/profile-v2\latency-samples,DEKAF_DISPATCH_JOB=A_Predecessor, Arguments=/p:ProductDirectory=C:/git/Dekaf-perf-improvements-20260907/pr-3117/predecessor,/p:UseSharedCompilation=false, IterationCount=3, IterationTime=250ms, WarmupCount=3) [Mode=KeyBatchesPaired]
// *** Execute ***
// Launch: 1 / 1
// Execute: dotnet Dekaf.Benchmarks-A_Predecessor-1.dll --anonymousPipes 2024 1936 --benchmarkName "Dekaf.Benchmarks.PartitionedLifetimeBenchmarks.ProcessLifetime(Mode: KeyBatchesPaired)" --job A_Predecessor --benchmarkId 6 in C:\git\Dekaf-perf-improvements-20260907\pr-3117\comparison-v2\bin\Release\net10.0\Dekaf.Benchmarks-A_Predecessor-1\bin\Release\net10.0
// BeforeAnythingElse

// Benchmark Process Environment Information:
// BenchmarkDotNet v0.15.8
// Runtime=.NET 10.0.11 (10.0.11, 10.0.1126.37416), X64 RyuJIT x86-64-v3
// GC=Concurrent Workstation
// HardwareIntrinsics=AVX2+BMI1+BMI2+F16C+FMA+LZCNT+MOVBE,AVX,SSE3+SSSE3+SSE4.1+SSE4.2+POPCNT,X86Base+SSE+SSE2,AES+PCLMUL,AvxVnni,SERIALIZE VectorSize=256
// Job: A_Predecessor(Affinity=100, IterationCount=3, IterationTime=250ms, WarmupCount=3)

OverheadJitting  1: 262144 op, 170500.00 ns, 0.6504 ns/op
WorkloadJitting  1: 262144 op, 52546900.00 ns, 200.4505 ns/op

WorkloadPilot    1: 1048576 op, 212315900.00 ns, 202.4802 ns/op

WorkloadWarmup   1: 1048576 op, 212876100.00 ns, 203.0145 ns/op
WorkloadWarmup   2: 1048576 op, 212819700.00 ns, 202.9607 ns/op
WorkloadWarmup   3: 1048576 op, 212483000.00 ns, 202.6396 ns/op

// BeforeActualRun
WorkloadActual   1: 1048576 op, 211452600.00 ns, 201.6569 ns/op
WorkloadActual   2: 1048576 op, 211189700.00 ns, 201.4062 ns/op
WorkloadActual   3: 1048576 op, 211602200.00 ns, 201.7996 ns/op

// AfterActualRun
WorkloadResult   1: 1048576 op, 211452600.00 ns, 201.6569 ns/op
WorkloadResult   2: 1048576 op, 211189700.00 ns, 201.4062 ns/op
WorkloadResult   3: 1048576 op, 211602200.00 ns, 201.7996 ns/op
// GC:  0 0 0 200496 1048576
// Threading:  0 0 1048576

STEADY_ALLOCATION mode=KeyBatchesPaired records=261888 bytes=0
DISPATCH_METRICS {"Mode":"KeyBatchesPaired","CpuAndThroughputRecords":8650752,"LatencyRecords":262144,"StopwatchFrequency":10000000,"RawLatencyFile":"C:/git/Dekaf-perf-improvements-20260907/pr-3117/profile-v2\\latency-samples\\A_Predecessor-KeyBatchesPaired-ticks.bin","CpuNsPerMessage":193.26354518081203,"MessagesPerSecond":4904933.917572635,"P50Ns":26500,"P99Ns":122200,"MaxNs":917700,"SteadyAllocatedBytes":0}
// AfterAll
// Benchmark Process 7392 has exited with code 0.

Mean = 201.621 ns, StdErr = 0.115 ns (0.06%), N = 3, StdDev = 0.199 ns
Min = 201.406 ns, Q1 = 201.532 ns, Median = 201.657 ns, Q3 = 201.728 ns, Max = 201.800 ns
IQR = 0.197 ns, LowerFence = 201.237 ns, UpperFence = 202.023 ns
ConfidenceInterval = [197.988 ns; 205.254 ns] (CI 99.9%), Margin = 3.633 ns (1.80% of Mean)
Skewness = -0.17, Kurtosis = 0.67, MValue = 2

// ** Remained 5 (20.8%) benchmark(s) to run. Estimated finish 2026-09-07 16:13 (0h 0m from now) **
Setup power plan (GUID: 8c5e7fda-e8bf-4a96-9a85-a6e23a8c635c FriendlyName: High performance)
// **************************
// Benchmark: PartitionedLifetimeBenchmarks.ProcessLifetime: B_Published(Affinity=00000000000000000100, EnvironmentVariables=DOTNET_TieredCompilation=0,DEKAF_DISPATCH_PROFILE=1,DEKAF_DISPATCH_SAMPLE_DIRECTORY=C:/git/Dekaf-perf-improvements-20260907/pr-3117/profile-v2\latency-samples,DEKAF_DISPATCH_JOB=B_Published, Arguments=/p:ProductDirectory=C:/git/Dekaf-perf-improvements-20260907/pr-3117/published,/p:UseSharedCompilation=false, IterationCount=3, IterationTime=250ms, WarmupCount=3) [Mode=KeyBatchesPaired]
// *** Execute ***
// Launch: 1 / 1
// Execute: dotnet Dekaf.Benchmarks-B_Published-2.dll --anonymousPipes 2072 2004 --benchmarkName "Dekaf.Benchmarks.PartitionedLifetimeBenchmarks.ProcessLifetime(Mode: KeyBatchesPaired)" --job B_Published --benchmarkId 6 in C:\git\Dekaf-perf-improvements-20260907\pr-3117\comparison-v2\bin\Release\net10.0\Dekaf.Benchmarks-B_Published-2\bin\Release\net10.0
// BeforeAnythingElse

// Benchmark Process Environment Information:
// BenchmarkDotNet v0.15.8
// Runtime=.NET 10.0.11 (10.0.11, 10.0.1126.37416), X64 RyuJIT x86-64-v3
// GC=Concurrent Workstation
// HardwareIntrinsics=AVX2+BMI1+BMI2+F16C+FMA+LZCNT+MOVBE,AVX,SSE3+SSSE3+SSE4.1+SSE4.2+POPCNT,X86Base+SSE+SSE2,AES+PCLMUL,AvxVnni,SERIALIZE VectorSize=256
// Job: B_Published(Affinity=100, IterationCount=3, IterationTime=250ms, WarmupCount=3)

OverheadJitting  1: 262144 op, 179500.00 ns, 0.6847 ns/op
WorkloadJitting  1: 262144 op, 53862200.00 ns, 205.4680 ns/op

WorkloadPilot    1: 1048576 op, 204096600.00 ns, 194.6417 ns/op

WorkloadWarmup   1: 1048576 op, 203894500.00 ns, 194.4489 ns/op
WorkloadWarmup   2: 1048576 op, 209925400.00 ns, 200.2005 ns/op
WorkloadWarmup   3: 1048576 op, 202566300.00 ns, 193.1823 ns/op

// BeforeActualRun
WorkloadActual   1: 1048576 op, 212230600.00 ns, 202.3989 ns/op
WorkloadActual   2: 1048576 op, 203988500.00 ns, 194.5386 ns/op
WorkloadActual   3: 1048576 op, 203151600.00 ns, 193.7405 ns/op

// AfterActualRun
WorkloadResult   1: 1048576 op, 212230600.00 ns, 202.3989 ns/op
WorkloadResult   2: 1048576 op, 203988500.00 ns, 194.5386 ns/op
WorkloadResult   3: 1048576 op, 203151600.00 ns, 193.7405 ns/op
// GC:  0 0 0 200496 1048576
// Threading:  0 0 1048576

STEADY_ALLOCATION mode=KeyBatchesPaired records=261888 bytes=0
DISPATCH_METRICS {"Mode":"KeyBatchesPaired","CpuAndThroughputRecords":8650752,"LatencyRecords":262144,"StopwatchFrequency":10000000,"RawLatencyFile":"C:/git/Dekaf-perf-improvements-20260907/pr-3117/profile-v2\\latency-samples\\B_Published-KeyBatchesPaired-ticks.bin","CpuNsPerMessage":184.23253839666194,"MessagesPerSecond":5076049.927794333,"P50Ns":24600,"P99Ns":73600,"MaxNs":204200,"SteadyAllocatedBytes":0}
// AfterAll
// Benchmark Process 88192 has exited with code 0.

Mean = 196.893 ns, StdErr = 2.763 ns (1.40%), N = 3, StdDev = 4.785 ns
Min = 193.740 ns, Q1 = 194.140 ns, Median = 194.539 ns, Q3 = 198.469 ns, Max = 202.399 ns
IQR = 4.329 ns, LowerFence = 187.646 ns, UpperFence = 204.963 ns
ConfidenceInterval = [109.593 ns; 284.193 ns] (CI 99.9%), Margin = 87.300 ns (44.34% of Mean)
Skewness = 0.37, Kurtosis = 0.67, MValue = 2

// ** Remained 4 (16.7%) benchmark(s) to run. Estimated finish 2026-09-07 16:13 (0h 0m from now) **
Setup power plan (GUID: 8c5e7fda-e8bf-4a96-9a85-a6e23a8c635c FriendlyName: High performance)
// **************************
// Benchmark: PartitionedLifetimeBenchmarks.ProcessLifetime: C_SingleProbe(Affinity=00000000000000000100, EnvironmentVariables=DOTNET_TieredCompilation=0,DEKAF_DISPATCH_PROFILE=1,DEKAF_DISPATCH_SAMPLE_DIRECTORY=C:/git/Dekaf-perf-improvements-20260907/pr-3117/profile-v2\latency-samples,DEKAF_DISPATCH_JOB=C_SingleProbe, Arguments=/p:ProductDirectory=C:/git/Dekaf-perf-improvements-20260907/pr-3117/candidate,/p:UseSharedCompilation=false, IterationCount=3, IterationTime=250ms, WarmupCount=3) [Mode=KeyBatchesPaired]
// *** Execute ***
// Launch: 1 / 1
// Execute: dotnet Dekaf.Benchmarks-C_SingleProbe-3.dll --anonymousPipes 2068 2040 --benchmarkName "Dekaf.Benchmarks.PartitionedLifetimeBenchmarks.ProcessLifetime(Mode: KeyBatchesPaired)" --job C_SingleProbe --benchmarkId 3 in C:\git\Dekaf-perf-improvements-20260907\pr-3117\comparison-v2\bin\Release\net10.0\Dekaf.Benchmarks-C_SingleProbe-3\bin\Release\net10.0
// BeforeAnythingElse

// Benchmark Process Environment Information:
// BenchmarkDotNet v0.15.8
// Runtime=.NET 10.0.11 (10.0.11, 10.0.1126.37416), X64 RyuJIT x86-64-v3
// GC=Concurrent Workstation
// HardwareIntrinsics=AVX2+BMI1+BMI2+F16C+FMA+LZCNT+MOVBE,AVX,SSE3+SSSE3+SSE4.1+SSE4.2+POPCNT,X86Base+SSE+SSE2,AES+PCLMUL,AvxVnni,SERIALIZE VectorSize=256
// Job: C_SingleProbe(Affinity=100, IterationCount=3, IterationTime=250ms, WarmupCount=3)

OverheadJitting  1: 262144 op, 160900.00 ns, 0.6138 ns/op
WorkloadJitting  1: 262144 op, 52402500.00 ns, 199.8997 ns/op

WorkloadPilot    1: 1048576 op, 203728400.00 ns, 194.2905 ns/op

WorkloadWarmup   1: 1048576 op, 203314500.00 ns, 193.8958 ns/op
WorkloadWarmup   2: 1048576 op, 212520200.00 ns, 202.6751 ns/op
WorkloadWarmup   3: 1048576 op, 203475600.00 ns, 194.0495 ns/op

// BeforeActualRun
WorkloadActual   1: 1048576 op, 204220500.00 ns, 194.7598 ns/op
WorkloadActual   2: 1048576 op, 239678200.00 ns, 228.5749 ns/op
WorkloadActual   3: 1048576 op, 218469700.00 ns, 208.3489 ns/op

// AfterActualRun
WorkloadResult   1: 1048576 op, 204220500.00 ns, 194.7598 ns/op
WorkloadResult   2: 1048576 op, 239678200.00 ns, 228.5749 ns/op
WorkloadResult   3: 1048576 op, 218469700.00 ns, 208.3489 ns/op
// GC:  0 0 0 200496 1048576
// Threading:  0 0 1048576

STEADY_ALLOCATION mode=KeyBatchesPaired records=261888 bytes=0
DISPATCH_METRICS {"Mode":"KeyBatchesPaired","CpuAndThroughputRecords":8650752,"LatencyRecords":262144,"StopwatchFrequency":10000000,"RawLatencyFile":"C:/git/Dekaf-perf-improvements-20260907/pr-3117/profile-v2\\latency-samples\\C_SingleProbe-KeyBatchesPaired-ticks.bin","CpuNsPerMessage":193.26354518081203,"MessagesPerSecond":4942930.966113296,"P50Ns":25300,"P99Ns":54600,"MaxNs":133100,"SteadyAllocatedBytes":0}
// AfterAll
// Benchmark Process 62212 has exited with code 0.

Mean = 210.561 ns, StdErr = 9.824 ns (4.67%), N = 3, StdDev = 17.016 ns
Min = 194.760 ns, Q1 = 201.554 ns, Median = 208.349 ns, Q3 = 218.462 ns, Max = 228.575 ns
IQR = 16.908 ns, LowerFence = 176.193 ns, UpperFence = 243.823 ns
ConfidenceInterval = [-99.869 ns; 520.992 ns] (CI 99.9%), Margin = 310.431 ns (147.43% of Mean)
Skewness = 0.13, Kurtosis = 0.67, MValue = 2

// ** Remained 3 (12.5%) benchmark(s) to run. Estimated finish 2026-09-07 16:13 (0h 0m from now) **
Setup power plan (GUID: 8c5e7fda-e8bf-4a96-9a85-a6e23a8c635c FriendlyName: High performance)
// **************************
// Benchmark: PartitionedLifetimeBenchmarks.ProcessLifetime: D_ClearOnce(Affinity=00000000000000000100, EnvironmentVariables=DOTNET_TieredCompilation=0,DEKAF_DISPATCH_PROFILE=1,DEKAF_DISPATCH_SAMPLE_DIRECTORY=C:/git/Dekaf-perf-improvements-20260907/pr-3117/profile-v2\latency-samples,DEKAF_DISPATCH_JOB=D_ClearOnce, Arguments=/p:ProductDirectory=C:/git/Dekaf-perf-improvements-20260907/pr-3117/candidate-v2,/p:UseSharedCompilation=false, IterationCount=3, IterationTime=250ms, WarmupCount=3) [Mode=KeyBatchesPaired]
// *** Execute ***
// Launch: 1 / 1
// Execute: dotnet Dekaf.Benchmarks-D_ClearOnce-4.dll --anonymousPipes 1956 1984 --benchmarkName "Dekaf.Benchmarks.PartitionedLifetimeBenchmarks.ProcessLifetime(Mode: KeyBatchesPaired)" --job D_ClearOnce --benchmarkId 3 in C:\git\Dekaf-perf-improvements-20260907\pr-3117\comparison-v2\bin\Release\net10.0\Dekaf.Benchmarks-D_ClearOnce-4\bin\Release\net10.0
// BeforeAnythingElse

// Benchmark Process Environment Information:
// BenchmarkDotNet v0.15.8
// Runtime=.NET 10.0.11 (10.0.11, 10.0.1126.37416), X64 RyuJIT x86-64-v3
// GC=Concurrent Workstation
// HardwareIntrinsics=AVX2+BMI1+BMI2+F16C+FMA+LZCNT+MOVBE,AVX,SSE3+SSSE3+SSE4.1+SSE4.2+POPCNT,X86Base+SSE+SSE2,AES+PCLMUL,AvxVnni,SERIALIZE VectorSize=256
// Job: D_ClearOnce(Affinity=100, IterationCount=3, IterationTime=250ms, WarmupCount=3)

OverheadJitting  1: 262144 op, 180300.00 ns, 0.6878 ns/op
WorkloadJitting  1: 262144 op, 51448900.00 ns, 196.2620 ns/op

WorkloadPilot    1: 1048576 op, 198632500.00 ns, 189.4307 ns/op

WorkloadWarmup   1: 1048576 op, 205167100.00 ns, 195.6626 ns/op
WorkloadWarmup   2: 1048576 op, 198358200.00 ns, 189.1691 ns/op
WorkloadWarmup   3: 1048576 op, 198689000.00 ns, 189.4846 ns/op

// BeforeActualRun
WorkloadActual   1: 1048576 op, 197195400.00 ns, 188.0602 ns/op
WorkloadActual   2: 1048576 op, 198277100.00 ns, 189.0918 ns/op
WorkloadActual   3: 1048576 op, 200134700.00 ns, 190.8633 ns/op

// AfterActualRun
WorkloadResult   1: 1048576 op, 197195400.00 ns, 188.0602 ns/op
WorkloadResult   2: 1048576 op, 198277100.00 ns, 189.0918 ns/op
WorkloadResult   3: 1048576 op, 200134700.00 ns, 190.8633 ns/op
// GC:  0 0 0 200496 1048576
// Threading:  0 0 1048576

STEADY_ALLOCATION mode=KeyBatchesPaired records=261888 bytes=0
DISPATCH_METRICS {"Mode":"KeyBatchesPaired","CpuAndThroughputRecords":8650752,"LatencyRecords":262144,"StopwatchFrequency":10000000,"RawLatencyFile":"C:/git/Dekaf-perf-improvements-20260907/pr-3117/profile-v2\\latency-samples\\D_ClearOnce-KeyBatchesPaired-ticks.bin","CpuNsPerMessage":182.4263370398319,"MessagesPerSecond":5241013.563896881,"P50Ns":24200,"P99Ns":89100,"MaxNs":893100,"SteadyAllocatedBytes":0}
// AfterAll
// Benchmark Process 60496 has exited with code 0.

Mean = 189.338 ns, StdErr = 0.819 ns (0.43%), N = 3, StdDev = 1.418 ns
Min = 188.060 ns, Q1 = 188.576 ns, Median = 189.092 ns, Q3 = 189.978 ns, Max = 190.863 ns
IQR = 1.402 ns, LowerFence = 186.474 ns, UpperFence = 192.080 ns
ConfidenceInterval = [163.473 ns; 215.203 ns] (CI 99.9%), Margin = 25.865 ns (13.66% of Mean)
Skewness = 0.17, Kurtosis = 0.67, MValue = 2

// ** Remained 2 (8.3%) benchmark(s) to run. Estimated finish 2026-09-07 16:13 (0h 0m from now) **
Setup power plan (GUID: 8c5e7fda-e8bf-4a96-9a85-a6e23a8c635c FriendlyName: High performance)
// **************************
// Benchmark: PartitionedLifetimeBenchmarks.ProcessLifetime: E_PublishedControl(Affinity=00000000000000000100, EnvironmentVariables=DOTNET_TieredCompilation=0,DEKAF_DISPATCH_PROFILE=1,DEKAF_DISPATCH_SAMPLE_DIRECTORY=C:/git/Dekaf-perf-improvements-20260907/pr-3117/profile-v2\latency-samples,DEKAF_DISPATCH_JOB=E_PublishedControl, Arguments=/p:ProductDirectory=C:/git/Dekaf-perf-improvements-20260907/pr-3117/published,/p:UseSharedCompilation=false, IterationCount=3, IterationTime=250ms, WarmupCount=3) [Mode=KeyBatchesPaired]
// *** Execute ***
// Launch: 1 / 1
// Execute: dotnet Dekaf.Benchmarks-B_Published-2.dll --anonymousPipes 1136 1596 --benchmarkName "Dekaf.Benchmarks.PartitionedLifetimeBenchmarks.ProcessLifetime(Mode: KeyBatchesPaired)" --job E_PublishedControl --benchmarkId 7 in C:\git\Dekaf-perf-improvements-20260907\pr-3117\comparison-v2\bin\Release\net10.0\Dekaf.Benchmarks-B_Published-2\bin\Release\net10.0
// BeforeAnythingElse

// Benchmark Process Environment Information:
// BenchmarkDotNet v0.15.8
// Runtime=.NET 10.0.11 (10.0.11, 10.0.1126.37416), X64 RyuJIT x86-64-v3
// GC=Concurrent Workstation
// HardwareIntrinsics=AVX2+BMI1+BMI2+F16C+FMA+LZCNT+MOVBE,AVX,SSE3+SSSE3+SSE4.1+SSE4.2+POPCNT,X86Base+SSE+SSE2,AES+PCLMUL,AvxVnni,SERIALIZE VectorSize=256
// Job: E_PublishedControl(Affinity=100, IterationCount=3, IterationTime=250ms, WarmupCount=3)

OverheadJitting  1: 262144 op, 167000.00 ns, 0.6371 ns/op
WorkloadJitting  1: 262144 op, 55738600.00 ns, 212.6259 ns/op

WorkloadPilot    1: 1048576 op, 222576800.00 ns, 212.2658 ns/op

WorkloadWarmup   1: 1048576 op, 225426200.00 ns, 214.9832 ns/op
WorkloadWarmup   2: 1048576 op, 215888000.00 ns, 205.8868 ns/op
WorkloadWarmup   3: 1048576 op, 220378000.00 ns, 210.1688 ns/op

// BeforeActualRun
WorkloadActual   1: 1048576 op, 218241100.00 ns, 208.1309 ns/op
WorkloadActual   2: 1048576 op, 217416800.00 ns, 207.3448 ns/op
WorkloadActual   3: 1048576 op, 215224400.00 ns, 205.2540 ns/op

// AfterActualRun
WorkloadResult   1: 1048576 op, 218241100.00 ns, 208.1309 ns/op
WorkloadResult   2: 1048576 op, 217416800.00 ns, 207.3448 ns/op
WorkloadResult   3: 1048576 op, 215224400.00 ns, 205.2540 ns/op
// GC:  0 0 0 200496 1048576
// Threading:  0 0 1048576

STEADY_ALLOCATION mode=KeyBatchesPaired records=261888 bytes=0
DISPATCH_METRICS {"Mode":"KeyBatchesPaired","CpuAndThroughputRecords":8650752,"LatencyRecords":262144,"StopwatchFrequency":10000000,"RawLatencyFile":"C:/git/Dekaf-perf-improvements-20260907/pr-3117/profile-v2\\latency-samples\\E_PublishedControl-KeyBatchesPaired-ticks.bin","CpuNsPerMessage":200.4883506081321,"MessagesPerSecond":4814660.58591719,"P50Ns":24700,"P99Ns":31800,"MaxNs":131600,"SteadyAllocatedBytes":0}
// AfterAll
// Benchmark Process 70288 has exited with code 0.

Mean = 206.910 ns, StdErr = 0.859 ns (0.41%), N = 3, StdDev = 1.487 ns
Min = 205.254 ns, Q1 = 206.299 ns, Median = 207.345 ns, Q3 = 207.738 ns, Max = 208.131 ns
IQR = 1.438 ns, LowerFence = 204.142 ns, UpperFence = 209.896 ns
ConfidenceInterval = [179.782 ns; 234.038 ns] (CI 99.9%), Margin = 27.128 ns (13.11% of Mean)
Skewness = -0.27, Kurtosis = 0.67, MValue = 2

// ** Remained 1 (4.2%) benchmark(s) to run. Estimated finish 2026-09-07 16:13 (0h 0m from now) **
Setup power plan (GUID: 8c5e7fda-e8bf-4a96-9a85-a6e23a8c635c FriendlyName: High performance)
// **************************
// Benchmark: PartitionedLifetimeBenchmarks.ProcessLifetime: F_PredecessorControl(Affinity=00000000000000000100, EnvironmentVariables=DOTNET_TieredCompilation=0,DEKAF_DISPATCH_PROFILE=1,DEKAF_DISPATCH_SAMPLE_DIRECTORY=C:/git/Dekaf-perf-improvements-20260907/pr-3117/profile-v2\latency-samples,DEKAF_DISPATCH_JOB=F_PredecessorControl, Arguments=/p:ProductDirectory=C:/git/Dekaf-perf-improvements-20260907/pr-3117/predecessor,/p:UseSharedCompilation=false, IterationCount=3, IterationTime=250ms, WarmupCount=3) [Mode=KeyBatchesPaired]
// *** Execute ***
// Launch: 1 / 1
// Execute: dotnet Dekaf.Benchmarks-A_Predecessor-1.dll --anonymousPipes 1136 1596 --benchmarkName "Dekaf.Benchmarks.PartitionedLifetimeBenchmarks.ProcessLifetime(Mode: KeyBatchesPaired)" --job F_PredecessorControl --benchmarkId 7 in C:\git\Dekaf-perf-improvements-20260907\pr-3117\comparison-v2\bin\Release\net10.0\Dekaf.Benchmarks-A_Predecessor-1\bin\Release\net10.0
// BeforeAnythingElse

// Benchmark Process Environment Information:
// BenchmarkDotNet v0.15.8
// Runtime=.NET 10.0.11 (10.0.11, 10.0.1126.37416), X64 RyuJIT x86-64-v3
// GC=Concurrent Workstation
// HardwareIntrinsics=AVX2+BMI1+BMI2+F16C+FMA+LZCNT+MOVBE,AVX,SSE3+SSSE3+SSE4.1+SSE4.2+POPCNT,X86Base+SSE+SSE2,AES+PCLMUL,AvxVnni,SERIALIZE VectorSize=256
// Job: F_PredecessorControl(Affinity=100, IterationCount=3, IterationTime=250ms, WarmupCount=3)

OverheadJitting  1: 262144 op, 171600.00 ns, 0.6546 ns/op
WorkloadJitting  1: 262144 op, 52744700.00 ns, 201.2051 ns/op

WorkloadPilot    1: 1048576 op, 202008800.00 ns, 192.6506 ns/op

WorkloadWarmup   1: 1048576 op, 205082300.00 ns, 195.5817 ns/op
WorkloadWarmup   2: 1048576 op, 200306000.00 ns, 191.0267 ns/op
WorkloadWarmup   3: 1048576 op, 200783500.00 ns, 191.4821 ns/op

// BeforeActualRun
WorkloadActual   1: 1048576 op, 237807500.00 ns, 226.7909 ns/op
WorkloadActual   2: 1048576 op, 206531100.00 ns, 196.9634 ns/op
WorkloadActual   3: 1048576 op, 199310300.00 ns, 190.0771 ns/op

// AfterActualRun
WorkloadResult   1: 1048576 op, 237807500.00 ns, 226.7909 ns/op
WorkloadResult   2: 1048576 op, 206531100.00 ns, 196.9634 ns/op
WorkloadResult   3: 1048576 op, 199310300.00 ns, 190.0771 ns/op
// GC:  0 0 0 200496 1048576
// Threading:  0 0 1048576

STEADY_ALLOCATION mode=KeyBatchesPaired records=261888 bytes=0
DISPATCH_METRICS {"Mode":"KeyBatchesPaired","CpuAndThroughputRecords":8650752,"LatencyRecords":262144,"StopwatchFrequency":10000000,"RawLatencyFile":"C:/git/Dekaf-perf-improvements-20260907/pr-3117/profile-v2\\latency-samples\\F_PredecessorControl-KeyBatchesPaired-ticks.bin","CpuNsPerMessage":187.84494111032197,"MessagesPerSecond":5055439.027588726,"P50Ns":25000,"P99Ns":29200,"MaxNs":640300,"SteadyAllocatedBytes":0}
// AfterAll
// Benchmark Process 109612 has exited with code 0.

Mean = 204.610 ns, StdErr = 11.267 ns (5.51%), N = 3, StdDev = 19.515 ns
Min = 190.077 ns, Q1 = 193.520 ns, Median = 196.963 ns, Q3 = 211.877 ns, Max = 226.791 ns
IQR = 18.357 ns, LowerFence = 165.985 ns, UpperFence = 239.412 ns
ConfidenceInterval = [-151.415 ns; 560.636 ns] (CI 99.9%), Margin = 356.026 ns (174.00% of Mean)
Skewness = 0.33, Kurtosis = 0.67, MValue = 2

// ** Remained 0 (0.0%) benchmark(s) to run. Estimated finish 2026-09-07 16:13 (0h 0m from now) **
Successfully reverted power plan (GUID: 8c5e7fda-e8bf-4a96-9a85-a6e23a8c635c FriendlyName: High performance)
// ***** BenchmarkRunner: Finish  *****

// * Export *
  C:\git\Dekaf-perf-improvements-20260907\pr-3117\profile-v2\results\Dekaf.Benchmarks.PartitionedLifetimeBenchmarks-report.csv
  C:\git\Dekaf-perf-improvements-20260907\pr-3117\profile-v2\results\Dekaf.Benchmarks.PartitionedLifetimeBenchmarks-report-github.md
  C:\git\Dekaf-perf-improvements-20260907\pr-3117\profile-v2\results\Dekaf.Benchmarks.PartitionedLifetimeBenchmarks-report.html
  C:\git\Dekaf-perf-improvements-20260907\pr-3117\profile-v2\results\Dekaf.Benchmarks.PartitionedLifetimeBenchmarks-report-full.json

// * Detailed results *
PartitionedLifetimeBenchmarks.ProcessLifetime: A_Predecessor(Affinity=00000000000000000100, EnvironmentVariables=DOTNET_TieredCompilation=0,DEKAF_DISPATCH_PROFILE=1,DEKAF_DISPATCH_SAMPLE_DIRECTORY=C:/git/Dekaf-perf-improvements-20260907/pr-3117/profile-v2\latency-samples,DEKAF_DISPATCH_JOB=A_Predecessor, Arguments=/p:ProductDirectory=C:/git/Dekaf-perf-improvements-20260907/pr-3117/predecessor,/p:UseSharedCompilation=false, IterationCount=3, IterationTime=250ms, WarmupCount=3) [Mode=KeyRecordsDistinct]
Runtime = .NET 10.0.11 (10.0.11, 10.0.1126.37416), X64 RyuJIT x86-64-v3; GC = Concurrent Workstation
Mean = 192.755 ns, StdErr = 8.500 ns (4.41%), N = 3, StdDev = 14.723 ns
Min = 181.015 ns, Q1 = 184.495 ns, Median = 187.975 ns, Q3 = 198.624 ns, Max = 209.274 ns
IQR = 14.129 ns, LowerFence = 163.301 ns, UpperFence = 219.818 ns
ConfidenceInterval = [-75.853 ns; 461.362 ns] (CI 99.9%), Margin = 268.607 ns (139.35% of Mean)
Skewness = 0.29, Kurtosis = 0.67, MValue = 2
-------------------- Histogram --------------------
[171.096 ns ; 197.894 ns) | @@
[197.894 ns ; 222.673 ns) | @
---------------------------------------------------

PartitionedLifetimeBenchmarks.ProcessLifetime: B_Published(Affinity=00000000000000000100, EnvironmentVariables=DOTNET_TieredCompilation=0,DEKAF_DISPATCH_PROFILE=1,DEKAF_DISPATCH_SAMPLE_DIRECTORY=C:/git/Dekaf-perf-improvements-20260907/pr-3117/profile-v2\latency-samples,DEKAF_DISPATCH_JOB=B_Published, Arguments=/p:ProductDirectory=C:/git/Dekaf-perf-improvements-20260907/pr-3117/published,/p:UseSharedCompilation=false, IterationCount=3, IterationTime=250ms, WarmupCount=3) [Mode=KeyRecordsDistinct]
Runtime = .NET 10.0.11 (10.0.11, 10.0.1126.37416), X64 RyuJIT x86-64-v3; GC = Concurrent Workstation
Mean = 186.864 ns, StdErr = 2.671 ns (1.43%), N = 3, StdDev = 4.626 ns
Min = 181.901 ns, Q1 = 184.769 ns, Median = 187.637 ns, Q3 = 189.345 ns, Max = 191.054 ns
IQR = 4.577 ns, LowerFence = 177.903 ns, UpperFence = 196.211 ns
ConfidenceInterval = [102.477 ns; 271.250 ns] (CI 99.9%), Margin = 84.386 ns (45.16% of Mean)
Skewness = -0.16, Kurtosis = 0.67, MValue = 2
-------------------- Histogram --------------------
[177.691 ns ; 185.136 ns) | @
[185.136 ns ; 193.555 ns) | @@
---------------------------------------------------

PartitionedLifetimeBenchmarks.ProcessLifetime: C_SingleProbe(Affinity=00000000000000000100, EnvironmentVariables=DOTNET_TieredCompilation=0,DEKAF_DISPATCH_PROFILE=1,DEKAF_DISPATCH_SAMPLE_DIRECTORY=C:/git/Dekaf-perf-improvements-20260907/pr-3117/profile-v2\latency-samples,DEKAF_DISPATCH_JOB=C_SingleProbe, Arguments=/p:ProductDirectory=C:/git/Dekaf-perf-improvements-20260907/pr-3117/candidate,/p:UseSharedCompilation=false, IterationCount=3, IterationTime=250ms, WarmupCount=3) [Mode=KeyRecordsDistinct]
Runtime = .NET 10.0.11 (10.0.11, 10.0.1126.37416), X64 RyuJIT x86-64-v3; GC = Concurrent Workstation
Mean = 185.116 ns, StdErr = 2.315 ns (1.25%), N = 3, StdDev = 4.009 ns
Min = 181.669 ns, Q1 = 182.916 ns, Median = 184.164 ns, Q3 = 186.840 ns, Max = 189.515 ns
IQR = 3.923 ns, LowerFence = 177.032 ns, UpperFence = 192.724 ns
ConfidenceInterval = [111.978 ns; 258.254 ns] (CI 99.9%), Margin = 73.138 ns (39.51% of Mean)
Skewness = 0.22, Kurtosis = 0.67, MValue = 2
-------------------- Histogram --------------------
[179.268 ns ; 186.565 ns) | @@
[186.565 ns ; 193.164 ns) | @
---------------------------------------------------

PartitionedLifetimeBenchmarks.ProcessLifetime: D_ClearOnce(Affinity=00000000000000000100, EnvironmentVariables=DOTNET_TieredCompilation=0,DEKAF_DISPATCH_PROFILE=1,DEKAF_DISPATCH_SAMPLE_DIRECTORY=C:/git/Dekaf-perf-improvements-20260907/pr-3117/profile-v2\latency-samples,DEKAF_DISPATCH_JOB=D_ClearOnce, Arguments=/p:ProductDirectory=C:/git/Dekaf-perf-improvements-20260907/pr-3117/candidate-v2,/p:UseSharedCompilation=false, IterationCount=3, IterationTime=250ms, WarmupCount=3) [Mode=KeyRecordsDistinct]
Runtime = .NET 10.0.11 (10.0.11, 10.0.1126.37416), X64 RyuJIT x86-64-v3; GC = Concurrent Workstation
Mean = 187.292 ns, StdErr = 0.475 ns (0.25%), N = 3, StdDev = 0.822 ns
Min = 186.349 ns, Q1 = 187.008 ns, Median = 187.666 ns, Q3 = 187.764 ns, Max = 187.861 ns
IQR = 0.756 ns, LowerFence = 185.874 ns, UpperFence = 188.898 ns
ConfidenceInterval = [172.287 ns; 202.297 ns] (CI 99.9%), Margin = 15.005 ns (8.01% of Mean)
Skewness = -0.36, Kurtosis = 0.67, MValue = 2
-------------------- Histogram --------------------
[185.601 ns ; 188.610 ns) | @@@
---------------------------------------------------

PartitionedLifetimeBenchmarks.ProcessLifetime: E_PublishedControl(Affinity=00000000000000000100, EnvironmentVariables=DOTNET_TieredCompilation=0,DEKAF_DISPATCH_PROFILE=1,DEKAF_DISPATCH_SAMPLE_DIRECTORY=C:/git/Dekaf-perf-improvements-20260907/pr-3117/profile-v2\latency-samples,DEKAF_DISPATCH_JOB=E_PublishedControl, Arguments=/p:ProductDirectory=C:/git/Dekaf-perf-improvements-20260907/pr-3117/published,/p:UseSharedCompilation=false, IterationCount=3, IterationTime=250ms, WarmupCount=3) [Mode=KeyRecordsDistinct]
Runtime = .NET 10.0.11 (10.0.11, 10.0.1126.37416), X64 RyuJIT x86-64-v3; GC = Concurrent Workstation
Mean = 188.565 ns, StdErr = 0.706 ns (0.37%), N = 3, StdDev = 1.224 ns
Min = 187.857 ns, Q1 = 187.859 ns, Median = 187.861 ns, Q3 = 188.919 ns, Max = 189.978 ns
IQR = 1.060 ns, LowerFence = 186.268 ns, UpperFence = 190.510 ns
ConfidenceInterval = [166.244 ns; 210.887 ns] (CI 99.9%), Margin = 22.322 ns (11.84% of Mean)
Skewness = 0.38, Kurtosis = 0.67, MValue = 2
-------------------- Histogram --------------------
[187.804 ns ; 190.031 ns) | @@@
---------------------------------------------------

PartitionedLifetimeBenchmarks.ProcessLifetime: F_PredecessorControl(Affinity=00000000000000000100, EnvironmentVariables=DOTNET_TieredCompilation=0,DEKAF_DISPATCH_PROFILE=1,DEKAF_DISPATCH_SAMPLE_DIRECTORY=C:/git/Dekaf-perf-improvements-20260907/pr-3117/profile-v2\latency-samples,DEKAF_DISPATCH_JOB=F_PredecessorControl, Arguments=/p:ProductDirectory=C:/git/Dekaf-perf-improvements-20260907/pr-3117/predecessor,/p:UseSharedCompilation=false, IterationCount=3, IterationTime=250ms, WarmupCount=3) [Mode=KeyRecordsDistinct]
Runtime = .NET 10.0.11 (10.0.11, 10.0.1126.37416), X64 RyuJIT x86-64-v3; GC = Concurrent Workstation
Mean = 183.715 ns, StdErr = 0.289 ns (0.16%), N = 3, StdDev = 0.500 ns
Min = 183.183 ns, Q1 = 183.485 ns, Median = 183.787 ns, Q3 = 183.982 ns, Max = 184.176 ns
IQR = 0.497 ns, LowerFence = 182.740 ns, UpperFence = 184.726 ns
ConfidenceInterval = [174.584 ns; 192.846 ns] (CI 99.9%), Margin = 9.131 ns (4.97% of Mean)
Skewness = -0.14, Kurtosis = 0.67, MValue = 2
-------------------- Histogram --------------------
[182.727 ns ; 184.631 ns) | @@@
---------------------------------------------------

PartitionedLifetimeBenchmarks.ProcessLifetime: A_Predecessor(Affinity=00000000000000000100, EnvironmentVariables=DOTNET_TieredCompilation=0,DEKAF_DISPATCH_PROFILE=1,DEKAF_DISPATCH_SAMPLE_DIRECTORY=C:/git/Dekaf-perf-improvements-20260907/pr-3117/profile-v2\latency-samples,DEKAF_DISPATCH_JOB=A_Predecessor, Arguments=/p:ProductDirectory=C:/git/Dekaf-perf-improvements-20260907/pr-3117/predecessor,/p:UseSharedCompilation=false, IterationCount=3, IterationTime=250ms, WarmupCount=3) [Mode=KeyBatchesDistinct]
Runtime = .NET 10.0.11 (10.0.11, 10.0.1126.37416), X64 RyuJIT x86-64-v3; GC = Concurrent Workstation
Mean = 181.553 ns, StdErr = 0.627 ns (0.35%), N = 3, StdDev = 1.085 ns
Min = 180.324 ns, Q1 = 181.141 ns, Median = 181.957 ns, Q3 = 182.168 ns, Max = 182.379 ns
IQR = 1.027 ns, LowerFence = 179.600 ns, UpperFence = 183.709 ns
ConfidenceInterval = [161.755 ns; 201.352 ns] (CI 99.9%), Margin = 19.798 ns (10.91% of Mean)
Skewness = -0.32, Kurtosis = 0.67, MValue = 2
-------------------- Histogram --------------------
[179.336 ns ; 183.366 ns) | @@@
---------------------------------------------------

PartitionedLifetimeBenchmarks.ProcessLifetime: B_Published(Affinity=00000000000000000100, EnvironmentVariables=DOTNET_TieredCompilation=0,DEKAF_DISPATCH_PROFILE=1,DEKAF_DISPATCH_SAMPLE_DIRECTORY=C:/git/Dekaf-perf-improvements-20260907/pr-3117/profile-v2\latency-samples,DEKAF_DISPATCH_JOB=B_Published, Arguments=/p:ProductDirectory=C:/git/Dekaf-perf-improvements-20260907/pr-3117/published,/p:UseSharedCompilation=false, IterationCount=3, IterationTime=250ms, WarmupCount=3) [Mode=KeyBatchesDistinct]
Runtime = .NET 10.0.11 (10.0.11, 10.0.1126.37416), X64 RyuJIT x86-64-v3; GC = Concurrent Workstation
Mean = 185.213 ns, StdErr = 1.190 ns (0.64%), N = 3, StdDev = 2.062 ns
Min = 183.648 ns, Q1 = 184.045 ns, Median = 184.442 ns, Q3 = 185.995 ns, Max = 187.549 ns
IQR = 1.951 ns, LowerFence = 181.119 ns, UpperFence = 188.921 ns
ConfidenceInterval = [147.597 ns; 222.828 ns] (CI 99.9%), Margin = 37.616 ns (20.31% of Mean)
Skewness = 0.32, Kurtosis = 0.67, MValue = 2
-------------------- Histogram --------------------
[182.168 ns ; 189.425 ns) | @@@
---------------------------------------------------

PartitionedLifetimeBenchmarks.ProcessLifetime: C_SingleProbe(Affinity=00000000000000000100, EnvironmentVariables=DOTNET_TieredCompilation=0,DEKAF_DISPATCH_PROFILE=1,DEKAF_DISPATCH_SAMPLE_DIRECTORY=C:/git/Dekaf-perf-improvements-20260907/pr-3117/profile-v2\latency-samples,DEKAF_DISPATCH_JOB=C_SingleProbe, Arguments=/p:ProductDirectory=C:/git/Dekaf-perf-improvements-20260907/pr-3117/candidate,/p:UseSharedCompilation=false, IterationCount=3, IterationTime=250ms, WarmupCount=3) [Mode=KeyBatchesDistinct]
Runtime = .NET 10.0.11 (10.0.11, 10.0.1126.37416), X64 RyuJIT x86-64-v3; GC = Concurrent Workstation
Mean = 178.250 ns, StdErr = 0.851 ns (0.48%), N = 3, StdDev = 1.473 ns
Min = 177.199 ns, Q1 = 177.407 ns, Median = 177.616 ns, Q3 = 178.775 ns, Max = 179.934 ns
IQR = 1.367 ns, LowerFence = 175.356 ns, UpperFence = 180.826 ns
ConfidenceInterval = [151.369 ns; 205.130 ns] (CI 99.9%), Margin = 26.881 ns (15.08% of Mean)
Skewness = 0.35, Kurtosis = 0.67, MValue = 2
-------------------- Histogram --------------------
[175.858 ns ; 181.275 ns) | @@@
---------------------------------------------------

PartitionedLifetimeBenchmarks.ProcessLifetime: D_ClearOnce(Affinity=00000000000000000100, EnvironmentVariables=DOTNET_TieredCompilation=0,DEKAF_DISPATCH_PROFILE=1,DEKAF_DISPATCH_SAMPLE_DIRECTORY=C:/git/Dekaf-perf-improvements-20260907/pr-3117/profile-v2\latency-samples,DEKAF_DISPATCH_JOB=D_ClearOnce, Arguments=/p:ProductDirectory=C:/git/Dekaf-perf-improvements-20260907/pr-3117/candidate-v2,/p:UseSharedCompilation=false, IterationCount=3, IterationTime=250ms, WarmupCount=3) [Mode=KeyBatchesDistinct]
Runtime = .NET 10.0.11 (10.0.11, 10.0.1126.37416), X64 RyuJIT x86-64-v3; GC = Concurrent Workstation
Mean = 177.598 ns, StdErr = 0.501 ns (0.28%), N = 3, StdDev = 0.869 ns
Min = 176.976 ns, Q1 = 177.102 ns, Median = 177.228 ns, Q3 = 177.909 ns, Max = 178.590 ns
IQR = 0.807 ns, LowerFence = 175.891 ns, UpperFence = 179.121 ns
ConfidenceInterval = [161.752 ns; 193.444 ns] (CI 99.9%), Margin = 15.846 ns (8.92% of Mean)
Skewness = 0.35, Kurtosis = 0.67, MValue = 2
-------------------- Histogram --------------------
[176.185 ns ; 179.381 ns) | @@@
---------------------------------------------------

PartitionedLifetimeBenchmarks.ProcessLifetime: E_PublishedControl(Affinity=00000000000000000100, EnvironmentVariables=DOTNET_TieredCompilation=0,DEKAF_DISPATCH_PROFILE=1,DEKAF_DISPATCH_SAMPLE_DIRECTORY=C:/git/Dekaf-perf-improvements-20260907/pr-3117/profile-v2\latency-samples,DEKAF_DISPATCH_JOB=E_PublishedControl, Arguments=/p:ProductDirectory=C:/git/Dekaf-perf-improvements-20260907/pr-3117/published,/p:UseSharedCompilation=false, IterationCount=3, IterationTime=250ms, WarmupCount=3) [Mode=KeyBatchesDistinct]
Runtime = .NET 10.0.11 (10.0.11, 10.0.1126.37416), X64 RyuJIT x86-64-v3; GC = Concurrent Workstation
Mean = 180.420 ns, StdErr = 0.381 ns (0.21%), N = 3, StdDev = 0.660 ns
Min = 179.922 ns, Q1 = 180.046 ns, Median = 180.170 ns, Q3 = 180.669 ns, Max = 181.169 ns
IQR = 0.624 ns, LowerFence = 179.110 ns, UpperFence = 181.605 ns
ConfidenceInterval = [168.376 ns; 192.464 ns] (CI 99.9%), Margin = 12.044 ns (6.68% of Mean)
Skewness = 0.32, Kurtosis = 0.67, MValue = 2
-------------------- Histogram --------------------
[179.321 ns ; 181.770 ns) | @@@
---------------------------------------------------

PartitionedLifetimeBenchmarks.ProcessLifetime: F_PredecessorControl(Affinity=00000000000000000100, EnvironmentVariables=DOTNET_TieredCompilation=0,DEKAF_DISPATCH_PROFILE=1,DEKAF_DISPATCH_SAMPLE_DIRECTORY=C:/git/Dekaf-perf-improvements-20260907/pr-3117/profile-v2\latency-samples,DEKAF_DISPATCH_JOB=F_PredecessorControl, Arguments=/p:ProductDirectory=C:/git/Dekaf-perf-improvements-20260907/pr-3117/predecessor,/p:UseSharedCompilation=false, IterationCount=3, IterationTime=250ms, WarmupCount=3) [Mode=KeyBatchesDistinct]
Runtime = .NET 10.0.11 (10.0.11, 10.0.1126.37416), X64 RyuJIT x86-64-v3; GC = Concurrent Workstation
Mean = 176.391 ns, StdErr = 0.983 ns (0.56%), N = 3, StdDev = 1.703 ns
Min = 174.466 ns, Q1 = 175.734 ns, Median = 177.002 ns, Q3 = 177.353 ns, Max = 177.705 ns
IQR = 1.619 ns, LowerFence = 173.305 ns, UpperFence = 179.782 ns
ConfidenceInterval = [145.314 ns; 207.468 ns] (CI 99.9%), Margin = 31.077 ns (17.62% of Mean)
Skewness = -0.31, Kurtosis = 0.67, MValue = 2
-------------------- Histogram --------------------
[172.916 ns ; 179.255 ns) | @@@
---------------------------------------------------

PartitionedLifetimeBenchmarks.ProcessLifetime: A_Predecessor(Affinity=00000000000000000100, EnvironmentVariables=DOTNET_TieredCompilation=0,DEKAF_DISPATCH_PROFILE=1,DEKAF_DISPATCH_SAMPLE_DIRECTORY=C:/git/Dekaf-perf-improvements-20260907/pr-3117/profile-v2\latency-samples,DEKAF_DISPATCH_JOB=A_Predecessor, Arguments=/p:ProductDirectory=C:/git/Dekaf-perf-improvements-20260907/pr-3117/predecessor,/p:UseSharedCompilation=false, IterationCount=3, IterationTime=250ms, WarmupCount=3) [Mode=KeyRecordsPaired]
Runtime = .NET 10.0.11 (10.0.11, 10.0.1126.37416), X64 RyuJIT x86-64-v3; GC = Concurrent Workstation
Mean = 191.137 ns, StdErr = 1.892 ns (0.99%), N = 3, StdDev = 3.278 ns
Min = 187.496 ns, Q1 = 189.779 ns, Median = 192.062 ns, Q3 = 192.957 ns, Max = 193.852 ns
IQR = 3.178 ns, LowerFence = 185.012 ns, UpperFence = 197.724 ns
ConfidenceInterval = [131.342 ns; 250.932 ns] (CI 99.9%), Margin = 59.795 ns (31.28% of Mean)
Skewness = -0.26, Kurtosis = 0.67, MValue = 2
-------------------- Histogram --------------------
[184.513 ns ; 189.974 ns) | @
[189.974 ns ; 196.835 ns) | @@
---------------------------------------------------

PartitionedLifetimeBenchmarks.ProcessLifetime: B_Published(Affinity=00000000000000000100, EnvironmentVariables=DOTNET_TieredCompilation=0,DEKAF_DISPATCH_PROFILE=1,DEKAF_DISPATCH_SAMPLE_DIRECTORY=C:/git/Dekaf-perf-improvements-20260907/pr-3117/profile-v2\latency-samples,DEKAF_DISPATCH_JOB=B_Published, Arguments=/p:ProductDirectory=C:/git/Dekaf-perf-improvements-20260907/pr-3117/published,/p:UseSharedCompilation=false, IterationCount=3, IterationTime=250ms, WarmupCount=3) [Mode=KeyRecordsPaired]
Runtime = .NET 10.0.11 (10.0.11, 10.0.1126.37416), X64 RyuJIT x86-64-v3; GC = Concurrent Workstation
Mean = 191.907 ns, StdErr = 0.807 ns (0.42%), N = 3, StdDev = 1.398 ns
Min = 191.059 ns, Q1 = 191.100 ns, Median = 191.141 ns, Q3 = 192.331 ns, Max = 193.520 ns
IQR = 1.231 ns, LowerFence = 189.254 ns, UpperFence = 194.177 ns
ConfidenceInterval = [166.400 ns; 217.413 ns] (CI 99.9%), Margin = 25.506 ns (13.29% of Mean)
Skewness = 0.38, Kurtosis = 0.67, MValue = 2
-------------------- Histogram --------------------
[191.017 ns ; 193.562 ns) | @@@
---------------------------------------------------

PartitionedLifetimeBenchmarks.ProcessLifetime: C_SingleProbe(Affinity=00000000000000000100, EnvironmentVariables=DOTNET_TieredCompilation=0,DEKAF_DISPATCH_PROFILE=1,DEKAF_DISPATCH_SAMPLE_DIRECTORY=C:/git/Dekaf-perf-improvements-20260907/pr-3117/profile-v2\latency-samples,DEKAF_DISPATCH_JOB=C_SingleProbe, Arguments=/p:ProductDirectory=C:/git/Dekaf-perf-improvements-20260907/pr-3117/candidate,/p:UseSharedCompilation=false, IterationCount=3, IterationTime=250ms, WarmupCount=3) [Mode=KeyRecordsPaired]
Runtime = .NET 10.0.11 (10.0.11, 10.0.1126.37416), X64 RyuJIT x86-64-v3; GC = Concurrent Workstation
Mean = 193.286 ns, StdErr = 1.553 ns (0.80%), N = 3, StdDev = 2.689 ns
Min = 190.394 ns, Q1 = 192.073 ns, Median = 193.752 ns, Q3 = 194.732 ns, Max = 195.711 ns
IQR = 2.659 ns, LowerFence = 188.085 ns, UpperFence = 198.719 ns
ConfidenceInterval = [144.228 ns; 242.344 ns] (CI 99.9%), Margin = 49.058 ns (25.38% of Mean)
Skewness = -0.17, Kurtosis = 0.67, MValue = 2
-------------------- Histogram --------------------
[187.947 ns ; 192.284 ns) | @
[192.284 ns ; 197.179 ns) | @@
---------------------------------------------------

PartitionedLifetimeBenchmarks.ProcessLifetime: D_ClearOnce(Affinity=00000000000000000100, EnvironmentVariables=DOTNET_TieredCompilation=0,DEKAF_DISPATCH_PROFILE=1,DEKAF_DISPATCH_SAMPLE_DIRECTORY=C:/git/Dekaf-perf-improvements-20260907/pr-3117/profile-v2\latency-samples,DEKAF_DISPATCH_JOB=D_ClearOnce, Arguments=/p:ProductDirectory=C:/git/Dekaf-perf-improvements-20260907/pr-3117/candidate-v2,/p:UseSharedCompilation=false, IterationCount=3, IterationTime=250ms, WarmupCount=3) [Mode=KeyRecordsPaired]
Runtime = .NET 10.0.11 (10.0.11, 10.0.1126.37416), X64 RyuJIT x86-64-v3; GC = Concurrent Workstation
Mean = 193.582 ns, StdErr = 1.525 ns (0.79%), N = 3, StdDev = 2.641 ns
Min = 191.611 ns, Q1 = 192.082 ns, Median = 192.552 ns, Q3 = 194.567 ns, Max = 196.583 ns
IQR = 2.486 ns, LowerFence = 188.353 ns, UpperFence = 198.296 ns
ConfidenceInterval = [145.402 ns; 241.762 ns] (CI 99.9%), Margin = 48.180 ns (24.89% of Mean)
Skewness = 0.33, Kurtosis = 0.67, MValue = 2
-------------------- Histogram --------------------
[189.208 ns ; 194.485 ns) | @@
[194.485 ns ; 198.986 ns) | @
---------------------------------------------------

PartitionedLifetimeBenchmarks.ProcessLifetime: E_PublishedControl(Affinity=00000000000000000100, EnvironmentVariables=DOTNET_TieredCompilation=0,DEKAF_DISPATCH_PROFILE=1,DEKAF_DISPATCH_SAMPLE_DIRECTORY=C:/git/Dekaf-perf-improvements-20260907/pr-3117/profile-v2\latency-samples,DEKAF_DISPATCH_JOB=E_PublishedControl, Arguments=/p:ProductDirectory=C:/git/Dekaf-perf-improvements-20260907/pr-3117/published,/p:UseSharedCompilation=false, IterationCount=3, IterationTime=250ms, WarmupCount=3) [Mode=KeyRecordsPaired]
Runtime = .NET 10.0.11 (10.0.11, 10.0.1126.37416), X64 RyuJIT x86-64-v3; GC = Concurrent Workstation
Mean = 194.565 ns, StdErr = 1.726 ns (0.89%), N = 3, StdDev = 2.989 ns
Min = 192.057 ns, Q1 = 192.911 ns, Median = 193.765 ns, Q3 = 195.818 ns, Max = 197.872 ns
IQR = 2.907 ns, LowerFence = 188.550 ns, UpperFence = 200.180 ns
ConfidenceInterval = [140.039 ns; 249.090 ns] (CI 99.9%), Margin = 54.525 ns (28.02% of Mean)
Skewness = 0.25, Kurtosis = 0.67, MValue = 2
-------------------- Histogram --------------------
[190.191 ns ; 195.631 ns) | @@
[195.631 ns ; 200.592 ns) | @
---------------------------------------------------

PartitionedLifetimeBenchmarks.ProcessLifetime: F_PredecessorControl(Affinity=00000000000000000100, EnvironmentVariables=DOTNET_TieredCompilation=0,DEKAF_DISPATCH_PROFILE=1,DEKAF_DISPATCH_SAMPLE_DIRECTORY=C:/git/Dekaf-perf-improvements-20260907/pr-3117/profile-v2\latency-samples,DEKAF_DISPATCH_JOB=F_PredecessorControl, Arguments=/p:ProductDirectory=C:/git/Dekaf-perf-improvements-20260907/pr-3117/predecessor,/p:UseSharedCompilation=false, IterationCount=3, IterationTime=250ms, WarmupCount=3) [Mode=KeyRecordsPaired]
Runtime = .NET 10.0.11 (10.0.11, 10.0.1126.37416), X64 RyuJIT x86-64-v3; GC = Concurrent Workstation
Mean = 188.023 ns, StdErr = 1.719 ns (0.91%), N = 3, StdDev = 2.978 ns
Min = 185.101 ns, Q1 = 186.508 ns, Median = 187.915 ns, Q3 = 189.485 ns, Max = 191.054 ns
IQR = 2.977 ns, LowerFence = 182.043 ns, UpperFence = 193.950 ns
ConfidenceInterval = [133.689 ns; 242.357 ns] (CI 99.9%), Margin = 54.334 ns (28.90% of Mean)
Skewness = 0.04, Kurtosis = 0.67, MValue = 2
-------------------- Histogram --------------------
[183.798 ns ; 189.218 ns) | @@
[189.218 ns ; 193.765 ns) | @
---------------------------------------------------

PartitionedLifetimeBenchmarks.ProcessLifetime: A_Predecessor(Affinity=00000000000000000100, EnvironmentVariables=DOTNET_TieredCompilation=0,DEKAF_DISPATCH_PROFILE=1,DEKAF_DISPATCH_SAMPLE_DIRECTORY=C:/git/Dekaf-perf-improvements-20260907/pr-3117/profile-v2\latency-samples,DEKAF_DISPATCH_JOB=A_Predecessor, Arguments=/p:ProductDirectory=C:/git/Dekaf-perf-improvements-20260907/pr-3117/predecessor,/p:UseSharedCompilation=false, IterationCount=3, IterationTime=250ms, WarmupCount=3) [Mode=KeyBatchesPaired]
Runtime = .NET 10.0.11 (10.0.11, 10.0.1126.37416), X64 RyuJIT x86-64-v3; GC = Concurrent Workstation
Mean = 201.621 ns, StdErr = 0.115 ns (0.06%), N = 3, StdDev = 0.199 ns
Min = 201.406 ns, Q1 = 201.532 ns, Median = 201.657 ns, Q3 = 201.728 ns, Max = 201.800 ns
IQR = 0.197 ns, LowerFence = 201.237 ns, UpperFence = 202.023 ns
ConfidenceInterval = [197.988 ns; 205.254 ns] (CI 99.9%), Margin = 3.633 ns (1.80% of Mean)
Skewness = -0.17, Kurtosis = 0.67, MValue = 2
-------------------- Histogram --------------------
[201.225 ns ; 201.981 ns) | @@@
---------------------------------------------------

PartitionedLifetimeBenchmarks.ProcessLifetime: B_Published(Affinity=00000000000000000100, EnvironmentVariables=DOTNET_TieredCompilation=0,DEKAF_DISPATCH_PROFILE=1,DEKAF_DISPATCH_SAMPLE_DIRECTORY=C:/git/Dekaf-perf-improvements-20260907/pr-3117/profile-v2\latency-samples,DEKAF_DISPATCH_JOB=B_Published, Arguments=/p:ProductDirectory=C:/git/Dekaf-perf-improvements-20260907/pr-3117/published,/p:UseSharedCompilation=false, IterationCount=3, IterationTime=250ms, WarmupCount=3) [Mode=KeyBatchesPaired]
Runtime = .NET 10.0.11 (10.0.11, 10.0.1126.37416), X64 RyuJIT x86-64-v3; GC = Concurrent Workstation
Mean = 196.893 ns, StdErr = 2.763 ns (1.40%), N = 3, StdDev = 4.785 ns
Min = 193.740 ns, Q1 = 194.140 ns, Median = 194.539 ns, Q3 = 198.469 ns, Max = 202.399 ns
IQR = 4.329 ns, LowerFence = 187.646 ns, UpperFence = 204.963 ns
ConfidenceInterval = [109.593 ns; 284.193 ns] (CI 99.9%), Margin = 87.300 ns (44.34% of Mean)
Skewness = 0.37, Kurtosis = 0.67, MValue = 2
-------------------- Histogram --------------------
[193.715 ns ; 202.424 ns) | @@@
---------------------------------------------------

PartitionedLifetimeBenchmarks.ProcessLifetime: C_SingleProbe(Affinity=00000000000000000100, EnvironmentVariables=DOTNET_TieredCompilation=0,DEKAF_DISPATCH_PROFILE=1,DEKAF_DISPATCH_SAMPLE_DIRECTORY=C:/git/Dekaf-perf-improvements-20260907/pr-3117/profile-v2\latency-samples,DEKAF_DISPATCH_JOB=C_SingleProbe, Arguments=/p:ProductDirectory=C:/git/Dekaf-perf-improvements-20260907/pr-3117/candidate,/p:UseSharedCompilation=false, IterationCount=3, IterationTime=250ms, WarmupCount=3) [Mode=KeyBatchesPaired]
Runtime = .NET 10.0.11 (10.0.11, 10.0.1126.37416), X64 RyuJIT x86-64-v3; GC = Concurrent Workstation
Mean = 210.561 ns, StdErr = 9.824 ns (4.67%), N = 3, StdDev = 17.016 ns
Min = 194.760 ns, Q1 = 201.554 ns, Median = 208.349 ns, Q3 = 218.462 ns, Max = 228.575 ns
IQR = 16.908 ns, LowerFence = 176.193 ns, UpperFence = 243.823 ns
ConfidenceInterval = [-99.869 ns; 520.992 ns] (CI 99.9%), Margin = 310.431 ns (147.43% of Mean)
Skewness = 0.13, Kurtosis = 0.67, MValue = 2
-------------------- Histogram --------------------
[186.069 ns ; 217.039 ns) | @@
[217.039 ns ; 244.060 ns) | @
---------------------------------------------------

PartitionedLifetimeBenchmarks.ProcessLifetime: D_ClearOnce(Affinity=00000000000000000100, EnvironmentVariables=DOTNET_TieredCompilation=0,DEKAF_DISPATCH_PROFILE=1,DEKAF_DISPATCH_SAMPLE_DIRECTORY=C:/git/Dekaf-perf-improvements-20260907/pr-3117/profile-v2\latency-samples,DEKAF_DISPATCH_JOB=D_ClearOnce, Arguments=/p:ProductDirectory=C:/git/Dekaf-perf-improvements-20260907/pr-3117/candidate-v2,/p:UseSharedCompilation=false, IterationCount=3, IterationTime=250ms, WarmupCount=3) [Mode=KeyBatchesPaired]
Runtime = .NET 10.0.11 (10.0.11, 10.0.1126.37416), X64 RyuJIT x86-64-v3; GC = Concurrent Workstation
Mean = 189.338 ns, StdErr = 0.819 ns (0.43%), N = 3, StdDev = 1.418 ns
Min = 188.060 ns, Q1 = 188.576 ns, Median = 189.092 ns, Q3 = 189.978 ns, Max = 190.863 ns
IQR = 1.402 ns, LowerFence = 186.474 ns, UpperFence = 192.080 ns
ConfidenceInterval = [163.473 ns; 215.203 ns] (CI 99.9%), Margin = 25.865 ns (13.66% of Mean)
Skewness = 0.17, Kurtosis = 0.67, MValue = 2
-------------------- Histogram --------------------
[186.770 ns ; 192.154 ns) | @@@
---------------------------------------------------

PartitionedLifetimeBenchmarks.ProcessLifetime: E_PublishedControl(Affinity=00000000000000000100, EnvironmentVariables=DOTNET_TieredCompilation=0,DEKAF_DISPATCH_PROFILE=1,DEKAF_DISPATCH_SAMPLE_DIRECTORY=C:/git/Dekaf-perf-improvements-20260907/pr-3117/profile-v2\latency-samples,DEKAF_DISPATCH_JOB=E_PublishedControl, Arguments=/p:ProductDirectory=C:/git/Dekaf-perf-improvements-20260907/pr-3117/published,/p:UseSharedCompilation=false, IterationCount=3, IterationTime=250ms, WarmupCount=3) [Mode=KeyBatchesPaired]
Runtime = .NET 10.0.11 (10.0.11, 10.0.1126.37416), X64 RyuJIT x86-64-v3; GC = Concurrent Workstation
Mean = 206.910 ns, StdErr = 0.859 ns (0.41%), N = 3, StdDev = 1.487 ns
Min = 205.254 ns, Q1 = 206.299 ns, Median = 207.345 ns, Q3 = 207.738 ns, Max = 208.131 ns
IQR = 1.438 ns, LowerFence = 204.142 ns, UpperFence = 209.896 ns
ConfidenceInterval = [179.782 ns; 234.038 ns] (CI 99.9%), Margin = 27.128 ns (13.11% of Mean)
Skewness = -0.27, Kurtosis = 0.67, MValue = 2
-------------------- Histogram --------------------
[203.901 ns ; 209.484 ns) | @@@
---------------------------------------------------

PartitionedLifetimeBenchmarks.ProcessLifetime: F_PredecessorControl(Affinity=00000000000000000100, EnvironmentVariables=DOTNET_TieredCompilation=0,DEKAF_DISPATCH_PROFILE=1,DEKAF_DISPATCH_SAMPLE_DIRECTORY=C:/git/Dekaf-perf-improvements-20260907/pr-3117/profile-v2\latency-samples,DEKAF_DISPATCH_JOB=F_PredecessorControl, Arguments=/p:ProductDirectory=C:/git/Dekaf-perf-improvements-20260907/pr-3117/predecessor,/p:UseSharedCompilation=false, IterationCount=3, IterationTime=250ms, WarmupCount=3) [Mode=KeyBatchesPaired]
Runtime = .NET 10.0.11 (10.0.11, 10.0.1126.37416), X64 RyuJIT x86-64-v3; GC = Concurrent Workstation
Mean = 204.610 ns, StdErr = 11.267 ns (5.51%), N = 3, StdDev = 19.515 ns
Min = 190.077 ns, Q1 = 193.520 ns, Median = 196.963 ns, Q3 = 211.877 ns, Max = 226.791 ns
IQR = 18.357 ns, LowerFence = 165.985 ns, UpperFence = 239.412 ns
ConfidenceInterval = [-151.415 ns; 560.636 ns] (CI 99.9%), Margin = 356.026 ns (174.00% of Mean)
Skewness = 0.33, Kurtosis = 0.67, MValue = 2
-------------------- Histogram --------------------
[172.318 ns ; 211.280 ns) | @@
[211.280 ns ; 244.550 ns) | @
---------------------------------------------------

// * Summary *

BenchmarkDotNet v0.15.8, Windows 11 (10.0.26200.9168/25H2/2025Update/HudsonValley2)
12th Gen Intel Core i7-12700K 3.60GHz, 1 CPU, 20 logical and 12 physical cores
.NET SDK 10.0.400
  [Host]               : .NET 10.0.11 (10.0.11, 10.0.1126.37416), X64 RyuJIT x86-64-v3
  A_Predecessor        : .NET 10.0.11 (10.0.11, 10.0.1126.37416), X64 RyuJIT x86-64-v3
  B_Published          : .NET 10.0.11 (10.0.11, 10.0.1126.37416), X64 RyuJIT x86-64-v3
  C_SingleProbe        : .NET 10.0.11 (10.0.11, 10.0.1126.37416), X64 RyuJIT x86-64-v3
  D_ClearOnce          : .NET 10.0.11 (10.0.11, 10.0.1126.37416), X64 RyuJIT x86-64-v3
  E_PublishedControl   : .NET 10.0.11 (10.0.11, 10.0.1126.37416), X64 RyuJIT x86-64-v3
  F_PredecessorControl : .NET 10.0.11 (10.0.11, 10.0.1126.37416), X64 RyuJIT x86-64-v3

Affinity=00000000000000000100  IterationCount=3  IterationTime=250ms  
WarmupCount=3  

| Method          | Job                  | EnvironmentVariables                                                                                                                                                                                   | Arguments                                                                                                      | Mode               | Mean     | Error     | StdDev   | Allocated |
|---------------- |--------------------- |------------------------------------------------------------------------------------------------------------------------------------------------------------------------------------------------------- |--------------------------------------------------------------------------------------------------------------- |------------------- |---------:|----------:|---------:|----------:|
| ProcessLifetime | A_Predecessor        | DOTNET_TieredCompilation=0,DEKAF_DISPATCH_PROFILE=1,DEKAF_DISPATCH_SAMPLE_DIRECTORY=C:/git/Dekaf-perf-improvements-20260907/pr-3117/profile-v2\latency-samples,DEKAF_DISPATCH_JOB=A_Predecessor        | /p:ProductDirectory=C:/git/Dekaf-perf-improvements-20260907/pr-3117/predecessor,/p:UseSharedCompilation=false  | KeyRecordsDistinct | 192.8 ns | 268.61 ns | 14.72 ns |         - |
| ProcessLifetime | B_Published          | DOTNET_TieredCompilation=0,DEKAF_DISPATCH_PROFILE=1,DEKAF_DISPATCH_SAMPLE_DIRECTORY=C:/git/Dekaf-perf-improvements-20260907/pr-3117/profile-v2\latency-samples,DEKAF_DISPATCH_JOB=B_Published          | /p:ProductDirectory=C:/git/Dekaf-perf-improvements-20260907/pr-3117/published,/p:UseSharedCompilation=false    | KeyRecordsDistinct | 186.9 ns |  84.39 ns |  4.63 ns |         - |
| ProcessLifetime | C_SingleProbe        | DOTNET_TieredCompilation=0,DEKAF_DISPATCH_PROFILE=1,DEKAF_DISPATCH_SAMPLE_DIRECTORY=C:/git/Dekaf-perf-improvements-20260907/pr-3117/profile-v2\latency-samples,DEKAF_DISPATCH_JOB=C_SingleProbe        | /p:ProductDirectory=C:/git/Dekaf-perf-improvements-20260907/pr-3117/candidate,/p:UseSharedCompilation=false    | KeyRecordsDistinct | 185.1 ns |  73.14 ns |  4.01 ns |         - |
| ProcessLifetime | D_ClearOnce          | DOTNET_TieredCompilation=0,DEKAF_DISPATCH_PROFILE=1,DEKAF_DISPATCH_SAMPLE_DIRECTORY=C:/git/Dekaf-perf-improvements-20260907/pr-3117/profile-v2\latency-samples,DEKAF_DISPATCH_JOB=D_ClearOnce          | /p:ProductDirectory=C:/git/Dekaf-perf-improvements-20260907/pr-3117/candidate-v2,/p:UseSharedCompilation=false | KeyRecordsDistinct | 187.3 ns |  15.00 ns |  0.82 ns |         - |
| ProcessLifetime | E_PublishedControl   | DOTNET_TieredCompilation=0,DEKAF_DISPATCH_PROFILE=1,DEKAF_DISPATCH_SAMPLE_DIRECTORY=C:/git/Dekaf-perf-improvements-20260907/pr-3117/profile-v2\latency-samples,DEKAF_DISPATCH_JOB=E_PublishedControl   | /p:ProductDirectory=C:/git/Dekaf-perf-improvements-20260907/pr-3117/published,/p:UseSharedCompilation=false    | KeyRecordsDistinct | 188.6 ns |  22.32 ns |  1.22 ns |         - |
| ProcessLifetime | F_PredecessorControl | DOTNET_TieredCompilation=0,DEKAF_DISPATCH_PROFILE=1,DEKAF_DISPATCH_SAMPLE_DIRECTORY=C:/git/Dekaf-perf-improvements-20260907/pr-3117/profile-v2\latency-samples,DEKAF_DISPATCH_JOB=F_PredecessorControl | /p:ProductDirectory=C:/git/Dekaf-perf-improvements-20260907/pr-3117/predecessor,/p:UseSharedCompilation=false  | KeyRecordsDistinct | 183.7 ns |   9.13 ns |  0.50 ns |         - |
| ProcessLifetime | A_Predecessor        | DOTNET_TieredCompilation=0,DEKAF_DISPATCH_PROFILE=1,DEKAF_DISPATCH_SAMPLE_DIRECTORY=C:/git/Dekaf-perf-improvements-20260907/pr-3117/profile-v2\latency-samples,DEKAF_DISPATCH_JOB=A_Predecessor        | /p:ProductDirectory=C:/git/Dekaf-perf-improvements-20260907/pr-3117/predecessor,/p:UseSharedCompilation=false  | KeyBatchesDistinct | 181.6 ns |  19.80 ns |  1.09 ns |         - |
| ProcessLifetime | B_Published          | DOTNET_TieredCompilation=0,DEKAF_DISPATCH_PROFILE=1,DEKAF_DISPATCH_SAMPLE_DIRECTORY=C:/git/Dekaf-perf-improvements-20260907/pr-3117/profile-v2\latency-samples,DEKAF_DISPATCH_JOB=B_Published          | /p:ProductDirectory=C:/git/Dekaf-perf-improvements-20260907/pr-3117/published,/p:UseSharedCompilation=false    | KeyBatchesDistinct | 185.2 ns |  37.62 ns |  2.06 ns |         - |
| ProcessLifetime | C_SingleProbe        | DOTNET_TieredCompilation=0,DEKAF_DISPATCH_PROFILE=1,DEKAF_DISPATCH_SAMPLE_DIRECTORY=C:/git/Dekaf-perf-improvements-20260907/pr-3117/profile-v2\latency-samples,DEKAF_DISPATCH_JOB=C_SingleProbe        | /p:ProductDirectory=C:/git/Dekaf-perf-improvements-20260907/pr-3117/candidate,/p:UseSharedCompilation=false    | KeyBatchesDistinct | 178.2 ns |  26.88 ns |  1.47 ns |         - |
| ProcessLifetime | D_ClearOnce          | DOTNET_TieredCompilation=0,DEKAF_DISPATCH_PROFILE=1,DEKAF_DISPATCH_SAMPLE_DIRECTORY=C:/git/Dekaf-perf-improvements-20260907/pr-3117/profile-v2\latency-samples,DEKAF_DISPATCH_JOB=D_ClearOnce          | /p:ProductDirectory=C:/git/Dekaf-perf-improvements-20260907/pr-3117/candidate-v2,/p:UseSharedCompilation=false | KeyBatchesDistinct | 177.6 ns |  15.85 ns |  0.87 ns |         - |
| ProcessLifetime | E_PublishedControl   | DOTNET_TieredCompilation=0,DEKAF_DISPATCH_PROFILE=1,DEKAF_DISPATCH_SAMPLE_DIRECTORY=C:/git/Dekaf-perf-improvements-20260907/pr-3117/profile-v2\latency-samples,DEKAF_DISPATCH_JOB=E_PublishedControl   | /p:ProductDirectory=C:/git/Dekaf-perf-improvements-20260907/pr-3117/published,/p:UseSharedCompilation=false    | KeyBatchesDistinct | 180.4 ns |  12.04 ns |  0.66 ns |         - |
| ProcessLifetime | F_PredecessorControl | DOTNET_TieredCompilation=0,DEKAF_DISPATCH_PROFILE=1,DEKAF_DISPATCH_SAMPLE_DIRECTORY=C:/git/Dekaf-perf-improvements-20260907/pr-3117/profile-v2\latency-samples,DEKAF_DISPATCH_JOB=F_PredecessorControl | /p:ProductDirectory=C:/git/Dekaf-perf-improvements-20260907/pr-3117/predecessor,/p:UseSharedCompilation=false  | KeyBatchesDistinct | 176.4 ns |  31.08 ns |  1.70 ns |         - |
| ProcessLifetime | A_Predecessor        | DOTNET_TieredCompilation=0,DEKAF_DISPATCH_PROFILE=1,DEKAF_DISPATCH_SAMPLE_DIRECTORY=C:/git/Dekaf-perf-improvements-20260907/pr-3117/profile-v2\latency-samples,DEKAF_DISPATCH_JOB=A_Predecessor        | /p:ProductDirectory=C:/git/Dekaf-perf-improvements-20260907/pr-3117/predecessor,/p:UseSharedCompilation=false  | KeyRecordsPaired   | 191.1 ns |  59.79 ns |  3.28 ns |         - |
| ProcessLifetime | B_Published          | DOTNET_TieredCompilation=0,DEKAF_DISPATCH_PROFILE=1,DEKAF_DISPATCH_SAMPLE_DIRECTORY=C:/git/Dekaf-perf-improvements-20260907/pr-3117/profile-v2\latency-samples,DEKAF_DISPATCH_JOB=B_Published          | /p:ProductDirectory=C:/git/Dekaf-perf-improvements-20260907/pr-3117/published,/p:UseSharedCompilation=false    | KeyRecordsPaired   | 191.9 ns |  25.51 ns |  1.40 ns |         - |
| ProcessLifetime | C_SingleProbe        | DOTNET_TieredCompilation=0,DEKAF_DISPATCH_PROFILE=1,DEKAF_DISPATCH_SAMPLE_DIRECTORY=C:/git/Dekaf-perf-improvements-20260907/pr-3117/profile-v2\latency-samples,DEKAF_DISPATCH_JOB=C_SingleProbe        | /p:ProductDirectory=C:/git/Dekaf-perf-improvements-20260907/pr-3117/candidate,/p:UseSharedCompilation=false    | KeyRecordsPaired   | 193.3 ns |  49.06 ns |  2.69 ns |         - |
| ProcessLifetime | D_ClearOnce          | DOTNET_TieredCompilation=0,DEKAF_DISPATCH_PROFILE=1,DEKAF_DISPATCH_SAMPLE_DIRECTORY=C:/git/Dekaf-perf-improvements-20260907/pr-3117/profile-v2\latency-samples,DEKAF_DISPATCH_JOB=D_ClearOnce          | /p:ProductDirectory=C:/git/Dekaf-perf-improvements-20260907/pr-3117/candidate-v2,/p:UseSharedCompilation=false | KeyRecordsPaired   | 193.6 ns |  48.18 ns |  2.64 ns |         - |
| ProcessLifetime | E_PublishedControl   | DOTNET_TieredCompilation=0,DEKAF_DISPATCH_PROFILE=1,DEKAF_DISPATCH_SAMPLE_DIRECTORY=C:/git/Dekaf-perf-improvements-20260907/pr-3117/profile-v2\latency-samples,DEKAF_DISPATCH_JOB=E_PublishedControl   | /p:ProductDirectory=C:/git/Dekaf-perf-improvements-20260907/pr-3117/published,/p:UseSharedCompilation=false    | KeyRecordsPaired   | 194.6 ns |  54.53 ns |  2.99 ns |         - |
| ProcessLifetime | F_PredecessorControl | DOTNET_TieredCompilation=0,DEKAF_DISPATCH_PROFILE=1,DEKAF_DISPATCH_SAMPLE_DIRECTORY=C:/git/Dekaf-perf-improvements-20260907/pr-3117/profile-v2\latency-samples,DEKAF_DISPATCH_JOB=F_PredecessorControl | /p:ProductDirectory=C:/git/Dekaf-perf-improvements-20260907/pr-3117/predecessor,/p:UseSharedCompilation=false  | KeyRecordsPaired   | 188.0 ns |  54.33 ns |  2.98 ns |         - |
| ProcessLifetime | A_Predecessor        | DOTNET_TieredCompilation=0,DEKAF_DISPATCH_PROFILE=1,DEKAF_DISPATCH_SAMPLE_DIRECTORY=C:/git/Dekaf-perf-improvements-20260907/pr-3117/profile-v2\latency-samples,DEKAF_DISPATCH_JOB=A_Predecessor        | /p:ProductDirectory=C:/git/Dekaf-perf-improvements-20260907/pr-3117/predecessor,/p:UseSharedCompilation=false  | KeyBatchesPaired   | 201.6 ns |   3.63 ns |  0.20 ns |         - |
| ProcessLifetime | B_Published          | DOTNET_TieredCompilation=0,DEKAF_DISPATCH_PROFILE=1,DEKAF_DISPATCH_SAMPLE_DIRECTORY=C:/git/Dekaf-perf-improvements-20260907/pr-3117/profile-v2\latency-samples,DEKAF_DISPATCH_JOB=B_Published          | /p:ProductDirectory=C:/git/Dekaf-perf-improvements-20260907/pr-3117/published,/p:UseSharedCompilation=false    | KeyBatchesPaired   | 196.9 ns |  87.30 ns |  4.79 ns |         - |
| ProcessLifetime | C_SingleProbe        | DOTNET_TieredCompilation=0,DEKAF_DISPATCH_PROFILE=1,DEKAF_DISPATCH_SAMPLE_DIRECTORY=C:/git/Dekaf-perf-improvements-20260907/pr-3117/profile-v2\latency-samples,DEKAF_DISPATCH_JOB=C_SingleProbe        | /p:ProductDirectory=C:/git/Dekaf-perf-improvements-20260907/pr-3117/candidate,/p:UseSharedCompilation=false    | KeyBatchesPaired   | 210.6 ns | 310.43 ns | 17.02 ns |         - |
| ProcessLifetime | D_ClearOnce          | DOTNET_TieredCompilation=0,DEKAF_DISPATCH_PROFILE=1,DEKAF_DISPATCH_SAMPLE_DIRECTORY=C:/git/Dekaf-perf-improvements-20260907/pr-3117/profile-v2\latency-samples,DEKAF_DISPATCH_JOB=D_ClearOnce          | /p:ProductDirectory=C:/git/Dekaf-perf-improvements-20260907/pr-3117/candidate-v2,/p:UseSharedCompilation=false | KeyBatchesPaired   | 189.3 ns |  25.87 ns |  1.42 ns |         - |
| ProcessLifetime | E_PublishedControl   | DOTNET_TieredCompilation=0,DEKAF_DISPATCH_PROFILE=1,DEKAF_DISPATCH_SAMPLE_DIRECTORY=C:/git/Dekaf-perf-improvements-20260907/pr-3117/profile-v2\latency-samples,DEKAF_DISPATCH_JOB=E_PublishedControl   | /p:ProductDirectory=C:/git/Dekaf-perf-improvements-20260907/pr-3117/published,/p:UseSharedCompilation=false    | KeyBatchesPaired   | 206.9 ns |  27.13 ns |  1.49 ns |         - |
| ProcessLifetime | F_PredecessorControl | DOTNET_TieredCompilation=0,DEKAF_DISPATCH_PROFILE=1,DEKAF_DISPATCH_SAMPLE_DIRECTORY=C:/git/Dekaf-perf-improvements-20260907/pr-3117/profile-v2\latency-samples,DEKAF_DISPATCH_JOB=F_PredecessorControl | /p:ProductDirectory=C:/git/Dekaf-perf-improvements-20260907/pr-3117/predecessor,/p:UseSharedCompilation=false  | KeyBatchesPaired   | 204.6 ns | 356.03 ns | 19.51 ns |         - |

// * Legends *
  Mode      : Value of the 'Mode' parameter
  Mean      : Arithmetic mean of all measurements
  Error     : Half of 99.9% confidence interval
  StdDev    : Standard deviation of all measurements
  Allocated : Allocated memory per single operation (managed only, inclusive, 1KB = 1024B)
  1 ns      : 1 Nanosecond (0.000000001 sec)

// * Diagnostic Output - MemoryDiagnoser *


// ***** BenchmarkRunner: End *****
Run time: 00:00:50 (50.36 sec), executed benchmarks: 24

Global total time: 00:00:53 (53.89 sec), executed benchmarks: 24
// * Artifacts cleanup *
Artifacts cleanup is finished
